,28
pardon,1
desirable,2
colleges,1
discoverable,1
rampart,1
integrity,4
aggression,1
forget,1
whose,9
unanimity,1
paris,5
presents,2
under,25
portentous,2
pride,3
merchant,1
applied,1
adverting,1
cruising,1
every,18
govern,3
affect,2
vast,1
recollections,1
companies,1
wednesday,1
extinguishment,1
twenty-second,1
enjoy,3
force,8
specially,1
consistent,1
invariably,2
occasioned,2
direct,6
persuade,1
subordinate,1
even,3
established,6
transportations,1
errors,1
deliberate,1
solemn,3
decisions,1
selected,2
contributed,1
liberty,7
above,1
conduct,8
new,5
increasing,5
officially,1
consisting,2
harbors,1
consular,2
deemed,1
offenses,2
men,11
here,1
incalculable,1
met,5
protection,13
humility,1
represented,1
obtained,5
balance,1
changed,1
proportioned,1
credit,3
cogent,1
permit,3
military,3
suitable,5
settled,1
intrigue,2
secure,5
explained,1
perpetuated,1
highly,3
brought,4
moral,3
total,1
forbore,1
uprightly,1
would,20
army,2
compensation,1
insecurity,1
impartiality,1
arms,1
call,4
therefore,5
recommend,9
assessment,1
until,5
expiring,1
menaces,2
th,15
holy,1
relax,1
successful,1
hereby,1
acceded,1
award,1
grief,1
uncertain,1
excellent,1
continual,2
midst,1
hold,2
must,12
me,24
join,1
room,1
rights,11
unessential,1
work,1
eclipse,1
refusing,1
entertained,3
expenditures,1
ere,1
obstacle,2
my,43
example,5
give,9
artillery,1
involve,1
well-spent,1
indies,1
promulgated,1
caution,1
want,1
indifferent,2
advancing,1
absolute,1
end,1
provide,4
sitting,1
far,6
adjacent,1
answer,1
ordinary,2
resignation,3
commencing,1
description,2
mouths,1
reconciled,1
after,10
delicacy,1
shores,2
wrong,1
lay,3
president,16
law,14
profess,1
attempt,2
splendid,1
alienate,1
acknowledged,1
descends,1
discontinued,1
maintain,5
ultimate,1
enter,1
order,10
operations,1
restriction,1
executed,4
interpretation,2
wound,1
over,9
satisfied,1
london,3
fidelity,1
before,18
fit,1
personal,5
heretofore,1
revenue,5
expectations,2
writing,1
destroyed,2
endeavoring,1
subsisted,1
confidently,4
damages,4
then,10
them,33
affected,1
prevented,2
weakness,1
safe,2
momentous,1
effects,2
they,41
indulge,1
schools,1
brightness,1
reasonably,1
arrested,1
spotless,1
pains,1
victory,1
averse,1
entitled,1
lasting,1
afforded,2
lifted,1
observance,1
directly,2
independent,2
councils,3
series,1
crimes,2
desolated,1
principles,7
misdirected,1
carry,1
trading,1
navy,4
exigencies,1
saturday,1
prohibitions,1
by,143
god,5
excepting,2
convenience,2
vessels,15
laid,9
safety,8
affords,2
heavenly,1
independence,9
misrepresentations,1
foundation,3
inhabitants,4
turning,1
assured,1
resume,1
threatened,1
given,11
free,7
small,1
aboriginal,1
carried,2
formation,1
enlightened,3
feudal,1
delight,1
created,1
professions,1
condemnations,2
days,4
disturbed,1
oppose,1
hopeless,1
arrived,1
loud,1
already,1
sagacious,1
render,6
primary,1
rank,1
channels,1
instruct,1
relations,5
another,4
timothy,1
service,6
observations,1
john,6
efface,1
reparation,2
solemnly,2
intestine,1
happily,3
estimates,3
convene,1
serve,1
took,1
wisdom,10
perseveringly,1
western,2
corresponded,2
requisite,3
peculiar,2
distance,2
anxiety,1
frankly,1
scenes,2
nations,35
preparation,2
matter,1
messengers,1
classes,3
guilt,1
misinformed,1
iron,1
solely,2
possessed,1
malady,1
respecting,3
boston,1
modern,1
mind,6
mine,1
manner,5
seen,2
seem,1
regulate,1
affairs,5
livermore,1
strength,2
genuine,1
convenient,1
latter,2
-,4
recommended,3
materials,1
completed,1
propitious,1
conducive,1
committing,2
shall,23
object,5
exercised,2
regular,4
mouth,1
letter,2
claims,8
stood,1
grave,1
morality,2
constancy,2
observation,1
incomplete,1
medical,1
incompatible,1
treaty,23
desirous,1
points,2
principle,1
enterprise,2
annoyed,1
fitted,2
unanimously,1
jurisdiction,2
sage,1
precarious,1
treaties,4
attempts,3
assembling,1
respectfully,1
diminish,2
earth,2
enjoyed,1
proposed,2
explain,1
debts,4
institution,1
studiously,1
announce,1
adequate,2
executive,8
do,6
ardor,2
hostility,2
designing,1
perceive,2
convulsed,1
degradation,2
celebrated,1
supplies,1
colorable,1
dr,3
comply,1
sittings,1
countries,8
exchanged,1
ever,9
suffrage,2
bay,5
reposed,1
explanations,2
secretary,1
captures,5
fair,1
expediency,1
resist,3
depends,2
decided,4
result,6
fail,4
miserable,1
best,5
subject,11
diffidence,1
said,7
away,1
calamity,6
continent,1
grievous,1
protected,3
cooperation,3
drawn,1
misguided,1
discovery,1
preserve,4
we,52
never,7
terms,4
extend,2
nature,1
invigorated,1
fruits,2
however,9
vernon,1
cut,1
devout,1
extent,6
defiance,1
debt,1
improve,1
suggested,3
received,6
protect,3
irregular,1
country,46
ill,1
uncertainty,1
demanded,1
expense,4
adapted,3
negotiation,7
prospect,5
appeared,4
character,8
illness,1
exerted,1
majestic,1
springs,2
trust,5
apprehended,1
speak,1
gratitude,7
proceeded,6
union,10
been,94
particulars,1
advert,2
commission,2
much,8
interest,11
expected,6
entered,1
duties,6
defray,1
repelled,1
life,9
families,1
prosperous,5
eastern,1
fellow-citizen,1
concerning,1
excite,1
uncommon,1
enterprises,1
moneys,1
regretted,2
deliberations,1
commerce,38
exception,1
has,52
contemplated,1
inviolable,1
remaining,2
employ,2
near,3
aid,1
voice,1
launched,1
seven,1
compliance,2
preeminent,1
is,107
dictate,1
it,162
expenses,2
in,241
punctuality,2
if,46
confirmed,1
things,2
make,5
prussia,2
rebellion,1
cultivated,1
harmony,3
unfortunate,2
several,2
disciplining,1
exertion,2
fairly,1
qualifications,1
evil,1
hand,3
liberties,1
characters,2
jealous,1
insisted,1
thoughts,2
fulfillment,1
prescribed,1
stipulated,1
practiced,2
whereby,3
embarrassments,1
rescinded,1
humble,3
maxims,1
ocean,3
efficient,1
approbation,1
practices,2
greatest,1
hearts,3
the,1246
yours,1
left,1
opinions,1
treasons,1
mingle,2
departed,1
just,8
reformation,2
maketh,1
thanks,2
human,3
facts,1
houses,5
october,2
yet,11
envoys,3
previous,1
hills,1
indispensable,5
had,24
magistrates,2
obedient,1
board,3
beloved,3
east,1
humanity,4
gave,3
abashed,1
elevation,1
ashore,1
advances,3
possible,4
performance,1
advanced,1
occurring,1
desire,6
dignity,1
appearing,1
gift,1
zeal,2
performing,1
unnecessary,1
steps,2
splendor,1
undismayed,1
rarely,1
invaluable,1
security,5
misdemeanors,2
beneficial,3
right,7
people,44
election,1
altered,1
contests,1
rapidity,1
enemies,2
congratulate,4
for,124
establish,3
individuals,4
exposition,1
unavoidably,1
offices,2
participation,1
disappeared,1
defensive,1
memorable,2
permitted,2
proceed,3
insinuations,1
conceal,2
theirs,1
citizens,31
hostilities,2
recollect,1
costs,1
steadily,2
islands,3
efforts,3
functions,1
considerations,2
raised,1
indians,2
presence,1
civil,7
obtaining,2
bound,2
intellectual,1
accommodate,2
respectable,1
consummated,1
formidable,2
amsterdam,1
often,5
surround,1
rely,3
deception,1
fabric,1
support,10
constantly,1
illustrious,3
sovereign,2
senate,16
indispensably,1
greatness,1
factions,1
was,31
war,19
happy,6
fork,1
insurrection,4
form,4
manufacturers,1
evinces,1
forming,3
becoming,2
differences,5
fore,1
failure,2
talents,1
justify,1
alliance,1
sustained,8
surrender,1
true,5
evinced,1
continuance,1
admiration,2
helvetic,1
understood,1
prosecutions,1
unanimous,1
afflictive,1
unusually,1
stages,1
temper,1
accelerate,1
proved,1
twenty,1
suspicions,2
evidence,2
exist,2
claimants,1
aforesaid,1
annoying,1
injurious,3
repelling,1
faithful,1
weakened,1
no,22
whereas,1
when,18
pickering,1
republic,7
conferring,1
permitting,1
o'clock,2
models,1
felt,2
demonstrative,1
journey,1
fruitlessly,1
discharge,1
died,1
domingo,1
longer,1
apology,1
commenced,3
governed,4
bestower,1
reception,1
time,17
serious,8
restored,3
neighbors,1
tribunals,1
customary,1
chain,1
consul,1
rod,1
obviate,2
mild,1
selection,1
grateful,1
abundant,3
devoted,1
certainly,3
praises,1
disorders,1
providence,9
father,2
occupations,1
answered,1
finally,3
unpleasant,1
promoting,1
determinations,1
terror,1
sovereignty,2
circumstances,6
division,1
advantage,2
exalted,2
choice,5
fullest,1
blast,2
exact,1
governments,3
perceived,1
impressive,1
presented,4
did,1
die,1
posts,2
brother,1
temple,1
leave,4
pursue,1
recall,2
accumulation,1
prevent,6
regret,4
injunction,1
discover,1
wherefore,1
forging,1
beseeching,1
port,1
penetrated,1
irritated,1
endangering,1
appear,3
assistance,1
disease,1
servility,1
pleased,1
current,1
intelligences,1
looking,1
commensurate,1
supporting,1
benefactor,1
transportation,1
efficacious,1
french,16
understanding,2
contemplate,1
entertain,2
aurelius,1
address,3
alone,5
unrestrained,1
appears,4
supplying,1
wait,4
boast,1
institute,1
guilty,1
accomplished,3
proclamation,2
usually,2
hospitality,1
navigation,8
country's,1
king,1
regardless,2
consolation,1
morals,1
marked,2
sincerely,2
sufferers,1
prompt,1
withdrawing,1
crisis,3
wealth,3
tears,1
france,21
territories,3
live,1
memory,2
conformable,1
associated,1
meliorate,1
wicked,1
commissioner,3
preserving,2
avarice,1
afford,4
subsistence,1
repentance,2
commissioned,1
virtue,7
cases,3
intemperance,1
effort,1
impair,1
originally,1
facilitating,1
reflux,1
attacks,3
renders,2
can,46
making,2
numbers,2
heart,1
stream,1
recalled,1
december,6
arise,3
unarmed,1
fortunes,1
purity,3
offense,2
occur,1
productive,1
inheritance,1
dispositions,1
remit,1
discussion,1
bonds,1
pure,2
economy,2
armies,1
product,1
samuel,1
impartial,3
use,1
southern,2
produce,5
mankind,1
date,1
such,38
destructive,2
nomination,1
man,4
branches,3
inexpedient,1
conscious,1
whenever,1
explicit,1
yielding,1
st,10
propriety,1
darkened,1
so,35
comfort,1
constituents,3
forfeit,1
northampton,1
years,4
course,8
unfavorable,1
equip,1
deity,1
still,9
solitary,1
derive,2
police,1
acknowledge,2
interesting,5
undermined,1
inflicted,2
forms,3
continue,5
policy,8
ours,1
cling,1
views,1
nation,28
records,1
qualified,1
endeavored,1
not,81
now,11
provision,4
nor,8
possess,3
judged,1
execute,2
name,5
servant,1
january,2
times,5
establishing,1
quarter,1
cordiality,1
prompted,1
conscientious,1
directing,1
conventions,1
year,12
tempore,1
happen,1
self-government,2
tried,1
circumspection,1
accomplish,1
concur,1
intercourse,5
truly,2
increase,2
collisions,1
seriously,1
investigation,1
rational,3
receiving,1
attended,5
mercantile,2
derived,1
seventh,1
unfriendly,1
felonies,1
advantages,4
besides,2
obligation,1
dispatches,1
accommodation,4
care,1
contemplation,1
disguised,1
modest,1
british,7
honest,1
turn,1
place,6
promotion,1
deceived,1
think,4
first,8
suspend,1
striking,1
omitted,2
one,9
consecrate,1
commissioners,18
submit,3
suspended,2
spanish,4
vote,1
impossible,1
open,2
george,3
discharged,2
size,1
city,5
little,5
necessarily,1
silent,1
district,2
remotely,1
returns,1
convention,1
white,1
frame,2
seduced,1
a,239
eyes,1
adjourned,2
courier,1
that,166
season,2
universe,1
inexpressible,1
punishment,1
copy,3
than,18
population,2
wide,1
unfortunately,1
sailing,2
favors,1
require,1
diplomatic,1
transferred,1
future,9
disquisitions,1
venture,1
were,26
cards,1
and,639
hearty,1
craik,1
angel,1
remained,1
pro,1
obliging,1
say,2
faring,3
spectacle,1
saw,1
any,28
prosperity,10
spoliations,1
offer,1
ideas,2
instructed,2
endangered,1
take,6
interior,3
wanting,1
channel,1
urge,1
sure,4
amiable,2
indicted,1
paid,2
falls,1
complaints,1
america,13
envying,1
conspicuous,1
forever,2
especially,3
considered,1
adopt,3
steady,2
reproved,1
amendment,3
iniquitous,1
laws,16
excepted,2
convoy,1
determinate,1
discovered,1
inconsistent,1
interruptions,1
ground,2
obligated,1
removed,3
title,2
daily,2
dick,1
proportion,3
state,17
impunity,1
only,24
difficulties,2
believing,2
equipped,1
concurrence,1
guarded,1
occupied,1
diamonds,1
expectation,4
soon,5
fortifications,1
misfortune,3
pavilion,1
suggest,2
boundary,5
seldom,1
morning,2
effectual,2
miles,1
fortify,1
where,10
communicated,4
declared,1
temperance,1
concert,1
seas,1
labors,4
derogatory,1
seat,6
relative,4
elected,1
seal,2
impressions,2
connected,2
professed,1
encouraged,2
lost,1
detect,1
voluntary,3
maturity,1
federal,1
alarming,2
review,1
ornament,2
representatives,21
boundaries,1
sir,6
enough,2
complexion,1
altercation,1
between,18
affecting,1
arrival,2
notice,1
august,4
useful,1
originated,2
ascribed,1
countenance,1
awards,1
article,14
cities,4
come,1
thanksgiving,1
congregations,2
many,7
according,2
resided,1
expended,1
comes,1
duty,21
among,11
inclining,1
afterwards,2
continuation,1
sixth,1
period,9
innovations,1
satisfaction,7
maintained,2
grants,1
liberal,1
endeavor,3
considers,1
considering,3
sensible,1
arts,4
suppressed,1
informed,2
fellow-citizens,6
almighty,2
deposited,1
motives,2
dangers,1
direction,2
enable,5
aggressions,2
unsafe,1
offered,3
formed,5
dangerous,5
observe,3
minister,19
declaration,4
careful,1
spirit,14
those,28
granted,1
sound,1
myself,6
limits,3
these,32
mount,1
admired,1
sophistry,1
promising,1
situation,13
transgressions,1
sincere,8
prayer,2
engaged,4
middle,1
regularity,1
sudden,2
attributed,1
commanded,2
property,6
fame,3
mercies,1
different,2
pay,1
preparatory,1
same,17
gentlemen,29
inquiry,1
events,3
noble,1
extended,2
sickness,3
enjoyment,1
refusal,2
persons,7
running,1
prospered,2
weep,1
complained,1
fasting,1
theater,1
pennsylvania,2
constitutional,2
evils,1
severe,1
without,20
relief,2
batavian,1
termination,1
charged,1
summer,1
manifold,1
being,17
nd,1
conformably,1
actions,3
civilized,1
cease,1
therefrom,1
captured,1
renewed,2
seems,3
except,3
remedying,1
instrument,1
felicities,1
throw,1
extensive,4
overruling,1
real,3
marcus,1
read,2
ruler,1
papers,1
sums,6
loaned,1
early,4
earnest,2
preference,2
world,17
execution,8
disappointed,1
adams,6
malignancy,1
chamber,1
audience,1
either,3
fully,2
served,1
voluntarily,2
satisfactory,4
verbal,1
exposed,1
depredations,5
pacific,3
pursuance,2
duration,1
divine,2
organizing,2
demandable,1
provided,3
passions,1
confirm,2
colonial,1
extensively,1
critical,2
propagating,1
restoring,2
ratifications,1
assembly,1
reasonable,1
power,21
uniformly,1
burthens,2
innocence,1
assemble,3
postponed,1
punishments,1
manufactures,3
baffled,1
conducting,1
demarcation,4
zealous,2
of,914
industry,3
violence,4
whence,1
practicable,1
act,8
mean,2
provisional,1
lands,3
interruption,2
instruments,1
blessed,1
determine,3
heated,1
valuable,1
your,27
her,7
calamities,4
there,11
alleged,1
christianity,1
lot,1
disposer,1
complete,2
groan,1
vested,1
regard,4
land,3
strenuous,1
trying,2
with,139
fraud,1
abuses,1
severally,1
affection,1
enfeebled,1
certain,4
am,1
deep,1
general,19
pledged,2
as,90
deem,1
ensuing,5
at,65
misprision,1
confederacies,1
again,3
sufferings,3
deserve,2
sanguine,1
field,1
delays,1
you,35
residence,4
sully,1
blessing,3
congress,25
academies,1
endeavors,3
decree,3
important,7
equitable,1
prudent,2
conclusive,1
remote,1
doubted,1
retrenchments,1
directory,6
resolution,3
original,1
legislatures,3
represent,1
all,56
consider,10
founded,1
ceased,1
forged,1
welfare,1
expressions,1
religious,8
children,1
causes,4
remarkable,1
ignorant,1
subjected,1
encourage,1
extraneous,1
former,4
to,552
foster,1
destroyers,1
preserved,4
tranquillity,5
fountain,1
pledges,1
case,1
returned,2
returning,1
very,4
robes,1
results,1
candid,2
decide,1
fall,1
difference,3
condition,1
heaven,3
benevolent,2
july,1
joined,1
large,1
invigorate,1
adjust,2
venality,1
ten,1
penalties,1
healed,1
past,3
natchez,1
further,6
destitute,1
what,10
hesitation,1
darkness,2
witnessed,1
deeply,2
sides,1
disbursed,1
public,30
multitude,1
full,6
escaping,1
answers,2
hours,1
directions,2
depend,4
strong,1
naval,9
conviction,3
extraordinary,7
inspired,2
losses,5
experience,8
social,2
whereupon,1
successors,1
alexandria,1
members,4
adjoining,1
suddenly,1
requiring,2
capital,2
pliny,1
armed,2
estimate,1
readily,1
britannic,3
distinct,1
inviolate,1
two,8
abstaining,1
almost,1
eulogists,1
taken,8
restraints,1
injury,1
more,27
thrown,3
fellow,7
commences,1
exigency,1
jealousies,2
broke,1
particular,3
known,6
objections,1
pretense,1
none,2
fatal,2
hour,1
science,1
remain,4
ineffectual,1
abandon,3
history,2
biographers,1
compare,1
embarrassing,1
brown,1
neglected,3
northernmost,1
states,100
sphere,1
confirmation,1
imitation,1
sense,8
information,11
respective,2
acts,2
enlarge,1
ratified,1
foreseen,1
sacred,1
extinguished,2
intended,6
capture,2
advice,1
sympathize,2
northward,1
reflect,2
coming,1
invasion,1
authentic,1
acquisitions,1
apprehend,1
short,3
chiefly,2
departure,2
groundless,1
fortification,1
felicity,2
pleasure,1
calamitous,1
replied,2
misprisions,1
adorned,1
magnanimity,1
september,1
mission,4
trade,4
held,1
embassy,2
through,8
committed,7
existence,4
suffer,1
its,35
discloses,1
consent,2
energies,3
deeds,1
bosom,1
actually,1
late,7
resort,1
systems,1
speech,1
posture,1
might,7
colleague,1
good,17
return,3
calm,1
northwestern,1
reflected,1
traveled,1
instructions,2
easily,3
hereafter,1
instances,1
occasions,4
infer,2
habits,2
stopped,1
found,3
friendship,4
ports,10
predatory,1
heavy,1
pirates,1
weight,3
sullied,1
house,21
energy,2
beneficent,1
idea,2
treasonable,1
countrymen,1
expect,5
operation,2
event,6
britain,5
veneration,3
funding,1
unnatural,1
since,5
imploring,2
acting,4
reestablishment,1
health,6
fortitude,3
issue,1
disobedience,1
favored,1
friday,1
effect,9
difficulty,3
reason,11
disposition,10
teach,2
heroic,1
revolutionary,1
unbecoming,1
omit,2
excluding,1
american,15
fruit,1
elective,1
expedient,6
consequence,3
devolve,1
exhibited,3
precautionary,1
probability,1
feel,3
belligerent,3
number,3
preservation,8
antiquity,1
sympathy,1
done,3
fearing,1
arbitration,1
exertions,1
heads,1
together,4
coasts,1
threatening,2
obedience,1
least,4
station,3
passed,2
finances,3
too,2
justly,3
option,1
immediate,3
importunity,1
consuls,3
part,17
favorable,1
consult,1
flattery,1
convinced,1
grace,1
ungrateful,1
kind,1
kindly,1
instruction,1
i,81
determined,3
contrary,1
supposed,4
dispenser,1
toward,7
declare,1
navigators,1
strengthen,1
ages,2
notwithstanding,3
alike,2
vulnerable,1
lie,1
built,1
depending,1
tarnish,1
self,1
officers,5
cargoes,3
majority,1
internal,2
equaled,1
applauded,1
depredation,1
province,2
added,2
measures,25
effecting,1
architects,1
most,24
plan,1
nothing,10
seasons,3
engagements,5
constitution,14
latest,2
institutions,2
perseverance,3
contracted,4
particularly,2
scoodiac,2
journeys,1
obligations,5
sundry,1
accommodations,1
defended,1
inflexible,1
session,9
relation,2
stores,1
degraded,1
uniform,1
find,1
refusals,1
distressing,3
standeth,1
believe,2
securing,1
justice,14
hope,4
conducted,1
indian,6
equity,1
ordained,1
his,69
publicity,1
permission,1
express,3
adheres,1
methods,1
remedy,1
courage,1
breast,1
combinations,1
during,10
him,20
merchandise,1
grievances,1
exhibiting,1
contagious,2
generally,2
alteration,1
remove,5
surrendering,1
whiter,1
common,5
engraven,1
recommendations,2
obscure,1
river,5
precaution,1
patriotism,6
intelligence,4
instituted,1
see,2
defense,21
manly,2
are,42
sea,15
close,1
excusable,1
probable,2
various,5
probably,2
numerous,3
corruption,2
europe,13
premises,1
commercial,5
attention,9
voyages,1
death,7
opposition,2
competent,1
relying,1
legislature,9
both,10
prospects,1
last,13
appropriations,4
powers,7
annual,1
foreign,30
connection,3
became,2
forgotten,2
let,2
protector,1
whole,5
distress,3
majesty,10
point,3
reasons,1
ravages,1
manners,1
whatever,4
regulated,2
asserted,1
throughout,4
decline,2
described,1
raise,2
inadmissible,1
stamp,1
create,1
political,6
due,5
convicted,2
whom,2
secret,2
change,1
maintenance,2
collected,1
threaten,1
territory,4
meeting,2
firm,2
resting,1
lived,2
infect,1
imprudence,1
precision,1
usage,2
moderation,2
lives,6
systematic,2
demand,4
resisted,1
towns,1
surveys,2
rupture,1
utmost,1
guarding,1
solid,1
judicial,3
elections,1
brilliant,1
while,17
confederacy,1
denominations,1
animated,2
unexampled,3
indulging,1
credence,2
decoration,1
itself,5
ready,1
renounced,1
provisions,1
grant,1
belong,1
elevated,1
benign,1
delicious,1
grand,1
esteemed,3
development,1
used,1
temporary,2
negotiate,1
patriotic,3
moment,2
impede,1
purpose,4
necessity,4
recent,2
mercy,1
supersede,1
herewith,1
solemnity,1
studies,2
person,3
services,3
withdraw,2
organization,1
homeward,1
abilities,1
judgments,3
openly,1
questions,1
vigilant,1
love,5
injuries,5
unto,1
timber,1
superficial,1
retirement,2
also,6
inflamatory,1
desist,1
speedily,4
source,3
subjects,9
deliberately,2
questioned,1
violations,1
animosities,2
excited,1
complaint,3
march,3
constitutions,1
vindicate,1
demands,5
condemnation,1
unlimited,1
emanating,1
matters,1
suffering,1
private,5
projects,1
d,3
submission,3
follows,4
commanders,1
imposes,1
tribes,2
disorder,2
essential,6
irresistibly,1
inability,1
absolutely,1
obliged,1
some,21
pretension,1
experienced,2
examples,2
sight,2
hazarded,1
ourselves,9
amicable,5
scale,1
beneficially,1
decision,4
transactions,3
novelty,1
religion,4
prosecuted,1
augmenting,1
inclination,1
be,177
inconvenience,2
run,3
peculiarly,1
offenders,1
continuing,1
virtues,2
refused,1
step,1
exempted,1
chargeable,1
relating,1
obscured,1
dictated,1
abroad,2
troops,5
faith,9
asserting,1
shewing,1
anything,3
favor,1
sorrows,1
recalling,1
involving,1
militia,3
fleets,1
reverence,3
into,14
within,11
unimpaired,1
persevering,1
neutrality,1
artifice,1
renewal,1
question,4
long,11
rivalries,1
manufacture,2
himself,3
an,53
invite,2
duly,1
solidity,2
hoped,1
fisheries,4
repeatedly,1
sick,1
hopes,1
line,7
procuring,1
considerable,6
raising,1
statesman,1
directed,7
rejection,1
consist,1
fulfilling,1
up,2
us,23
foresight,1
redeemer,1
oblations,1
growth,2
called,5
constant,1
reconcile,1
enjoins,1
influence,8
single,2
associates,1
evening,1
dispensations,2
objection,1
peace,22
department,1
condolence,3
revision,4
draw,1
attainment,1
prepared,2
regulations,4
restoration,3
restrained,1
destinies,1
age,3
required,3
humiliated,1
departments,1
arisen,3
confederation,1
fresh,2
requires,2
having,9
once,3
partial,2
issued,1
resistance,1
existing,2
proposition,1
go,1
croix,5
adjustment,2
unfaithful,1
seemed,1
concerned,4
send,2
literary,1
pleasing,5
friendly,4
resources,12
virtuous,5
retire,1
wished,1
continues,1
prudence,1
wishes,4
frigates,1
discouragement,1
continued,4
recollected,1
entire,4
moderate,1
respectful,2
profligacy,1
iniquity,1
anxious,2
registers,1
inspection,1
enforce,1
concluded,1
pledge,3
malice,2
rivers,2
ardent,1
languor,1
honors,1
mischiefs,1
universities,1
reconciliation,1
business,6
giving,1
assisted,1
expressed,5
inconveniences,1
experiment,1
flowing,1
irreparable,2
body,1
melancholy,4
justification,1
degree,3
respectively,2
prescribe,3
sins,1
desired,2
objects,9
poverty,1
separation,2
others,3
consideration,13
extreme,2
great,35
northern,2
receive,11
involved,1
leaving,1
benevolence,3
repel,1
opinion,6
honor,24
fulfill,1
examining,1
addresses,1
danger,4
forbid,1
manage,1
apprehensive,2
extricate,1
addressed,1
names,1
condole,1
apply,1
twenty-fourth,1
confidence,6
from,81
agreeably,2
remains,5
illegal,1
ministers,3
next,5
few,3
doubt,4
examination,3
agreeable,2
themselves,8
deepest,2
possession,2
on,98
trajan,1
becomes,2
impress,1
occurred,1
sore,1
prizes,1
magnanimous,1
contravening,2
appointed,9
boards,1
escaped,1
account,4
piety,3
embarked,1
this,88
obvious,2
indignities,1
island,2
meet,6
conformity,2
proof,1
patron,1
process,1
tax,1
purposes,2
pieces,1
high,1
promptitude,1
something,1
perplexities,1
wonderful,1
hereinafter,1
contempt,1
native,1
hesitate,2
united,90
justifiable,1
patronize,1
delay,1
procured,1
sentiments,4
attachment,5
instead,1
establishment,4
buildings,2
singular,2
testimony,1
collection,2
demonstrating,1
ties,1
coast,4
readiness,2
realized,1
interrupted,2
or,61
supplication,1
spain,6
volunteers,1
secured,2
preparing,1
neglect,2
sanctioned,1
equally,1
produced,3
report,2
own,11
mentioned,2
perfect,2
superior,1
thence,1
chosen,2
walnut,1
previously,1
willing,2
restrain,2
communication,2
latitude,1
greater,1
plenipotentiary,2
mention,2
ambition,2
impaired,2
republican,1
affections,4
day,8
successor,1
deplore,2
preclude,1
adjournment,2
sufficiently,1
magnitude,2
transmitted,1
mode,2
truth,2
accompanied,2
attachments,1
doing,2
unshaken,2
parties,1
pursuits,1
society,4
measure,4
our,146
agriculture,5
special,1
out,1
acknowledgment,1
sentiment,1
frontier,2
defend,1
investigate,3
passamaquoddy,3
may,51
honorable,3
postpone,1
cause,7
insinuated,1
activity,2
inferiority,1
attending,2
hazard,1
receipts,1
resumed,2
allies,1
prepare,3
could,7
diminished,2
keep,1
length,3
allied,1
transfer,1
benediction,2
designed,1
possessing,1
scene,2
hitherto,6
improvements,3
seasonable,1
unabating,1
ancient,2
uniting,1
bears,1
flourish,1
durable,1
unequivocal,1
flag,1
system,15
adopted,6
their,98
lamentably,1
decorations,1
final,1
painful,2
evacuated,1
interests,12
vigorous,1
explanation,1
innovate,1
formalities,2
reflecting,1
manifestation,1
natural,5
inestimable,2
reverses,1
observed,4
holland,2
riches,1
armament,1
sweden,1
individual,3
dissensions,1
visited,1
providing,1
distinguished,1
consequencesuniversal,1
trusting,2
westward,1
tide,1
discussions,2
sincerity,3
have,134
discontents,3
throat,1
assurances,2
viewed,1
catholic,3
mourns,1
inform,2
personage,1
pursued,5
able,2
montgomery,1
infractions,1
concerns,1
which,132
divers,1
unless,1
who,15
resplendent,1
intentions,1
eight,1
but,46
preliminary,1
comparison,1
expired,1
fervent,1
consequences,5
seas--under,1
repeated,3
face,1
proceedings,4
occasion,4
recess,2
signally,1
agreed,1
supported,1
terminate,2
bring,3
soldiers,1
fear,2
debate,1
principal,5
envy,1
promote,3
knowledge,5
concurred,1
conciliate,1
should,23
indeed,2
employed,3
he,26
local,1
inferior,1
vigor,1
means,11
maritime,3
abundance,1
ones,1
legitimate,1
tobacco,1
conditions,1
ordain,1
taxes,3
inculcating,1
dearest,1
infliction,1
ascertain,5
solicitous,2
fixed,2
generations,2
view,10
conform,1
omission,1
humiliation,3
prayers,1
acquired,1
national,23
flattering,1
changes,1
humane,2
cold,1
imposition,1
tend,1
genius,2
written,1
convince,1
injustice,2
closed,2
progress,8
neither,4
ends,2
opening,4
importance,3
tobias,1
efficiency,1
firmness,2
historians,1
asunder,1
diligent,1
always,1
freely,1
taking,3
decay,1
equal,9
minds,3
fulfilled,1
assure,2
manifestations,1
streams,1
attributes,1
passing,1
safely,2
invites,1
otherwise,1
adjusted,1
agents,2
conclude,2
removal,2
habitual,2
worldly,1
respect,7
labor,1
quit,1
addition,2
decent,1
rhode,1
permanent,6
treat,4
neutrals,1
valuations,1
league,1
sufficient,5
releasing,1
essentially,1
expenditure,4
repetition,2
present,20
banish,1
divisions,2
garrisons,2
abandoned,1
examine,3
value,1
will,77
instigated,1
promoted,1
resident,2
thus,4
encouragement,1
respected,2
arrangements,2
properties,1
against,17
tenor,1
bucks,1
contention,1
privateers,1
denial,1
perhaps,2
privileges,1
administration,6
unite,1
parts,2
speaker,2
merciful,1
incumbent,1
party,4
congratulations,1
grandeur,1
residing,1
columbia,1
upon,13
abounds,1
infinite,1
liberality,1
destruction,1
insure,4
reflection,2
nevertheless,3
obstacles,3
well,9
thought,7
command,1
position,1
arising,3
usual,2
lest,1
restore,2
arming,2
negligence,1
less,5
compel,1
half,2
domestic,3
obtain,2
sources,2
recollection,1
skill,2
happiness,11
afflicted,2
rapid,1
recommending,1
outlines,1
simple,1
add,3
adoption,2
maintaining,1
citizen,3
cruisers,3
earnestly,1
enacted,1
ought,12
resolved,2
increased,2
ample,1
government,56
devised,1
punctual,1
judiciary,2
republics,1
royalty,1
community,2
presume,1
immediately,4
loss,6
necessary,26
like,4
success,5
admitted,1
vortex,1
lose,2
become,6
works,1
adversity,1
therein,1
indications,1
because,3
authority,8
immortal,2
shew,1
redress,2
proper,10
home,1
proofs,2
privateering,1
happens,1
lead,2
avoid,3
separate,2
lear,1
reimbursements,1
chains,1
philadelphia,10
demonstrated,1
how,1
although,11
worthy,1
posterity,2
loans,2
counties,5
about,3
actual,3
incline,1
freedom,2
withdrew,1
sustains,1
merited,1
compatible,3
blessings,6
dominion,1
introduced,1
injuriously,1
rendered,3
letters,4
owe,1
washington,9
guard,3
esteem,3
lawful,3
quickly,1
mere,1
utility,1
doubtless,2
terminated,2
mississippi,1
rejoice,1
additional,1
righteous,1
friends,2
luminary,1
faithfully,2
awarded,2
intention,2
incurred,2
naturally,2
fundy,2
north,1
funds,1
hazardous,1
amity,10
preparations,2
incursions,1
admonish,3
neutral,3
courts,1
highest,4
valuation,1
partially,1
made,18
wise,3
glory,7
whether,11
wish,2
official,2
placed,5
converted,1
supreme,4
affectionate,2
inadequate,1
universal,3
contribute,1
dissemination,1
periods,1
relates,1
plundered,1
counteract,1
effected,1
cavalry,1
mutual,7
variety,1
importations,1
claiming,1
detail,1
lately,2
confided,1
other,29
branch,2
better,3
inattention,1
conclusion,3
monday,1
oppression,1
treason,3
june,2
ultimately,1
insults,1
chance,1
animosity,1
repeal,1
veil,1
christians,1
pestilence,2
prevalent,2
bulwark,1
rule,2
indirectly,1
portion,4
determination,6
accidents,1
commencement,1
bereaved,1
