limited,6
practicability,2
chile,16
secondly,1
directions,1
consista,1
comparatively,3
desirable,11
needful,1
extends,3
four,18
facilities,5
protest,1
tensile,1
intercommunication,1
mansion,2
putnam,1
wholly,3
integrity,3
assembled,2
aggression,2
consider,4
relationships,1
whose,30
effectually,6
granting,1
unanimity,1
paris,6
remodeled,1
contravention,1
presents,7
refunding,3
restriction,3
quotas,1
abra,1
under,84
teaching,2
remonetization,1
divergent,1
merchant,6
applied,11
statute,18
cruising,3
rescue,1
saskatchewan,1
rise,5
railways,1
misunderstanding,1
regions,2
interfere,1
sea-level,1
amending,1
appropriation,23
every,14
gratification,1
african,1
govern,2
affect,6
sweetman,1
bringing,1
missionary,1
look,1
possibility,2
school,1
reciprocal,9
conceive,1
companies,9
solution,11
consulate-general,2
servia,3
subjected,4
hague,1
phase,2
authorized,10
foreshadowed,2
employees,3
monopolized,1
immunities,3
illiteracy,3
triumph,1
enjoy,1
disclose,2
expanded,1
force,13
specially,2
nigh,2
infancy,1
construed,1
consistent,3
bankers,1
estimates,6
direct,7
horn,1
feasibility,1
consists,2
likely,27
exchangeable,1
opens,1
believing,2
rigorous,1
subordinate,5
sailed,2
estimated,12
prevalence,2
theory,1
even,27
established,16
errors,1
relieving,4
whaling,1
conduce,1
solemn,1
saved,1
panama,5
wines,1
contributed,2
corporation,2
asia,5
consequent,4
excellency,1
physical,1
obviated,1
absolute,5
jerome,1
above,9
conduct,5
new,48
net,2
increasing,14
ever,7
harbors,10
steuben,1
deemed,12
legations,1
impartial,3
avert,2
offenses,4
obviating,1
interstate,4
never,15
kindred,1
here,10
delegates,6
bangkok,1
met,2
protection,34
china,26
pursuit,4
represented,14
dam,1
practices,1
flags,1
celebration,5
obtained,4
fourteen,2
balance,10
rests,2
items,6
leaves,4
changed,2
envoy,4
piercing,1
reports,9
controversy,2
credit,4
cogent,2
ductility,1
procedure,1
abolition,7
permit,7
advantages,13
adopting,1
suitable,15
settled,5
punishment,8
fell,1
intruder,1
criticism,1
appropriately,2
prints,1
appreciating,1
secure,16
classification,2
vaults,1
disability,1
explained,1
inequitable,1
highly,1
brought,13
why,5
referment,1
moral,3
embarrass,1
support,16
total,30
commonwealths,2
landscape,1
receivable,1
painters,1
criminals,4
would,124
army,17
insecurity,2
indians,23
arms,2
caring,1
occupying,1
proprietary,1
edward,1
call,11
therefore,16
passport,1
recommend,22
interruption,1
survive,1
until,14
exacts,1
separated,3
barbarous,1
tranquillity,2
highway,1
incumbent,2
successful,8
brings,1
expose,1
hereby,1
infusion,1
award,1
aware,1
grief,2
berlin,3
warm,2
excellent,2
organic,1
cruiser,2
hold,1
tariff,11
expend,1
must,38
me,34
claims,31
word,2
room,4
thanks,1
rights,31
presentation,3
unfailing,1
work,19
refusing,1
advocacy,1
warn,2
quietude,1
deficiencies,2
foreshadows,1
deprecated,2
exceptions,2
lieutenant,9
revenues,25
my,95
example,11
initial,2
phrase,1
sinking,17
forcible,2
unilateral,1
indicated,8
give,17
valued,1
unjust,6
preserving,1
organized,5
protectorate--a,1
impair,2
currency,17
indies,3
woman,1
caution,1
reviewing,2
want,4
seoul,1
mail,9
appointment,6
feasible,4
discountenance,1
upernavik,1
worse,1
ceremony,1
legislate,1
agitation,1
end,19
formed,1
initiate,1
provide,22
travel,3
returning,1
intruders,3
how,10
louisville,1
fellow-citizens,1
sever,1
adjacent,2
interview,1
ordinary,17
expresses,1
resignation,2
legal-tender,2
hundreds,1
renounced,1
oceans,2
$during,1
navies,1
coined,8
after,32
delicacy,1
confirmed,1
customs,19
shores,3
long-continued,1
considers,1
lay,1
curiosity,3
president,45
law,73
siberia,2
severity,2
purchase,3
promulgated,3
inexcusable,1
attempt,3
sioux,1
effective,9
rehabilitating,1
aliens,1
shipowners,2
neglect,4
perform,3
breadstuffs,1
maintain,12
ultimate,2
capitalist,1
enter,4
civil-service,3
operate,1
order,12
operations,13
determinate,1
executed,1
interpretation,5
free-delivery,2
office,27
claimant,1
freights,1
consent,8
over,38
prohibition,1
outbreaks,4
attorneys,2
deducted,1
suspend,8
enactments,3
wagons,1
japan,14
fidelity,3
animated,1
smithsonian,1
wrought,2
before,46
subordinates,1
remainder,3
personal,11
heretofore,5
fix,4
occupations,1
commending,1
expectations,2
exhibits,3
sugars,1
better,12
matured,1
compelling,1
concurring,1
enlisted,2
clause,5
peopling,1
weeks,3
admirable,1
easier,2
confidently,3
then,13
them,57
sculptors,1
affected,3
diseases,4
combination,1
prevented,2
powerful,2
safe,2
outstrip,1
momentous,3
band,1
squadrons,1
owned,1
they,114
schools,4
strategic,1
silver,19
gloom,1
indictment,1
regularly,2
reasonably,1
accompanying,4
arrested,1
slavery,1
portsmouth,1
distributive,1
ventilation,1
reasonable,13
each,18
commissioners,25
bona,1
entitled,14
interfering,1
side,4
carlos,2
lasting,3
prohibit,8
preceded,1
schemes,3
successively,1
directly,3
independent,7
series,3
crimes,6
principles,5
applicable,3
contracting,3
milan,1
taught,1
trading,1
precedes,1
fortnight,1
reached,14
navy,22
clauses,2
first-class,2
imperiling,1
borne,1
toleration,1
merchants,2
borrowed,1
restricted,2
tried,1
passengers,16
forty,1
vessels,45
revolting,1
content,2
adhesion,2
encourage,3
comprehensive,2
lain,1
surprise,1
engineer,4
venezuela,11
presidency,3
disagreements,1
delegate,1
extensively,1
arizona,7
disputed,1
invariable,1
assured,3
city,8
veto,2
rail,1
succession,1
threatened,2
little,12
free,17
standard,6
appointments,13
management,2
whereupon,1
forcibly,2
sheet,1
mistress,1
wanted,1
storm,1
unauthorized,1
certified,1
ambler,1
conform,2
incorporates,1
enormous,4
laborer,2
distract,1
crushed,1
created,4
utes,1
penny,1
days,9
creates,1
ordnance,2
shipped,2
deems,1
speedy,9
incorporated,1
unknown,1
reserving,1
impede,1
repealed,5
already,35
designed,1
features,6
render,5
endeavored,1
grade,6
giver,1
railroads,3
encouraging,3
thereof,8
brutality,1
channels,1
workings,2
disappearing,2
another,18
antilles,2
illustrate,2
lulled,1
overt,1
service,65
indicate,1
explosives,1
neutralization,1
engagement,2
protracted,1
needed,4
confirming,1
rates,6
too,8
underlie,1
percentage,1
john,1
offer,3
cordially,2
unbroken,1
discussion,12
manufacture,5
reparation,2
ceiling,4
geneva,1
happily,2
occasioned,3
convention,21
serve,7
took,1
rejected,3
wisdom,17
tokens,1
lapsed,1
incur,1
western,10
somewhat,4
navy-yardsfor,1
shortly,5
requisite,6
peculiar,3
distance,8
anxiety,3
showed,1
accomplishment,3
immigrants,8
enabled,2
second,6
nations,33
project,6
matter,21
idle,2
classes,7
validity,1
friend,2
iron,8
embarrassments,3
feeling,4
powers,37
brilliant,1
acquisition,3
bridge,1
releif,1
fashion,1
sees,1
willingness,1
enforcement,5
respecting,9
boston,4
modern,9
mind,1
maxims,1
raw,2
manner,5
impelled,1
seen,2
seem,19
regulate,11
seek,5
hundredfold,1
alive,1
expeditions,3
affairs,8
abroad,11
strength,9
expendituresleaving,1
encampments,1
excavation,1
convenient,5
latter,9
steamboat,1
snow,1
thorough,6
casual,1
localities,4
recommended,14
subjects,11
forces,4
season,1
transmit,3
demoralizing,2
decadence,1
moscow,1
shipments,1
unoccupied,1
roumania,2
committing,1
sale,2
shall,80
germane,1
gortz,1
object,6
diminishing,5
extirpation,1
exercised,3
extending,9
germany,5
locality,1
letter,10
conceded,4
exercises,1
assessed,1
competing,1
coin,2
materials,2
alabama,1
grave,10
zealand,1
reimbursement,1
mitigate,1
africa,2
observation,2
monadnock,2
grove,1
calculated,5
m,2
inferred,1
treaty,91
ruthless,1
competitors,2
points,3
principle,1
enterprise,12
detriment,1
left,7
sum,17
came,2
decidedly,1
discontent,1
undeserving,1
selected,2
circulationyou,1
assurances,1
simonoseki,1
reductions,10
jurisdiction,12
pave,1
hamburg,1
eminent,5
treaties,28
stringent,5
defects,1
supplied,4
respectfully,2
participate,6
earth,1
enjoyed,4
departed,1
elect,1
humanity,3
submit,6
proposed,27
spite,2
guidance,1
appended,1
minnesota,1
sugar,4
rico,3
inability,12
rich,6
pursuing,1
heartily,3
adequate,11
product,1
rica,1
predecessor,6
do,21
exports,19
makeshifts,1
reconstruction,2
air,2
hostility,1
scientists,1
stop,1
reckoning,1
preferred,4
coast,13
rehearing,1
certificates,10
guatemala,4
reversal,1
supplies,4
report,69
marts,1
disadvantage,2
dr,1
fabrics,1
comply,1
warfare,4
cancellation,1
assigned,1
contributes,1
bar,1
activity,1
countries,54
exchanged,3
fields,5
chesapeake,1
suffrage,3
straits,1
repealing,1
irregularities,2
twice,1
protocols,1
inducement,1
fitted,3
eventually,1
release,1
ibis,1
assent,4
counted,1
steam,8
secretary,75
attest,2
healthful,3
erroneous,1
fullness,1
reference,8
expediency,2
extinguishment,1
testing,1
austria-hungary,2
unexpectedly,1
depends,3
decided,2
result,31
twenty-two,1
cattle,2
fail,11
disturbing,1
limiting,1
best,15
subject,71
brazil,6
voyage,2
accede,1
capacity,5
pensionsfor,1
profession,1
temptation,1
scrap,1
sail,3
calamity,2
continent,9
workshops,1
unable,5
beautifying,1
cooperation,8
drawn,5
'prohibit',1
approach,1
involved,3
preserve,3
discipline,2
accord,4
men,11
terms,19
commence,1
nature,8
impel,1
confusion,1
restricting,4
however,26
authorizing,1
alienation,1
retirement,9
drew,1
extent,14
defiance,1
debt,21
overestimated,2
christendom,1
suggested,13
received,26
climate,3
accused,1
court-house,1
reported,6
country,101
fifth,1
uncertainty,2
demanded,8
profuse,1
participating,2
estates,1
creditors,1
fertile,1
exceeds,1
distinction,1
contribution,3
expense,9
adapted,3
asked,4
contentions,1
peacefully,1
collecting,6
skill,2
station,1
exemplary,1
vexed,2
appeared,2
character,19
vain,1
vast,11
epidemic,2
height,2
active,7
tons,8
illness,1
wider,1
springs,1
administrations,1
trust,19
november,10
armored,3
conference,16
steamships,6
amendments,2
unhappily,1
puts,1
basis,12
union,7
simplification,2
condemned,1
three,14
been,305
particulars,3
advert,1
commission,29
permission,1
much,27
interest,49
expected,7
collections,1
entered,6
contraction,4
petroleum,2
incompetent,1
duties,28
compound-interest,3
vigilance,1
life,17
innocent,1
prosperous,1
eastern,8
suppress,5
concerning,1
dismiss,2
excite,1
bereavement,2
overtax,1
enterprises,5
moneys,4
confinement,2
exactions,1
majesty's,2
doubts,4
tradition,1
westward,1
fourteenth,1
sojourning,1
colored,1
deliberations,8
commerce,21
exception,3
east,8
intending,1
admissions,1
contemplated,5
apprehension,4
administrative,2
legislating,2
originate,1
contingencies,2
earth's,1
excited,3
employ,1
contemplates,3
near,7
dressier,1
teachers,2
imperatively,3
aid,22
property,18
study,4
patagonian,1
natives,2
seven,1
losses,1
congratulation,5
florida,3
mexico,24
inventions,1
is,458
long-pending,3
it,396
expenses,18
ii,2
eighteen,1
experts,1
postmaster-general,11
ramifications,1
in,1019
punctuality,1
broadness,1
evincing,1
trusted,1
if,69
grown,1
workingman,1
containing,2
vindicate,1
patent,6
suggest,16
make,34
seventy-five,1
transporting,1
arbitrarily,1
rebellion,1
overstep,1
grapple,1
complex,2
well-attested,1
harmony,5
unfortunate,1
repudiating,1
alert,2
colonies,4
several,23
showing,1
european,6
fairly,5
raid,1
prohibits,2
governors,1
declaring,3
numerical,1
qualifications,2
differing,1
evil,4
hand,6
liberties,2
seamen,2
unyielding,1
consols,9
producers,1
military,13
jealous,1
faiths,1
protected,4
opportunity,7
sealing,1
fulfillment,2
prescribed,3
postponed,2
kept,3
whereby,7
intrusion,1
auspicious,2
changes,8
thirty-four,2
failing,1
suffering,2
ocean,10
unsuitable,1
savings,1
contact,1
greatest,3
qualities,4
mother,1
hearts,2
the,4881
underestimated,1
investments,1
kinship,1
opinions,2
assembling,3
assessments,3
traditions,1
just,17
wasteful,1
mills,1
percents,6
repose,1
beset,1
completed,1
wherever,3
farther,1
human,1
cape,3
facts,4
depart,1
fostering,1
canton,3
yet,18
succeeding,2
previous,14
adding,1
greenwich,1
shah,1
pecuniary,2
regarded,5
assassination,3
had,44
advancement,4
postal,10
evidences,2
exalt,2
spread,2
obedient,1
board,24
easy,3
evidenced,1
slave,1
save,6
enactment,13
gave,5
gift,5
elevation,1
municipal,3
dignity,3
bands,2
sufficiency,1
disagreement,1
possible,12
quieting,1
orphan,1
discreet,2
birth,4
destroy,1
judge,2
sanitary,3
depicts,1
advanced,4
apart,2
desire,7
masonic,2
$--a,1
specie,6
precise,1
patience,1
new-found,1
delaware,2
performing,1
manual,1
unnecessary,5
irksome,1
berne,1
specific,2
zeal,3
festivities,1
steps,4
officer,6
admittedly,1
notorious,1
security,3
starvation,1
aimed,4
beneficial,5
right,15
old,7
appliances,1
deal,3
people,48
vigor,2
successfully,6
crown,1
begin,3
dead,2
born,2
mutatis,1
productions,5
election,5
excepted,1
escape,2
dear,1
precautions,2
repelling,1
unrivaled,1
library,2
congratulate,2
proceeding,3
lesser,1
for,651
communications,2
armed,7
companions,1
arthur,3
ice,2
contributing,3
imposes,4
exposition,4
unit,2
summoned,2
newfoundland,1
offices,16
marauders,1
participation,6
canal—a,1
disposed,5
fish,1
payment,15
confer,2
ply,1
fullest,1
defensive,1
tribes,9
littoral,1
post,3
manufacturing,5
navy-yards,5
jurors,3
chapter,2
chilean,2
limitation,10
census,3
transmission,2
dollars,11
citizens,56
hostilities,4
submarine,1
constituting,1
rifles,2
cheapen,1
harborimprovements,1
guns,10
melville,2
cherish,1
islands,4
efforts,21
slightly,3
considerations,8
raised,3
impartiality,1
statements,2
formerly,2
presence,2
civil,21
infraction,2
prisoners,2
obtaining,2
bound,6
naturalized,3
world's,1
down,5
complaints,3
laborers,22
twenty-four,1
furnishing,2
doctrine,1
lieu,1
dissenting,1
incumbents,1
incentive,1
reducing,5
speedier,1
often,9
existed,3
art,1
cleared,2
minted,1
attainments,1
indispensable,4
constantly,4
illustrious,2
sovereign,1
fight,1
avail,2
absolutely,5
accordingly,5
victorious,2
conspicuous,3
satisfactorily,3
embroil,1
resulted,3
acquainting,1
henry,1
bolivia,6
was,156
halls,2
leading,4
happy,2
lowest,4
head,4
medium,1
form,9
manufacturers,6
customs$from,1
attempted,2
becoming,3
differences,9
removes,1
pensions,10
ceded,2
$if,1
mysterious,1
hemisphere,2
torpedo,3
incorporation,1
alsace,1
learned,1
liveliest,1
sustained,1
surrender,2
true,7
assented,3
evinced,1
continuance,7
wood,1
counsel,4
portions,6
winds,1
accumulation,1
traits,1
prosecutions,1
attached,2
yorktown,3
turin,1
generosity,1
money-order,4
perpetuity,1
disturbances,4
bolivar,2
mountain,2
dues,2
lend,1
passenger,7
promises,1
later,2
liberal,5
puerto,3
exerting,1
inclusive,4
peruvian,1
compartment,3
abstract,1
one-third,2
evidence,3
proves,1
exist,4
claimants,1
strive,1
ship,3
face,3
distributions,1
injurious,2
negotiations,10
supporters,1
willingly,1
solicitation,1
faithful,4
pledging,1
no,104
authoritative,1
whereas,2
substances,1
generally,10
handed,1
perfected,2
negotiators,2
navy-yard,1
build,1
interested,5
republic,21
rapidity,1
holding,2
papers,2
test,3
unwilling,3
depot,1
superfluous,1
roll,1
realize,1
studied,1
permitting,7
faction,1
waterways,1
preceding,5
welcome,2
miscellaneous,8
polity,1
displayed,1
journey,2
intent,1
penitentiary,1
levied,1
wounded,1
authorities,14
discharge,8
acted,3
dispersed,1
died,1
began,2
hygienic,1
annum,2
younger,1
domingo,2
undisturbed,4
bestowed,1
assume,7
cheaper,1
interval,4
packets,1
landed,3
governed,1
withhold,9
premiums,1
affirmed,1
reception,2
time,53
conferred,2
intimacy,3
quantity,2
profits,5
neighbors,2
tribunals,4
auspiciously,1
customary,1
remarkable,1
varying,2
ours,1
garfield's,2
livelihood,1
leads,2
disturbance,7
abatement,1
supplement,2
/,8
grateful,1
testimony,1
chair,1
abundant,4
ward,1
retention,3
devoted,7
interpose,1
certainly,2
obviate,1
depend,5
essentials,1
bearing,1
indolent,1
passage,14
recurrence,1
answered,3
finally,3
compensate,1
permanently,2
petersburg,1
marks,1
terror,2
mutandis,1
suffered,6
circumstances,9
fancied,1
advises,4
abundance,1
charles,2
federation,1
advantage,5
exalted,2
educated,2
innovation,1
keeping,1
choice,1
emergencies,5
advised,6
cook,1
join,1
trouble,2
far-reaching,2
exact,4
minute,1
governments,27
promptings,1
went,1
kalakaua,1
presented,10
did,3
die,1
permits,1
posts,1
hawaii,6
ascertaining,1
leave,8
item,1
settle,2
stipulated,1
inscribed,1
disqualify,2
terminating,1
jurisdictional,3
inconsistent,2
allusion,2
prevent,9
revolution,2
regret,7
dealing,3
southwestern,1
securely,1
importunity,2
d,4
inland,3
observance,1
cost,16
soldiers,1
run,1
fort,1
port,4
bounds,2
circulars,1
cargo,2
boats,2
appear,8
richer,1
ere,3
assistance,8
contracted,1
foregoing,2
pleased,1
current,3
remembered,3
ineffectual,1
filling,2
customs	$,1
goes,2
artists,2
reply,1
unrestricted,1
commensurate,3
hayti,5
filled,4
illimitable,1
deportation,1
dictates,1
transportation,5
montana,1
construction--the,1
heavily,2
inauguration,2
mr,2
french,3
understanding,3
liquors,3
contemplate,1
enfeebled,1
egypt,4
yards,1
address,1
alone,9
along,6
appears,11
change,12
unfinished,1
boy,1
comptroller,1
redemption,5
thirty,1
canadian,1
institute,2
overflowing,1
funded,5
emory,1
commonly,2
bow,1
trial,5
accomplished,7
historical,2
suggestion,11
anew,2
patriotic,4
hospitality,1
navigation,11
quickened,1
influx,2
homeward,1
hither,3
useful,1
extra,2
merchandise$foreign,1
credited,1
merely,2
substitution,2
marked,3
modifying,5
specified,4
marvelous,1
paralyzed,1
unquestionably,1
embarrassing,2
earlier,1
allotting,1
fees—consular,1
market,6
permitted,3
wealth,5
working,1
prove,6
perished,1
positive,2
angry,1
ingenuity,1
visit,2
athens,1
france,9
territories,14
live,1
going,1
opposed,3
peru,9
memory,3
scope,6
associated,1
lessened,1
clayton-bulwer,2
constrains,1
commissioner,7
sharing,1
missionaries,2
sessions,3
afford,15
subsistence,1
acceptable,1
apparent,7
assimilation,1
oregon,3
odious,1
sierra,1
inaugurate,1
cautious,2
everywhere,2
virtue,2
hesitated,1
corresponding,1
cases,16
reflections,1
effort,2
depots,2
tribunal,2
preponderance,1
indicates,2
avoiding,2
originally,1
modified,5
longitude,2
believes,1
districts,7
printing,1
incidents,1
can,86
thirty-five,1
prescribes,1
believed,6
making,23
arrive,1
social,1
ensue,2
claim,9
dedicated,1
months,6
uruguay,2
december,6
arise,6
waiter,1
agent,1
supremacy,1
heard,1
stroke,1
dropped,3
council,2
allowed,13
indirect,1
offense,2
counting,1
occur,3
parliamentary,1
trustworthy,1
productive,3
requirements,5
winter,3
secured,6
means,29
deplored,2
strikingly,2
contracts,2
vital,4
criterion,1
fourth,5
survivors,1
accessories,1
helvetian,1
allowable,1
husbandry,2
eight,2
mormon,1
economy,12
armies,2
levy,1
mar,1
paramount,5
may,172
broad,1
giles,1
steadily,3
southern,3
respective,4
substitute,1
criminal,3
silvertotal,1
applications,1
belgians,3
trade-marks,3
mankind,2
courses,2
date,6
such,211
destructive,2
data,2
disqualified,1
repeat,3
man,1
relinquish,1
cod,1
natural,7
reaped,2
johnson,1
conscious,1
whenever,5
fee,1
applicant,2
explicit,1
'regulate,1
attainable,1
st,13
formidable,1
inform,5
darkened,1
so,88
deposit,2
swollen,1
offend,2
representation,5
increase,37
ordinary-sized,1
lamented,2
dispose,1
exclusive,1
removals,8
unfavorably,1
furnished,8
indeed,7
pointed,1
mainly,2
years,58
furnishes,1
course,27
experiments,2
correctness,1
ratified,5
financial,3
still,22
tendency,2
seeming,1
supplemented,2
suspend',1
monitor,3
months',1
interesting,9
amounted,7
inflicted,1
forms,2
offers,3
antagonist,1
policy,34
suspension,7
main,7
norway,2
meridian,4
texas,1
emigrants,2
correspondence,8
evacuated,1
centenary,1
johns,2
buenos,1
recipients,1
views,18
matches,1
devastated,1
introduce,1
nation,22
answer,3
touching,6
intellectual,6
half,8
not,196
feature,5
now,128
provision,40
discuss,1
maintaining,2
possess,4
execute,2
equality,2
name,1
servant,2
january,8
drop,2
merchandisetotal,1
cabinet,1
establishing,5
possibilities,1
beg,1
one-fourth,1
bullion,7
seacoast,2
h,4
importation,2
entirely,4
naturalization,8
repaired,1
marshals,2
inaugurating,1
tide,2
domain,7
square,1
prompted,4
cities--those,1
unqualified,1
cairo,1
revised,5
abnormal,1
sabine,1
hurried,1
manifests,1
fostered,2
richly,1
fires,1
owing,1
resolving,1
inhere,2
entering,4
year,121
prudently,2
topics,2
naming,1
summary,2
monitors,5
aiming,1
carlisle,1
canada,1
living,3
shown,4
accomplish,3
concur,9
opened,4
intercourse,32
suggestions,17
profit,3
oklahoma,1
prejudge,1
interference,4
looking,6
collisions,5
seriously,8
investigation,3
imperative,1
emerged,1
dutch,2
suggesting,1
receiving,1
correct,6
assurance,2
shows,6
enacted,3
inevitably,3
creating,2
attended,8
nicaraguan,2
quito,1
most-favored-nation,1
defenses,8
burlingame,9
cars,1
million,2
divergence,1
authorizes,1
governing,2
quite,3
cut,2
unfriendly,1
preemption,3
california,7
constitutionality,1
besides,3
obligation,2
marine,6
accommodation,3
care,5
swell,1
advance,3
training,1
language,1
deck,20
discussing,2
impose,1
british,12
honest,1
turn,1
place,17
swine,2
invitation,14
routes,6
promotion,6
widow,1
think,4
frequent,5
first,32
origin,2
benefited,2
saving,3
high-power,2
revenue,40
legislation,63
coming,18
one,70
hopes,1
americans,8
long,18
suspended,2
spanish,14
carry,9
impossible,4
message,20
open,11
rome,1
affords,8
millions,15
disinterested,1
interchange,4
given,18
necessarily,9
checked,1
silent,1
district,18
width,3
conclusion,5
compulsory,1
imposing,1
returns,2
conservation,1
draft,6
replete,1
alfred,1
realization,1
white,1
determining,3
participated,1
exerted,1
occupancy,2
bloodshed,1
bear,7
exploring,1
mining,4
commodious,1
way,11
appointees,1
that,658
foundry,1
capitalists,1
taxation,15
hurtful,1
naught,1
specialists,2
copy,3
undoubtedly,2
than,88
specify,1
population,11
wide,5
unfortunately,1
sailing,5
accordance,6
exacted,2
require,8
diplomatic,24
exhibitors,3
war,39
seaboards,1
future,18
launching,1
venture,1
were,98
cards,2
russia,5
commends,2
and,1376
questionable,1
savages,1
courteously,3
san,7
sam,1
remained,4
correction,1
occupies,1
measure,21
argument,4
competent,6
say,5
therefrom,1
intercoursefor,1
uninterrupted,1
occupied,4
any,104
humiliation,1
elsewhere,2
prosperity,10
conversion,2
baggage,1
efficient,5
answering,1
aside,1
instructed,2
note,1
approvingly,1
fictitious,1
unavailing,2
take,12
floods,1
interior,12
performance,3
transitory,1
blinding,1
impairment,1
registered,1
channel,2
creditably,1
santiago,1
sure,2
iverson,1
melville's,1
oppressive,4
investigations,2
cemetery,1
price,1
harmonious,3
paid,10
aspee,1
mints,2
visitors,1
envoys,1
invoked,1
tract,2
remarks,1
services,2
clerkships,1
america,25
inserted,2
pages,2
overlooked,1
imposition,1
peaceful,1
forever,2
world&#s,3
triable,1
especially,19
payable,5
considered,8
average,4
adopt,4
steady,1
drive,2
wing,1
ways,2
uncertain,1
alarming,2
infringement,1
amendment,5
filing,1
reenforce,1
laws,33
slope,2
rating,1
urge,4
surplus,24
regulated,3
show,6
german,3
circulating,1
delta,1
pursuant,2
accession,4
merit,1
fifty,4
discovered,2
forbidding,1
spaces,3
arrears,9
tonnage,3
threshold,1
corner,1
pacific,29
ground,3
woolen,2
weapons,1
removed,5
ratio,4
gulf,2
title,3
proclamation,3
devote,1
proportion,4
enough,4
thereofchemicalsflax,1
crime,4
sultan,1
the',1
only,55
explicitly,1
commons,1
heinrich,1
treasury,38
uppermost,6
wool,3
dreaded,1
concurrence,2
congressional,3
dispute,7
guarded,3
sanguinary,1
get,1
committed,5
cannon,5
lighten,1
prejudgment,1
designated,3
expectation,2
d'affaires,1
mission,8
aim,3
fortifications,4
remunerative,1
nearly,12
distinctly,1
clerks,1
awaiting,2
installed,2
neither,6
prime,1
regarding,3
surveys,3
assimilate,1
bearings,1
insular,1
befall,1
yield,4
checks,1
derive,1
effectual,2
miles,27
predicted,1
rifled,4
where,29
communicated,1
husband,1
grantees,1
declared,10
mannah,1
enact,1
seas,3
bids,2
violated,2
labors,6
seat,1
relative,2
elected,3
actively,2
college,1
declares,1
ignores,1
misconduct,1
calendar,4
ruined,1
aroused,1
violates,1
professed,1
concern,6
foresight,1
fails,1
rigidly,1
receipt,1
voluntary,5
enlightening,1
maturity,1
federal,8
subsequent,4
review,1
to-day,1
definite,6
representatives,25
eluded,1
boundaries,1
outside,2
withdrawing,1
bureau,9
inquiries,2
between,83
affecting,6
complications,3
justified,3
across,12
decks,7
arrival,2
gives,3
notice,9
august,13
impossibility,1
originated,2
philanthropic,2
bimetallic,1
discloses,3
appointed,13
faults,1
awards,8
unusually,1
article,7
cities,11
come,10
isthmus,6
emigrant,1
concentrated,1
cottonhides,1
missions,3
spared,2
many,41
region,6
according,3
contract,4
temper,3
deduction,1
polygamy,8
s,2
advisability,3
present,86
berry,2
concentrates,1
conducting,1
railway,15
expression,9
unprovided,1
allowance,1
duty,26
among,22
inspection,1
mails,4
color,1
twenty-six,1
sixty-six,1
hereunto,1
period,17
dispatch,6
befallen,1
satisfaction,1
maintained,11
grants,3
confirm,1
corpsan,1
proved,13
endeavor,3
fruitful,1
eads,1
boat,3
turkey,4
destroyed,4
unusual,3
profitless,2
capable,1
west,8
informed,2
territorial,10
concede,2
coaling,1
defined,1
production,3
deposited,2
mars,1
technical,4
convening,1
borders,6
hardly,2
provisional,1
avow,1
systems,1
wants,1
postage,14
direction,12
enable,5
reconsidered,1
surgeon-general's,1
submarine-torpedo,1
thousand,3
blessing,1
consigned,1
sort,2
observe,1
minister,12
one-tenth,1
declaration,1
scrupulously,1
careful,11
former,10
those,89
countless,1
paying,1
myself,4
diligent,1
these,100
tribal,2
unavailingly,1
prominence,1
cash,3
hayes,1
intimately,1
cast,1
cure,1
magellan,1
argentine,5
transactions,2
residence,9
situation,3
converted,1
invited,6
admonish,1
unsatisfactory,3
vest,1
tilling,1
ulysses,1
conferences,4
cent	$,1
soil,1
sincere,2
unwise,1
engaged,5
coffee,1
quiet,2
strain,1
regularity,2
sudden,2
embrace,2
commanded,2
waterway,4
wisely,8
cessation,1
movements,1
compatriots,1
enabling,1
different,4
revolutions,1
participant,1
harsh,1
april,5
indebtedness,2
pay,2
granted,5
admit,2
same,28
corporations,5
gentlemen,1
sparseness,1
inquiry,3
arguments,1
manila,2
distilled,5
deference,1
reformatory,1
cotton,6
charge',1
events,1
dated,1
status,4
noble,2
extended,12
assigns,1
deepest,1
enjoyment,3
devolves,1
refusal,2
suited,1
well-directed,1
persons,32
statutory,4
arose,1
statue,3
single-rate,2
changing,4
anticipated,1
holders,2
northern,2
complained,2
costa,2
drain,1
dying,1
largely,3
shared,1
utterance,1
floor,4
constitutional,9
recital,2
london,3
evils,8
severe,2
without,54
solve,1
relief,19
alleviate,1
fixing,3
very,23
termination,3
model,1
otherwise,4
convened,2
franco-american,1
bodies,5
justify,8
summer,1
prerogative,1
manifold,1
being,15
when,42
merchandise	$,1
valuable,15
often-expressed,1
risking,1
misuse,1
civilized,7
cease,2
aspect,2
n,1
extradition,5
speed,1
incurring,1
molasses$wool,1
announcement,4
renewed,4
grounded,1
rigid,1
fundtotal,1
topical,1
seems,27
except,15
improvement,11
instrument,1
setting,2
suppressed,3
treatment,3
fifty-two,1
inures,1
struck,1
sectional,1
debtfor,1
star-route,2
ross,3
kingdom,2
available,6
kaacke,1
establishments,2
reconnoissance,1
around,2
represents,1
rules,14
sums,3
virginia,1
admitting,1
early,17
earnest,10
eighth,1
netherlands,1
traffic,6
secrecy,2
confined,3
world,12
railroad,5
execution,5
reap,1
rear,1
pursuits,3
acquainted,1
fortune,1
paupers,1
dislodged,1
identifying,1
jeannette,4
fishing,3
apaches,3
carl,1
notified,2
benefit,6
timber-culture,2
either,17
juan,1
fully,13
served,3
callao,1
reduced,3
accidentally,1
grouping,1
specifies,1
twelve,1
satisfactory,7
classified,2
burdens,5
afflict,1
exposed,1
failure,5
madrid,1
northwestern,1
imprisonment,2
lena,2
competition,9
supplementary,2
pursuance,7
cowboys,2
duration,3
divine,1
composers,1
provided,23
primary,1
beginnings,1
dunbar,1
vote,4
liability,1
colonial,4
footing,4
recorded,1
seaman,2
legal,5
revenuefor,1
inequality,1
deficit,2
provides,6
reverent,1
compulsion,1
restoring,3
refer,6
considering,4
marriage,2
felt,5
assembly,1
scientific,2
business,16
intimate,8
greely,2
problems,1
fitness,4
notable,1
sprung,1
slaughter,1
intrusted,5
broken,1
meets,1
arraying,1
sixty,3
affording,6
wares,1
manufactures,11
lock,1
on,189
stone,1
central,11
opium,1
stations,3
of,3320
industry,6
violence,1
discussed,4
factors,1
unascertained,1
thousands,2
practical,11
mutually,2
whence,1
stipulations,4
lieutenant-commander,3
remonstrance,2
neighbor,1
act,81
mixed,2
invested,3
superiors,1
bond,3
or,205
exported,1
tribe,1
quietly,1
lands,18
embrassment,1
decreased,3
afforded,16
whites,2
communication,19
skilled,1
collins,1
blessed,2
vacation,1
tiding,1
defraying,1
lively,2
determine,5
parties,12
import,3
blesses,1
conventions,4
your,54
lawmaking,2
documentation,1
arctic,1
rewarded,1
supervising,1
forwarded,1
her,11
area,2
assumed,1
strictly,2
there,90
relocation,1
alleged,5
subsidiary,1
aggregated,1
strict,2
futile,1
sealed,2
brazilian,1
exceptional,2
valley,4
energy,1
passports,3
recommends,3
mischief,1
complete,2
mourns,1
vested,1
replies,1
discriminations,2
relatives,1
regard,23
delayed,3
khedive,3
locks,3
degrees,1
suffers,1
garnered,1
becomes,2
elimination,1
reorganization,3
commissioner's,1
promote,8
with,335
employments,1
longer,8
extend,1
melado,1
october,1
applying,1
dominican,1
circulation,25
monopoly,2
were--for,1
lawfully,5
artisans,2
rags,1
animosities,1
abuses,3
organize,1
furtherance,2
compromise,2
agree,5
connect,1
detailed,2
gone,1
hotchkiss,1
citizenship,6
exhausted,3
certain,44
securities,2
am,31
sales,8
deep,1
general,56
mormons,1
substantially,5
britain,7
deem,5
au,1
at,243
file,1
walks,1
gunboat,1
watched,2
pedestal,1
machineryand,2
cables,1
fill,2
again,16
onerous,7
cemented,1
drafts,1
sufferings,1
deserve,4
disapproved,1
storage,3
loyal,1
decisive,1
sending,1
field,3
supplementing,2
valid,1
*sent,1
overcome,1
lafayette,1
you,41
relegating,1
offered,3
immunity,1
fruitless,1
requested,2
briefly,1
meritorious,2
indemnify,2
congress,178
separate,6
students,1
includes,2
important,34
registry,2
intimation,1
serious,16
included,9
equitable,2
prudent,1
nuclei,1
pleuropneumonia,1
fiscal,33
danubian,1
remote,2
arsenals,4
calls,5
wife,1
controlled,1
intentional,1
of—,1
parsons,1
having,17
fraudulent,1
requisition,2
mass,2
restored,2
doubted,5
embracing,1
resolution,4
original,5
confers,5
represent,1
all,123
since,28
exhibitions,5
chinese,54
maximum,4
aids,1
caused,5
forbidden,2
lack,5
dollar,2
irrigation,2
light-housesand,1
month,2
founded,1
ceased,6
thoughtful,2
forged,2
welfare,6
follow,1
expressions,1
settlement,12
religious,3
children,3
causes,3
strangers,1
referring,2
hunting,2
lining,1
pledged,1
laid,6
opportunities,1
spirit,12
riots,1
to,1518
foster,1
commander,3
preserved,2
th,8
safety,3
expenses	$,1
enjoying,2
hideous,1
case,20
relieve,1
premium,2
returned,5
confidential,1
sitting,2
far,32
horror,1
removing,1
induce,1
unarmored,2
novel,1
militate,1
decide,2
fall,2
abusing,1
hemp,1
difference,2
tritest,1
condition,31
unacquainted,1
delivery,7
highways,2
twenty-five,2
dolphin,3
shipboard,1
stimulus,1
forth,4
-/,6
arts,1
list,9
prolonged,3
occurs,1
large,49
tangier,1
humiliation--adequate,1
independence,3
small,4
leone,1
indemnity,8
economically,1
exemptions,4
polls,2
neighborhood,1
withheld,2
ten,4
foundation,3
colossal,1
penalties,7
streets,1
rival,1
shortened,1
past,37
comprises,1
rate,16
customarily,1
pass,4
further,9
attributable,1
investment,4
puritan,2
conscience,1
what,23
imported,3
barrier,1
deeply,2
section,9
resume,2
exigencies,3
brief,2
post-offices,4
centers,1
witnesses,3
prevailed,2
conveyance,1
fractional,4
judicious,1
tribute,2
public,88
movement,3
-inch,2
asiatic,1
full,19
escaping,1
promising,1
modify,1
venice,1
hours,1
inconsiderable,1
disastrous,1
fratricidal,1
excess,16
concluding,2
method,2
strong,4
table,2
thrift,1
shipmasters,2
interposed,1
search,1
naval,13
conviction,9
houses,5
steerage,1
inspired,2
compliance,2
signally,2
experience,7
superintendence,1
prior,5
amount,42
disputes,2
misery,1
action,37
corps,3
narrow,1
tranquilly,1
authorize,2
proscription,1
shanghai,1
followed,5
disposition,9
family,3
perpetuate,1
suddenly,1
requiring,3
transit,4
questioned,3
marriages,1
put,11
certifying,1
fervor,1
enjoined,2
incorporate,1
sanction,2
rican,1
extinction,1
establish,3
estimate,2
select,1
readily,5
iglesias,5
conventional,3
attendance,1
proceed,3
distinct,2
freightage,1
contains,3
wield,1
two,38
governance,1
resident,1
suffice,2
cultivation,1
characteristics,3
taken,18
promoting,2
injury,5
markets,5
minor,3
more,69
horses,1
bulgarian,1
befitting,1
initiated,1
confided,2
blaine,1
company,2
devotes,1
corrected,2
fredk,1
instrumental,1
flag,13
controlling,1
surface,2
impulse,1
particular,13
known,8
benefits,10
objections,8
factories,1
producing,1
sovereignty,3
glad,5
none,6
pleasing,1
hour,2
middle,2
recall,1
accumulated,2
post-office,7
remain,9
nebraska,1
resources,3
learn,1
applies,1
adequately,1
professions,1
complain,2
history,7
compare,1
prompt,10
medical,1
stated,12
messages,6
armor,1
share,2
accept,7
states,224
sphere,1
confirmation,1
numbers,4
purchased,4
sense,9
intimating,1
exclude,2
allowances,1
species,1
simple,1
presently,2
low,2
information,8
needs,11
court,13
improvementsand,1
tributaries,1
rather,2
plans,3
acts,16
disclaim,1
renew,7
relinquishes,1
j,2
hampered,2
justifies,1
disturbed,3
sacred,3
extinguished,1
oppose,1
idaho,1
ninety-eight,1
plant,2
electors,2
intended,9
basin,1
capture,1
advice,3
signature,5
derived,1
expenditures,34
consolidation,1
triumphs,1
denial,2
conveniences,1
blood,3
accorded,4
shuts,1
pleaded,1
response,1
proclaimed,3
a,657
profited,1
dissolving,1
short,1
inferior,1
chiefly,3
relocating,1
crowded,1
devolve,2
register,2
departure,2
supervision,8
protective,1
renewing,1
shore,2
responsibility,2
grande,2
fundamental,3
threatens,3
banks,15
pleasure,7
rentals,1
playing,1
replied,2
depth,2
quelled,1
mexican,7
aided,2
september,4
sofia,1
soon,11
trade,36
held,20
attitude,3
paper,1
through,26
committee,3
signs,1
indicating,1
existence,5
postages,1
suffer,3
intrenched,1
its,233
hans,1
fourthly,1
reexamining,1
style,1
rapidly,7
received--,1
c,1
greatly,10
reluctance,1
expenses$for,1
actually,3
late,16
resort,14
absence,5
individuals,3
sake,1
disclosed,1
resentments,1
speech,1
long-established,1
might,40
alter,1
fines,5
wharves,1
cantons,1
good,35
return,16
generously,3
persons&#,1
seeking,3
food,2
propose,4
adjudications,1
perceived,1
disregarded,1
obeyed,1
indiansfor,1
excise,5
rank,4
commanding,1
outbreak,2
foot,3
formulating,1
adventurous,1
association,3
instructions,3
easily,2
erection,3
hereafter,10
instances,8
occasions,4
porte,3
utilized,1
privileged,2
iniquity,1
habits,1
repayment,4
insuperable,3
found,18
telegraph,6
difficult,1
friendship,8
ports,17
characterized,1
referred,8
heavy,9
injured,1
begged,1
transform,1
weight,3
needless,1
generation,2
house,16
contiguous,1
beneficent,2
reduce,1
idea,2
scheutze,1
engaging,1
countrymen,1
expect,2
lieutenants,1
annually,1
operation,14
beyond,5
event,4
really,1
stands,4
veneration,1
divide,1
carriers,1
constancy,1
solved,2
unnatural,1
robert,1
enshrouded,1
temporary,6
testify,3
publish,1
thetis,2
promoters,1
acting,4
armaments,1
health,11
shipment,3
preparers,1
national-bank,4
fortitude,1
induced,2
issue,7
caucasian,1
salute,1
benjamin,1
stead,1
assist,1
discriminate,1
belief,11
lawrence,3
favored,9
convocation,1
enforcing,2
confidence,2
effect,18
difficulty,5
reason,19
dire,1
heads,3
ask,7
randall,1
well-nigh,1
earliest,1
beginning,1
resurvey,2
definition,2
owners,1
retained,4
revival,1
english,5
friendliness,2
alluded,3
adversaries,1
chileans,1
year's,1
probity,1
american,54
acknowledge,1
unaware,1
w,8
expedient,7
consequence,2
contingency,1
fallen,1
exercising,1
delicate,3
embraces,2
precautionary,1
simply,2
$i,1
feel,9
radical,6
belligerent,1
fire-proof,1
number,46
preservation,6
whom,7
feet,10
sympathy,4
enlarged,8
smaller,1
done,6
rails,1
colombia,7
fees,13
judgment—,1
wages,1
cabinets,1
abrogated,1
occurrence,1
arbitration,8
differ,1
peaceable,6
inure,1
unmanufactured,1
introduction,4
twenty,5
coasts,2
threatening,1
$this,1
least,12
devolved,3
obtainable,1
regulation,4
wonderful,1
passed,12
hindered,1
protocol,1
master,4
majority,5
scheme,9
finances,3
ecuador,3
observations,3
justly,7
treasured,1
option,1
relationship,5
defective,1
favorably,3
convinces,1
park,3
immediate,14
obsolete,1
consuls,2
appreciation,4
treasurer,1
part,28
favorable,3
consult,2
believe,10
convinced,5
modes,3
king,8
kind,1
hundred,7
appropriating,2
imperiled,1
condolences,1
double,3
instruction,4
liberality,1
aims,2
exponents,1
youth,1
i,294
determined,4
contrary,2
supposed,3
solemnizing,1
fishermen,2
elaborate,1
toward,11
declare,2
sentenced,1
unconstitutional,2
outstanding,8
strengthen,2
imports,21
urgently,1
heaviest,1
abreast,1
guarding,1
garfield,1
substantial,8
comrades,1
alike,3
chosenese,1
unpaid,1
steamer,3
orders,4
lie,3
fermented,2
zero,1
depending,1
permanence,1
essentially,1
empowered,4
commotion,1
officers,24
punishments,1
reliance,1
conforming,2
also,43
entirety,1
internal,18
useless,2
boundary-survey,1
populous,1
deserving,3
conceives,1
liberty,3
inequalities,2
play,1
added,1
electric,1
ofas,1
frauds,4
albert,1
measures,36
effecting,2
quota,2
breaking,1
debarred,1
most,46
plan,7
enduring,1
undertaken,3
nothing,7
accepting,3
ensuing,1
engagements,4
measured,1
approved,14
achievement,2
constitution,31
salary,3
ten-forties,3
constructed,3
dealers,2
outgrown,1
clear,2
sometimes,4
examining,2
traditional,1
cramped,1
persistently,1
ingots,1
hindrance,1
barren,2
seventeen,1
charged,4
tubes,1
institutions,10
apprehend,1
comitatus,1
serdze,1
particularly,4
gold,4
restore,1
obligations,10
commissions,1
memorandum,1
scattered,1
accommodations,2
session,42
relation,10
jury,1
carefully,2
coins,2
franklin,1
uniform,7
fine,1
find,5
occupation,4
completion,3
henceforth,1
cargoes,2
copyright,4
reconvened,1
justice,14
phrased,2
discord,1
distributed,2
assertion,2
penalty,1
failed,4
conducted,3
indian,35
money,15
knit,1
cuba,5
indifference,2
proximity,2
england,3
ordained,1
his,94
dominant,1
coequal,1
invoke,1
meanwhile,5
dependent,1
numbering,2
william,2
express,8
chances,1
dealings,1
necessitate,1
remedy,3
b,2
rest,2
closely,3
international,30
during,65
silk,2
him,11
merchandise,17
alexander,1
enemy,1
elapse,1
exhibiting,1
contagious,3
sources,11
yakutsk,1
testifying,1
alteration,1
remove,4
amounting,7
pertinent,1
common,15
inefficient,1
withdrawal,3
switzerland,5
river,22
courteous,1
locating,1
bars,1
set,7
patriotism,2
grain,1
convenience,1
outlast,1
intelligence,3
potent,1
overburdened,1
see,7
defense,9
manly,2
are,204
sea,11
fineness,2
tender,1
close,10
bark,1
materially,1
outward,2
declined,3
feared,1
seal,1
preparation,1
potential,1
probable,9
fruits,1
superseded,2
electoral,1
rejecting,1
halmer,1
won,1
various,17
captured,1
probably,5
avoidance,1
numerous,6
inaction,1
interjection,1
years',1
europe,8
approbation,1
korea,6
recently,11
hardship,2
notoriously,1
missing,1
premises,10
prescribe,1
brigandage,1
attention,79
confiscated,1
renews,2
incident,3
death,9
opposition,3
franchise,1
meantime,2
accomplishing,2
relying,1
legislature,7
both,27
prospects,3
contrasted,1
last,67
obedience,1
license,1
desired,6
solely,3
distinctively,1
annual,27
double-turreted,2
foreign,58
sensitive,1
connection,7
became,6
forgotten,1
satisfied,1
vault,1
protector,1
whole,25
fairness,1
experimental,1
albeit,1
reside,2
$the,3
repay,1
distress,1
majesty,1
point,14
reasons,8
loan,16
allegiance,1
community,7
lake,7
conquest,1
agents,2
church,2
vessel,16
projected,1
throughout,8
suppressing,1
expensive,2
patiently,1
decline,1
described,1
raise,1
monthly,2
create,2
acceptance,1
political,20
due,16
convicted,2
rivals,2
reduction,26
practicable,5
extravagant,2
supplying,4
maintenance,5
contained,9
collected,5
threaten,1
territory,50
meeting,4
twenty-eight,1
attractive,1
firm,3
wish,5
partly,1
f,1
foreseeing,2
fire,1
miantonomoh,1
honorary,4
else,3
fund,21
races,1
lives,4
representative,6
demand,21
exemption,1
chester,3
rupture,1
extensive,4
expended,5
georgia,1
utmost,3
fomented,1
judicial,5
bill,38
unhesitating,2
pace,1
while,36
replaced,1
consular,16
states—a,1
endanger,2
fleet,5
transcripts,1
clouded,1
unhindered,1
engineers,2
computed,1
real,3
pound,1
costly,2
impracticable,4
portugal,1
century,2
cents,12
guilty,1
von,1
tendered,2
comport,1
evident,4
encountered,1
rio,2
itself,19
centennial,4
ready,8
aspects,1
holden,1
examiners,1
examine,1
unfit,2
clerical,1
italy,5
ample,1
alarm,1
grant,4
preferable,1
unhampered,1
dishonor,1
burdensome,3
wherein,3
shorter,3
read,3
situated,1
widely,5
peoples,3
modification,4
products,10
advise,6
relatively,1
conflict,4
higher,8
development,11
used,5
unalloyed,1
forced,1
adolph,1
negotiate,2
censure,1
solicited,1
equable,1
moment,1
levels,2
arrived,3
purpose,23
necessity,19
relanding,1
aggregate,5
fabrication,1
predecessors,2
recent,27
lower,5
task,2
herewith,9
older,3
commendable,4
forfeited,1
joint,3
country's,1
person,6
regulating,3
machinery,8
withdraw,1
thoroughly,1
swiss,2
organization,5
abandonment,1
prevention,8
distances,1
bullion-producing,1
responsible,4
load,1
attaining,1
purview,1
transference,1
observed,2
settlements,5
named,3
competitive,11
quarters,7
profoundly,1
inferiors,1
shape,1
five-twenties,9
questions,23
credentials,1
retired,3
alternative,1
metallic,1
injuries,1
timber,1
profitable,4
accepted,2
preparations,3
$,144
manufacturessilk,1
conclusions,4
correcting,1
admission,9
alternate,1
guaranteed,2
recognizing,5
exclusively,3
speedily,3
pressing,1
source,5
governmental,5
parents,1
exhibition,5
sydney,1
judiciously,2
violations,1
impoverished,1
profitably,2
remaining,5
conscription,1
remonstrated,1
complaint,1
australia,1
march,16
amended,3
lacking,1
demands,7
graver,1
capacities,1
joined,1
matters,6
redeem,1
quest,1
apt,1
foreigners,4
wiser,1
inhabitants,2
encounter,1
bloody,1
projects,2
formal,4
modifications,2
avows,1
imposed,12
success,13
submission,4
follows,11
signal,4
pounds,1
resorted,2
associate,1
strife,3
separately,1
collect,1
distrust,1
continue,11
indication,1
popular,4
decrease,5
waged,1
disorder,1
essential,3
proffer,2
merchandise$gold,1
love,1
amicably,1
methods,16
collectors,2
hebrews,1
senate,33
spring,2
fathers,2
creation,2
some,58
back,2
ah,1
urgent,3
strongest,1
pack,1
traversing,1
advising,2
battalion,1
nicaragua,11
ourselves,5
amicable,4
investigating,2
savage,3
gradually,2
scale,3
twenty-three,1
stoutest,1
affects,4
decision,4
though,11
reimbursing,1
per,44
favoring,3
acquaints,1
lorraine,1
civilization,6
eliminate,1
arsenalsfor,1
tends,3
assumption,1
t,1
lapse,1
be,623
sixteen,1
unmindful,1
patient,1
performed,2
reach,8
offenders,3
continuing,1
agreement,14
forming,1
refused,3
level,1
step,4
greatness--for,1
nowhere,1
chargeable,2
output,1
santo,2
tidal,1
relating,10
dictated,1
by,479
troops,6
dormant,1
faith,6
bureaus,1
goods,5
recites,1
consignees,1
exaggerated,1
completing,2
practiced,1
melbourne,1
recited,1
range,1
ounce,4
militia,3
allotment,2
which--,1
together,6
mouth,3
restrict,1
unaccomplished,1
fund	$,1
fleets,1
colorado,1
fraction,1
beneficence,2
into,45
within,39
columbiafor,1
unimpaired,1
framed,4
neutrality,6
appropriate,6
primarily,1
coil,1
extraordinary,1
variously,1
risk,1
steamboats,1
canal,21
impressed,3
madagascar,2
statistics,4
eleven,1
apparently,1
placing,2
question,34
fast,2
thirdly,1
gainsaid,1
etca,1
infected,1
manifested,4
spar,3
signified,1
devisethe,1
sections,3
restraints,1
suppression,3
files,2
considerably,4
withholding,1
himself,2
invite,8
boyd,1
orlop,1
duly,7
light-houses,2
oils,1
immigration,18
hoped,12
fisheries,3
properly,8
atlantic,13
repeatedly,4
newer,1
filed,5
russian,2
unequal,1
line,11
legation,5
considerable,6
raising,4
mineral,1
directed,6
amphitrite,2
rejection,2
redeemed,7
vacancies,2
declarations,1
up,4
us,17
par,2
gratifying,9
morocco,1
amounts,2
cautiously,1
mature,3
intendment,2
autonomous,1
unequally,1
similar,15
called,24
well-known,1
imposts,1
reenforcements,1
constant,4
expedition,6
raging,1
flow,4
allayed,1
influence,6
conciliating,1
coasting,4
reopening,1
single,9
diverse,2
cotton-goods,1
surveying,2
formally,1
excel,1
prevail,4
defines,1
brethren,1
caracas,5
tentative,1
objection,7
employment,5
endurance,1
peace,22
water,15
invalid,1
preventing,5
application,10
definitions,1
definitely,2
electrical,1
bases,1
income,2
department,50
condolence,1
confine,1
revision,15
responded,1
explaining,1
depredations,1
elements,7
energetic,1
accidental,1
gross,2
impress,1
attainment,2
kansas,1
prosecution,2
constitutions,1
prepared,5
regulations,11
parrott,1
meaning,3
restoration,3
refrain,1
utterly,2
lent,1
reservation,5
developed,2
sides,2
dimensions,4
ago,7
urged,16
land,7
e,1
jurisprudence,1
practically,11
age,3
required,19
president's,1
accumulations,1
departments,8
appalling,2
prosecuted,1
ascertained,8
opposing,1
arisen,8
confederation,3
protests,1
teachings,1
recognize,3
fresh,3
infringing,1
requires,1
objected,1
once,14
hampton,2
code,3
partial,1
advisory,7
intimated,1
issued,3
eradicated,1
results,24
produce,5
existing,28
alien,1
proposition,3
notify,1
broader,2
go,9
attracted,3
loyalty,1
adjustment,6
contributions,3
carrier,4
issues,1
seemed,7
compact,3
excludes,1
one-half,2
averting,2
baron,1
transferred,2
disposal,1
concerned,1
fenced,1
young,3
send,7
suits,1
topic,1
senators,1
behalf,5
excluded,4
stable,2
breach,1
include,3
friendly,26
sent,4
stocked,1
retire,2
saying,1
expressing,3
organizations,1
reserved,1
continues,7
prudence,2
conditions,10
schedule,1
reviving,2
wishes,1
putting,4
salaried,2
surgeon,1
ending,4
continued,17
framing,1
timely,3
entire,14
tokyo,3
needy,1
succeed,1
fighting,1
harbor,12
positions,5
bonds,29
shock,1
excessive,2
try,1
sourcestotal,1
race,3
kinsmen,2
depositories,1
manifestly,2
comprise,1
evidencing,1
severed,1
settlers,3
enforce,6
assemblage,1
comforts,1
concluded,14
hinder,1
toils,1
fitting,3
compensated,1
pledge,1
analogous,1
equipping,1
encroachment,1
consolidated,1
rivers,7
nelse,1
crook,1
ratifications,2
notwithstanding,4
coffin,1
honors,1
mischiefs,4
peninsula,1
reviews,1
madethe,1
siamese,2
power,28
cover,4
chicago,4
giving,10
debarkation,1
harvests,2
reaching,4
schley,1
expressed,8
guaranties,2
severalty,2
consistently,2
evoked,3
experiment,4
undertaking,1
capital,11
obvious,1
firms,1
exercise,19
thin,1
body,5
advantageously,2
justification,1
led,7
lee,1
degree,2
exchange,5
respectively,1
vexatious,1
commercial,30
delivering,1
growing,14
undertakings,1
objects,12
harber,2
separation,1
others,13
consideration,41
fifteen,3
languishing,1
extreme,1
settling,1
great,64
engage,4
securing,4
pressure,3
receive,16
imbittered,1
guarantor,1
larger,4
alaska,5
leaving,9
suggests,5
repel,2
survey,6
telegraphic,2
opinion,15
residents,3
accountable,1
makes,6
honor,9
involves,2
composed,3
coordinate,1
examinations,2
debts,1
steamers,5
danger,4
forbid,3
attempting,1
charge,3
nationalities,3
remitted,1
private,8
distrusted,1
assemble,1
austria,2
perfecting,1
counsels,6
names,4
home,6
apply,5
resolutions,1
lima,2
route,5
staple,1
endangered,1
use,13
refers,1
from,272
certificate,2
erichsen,1
remains,5
illegal,1
encroachments,1
ministers,5
next,12
few,5
assuring,3
doubt,8
examination,7
reciprocity,6
constitutionally,1
invariably,1
themselves,12
reflects,1
belgian,1
possession,4
separates,1
assailed,1
comparison,4
sir*,1
tax,24
patrol,1
inadvisable,1
testified,1
occurred,7
improve,1
cooperate,4
emigration,8
carrying,11
appeal,2
indifferent,1
sharply,2
ratification,1
circular,1
actual,8
procuring,2
benignant,1
pathos,1
carried,6
escaped,1
account,12
animals,3
embarked,1
this,357
challenge,2
insists,1
fortunes,1
defrayment,1
prompts,1
anywhere,1
crossed,2
publications,2
servants,3
island,3
industrial,5
meet,13
closing,1
emphatically,1
conformity,7
rehabilitation,1
proof,2
control,13
wedge,1
exceeding,3
prohibiting,2
tab,1
process,4
criticises,1
proportions,1
transshipped,1
forays,1
purposes,14
transpired,1
high,6
ram,1
kongo,5
promptitude,1
recognized,9
dictation,1
sought,10
voice,2
native,3
hesitate,2
educational,2
united,175
varied,5
falls,1
sword,1
hongkong,1
yielding,2
holds,3
struggles,1
arrangement,2
delay,7
located,2
responsibilities,4
blessings,2
sentiments,2
forest,2
beams,3
instead,4
desirous,1
establishment,26
stock,2
buildings,3
de,4
equalize,2
attend,7
sir,1
relates,2
waters,6
await,2
tact,1
collection,12
chiefs,3
detachment,1
abuse,1
fatigue,1
urges,3
society,2
ties,2
foremost,3
blackfeet,1
tariffs,2
bankrupt,2
readiness,1
realized,4
introduced,3
purely,4
single-turreted,1
light,3
lines,11
correspond,1
element,2
chief,13
advocates,2
allow,3
tenure,5
forty-seventh,1
subsequently,5
volunteers,1
divided,1
furnish,8
preparing,3
unsolved,1
six,7
saccharine,1
terminable,1
sanctioned,2
freeing,1
altogether,2
encouraged,3
injuriously,1
doubtful,1
produced,3
rendered,4
including,19
looks,1
mentioned,5
agricultural,7
operative,1
warren,1
industries,9
superior,2
negotiated,4
implements,1
exclusion,3
decay,1
chosen,4
considerate,1
last-named,1
ships,14
whereof,3
accredited,3
labor,17
resorting,1
previously,1
heroism,1
permanent,11
restrain,1
asking,1
misapprehension,2
travelers,1
lawlessness,3
therefor,6
sweden,2
pending,16
diverts,1
eastward,1
designs,3
greater,17
descendants,2
plenipotentiary,2
submits,1
material,12
commended,2
invitations,5
mention,2
long-neglected,1
yearly,1
hands,7
front,4
conveyed--,1
republican,1
day,13
presidential,8
successor,1
articles,9
february,13
interred,1
profound,2
intelligent,1
sacrificed,2
adjournment,2
secures,1
cession,1
sufficiently,2
peking,1
magnitude,4
transmitted,7
mode,4
shortage,1
crossing,2
accompanied,4
thirty-eight,1
bills,8
depression,1
prevailing,1
commonwealth,1
cruisers,5
shipbuilding,2
doing,3
unshaken,2
registration,4
abrogation,1
especial,1
buildingslight-houses,2
retaliation,1
constitute,5
dangers,2
launched,3
books,2
variety,1
exceeded,6
our,282
counseling,1
bay,8
agriculture,4
special,28
out,22
gallant,2
respects,5
acknowledgment,1
sentiment,5
frontier,8
undemocratic,1
defend,1
access,1
relate,8
repress,1
obstructions,1
potomac,3
lumber,1
oriental,1
barley,1
disappear,2
honorable,5
postpone,1
criticisms,1
cause,13
czar,2
thereupon,3
achievements,3
sealer,1
shut,1
that--,1
eighty,1
turned,1
maintains,2
incalculable,1
promptly,7
embassy,2
attending,2
surely,1
york,10
conflicts,3
rejoice,1
delegated,2
avowed,1
likelihood,1
insisted,1
receipts,19
resumed,1
cuban,1
allies,2
hostile,7
g,1
phrases,1
could,21
ever-increasing,2
obstacle,2
times,3
keen,1
length,4
imputing,1
weal,1
specification,1
barriers,1
discussions,1
nominations,1
museum,1
south,15
unclaimed,1
prospective,1
indictments,1
twenty-seven,1
rhenish,1
extraterritorial,2
third,4
tributes,1
$it,1
indisposed,2
hitherto,11
embarrassed,1
improving,2
improvements,15
assets,1
proposing,1
representations,1
signify,1
precisely,2
quality,4
pauper,1
owning,1
destinations,1
legislative,3
has,314
ancient,1
ever-shifting,1
fair,3
start,1
bears,1
nomination,1
assure,2
system,56
relations,42
thereofcotton,1
their,174
attack,3
intermediate,3
inalienable,1
acquiescence,1
siam,5
willliam,1
averted,1
final,3
circulate,1
interests,42
georgetown,1
copenhagen,1
ambiguous,1
punish,1
explanation,2
nobody,1
debate,1
self-sustaining,2
formalities,1
manufacturescoffeeiron,1
regards,1
tended,1
unexpended,2
branches,5
july,22
coinage,9
spanish-american,1
institution,4
remember,1
steel,15
loved,1
aught,1
holland,2
smoothbore,2
things,4
objectionable,5
riches,1
infectious,1
submitted,7
discriminating,2
armament,6
compensation,6
convene,3
assays,2
bind,1
embody,1
visited,4
abolished,3
providing,15
coronation,2
distinguished,1
devotion,1
gravest,3
exhibit,6
accusing,1
enforced,5
tracts,1
unchanged,1
ordinarily,1
horrors,2
corrupt,1
thereto,4
appointing,2
unlikely,1
have,290
dictate,1
need,13
constrained,1
border,2
clearly,6
viewed,1
necessities,3
infractions,1
documents,2
pupils,1
propriety,9
pursued,6
agency,2
able,8
gravity,3
fees--consular,2
arm,1
ably,1
instance,6
supplanted,1
concerns,5
which,468
founder,1
provoked,2
jail,2
divers,2
paths,1
unless,13
disavowal,1
combat,1
repairs,1
dryness,1
who,51
schuetze,1
asserting,1
courtesy,2
said,20
connected,4
renounce,1
preliminary,3
draws,1
nuisance,1
bigamy,2
class,14
spirits,7
so-called,1
discourage,2
takes,1
consequences,4
crew,3
sweeping,2
neighboring,3
invention,1
request,5
disease,1
sustaining,1
enlist,1
looked,1
proceedings,7
stipulates,1
mechanical,2
occasion,10
encumbering,1
ensued,1
away,1
fact,31
midway,1
quartermaster's,2
commit,1
devolving,1
selection,1
augurs,1
violation,1
text,1
agreed,3
tidings,1
sixty-two,1
vacancy,1
bring,9
well-being,1
disjoined,1
precipitancy,1
ottoman,3
fear,2
tolls,1
trivial,1
agrees,1
strengthening,2
principal,8
litigation,3
nearer,3
illumine,1
based,5
knowledge,3
comfort,2
endangers,2
hopeful,2
should,134
surroundings,1
score,1
candidates,3
notes,9
gradual,2
attained,4
employed,6
equally,2
partially,1
local,12
convocations,1
hope,18
meant,2
thriven,1
commanders,1
winfield,1
commendation,1
antagonism,2
sustain,1
succeeded,1
bulgaria,1
maritime,6
accrue,1
beam,1
littleton,1
molasses,2
legitimate,4
words,8
magistrate,2
statutes,14
chipp,2
mediator,1
following,5
processes,1
intentionally,1
committees,1
glory,1
tobacco,3
ended,10
denmark,3
married,1
fixes,1
taxes,15
summon,1
incapacity,3
she,3
ascertain,2
taxed,2
solicitous,1
fixed,9
prepaid,1
generations,1
view,29
intervening,1
strengthened,1
multiplying,2
constrain,1
constructing,1
exists,3
acquired,3
national,68
admonition,1
we,58
extremes,1
intensity,1
officials,4
merits,3
usefulness,1
enhanced,1
greece,2
operated,1
revenuefrom,1
humane,3
orleans,1
awaits,4
closer,3
phases,2
destiny,1
supported,1
reform,2
clearing,1
posse,2
below,4
tend,3
favor,14
state,45
difficulties,4
injustice,1
correctly,1
routine,1
understood,3
progress,16
boundary,13
enlarging,6
colombian,2
midnight,1
perfect,1
ends,2
sole,5
george,5
ability,2
plenteous,1
opening,5
importance,35
sorrow,3
monarchy,1
agencies,1
indiscriminate,1
embarrassment,6
texan,1
punishable,2
cope,1
key,2
seaboard,2
approval,26
problem,6
whereon,1
restrictions,4
hebrew,1
limits,7
always,8
career,2
freely,1
taking,6
thence,1
equal,12
minds,1
powerless,3
etc,14
involve,6
manifestations,1
streams,2
greytown,1
passing,2
safely,3
invites,2
jersey,1
grounds,7
comment,3
strongly,4
adjusted,10
conclude,1
abortive,1
removal,15
repassed,1
commend,13
diminution,2
congresses,1
instituting,2
respect,22
acres,1
balances,1
withdrawn,1
pouring,1
provinces,1
packages,1
attorney-general,7
addition,6
discrimination,1
prince,1
copies,1
cent,39
pretensions,2
immense,3
arbitrator,2
willing,3
hearty,1
inadequate,7
marsh,1
proposal,3
flathead,1
louisiana,1
construing,1
define,2
adopted,9
diversity,1
abrogating,1
patented,1
moved,1
sufficient,9
replenishment,1
protect,4
scrutiny,1
bulk,2
finished,1
defray,3
expenditure,10
remonstrances,2
falling,3
bull,2
improved,2
atlanta,3
an,161
cruel,1
spain,8
homes,3
prospect,3
garrisons,1
abandoned,4
wilt,1
plain,3
appropriations,24
appearance,1
as,403
value,22
will,208
monrovia,1
jute,1
expiration,3
grossly,1
advisable,11
continuously,1
gun,1
adjourned,1
yokohama,1
noticed,1
diminished,4
ripe,1
almost,10
dissent,1
thus,32
disapprove,1
encouragement,3
sustenance,1
examined,1
against,46
dual,1
requisitions,1
claimed,4
vice-presidency,1
vice-president,7
education,13
thereby,2
perhaps,6
privileges,10
administration,14
cross,1
unite,4
member,2
adverse,2
unity,1
parts,5
exuberance,1
tempestuous,1
geographical,4
largest,2
party,14
funding,1
infer,1
fide,1
residing,4
disseminating,1
conflicting,8
practice,5
columbia,11
consul-general,3
restating,1
cubic,2
rightfully,1
absorb,1
wisest,2
upon,162
mutual,2
diplomatically,2
proficiency,1
authors,1
sharvell,1
between-decks,1
issuance,5
kuehne,1
frequently,2
adherents,2
judgment,20
requests,1
destruction,3
insure,3
scarcely,7
appropriated,6
off,4
reflection,4
nevertheless,6
approve,6
obstacles,4
well,31
circumstance,2
rodgers,2
thought,8
retiring,1
insurmountable,1
command,13
redeemable,3
administered,1
position,9
recasting,2
mountainous,1
usual,1
lest,2
negotiation,8
arming,1
enormously,2
less,24
accurate,1
executive,45
domestic,19
obtain,5
filibustering,1
forests,6
aspirations,1
marauding,2
distant,4
developments,1
protecting,8
arriving,2
commemoration,1
roomy,1
generous,4
rapid,5
exequatur,1
inquire,1
desperadoes,1
supply,15
interoceanic,4
deposits,11
recommending,4
bench,1
redemption--of,2
arrest,3
add,5
book,1
adoption,25
nor,8
citizen,8
usage,2
earnestly,1
applicants,2
warrant,2
prosecuting,2
ought,12
details,3
resolved,1
tests,3
increased,6
provisions,28
government,209
devised,3
utah,7
term,4
republics,5
elapsed,3
built,8
five,7
whatever,5
burden,8
bottoms,1
belgium,5
immediately,10
amply,3
predestined,1
prominent,6
loss,7
displaced,1
necessary,43
like,17
lost,3
efficiency,8
susceptibilities,1
self-reliance,1
skinsi,1
payments,4
heed,1
james,2
bane,1
become,23
works,11
nourished,1
italian,1
therein,7
exceed,6
because,13
seeks,2
guaranty,7
extraditable,1
unsuccessful,1
reclamation,2
authority,16
motive,4
growth,7
export,2
recommendation,20
proper,18
star,4
empire,7
peter,1
ballot,1
recognition,6
contested,1
ascertainment,3
charges,4
lead,4
communes,1
avoid,1
silver-dollar,1
mines,3
salaries,3
favors,1
awaited,1
forty-five,1
does,12
discretion,6
economical,4
uncultivated,1
liberia,3
manifest,3
merchandisespecietotal,1
demonstrated,1
limitations,5
monuments,2
murderer,1
ayres,1
slight,9
fur,2
monetary,1
expansion,1
persia,3
murdered,1
conveyed,1
prohibited,1
although,6
worthy,7
renders,1
repair,2
skins,1
stage,1
gained,1
gunboats,2
about,19
quarter,2
rare,2
justin,1
extension,2
influences,3
freedom,3
location,1
shipping,5
pennsylvania,1
stamp,2
statement,6
frelinghuysen,1
recognizes,1
concession,3
emperor,2
persuaded,5
revise,1
desires,1
contain,4
outset,1
own,40
letters,14
marshes,3
owe,3
light-house,1
warrants,2
valor,1
washington,13
defrays,1
weather,1
relinquishment,1
erect,1
interdependence,1
lawful,4
roads,3
additions,1
fraud,3
forget,1
mere,6
utility,3
doubtless,13
terminated,3
mississippi,4
repeal,5
placed,7
additional,7
exciting,1
confident,4
retried,1
transfer,3
construct,4
*,3
artisan,1
contentedly,1
disapproval,1
imperial,4
intention,3
inasmuch,1
compartments,1
displacement,1
venezuelan,3
naturally,1
building,6
buy,1
north,7
ireland,1
effects,2
funds,4
amity,3
but,112
incursions,1
volume,6
privilege,3
construction,19
mailed,1
gain,3
courts,7
contemptuously,1
highest,5
alexy,1
violate,1
he,29
lady,1
made,79
wise,7
israelites,1
places,4
deficiency,6
whether,28
dangerous,5
official,8
variations,1
signed,5
record,5
carriage,3
frequency,2
limit,12
monument,1
demonstrate,1
distribution,2
walter,1
odds,1
urging,1
irremediable,1
mechanics,1
cordial,6
supreme,10
begun,4
thirty-nine,1
devise,5
reservations,6
universal,4
contribute,2
abominable,1
pig,1
consumed,1
well-defined,1
periods,1
covenanted,1
paraguay,2
recommendations,9
legacies,1
proceeds,4
effected,7
functions,7
compared,4
excellencies,1
contest,5
operating,1
individual,4
attacked,1
detail,5
lately,22
members,10
other,106
witness,1
branch,3
outlet,1
belong,1
disposing,1
convicts,1
francisco,4
internal-revenue,3
discretionary,3
consisted,2
thereafter,1
missouri,2
june,24
stay,2
enlargement,2
chance,1
affixed,1
deter,1
friends,2
incurred,3
inspiration,1
appoint,2
pestilence,1
prevalent,2
ranks,2
starting,1
space,9
expressly,1
persistent,2
rule,6
authenticated,1
oftenest,1
portion,11
arkansas,1
theretofore,1
pension,11
secretary's,12
determination,3
commencement,1
augmented,1
