,1292
four,92
woods,1
suzann,2
hanging,1
cyprus,1
aggression,5
marching,6
looking,10
self-pity,1
eligible,7
lord,2
franklin's,1
regional,4
bringing,13
basics,5
prize,2
piling,1
caged,1
steadfastness,1
enrollment,1
guardsmen,1
charter,12
tired,4
miller,1
aides,1
holocaust,1
second,50
rudman,1
sterile,2
ruthless,1
thunder,2
contributed,1
fingers,2
communism's,1
designing,2
set-asides,5
increasing,14
succumb,1
pioneering,2
specialist,1
hero,3
avert,1
kibungo,1
offenses,1
interdependent,1
here,295
reported,3
china,22
dogwood,1
hers,1
kids,37
k,1
reports,3
controversy,1
i'd,33
military,59
i'm,68
criticism,5
golden,2
divide,18
line-by-line,1
lengthen,2
replace,3
brought,29
beneficiaries,1
cocaine,1
unit,4
opponents,2
homebuying,3
spoke,14
insecurity,3
statesmanship,1
symphony,1
music,3
therefore,20
strike,4
marchers,1
until,40
cutbacks,2
paperwork,9
mired,1
relax,1
successful,18
brings,5
high-wage,3
hurt,10
glass,2
expeditionary,1
midst,1
hold,32
circumstances,4
morally,1
locked,2
kampala,1
pursue,8
revenues,4
example,30
household,2
bitterest,1
organized,16
currency,1
caution,2
want,262
organizes,1
absolute,3
hoc,2
turn,40
travel,2
damage,3
machine,1
how,118
hot,2
significance,1
preferable,1
ronnie,1
fanaticism,2
beauty,3
minimized,1
adoptions,1
shores,5
wrong,67
destined,2
sentencing,1
nonprofit,2
effective,13
scourge,2
wins,1
'net,1
headquarters,1
presiding,1
sickening,1
cigarettes,6
unlawfully,1
keeps,7
democratic,35
frontlines,1
wind,3
senators,9
movie-goer,1
dreamed,2
confederate,1
stockpiles,1
rewarded,3
owens,2
fit,2
unforeseen,1
screaming,1
fix,8
survivors,5
reentered,1
menachem,1
easier,25
emphasize,5
enrich,1
hussein's,2
vouchers,2
effects,2
schools,106
yourself,3
eisenhower,3
saddened,1
competitiveness,1
represents,2
lillian,1
dumps,6
skills,18
expectancy,1
bright,4
financial,12
chest-high,1
series,1
contracting,1
we'd,5
earned-income,7
substantially,1
laboratory,1
truman,8
borne,5
misfortune,1
freeze,6
mason,2
rd,1
encourage,11
founders',4
foundation,9
threatened,7
assures,1
cornerstone,1
atf,1
enormous,14
shelves,1
star-spangled,2
heading,2
disturbed,1
today's,14
cohosted,1
repealed,2
croatian,1
speeds,2
channels,1
wash,1
duquesne,1
service,90
lawsuits,3
engagement,2
returns,1
needed,17
master,5
livelihoods,1
rabin,5
bitter,3
listen,15
rewards,13
collapse,3
bounty,3
wisdom,8
defaulted,1
lyndon,1
peril,2
showed,4
gateways,1
outlaw,4
tree,4
nations,72
project,9
endure,8
feeling,1
boston,2
dozen,3
affairs,2
person,36
responsible,20
governors',1
recommended,2
causing,2
doors,15
responsibly,1
upswelling,1
grips,2
concedes,2
committing,2
shall,5
limitless,3
victoria,1
simplify,2
affirmation,1
letter,4
underemployment,1
drought,2
shalt,2
professor,1
camp,1
creedon,1
fugitives,4
came,47
saying,21
bomb,2
meetings,3
bonnie,1
undue,1
participate,14
lethal,2
hungary,2
reinvented,1
lessons,6
orleans,4
busy,3
lights,2
baby's,1
bust,1
bush,6
touched,5
rich,5
mend,2
longhorn,1
four-tenths,1
foremost,5
altogether,2
societies,2
contributes,1
admiral,1
release,1
respond,5
blew,2
mandatory,2
disaster,5
fair,27
sensitivity,1
bled,1
goodnight,1
result,14
fail,10
well-educated,1
hammer,2
best,107
hattiesburg,1
lots,6
irs,2
rings,1
lott,1
pressures,2
score,1
humankind,1
ira,3
occupational,1
preserve,31
discipline,17
never,111
extend,14
nature,3
rolled,1
felony,1
personalize,1
carbon,1
debt,34
wto,1
tyranny,5
war's,2
accident,7
sacrificing,1
country,249
strange,1
demanded,3
planned,2
normandy,3
logic,1
helms-burton,1
argue,5
tinge,1
asked,37
libyan,1
irresponsible,2
gleaming,2
pregnancy,12
fema,3
fre,1
source,7
union,44
winski,2
subsidy,2
much,114
stadium,1
privilege,3
dots,1
life,106
eastern,4
worker,12
dave,1
lift,20
child,131
worked,76
commerce,9
gritty,1
presidency,2
animosities,1
castro,1
airmen,1
appeals,1
flooding,1
remembering,3
played,4
kohl,2
characterize,2
conditioner,2
tolerating,1
trusted,1
damaged,4
taped,1
things,117
enlistment,2
democracies,18
harmony,4
babies,3
principals,1
european,11
fairly,7
qualifications,3
marched,3
under-represented,1
ownership,2
pioneers,1
lucas,4
mentors,2
echoed,2
academic,3
corporate,5
plaque,1
outlived,1
capitol,2
plight,1
succeeding,4
previous,10
handshake,2
butchering,1
salutes,1
ease,4
had,161
ideal,3
disparity,1
collections,4
once-bitter,1
innocent,22
prison,2
falter,1
has,416
survival,2
disagreement,1
possible,36
unequivocally,1
possibly,4
gridlock,7
birth,6
unique,1
tolerable,1
occurring,1
desire,5
american's,1
articulated,1
alice,1
remind,8
misled,1
steps,28
malnutrition,1
court's,2
battlefield,2
attorney,8
right,180
old,58
crowd,2
people,916
czech,2
creed,2
crown,1
captive,2
commonplace,1
warring,3
enemies,4
consensus,8
daddy's,1
lend-lease,1
for,1696
bottom,4
inhuman,2
fox,1
polluted,1
contributing,1
continue,69
mccain-feingold,3
summoned,3
annan,1
cheating,1
shifting,5
losing,13
falls,2
shaken,1
boycotts,1
dollars,15
citizens,96
disqualifies,1
defendants',3
despair,9
best-selling,1
palestinians,2
nixon,5
raised,11
statements,1
marshall,4
son,9
thankful,1
beings,2
raises,2
sow,2
reducing,9
foothold,4
fabric,4
support,158
knowing,5
raped,3
width,1
grasping,1
physicists,2
greatness,5
jane,2
overhead,2
halls,3
appeasements,1
happy,11
offer,18
forming,3
reasserting,1
talents,5
reinventing,6
safeguard,6
powder,2
humbled,1
else's,2
inside,8
devices,1
dominicans,1
unanimous,1
panels,1
dues,3
feet,7
accelerate,2
certitude,1
later,24
proved,8
mideast,1
kazahkstan,1
proven,1
crumble,1
exist,3
accounting,1
negotiations,8
crutches,1
holy,6
floor,2
populations,1
cambodia,1
flood,7
role,20
ambitious,5
outperform,1
roll,5
's,6
palms,1
models,3
muslims,6
invested,4
workers',2
coastlines,1
time,287
push,3
overturned,1
finger-pointing,1
corps,15
theaters,1
chair,4
hole,3
vet,1
veterans,8
bogus,1
recipient,1
paychecks,3
allegations,1
two-way,1
choice,33
embark,1
mourn,3
stays,2
fullest,1
exact,1
minute,4
tear,9
leave,65
settle,2
subway,1
team,6
inscribed,1
prevent,27
yitzhak,1
findings,1
insignificant,2
sign,19
long-suffering,1
crescent,1
reaffirmed,3
educate,5
celebrated,1
realizing,2
current,7
falling,9
celebrates,1
jury,6
grandparents,8
funeral,2
understanding,2
address,25
alone,32
along,26
momentous,1
brilliant,1
studied,3
wherever,9
commonly,1
anybody's,1
accomplished,8
ineffective,1
crumbled,1
studies,1
reclaim,4
nowhere,4
tasks,1
love,16
prefer,1
bloody,3
marvelous,1
forefront,1
red,5
working,151
perished,2
positive,5
cherished,1
ballymena,1
opposed,13
wondering,2
prosecutor,1
loving,4
high-speed,1
introducing,2
artillery,1
afford,15
everywhere,17
virtue,1
easiest,3
behalf,10
pretend,1
abortion,2
believes,5
valorem,1
values,69
albright,1
believed,10
reauthorize,1
gunfire,2
locke,2
locks,3
admires,2
allowed,5
winter,2
divided,20
armagh,1
thanking,4
immune,1
divides,4
five-year,1
restitutions,1
landmark,5
$-billion-a-year,1
expectation,1
applications,1
explored,1
date,2
such,33
unwinnable,1
revealed,1
ahtisaari,1
stress,4
natural,9
sectors,2
conscious,4
wheelchair,1
st,112
so,446
forebears,4
swollen,1
truce,1
pulled,1
handguns,9
unacceptable,2
years,388
professors,1
course,42
experiments,1
tore,1
solitary,1
internationally,1
cleanest,2
torn,5
troubles,3
oakley,1
tort,2
spotlighting,1
troubled,8
decades,19
into,181
instantly,1
downsizing,1
recipients,7
civilian,10
smarter,7
nation,142
records,9
exon,1
twilight,2
colleagues,1
maintaining,2
matched,3
withdrew,1
repairer,1
establishing,2
bowling,1
instability,2
quarter,11
revere,1
square,3
beloved,3
breakthrough,1
low-wage,1
entering,4
sexually,1
disasters,4
minority,11
seriously,3
exploding,2
internet,23
formula,2
squares,1
igniting,1
million,140
incentives,18
governing,3
quite,6
disrespect,1
complicated,3
intensely,2
seventy,1
training,33
programming,1
modest,8
livable,4
massive,3
misused,1
neglect,2
gunshot,1
henry,2
saving,16
spoken,6
one,337
reopen,1
specifically,3
vote,30
open,51
languish,1
city,38
indicate,1
twenties,1
draft,3
convene,3
drugstore,1
williams,1
proving,2
slashed,1
specialists,2
representing,3
anchored,2
oldie,1
favors,3
coats,1
future,164
russia,25
prospect,2
addressing,3
illness,6
alles,1
san,1
sam,1
turned,13
argument,6
jewels,1
sad,1
say,268
buried,3
uninterrupted,1
saw,24
sat,3
fashionable,1
aside,8
instructed,1
note,2
jefferson,7
take,140
destroy,8
concern,1
retina,1
altered,1
opposite,1
knew,21
d-day's,1
remarks,3
knowingly,1
pages,2
lawn,1
farmlands,1
average,16
drive,7
ways,53
backdrop,1
atlantic,2
salt,2
trembled,1
laws,34
walking,4
surplus,16
merit,5
far-reaching,1
macedonia,1
region's,1
aggressive,3
imagined,2
scepticisms,1
slow,7
robs,1
adarand,4
liberation,3
tears,4
going,146
equipped,6
outrage,3
congressional,16
carolina,2
revolutionized,1
condemning,2
freezing,1
clans,1
prime,12
resource,2
settings,1
middle-class,6
borrow,5
worried,3
bombs,1
worries,1
marred,1
where,139
vision,18
raged,1
espy,1
revitalizing,1
surgery,1
clips,1
enlightening,1
untapped,3
representatives,12
bosnia's,3
vaccines,2
family-wage,1
contained,3
affecting,1
jobs,162
screen,1
clayton,1
spark,7
well-protected,1
undermine,4
jett,2
concentrated,1
congregations,2
many,198
deduction,8
lifeline,1
s,7
loudly,1
workplace,8
expression,5
can't,59
allowance,1
flextime,1
allies',1
mccain,4
well-prepared,1
anti,1
boat,2
math,10
caring,5
closed',1
stretch,1
west,7
locally,1
vacation,3
concede,1
breath,1
almighty,1
combined,12
stripped,2
wants,13
enable,14
superhighway,4
thousand,10
formed,2
curbing,1
centerpiece,1
observe,1
former,26
polly,1
juveniles,3
pettiness,1
polls,2
single,43
rancor,1
confidently,1
policies,21
newspaper,2
endured,8
spotlight,2
perpetuate,1
cafes,2
shepard,1
engaged,5
out-gun,1
technology,35
missiles,6
ingrained,1
threatens,3
respite,1
underestimate,1
breakdown,5
asunder,1
defy,1
births,2
harris,1
intended,1
disown,1
renewable,1
gingrich,4
lehrer,2
costs,42
trains,1
scholarship,5
summer,16
sprayed,1
being,52
straight-a,1
rest,33
safeguards,2
enclaves,1
fateful,1
presumption,1
grounded,1
somalia's,4
silver,2
instrument,3
joyful,1
skies,2
skier,1
starving,1
aspects,3
around,87
rejoin,1
dark,2
traffic,3
preference,3
vacuum,2
world,313
dare,8
salinas,1
full-scale,1
offenders,2
auditorium,1
bankruptcies,1
learning,29
fives,1
fiver,1
lebanon,1
surtax,1
racial,19
thinks,4
faster,5
scholarships,8
there'll,1
substance,1
memories,4
noon,1
ervine,1
refundable,2
restoring,4
scientific,4
power,50
industrialized,2
doctor's,1
leadership,73
path-breaking,1
thailand,1
reversing,1
inflation-adjusted,1
exasperating,1
stone,1
package,11
industry,13
person-to-person,1
favorite,1
luci,1
fraying,1
neighbor,4
act,83
johnston,6
mean,27
fundraising,1
burning,2
image,1
lively,1
homeless,2
parties,35
roberta,1
wade,1
her,84
philadelphia,3
meals,1
mindless,1
dictator,2
witt,3
complete,16
child's,4
police,64
survived,5
antiquated,1
technologies,12
with,899
buying,8
handsome,1
card,10
they're,58
october,1
nearest,2
abuses,5
grandson's,1
politically,1
agree,38
darker,1
detailed,1
gone,32
citizenship,9
exhausted,2
certain,10
am,88
al,1
an,285
as,682
ar,2
at,424
walks,2
watched,4
incomprehensibly,1
collin,1
graduate,5
tight,1
unparalleled,4
congress,236
gifts,3
brotherhood,2
saddam's,1
mask,1
fraudulent,1
mass,14
nelson,1
consider,8
caused,2
fairness,12
minors,1
causes,3
hunting,1
tv,6
including,33
champions,1
to,5817
th,46
smile,1
midwest,1
ghana,13
paying,21
returned,6
candid,1
scapegoats,1
condition,6
hooking,1
columbine,2
cable,1
recommit,1
developing,6
laying,1
joined,13
large,31
sang,1
sand,1
harry,4
small,75
quicker,1
discriminates,1
penalties,7
past,66
discriminated,1
pass,81
assaults,1
destitute,1
investment,48
richard,11
clock,1
disruptions,1
section,1
prevailed,2
scientists,12
whirled,1
nurse,2
microchip,1
contrast,1
full,23
empower,12
indecision,1
hours,25
civilians,4
november,3
backlash,1
compliance,1
experience,18
healthier,4
skyrocket,2
social,73
action,92
provable,2
tax-free,3
followed,2
marriages,1
select,1
parties',1
objectives,2
pearl,2
archives,2
pitching,1
more,694
teen,14
door,5
initiated,1
company,13
waterways,1
emission,2
tested,1
nonviolent,1
foundations,4
bedford,1
keeping,12
science,21
mall,1
resources,16
learn,29
male,2
pick,5
beautiful,6
life-threatening,1
stated,2
meaner,2
neglected,1
accept,11
states,141
sense,25
gallon,2
steward,1
axis,1
information,33
imminent,1
enlarge,1
dismissed,1
musicians,2
earnings,2
cling,1
half-century,1
plant,4
tempting,1
kennedy-kassebaum,3
treatments,4
entrepreneurship,1
plane,5
director,4
waves,4
ethics,1
plank,1
refuse,3
tulane,1
leroy,1
register,3
childbearing,1
rededicated,1
fundamental,17
passages,1
mexican,3
trade,77
paper,3
scott,1
signs,2
smiling,1
schoolhouse,3
its,146
roots,9
libby,1
rapidly,5
ethiopia,1
deeds,3
wipe,1
bypass,1
isaac,1
inquiry,1
colleague,4
entire,31
propose,62
misuse,1
always,76
truths,3
courses,1
warped,1
repayment,2
found,25
shocking,1
investigators,1
status,7
england,1
upstairs,1
resolute,1
reduce,47
they've,10
operation,6
really,52
try,34
missed,5
blacks,10
research,24
armaments,1
occurs,1
highway,3
belief,1
risen,3
drifting,1
sparked,5
qualify,1
imagine,12
disadvantaged,8
pairs,1
sicker,2
w,2
testament,1
government's,3
major,25
statue,2
thereafter,1
number,31
preservation,5
protectionism,1
guess,3
fuller,1
leverage,1
introduction,1
threatening,4
litany,1
hallowed,6
zeros,1
molecular,1
unlivable,1
relationship,4
immediate,7
focusing,2
rampant,2
grace,4
critically,2
iranian,1
minimize,3
determined,19
marriage,5
pessimists,1
beneficial,1
video,2
remembers,1
canceling,1
frasure,1
sell,9
employable,1
heterosexual,1
also,209
recognizing,2
internal,4
kigara,1
play,13
villages,1
bernardin,1
firsthand,2
plan,125
accepting,3
singled,2
understands,1
unequal,2
omaha,3
seize,16
sometimes,12
cover,19
herenton,1
cultivating,1
attacking,3
gold,1
exterminate,1
affix,1
defended,1
statecraft,1
session,4
degraded,1
overwhelmed,1
impact,10
failed,3
factor,1
indifference,2
african-americans,15
dependent,2
banned,2
remedy,1
bad-apple,1
preparing,5
closely,3
compass,1
banner,2
enemy,12
progressive,2
pleasures,1
cry,2
proclaim,2
lewinsky,3
croatia,4
river,1
set,40
creator,3
instituted,1
see,91
sea,6
institutes,2
outward,1
spirits,1
movie,1
currently,1
capps,1
compliment,2
europe,53
targeted,12
peacetime,3
death,20
smoldering,1
dividend,1
empowering,5
prospects,1
last,219
thou,3
barely,6
connection,3
we've,110
long-term,19
let,245
whole,33
sadat,1
sink,4
load,3
bell,2
acted,7
community,159
hollow,1
agents,2
church,27
sammy,1
supercomputers,2
monthly,1
evoking,1
suburbs,2
eraover,1
assassinated,1
combatants,1
champion,2
top-down,1
fire,16
what's,13
fund,20
races,7
awake,1
representative,2
systematic,4
towns,4
uncertain,3
freiberg,1
judicial,5
straight,6
expanded,16
budget,134
chicago's,2
forgetting,1
pressed,2
seams,1
pound,1
hoping,1
backing,2
calculator,1
binding,1
mott,2
centennial,1
triple,3
grandparents',1
choking,2
actuaries,1
rules,16
virtually,3
bethesda,4
comprehensive,27
upbringing,1
levels,7
medicaid,14
necessity,2
stack,2
recent,14
abusive,3
concrete,3
leone,1
dreier,1
plagues,1
arrests,1
utah's,1
plagued,1
o'neill,2
conclusions,1
reap,6
admission,2
pillars,1
eager,2
parents,119
location,1
crying,2
surprised,1
harvesting,1
victims,27
emergency,14
demands,11
couple,12
bureaucrat,2
wives,1
suffering,7
quest,2
aerospace,1
projects,7
formal,1
imposed,3
d,2
chorus,2
communications,4
individuals,12
tribes,1
disorder,1
jumpstarting,1
methods,1
senate,29
spring,13
oval,2
mighty,2
sight,1
sprint,1
battalion,1
pale,1
transactions,1
religion,7
slovenia,1
behave,2
cop-killer,1
russia's,1
temple,1
be,845
idealistic,1
china's,2
agreement,48
concealed,1
dictated,1
by,570
wildlife,1
anything,21
mclarty,2
meehan,2
deserves,3
flying,3
repair,7
clinton,6
colorado,1
terrorists,16
say's,1
osama,1
appropriate,12
repaid,1
contributor,1
spending,45
bargaining,2
submit,5
thirdly,2
suit,1
post-cold-war,5
opens,1
blueprint,2
elsewhere,4
inches,2
jewish,2
time-honored,1
pastor,2
inched,1
link,3
atom,1
line,23
considerable,1
fades,1
up,247
us,513
last-minute,1
faded,1
consumed,1
boomers,3
nationalist,1
defined,4
multimillion-dollar,1
influence,8
haunt,1
presided,2
diverse,10
hopefulness,1
nationalism,1
cultivate,1
thugs,2
idleness,1
occasional,1
revision,1
elements,2
beginnings,1
sides,11
ago,112
land,58
dealings,2
rescued,2
walked,8
norwegians,1
summit,6
incomplete,1
enrolled,1
walker,2
fresh,3
having,23
code,5
serviceman,1
illustrates,1
melts,1
broaden,2
results,15
totem,1
existing,4
highways,2
amending,4
stops,5
centers,8
seemed,10
one-half,1
longstanding,1
turkish,1
concerned,12
young,111
send,26
sent,16
retire,3
torture,1
continues,3
parolees,1
quadrupled,1
continued,12
minerals,1
magic,3
harbor,2
marry,1
eve,3
fewer,11
anxious,1
race,34
world-class,4
logistics,1
pledge,19
mediterranean,1
hyde,1
expressed,1
consistently,3
indian,1
flowing,1
firms,9
bird,1
proliferation,3
led,29
lee,3
leg,1
gathered,6
researchers,4
slogans,1
resisting,1
poverty,35
history's,1
consideration,4
invented,1
great,120
engage,4
receive,9
involved,9
extreme,2
survey,2
defeat,3
opinion,6
residents,1
makes,23
weekends,1
involves,2
hath,1
innocence,1
outcomes,1
ninth,1
tools,27
standing,18
confidence,15
cheered,4
recalling,1
illegal,17
ministers,3
next,112
assuring,2
doubt,6
irrepressible,1
face-to-face,1
doubling,1
nonpolitical,1
judged,3
gore's,1
integrate,1
carrying,2
deregulate,1
baby,10
gladly,1
albanians,3
carrickfergus,1
animals,1
effectively,2
this,1127
challenge,107
pour,1
fulfill,8
barbershops,1
weaker,1
process,32
lock,2
trumped,1
purposes,5
high,65
bend,1
slip,3
reynolds,1
weaken,2
educational,9
victims',11
destroying,5
king's,1
delay,8
mysteries,1
establishment,1
clasping,1
amerika,1
blocks,3
await,1
tied,2
ties,5
marrow,1
hawk,1
gregory,1
realized,1
tutsis,3
element,1
allow,26
volunteers,5
counted,3
houston,2
evolutionary,1
bitty,1
move,66
produced,12
warren,1
perfect,15
chosen,2
inclusion,2
dispose,1
meantime,2
degrees,2
stalled,2
prosper,3
outlined,3
ship,2
disrupted,1
$-per-child,1
soldiers',1
presidential,3
reconstruction,3
liberia,2
intelligent,1
truth,24
accounts,10
beneath,3
doing,59
tack,1
society,27
books,7
thirteen,1
agriculture,5
wander,1
witness,3
fundamentally,5
limousines,1
czar,4
architecture,1
shut,6
perish,1
regulators,1
surely,9
cutting-edge,1
regulatory,1
tribal,1
dismantled,1
could,119
scars,1
david,8
ratification,2
davis,1
hussein,6
receding,2
scare,1
relocation,1
touring,2
owned,3
jesus,2
stark,2
owner,1
decides,1
blows,1
legislative,2
vetoed,15
los,6
ordering,1
system,129
inalienable,1
vetoes,1
painful,2
pervasive,1
enforcement,23
vigorous,1
stars,4
beatings,1
haven,1
havel,1
steel,4
dead-end,2
europe's,6
warfare,2
reacted,2
tortured,1
malpractice,1
stricter,2
steep,1
devotion,1
cloning,1
hatreds,3
false,6
shrinks,1
partnership,24
poisons,1
tonight,180
gentle,1
ground-breaking,1
defending,2
georgia's,1
clearly,18
viewed,1
prohibits,1
documents,4
studying,2
moore-brown,1
korean,2
latino,2
persistence,3
toughest,10
worldwide,7
vise,1
medal,2
ratifying,2
so-called,2
placement,2
reignite,2
stronger,50
face,67
ignited,1
you'll,14
wounded,1
painting,1
fact,29
cease-fire,6
atmosphere,1
centralized,1
bring,73
lloyd,2
rough,1
brink,1
decade,20
principal,1
pause,1
entangling,1
should,331
planted,1
tape,2
riding,1
mayors,2
hope,103
meant,7
advisory,1
listened,6
means,48
familiar,2
lucky,1
autos,1
defenseless,3
committees,1
taxes,43
summon,4
extremists,2
lower-middle,1
streamlined,2
ohio,3
rein,1
btu,1
strengthened,6
temporarily,2
catastrophic,1
felons,4
subcommittee,1
packed,1
wird,1
destiny,10
nuclear,44
partisan,9
injustice,1
nominees,1
faith-based,1
ends,6
faceless,1
historians,1
lawsuit,1
restrictions,2
figured,1
drum,1
challengers,1
invited,5
deficits,8
drug,38
invites,2
castles,1
conclude,4
labor,14
motto,2
reexamine,2
quotas,5
slaveowners,1
genetic,3
poured,1
mcmichael,1
hottest,1
waste,18
louisiana,4
>,12
homosexual,1
atlanta,3
gunpowder,1
spain,1
banish,2
exert,1
deductible,1
playgrounds,1
lush,1
optimistic,2
sits,2
terrorist,2
of',1
bishop,11
matthew,1
soundness,1
terrorism,11
covenant,15
conflicting,1
unimaginable,5
ball,2
columbia,1
emotionally,1
drink,2
upon,17
nationally,2
dust,1
identity,4
diabetes,3
off,81
indonesia,2
self-executing,1
patterns,3
http//www,1
command,6
drawing,2
lest,1
newest,1
restructure,1
less,61
moments,9
well-financed,1
rooms,2
paul,3
glue,1
afflicted,2
web,3
generous,4
realize,12
combine,1
crack,7
strive,3
vain,1
innocents,1
eulogized,1
increased,16
government,203
chancellor,4
increases,8
five,26
desk,6
tick,1
fools,1
finnish,1
chairs,1
bigotry,3
undertaking,1
become,43
patrick's,1
replacement,2
amendment,11
gaining,3
habitat,3
mozambique,1
choosing,2
ballot,1
recognition,4
literally,17
avoid,2
salaries,5
does,46
passion,1
forgiven,1
blowing,1
mcclain,2
out-compete,1
endeavors,6
pressure,6
accompanied,1
posterity,4
loans,42
counties,3
stage,4
gained,2
sister,3
asks,1
kosovars,5
drive-through,1
angeles,6
rwandans,2
seeds,1
gaines,1
executives,2
alliance,5
letters,5
catherine,1
commitment,44
assess,1
lung,1
roads,4
charities,1
mere,1
housing,20
spots,1
place',2
frustration,2
function,1
fiscal,9
complacency,2
overlapping,1
delivery,1
construction,6
delivers,1
basin,1
arsenals,4
count,1
proverbs,1
baptist,1
places,23
congresswoman,6
wife,17
excitement,2
placed,3
convince,2
monument,3
problem,45
tanner,2
narcotrafficking,1
bearing,2
irish,3
rightly,3
nurses,7
recognize,20
contribute,15
rubble,2
slowing,1
ink,1
jesse,1
nonetheless,5
deadly,9
brandenburg,2
forests,2
saviour,1
details,3
illusion,3
reckless,3
repeat,4
monday,1
elitists,2
dismantle,3
chance,85
repeal,2
vein,2
inspiration,3
searcher,1
',4
lasted,1
rule,7
compete,14
pension,9
rural,24
saves,1
trickle-down,1
controversial,2
aviation,1
grandparent,1
oldest,3
saved,20
relationships,1
votes,4
voter,5
periodicals,1
invaders,1
voted,22
slowest,2
worth,12
compassion,3
women's,6
we'll,44
relentlessly,3
monsanto,1
delegate,1
stifled,1
yesterday's,3
reinvent,4
triumph,3
chew,2
phones,2
occasioned,1
preacher,1
preaches,1
rigorous,3
machines,2
established,3
deliberate,1
bounties,1
kantor,3
revolutionize,3
decoding,2
gederal,1
above,14
churches,14
told,43
crunch,2
equals,3
protection,11
pursuit,9
celebration,3
gerry,1
murders,1
daughter,8
items,1
employees,20
envoy,1
pass-throughs,1
far-off,1
smoke,2
whitewater,2
secure,43
graders,5
inequitable,1
highly,6
achievable,5
total,9
experimentation,2
sarah,1
devastation,1
palestinian,5
negative,3
well-trained,2
mightiest,1
apprenticeships,1
separated,4
tolerated,1
escapism,1
award,1
aware,1
allies,44
striving,1
word,18
defuse,1
work,432
refusing,1
worn,1
tinder,1
era,30
elbow,1
pollute,3
-month,1
india,3
indicates,1
walsh,1
tornadoes,1
recovery,12
provide,71
agony,1
cures,2
anacostia,2
boats,1
ordinary,15
beach,1
gamble,2
transforming,2
after,79
memorial,1
lab,1
lax,1
lay,6
law,87
meaningful,4
complacent,1
chilled,1
retail,1
appreciate,5
stimulate,2
greek,1
green,3
atrocity,1
order,26
greed,1
office,40
devote,1
defenders,2
japan,6
mayor,9
bombing,3
somewhere,4
production,5
split,1
then,77
them,385
affected,6
safe,41
scene,1
break,14
hispanics,3
squadrons,1
they,661
lifelong,1
bank,7
bread,2
rocky,1
backgrounds,6
slavery,7
rocks,3
america's,80
reasonable,9
runningmate,1
carlos,3
lifted,4
crimes,17
hosted,1
network,6
hooked,1
forty,3
strangers,3
safety,23
congos,1
medicine,12
forth,7
disagreements,2
veto,9
middle-aged,1
standard,8
campaigns,5
appointments,5
disputes,1
drug-free,6
people's,14
certified,2
created,36
refugee,1
creates,4
festival,1
renew,25
oppose,4
footsteps,1
organize,3
render,1
synonymous,1
another,62
thick,2
tangle,2
rated,2
approximately,2
compromise,2
john,15
sergeant,3
grandchildren,10
reins,1
rejected,1
wastes,1
tithe,1
december,3
target,5
hike,1
seated,1
binds,1
isaiah,2
solely,6
d-day,3
interests,38
rewrite,2
navigate,1
sportsmen,1
manner,3
forced,16
strength,30
genuine,1
widen,1
subjects,4
forces,62
curfew,1
completed,2
conducive,1
acquire,1
stauss,1
bruce,1
sue,2
exercised,1
extending,4
involving,2
germany,4
phase,3
proverb,1
grave,1
neighborhoods,22
yours,3
enshrined,3
accounted,1
deeply,8
voting,6
notion,1
reserve,5
asia-pacific,1
lewis,2
spurred,1
anniversary,1
religions,2
respectfully,1
enjoyed,3
letterman,1
foraging,1
painfully,1
implementation,2
guidance,2
sentence,1
deepest,3
pursuing,4
pulpit,3
adequate,1
warmest,1
predecessor,1
do,648
de,2
dc,5
leisure,1
degradation,4
carries,1
du,2
dr,8
ulster,1
rebirth,1
runs,1
mosques,2
covering,3
suffrage,2
unmet,3
children's,27
gears,1
nichts,1
insurgents,1
secretary,24
triumphed,1
depends,5
horrendous,1
discussions,1
miserable,1
torching,1
draws,2
away,61
afloat,1
gentleman,2
unable,1
cooperation,9
drawn,4
accord,2
terms,13
handful,2
admirals,1
unfold,1
abolished,1
electing,2
received,9
climate,4
countries',1
ill,4
trick-or-treat,1
cochair,2
kwame,2
groans,1
old-fashioned,3
con,1
negotiation,1
ingenious,1
tough,23
tons,1
tony,1
telecommunications,2
ifor,4
speak,25
gratitude,4
petty,4
engines,1
condemned,1
flexible,4
warmth,2
duties,1
pro-economic,1
families,157
easy,13
attacked,4
coherent,2
masters,1
deterred,2
applied,3
physician,2
east,36
ahead,35
publicly,3
air,30
aim,4
applies,2
aid,7
voice,12
launched,7
mistake,7
preeminent,1
straits,1
exile,2
confirmed,1
perform,2
convictions,3
perimeter,1
independent,9
nih,1
amphibious,2
saddam,9
evil,10
hand,28
faiths,3
trucks,1
kept,17
thirty-four,1
humble,2
hispanic,6
the,7262
ihrer,1
unified,3
traditions,4
photo,1
thanks,25
victim,9
electronically,1
adding,1
hills,3
wright,2
shout,1
belongs,5
transformed,2
board,5
evidenced,1
righteous,1
mayo,1
arab,3
boxer,1
unification,1
cape,1
retreat,4
disadvantage,1
eroded,1
night,24
security,148
starvation,10
honored,7
korea,10
sends,2
born,12
unrivaled,4
dole's,10
confusing,2
denies,1
congratulate,1
purple,2
phenomenal,1
unavoidable,1
/,5
titusville,1
asking,11
denied,10
beating,1
participation,7
marketing,6
lindsey's,1
graduates,5
restructuring,1
graduated,1
post,2
dead,5
croat,1
theirs,4
months,28
hostilities,1
horizon,2
cherish,4
opic,1
considerations,1
dilemma,1
synagogues,5
pays,5
prisoners,3
profession,1
delighted,2
balances,4
hastert,1
back-to-back,1
formidable,1
balanced,34
wenling,1
amidst,1
segment,1
crowe,1
legislation,43
fight,40
accordingly,1
conservation,5
way,226
accords,1
editions,1
was,331
war,127
lowest,25
snowy,1
becoming,6
decisive,1
vitality,1
outreached,1
mysterious,1
catalyst,3
true,28
nationwide,1
absent,3
responding,3
high-quality,1
markets,30
maximum,2
braved,1
anew,2
emotional,2
prayed,1
promises,1
medication,1
computing,1
abstract,1
evidence,17
promised,6
prayer,2
rawlings,1
enlist,1
weakened,5
stake,13
denouncing,2
reality,17
negotiators,2
antidrug,3
interested,1
holding,2
test,24
shrink,6
jesus',1
brothers,5
welcome,12
convincing,1
outreach,1
healthiest,1
let's,68
scores,9
muslim,2
funerals,1
truman's,1
together,190
cohesion,2
reception,1
basically,4
concept,3
diplomacy,8
global,64
horseback,1
supplement,2
grateful,21
battle,10
creative,1
superpower,2
idealism,1
repression,5
certainly,15
factories,5
zone,3
honoring,2
producing,1
doubltless,1
glad,13
terror,18
summerbridge,1
hume,1
brown,3
seemingly,1
emergencies,1
automobiles,1
trouble,18
blast,1
toxins,1
aggressively,2
cunningham,1
drive-by,2
presented,5
turns,1
fragile,3
gun,27
guy,3
greenhouse,7
upper,3
brave,15
regret,2
repetitive,1
discover,1
affiliation,2
cost,46
forging,1
helpless,2
snipers,2
rapist,1
curse,1
appear,1
assistance,10
shares,3
uniform,14
shared,14
appeal,4
supporting,12
explosion,4
inauguration,2
genes,4
hadn't,2
teaches,2
teacher,8
change,111
buck,1
flames,4
trial,5
burdensome,1
franklin,5
kemp,2
usually,2
country's,9
homecoming,1
penalizes,1
churchill,2
retired,8
retiree,1
extra,3
lending,1
marked,4
fbi,1
rarely,1
market,17
remaking,1
prove,3
live,86
symbolized,1
angels,2
ratifies,1
commissioner,1
minimum-wage,1
envelope,1
investigation,4
non-member,1
organizations,10
slogan,1
car,8
cap,1
secretaries,2
purge,1
labeled,1
incidents,1
can,566
thirty-five,1
jakiyah,2
fortifies,1
heart,32
dedicated,3
rebuffed,1
expanding,15
subsidies,8
didn't,31
heard,23
fortunes,4
refine,1
clothing,2
occur,2
restitution,1
unwavering,1
productive,10
bankrupt,2
discussion,6
bonds,8
write,9
state's,2
intellectually,1
bois,2
economy,124
armies,2
product,6
sacrifice,7
southern,3
produce,10
thurgood,2
drastic,1
heroes,10
iraq,9
flourish,3
lifting,5
remember,44
grandson,3
whenever,4
trumpets,1
futures,7
explicit,1
acrimony,1
michel,1
typical,4
embassies,1
serving,10
indeed,15
forfeit,1
displayed,2
ended,7
ratified,2
coli,1
cold,41
still,164
ethic,1
acknowledge,8
forms,6
window,1
atonement,4
factual,1
norway,1
inefficiency,1
disparate,1
introduce,6
flint,1
wealthy,3
not,665
now,458
provision,2
hall,7
nor,5
enacted,3
commuters,1
servant,1
james,2
drop,10
entirely,3
cliffs,1
domain,1
prompted,1
another's,1
challenged,9
aufhalten,1
directing,4
americorps,16
eb,1
challenges,52
fires,3
year,251
hymns,1
teams,2
hand-held,1
shown,7
accomplish,4
opened,11
space,15
furthermore,1
increase,53
stuff,1
rational,1
side-by-side,2
burglary,1
showroom,1
shays,2
shows,8
rebuilding,4
advantaged,1
defenses,5
cars,6
diagnostic,1
bosnia-wide,1
unwanted,1
excesses,1
obligation,12
marine,2
inevitable,2
repayable,1
care,272
milestones,1
gibson,1
transition,2
middle-income,3
british,1
honest,16
lindsey,1
invitation,1
promotion,9
blind,1
benefited,4
comprised,1
directly,5
impossible,1
message,13
drove,1
tomorrow,33
size,15
sheer,2
truthfully,1
checked,1
silent,3
caught,3
tragic,4
asian-pacific,1
national,147
friend,27
authorized,1
recess,2
nutrition,5
mostly,6
that,2140
step-by-step,2
expanse,1
eliminated,4
than,295
professionals,7
television,11
tangible,1
recruit,1
optimism,3
launching,5
fruits,2
movingly,1
lunches,1
angel,1
welfare-to-work,1
correction,1
anger,3
recover,4
offering,3
veteran,5
manufacturers,1
overcoming,2
terrific,1
equipment,3
begin,58
attractiveness,1
price,14
mammograms,2
ovarian,1
importantly,2
underemployed,2
america,417
forever,14
bishops,2
flawlessly,1
steady,3
hemisphere,4
mrs,14
five-hour,1
sunset,1
slaves,2
clearing,1
professional,3
abraham,3
typically,1
german,1
londonderry,2
fifty,5
discovered,5
gratified,4
maine,1
fifth,7
ground,25
dougan,2
ratio,1
polluter's,1
title,3
stained,1
texture,1
deployments,1
only,159
enriched,3
developed,8
sierra,1
interstate,1
truly,18
baghdad,1
cannot,97
celebrate,10
lynchings,1
seldom,1
overworked,1
prosecutions,1
husband,3
physically,1
unmarried,1
soot,1
chinese-american,1
famine,3
elected,10
actively,1
non-discrimination,2
preachers,1
israeli,3
tackling,2
materials,4
morales,1
between,83
justified,4
islam,1
therapies,1
notice,4
blame,8
hurts,1
article,1
perceptions,1
talented,5
tutors,4
self-interest,1
enabling,3
comes,4
juvenile,6
exploit,3
couldn't,9
liberal,11
screams,1
punishes,1
cares,1
chernomyrdin,1
rebuild,19
informed,1
cared,1
punished,2
dangers,12
partisanship,5
outweighed,1
rebuilt,4
crime-mapping,1
differed,1
wounds,3
observers,1
external,2
realities,1
countless,7
african-american,10
these,291
wealthiest,4
three-tenths,1
trick,1
joke,1
devastated,2
mining,1
orientation,4
soil,1
startling,1
commander,2
anxieties,3
embrace,19
return,22
helium,1
floating,2
worry,4
unshakable,1
develop,17
dole-gingrich,1
media,7
medic,1
gentlemen,5
followers,1
document,1
noble,1
finish,21
centuries,7
closest,2
marking,1
fruit,1
eitc,4
tradition,5
complained,1
theater,1
framework,2
patchwork,1
constitutional,12
severe,3
congressmen,1
laboratories,2
charged,5
generally,1
dancers,1
restrooms,1
sweeping,6
civilized,2
touch,3
speed,7
mingling,1
thinking,8
improvement,1
verse,2
treatment,16
republic,5
struck,3
disproportionate,1
real,71
laundering,1
read,37
ame,1
early,27
earnest,1
listening,9
using,15
lady,22
ruled,3
fortune,4
heightened,1
collective,1
miracle,6
benefit,15
fully,19
endorsed,3
exposed,2
tragedies,3
louisianaplease,1
intend,6
enacting,3
ireland's,4
recorded,2
conservative,4
deficit,71
forks,2
flourishing,1
landmines,1
assembly,1
business,106
sixth,4
equivalent,1
strained,1
tuition,12
credits,7
incline,1
fractured,4
sixty,3
exciting,2
throw,1
self-righteous,1
comparison,2
central,20
antipregnancy,1
boldly,3
journey,25
supervised,1
greatly,2
underway,1
yellowstone,3
freeing,1
rediscovering,1
renovate,1
involvement,3
elementary,2
shrinking,2
your,245
intervention,1
log,4
prepare,17
area,8
walesa,1
start,64
gaze,1
low,20
lot,72
burnings,1
devoting,2
assumes,1
billion,58
drains,1
delayed,1
kinslow,2
shapers,1
recoil,1
two-thirds,6
trying,23
irreversible,1
god-given,6
hire,15
fraud,6
dominican,1
default,3
lawfully,1
restorer,1
aneurysm,1
builders,2
illnesses,4
naysayers,2
arabs,2
describe,2
moved,29
sales,5
bootie,1
shrunk,1
asian-american,1
hospitals,12
credibility,4
elemental,1
event,2
trample,3
valid,1
you,1124
forcing,2
poor,46
open-ended,1
perils,1
drift,5
carpenter,1
computerized,1
podium,4
peak,1
coverage,34
pool,11
building,44
hard-working,12
repay,4
restored,2
embracing,2
overseas,9
superefficient,1
tomorrows,4
pointing,2
groundwork,2
right-to-know,1
month,19
deadline,1
religious,23
chain,1
pledged,7
wyoming,1
foster,5
fervor,1
equivalency,2
chartering,1
resounding,1
confidential,1
divisions,11
very,196
horror,5
supercomputer,2
bombarded,1
souls,4
rogue,1
balancing,4
decide,16
securely,1
heaven,1
--,274
louis,2
ceaseless,1
depestre,1
i'll,17
streets,43
casual,1
conscience,9
darkness,2
consumers,8
witnessed,1
investing,7
learned,27
multinational,1
turmoil,5
iran,2
doggett,1
answers,7
tracks,1
excess,1
grudges,1
iras,5
strong,76
colored,1
conviction,5
inspired,4
losses,4
exceptionally,1
unproved,1
soldier,2
amount,8
whoppers,1
advertising,5
heartbroken,2
uniquely,1
technique,1
family,129
requiring,8
ask,183
aimed,2
trained,14
toys,1
spawned,1
conventional,1
takes,18
iraqi,1
revelation,1
contains,3
taken,29
'round,1
chestnut,1
lowering,1
erode,1
cisneros,3
excuse,6
broke,4
mounted,2
pretense,1
citizen,25
coalition,3
petaluma,1
nine,6
budgets,5
depleting,1
spontaneous,1
history,96
encircle,1
pushed,1
cows,1
species,1
hamburgers,1
firmly,2
terribly,3
technological,1
stayed,4
reject,3
vigilance,5
tried,31
long,125
tries,1
invasion,3
a,2629
deluge,1
overnight,2
assign,1
renewing,1
banks,10
dream,34
remnants,2
help,254
soon,26
ashanti,1
held,15
committee,1
committed,19
environmentally,2
taxpayer,3
solving,3
actually,32
absence,5
systems,10
radical,1
founders,10
haven't,13
yk,2
evening,5
motivated,2
food,20
reflected,1
you've,9
foot,1
towering,1
traveled,7
desperately,6
occasions,2
bless,36
globalization,4
stopped,15
predators,1
apartheid,2
isn't,13
heavy,5
restless,1
hispanic-americans,2
accidentally,2
bickering,2
inspections,1
beyond,32
anarchy,5
steered,1
unsurpassed,1
wedlock,1
visions,1
robert,14
since,80
testify,1
sustain,4
issue,61
bass,1
dirt,1
pub,1
labs,1
houses,8
reason,13
base,9
put,86
bask,1
heroic,3
revolutionary,2
uprooted,1
launch,4
broad-based,4
terrible,17
americas,3
cheering,1
american,381
expecting,1
automobile,1
freedom's,5
partnerships,11
frenzel,2
arsenal,2
elder,1
parkinson's,3
miss,8
horse,1
guaranteeing,1
airborne,1
station,7
expand,35
nigeria,3
hundred,7
shifted,2
selling,3
storm,1
trapped,6
jordan,4
taxable,1
imposing,1
grocery,2
grew,12
store,7
toward,44
newborns,1
mickey,2
deciding,2
urgently,1
alongside,2
affirmative,49
substantial,4
comrades,4
sentences,1
concentration,2
vulnerable,3
lid,1
lie,6
empowered,1
officers,17
lit,2
applauded,1
liz,1
experienced,4
quote,2
electable,1
quota,1
hired,6
sponsored,5
mack,2
approved,2
salary,1
loopholes,2
sturdy,1
mobile,1
clear,37
broadened,1
part-time,1
clean,25
unwed,1
latest,3
perseverance,1
phenomenon,1
stunned,1
multilateral,1
heavens,4
completion,3
northern,30
justice,36
randy,1
pretty,8
hardened,1
circle,4
test-prep,1
isolationist,1
policing,9
meanwhile,2
reinvesting,1
famous,2
assaulted,1
competing,1
during,16
intensify,3
sixfold,1
sacrificed,2
boost,2
bedrocks,1
sacrifices,2
stored,1
recommendations,1
poisoned,2
patriotism,1
prague,1
culture,7
aims,1
close,18
deploying,1
pictures,1
won,8
probably,8
conditions,15
bigots,1
stagnation,2
unconscious,1
missing,3
poorer,1
league,1
underclass,3
wouldn't,14
minorities,21
sensitive,1
buzz,1
rodgers,2
sentenced,1
liked,2
superfund,2
hackers,1
headed,2
whatever,21
likes,1
aggressors,2
described,2
stamp,2
irresponsibility,1
maintenance,1
bragg,1
threaten,9
empty,1
carolina's,1
compromises,1
lived,19
first-ever,1
exempt,1
else,43
determination,12
compromised,1
pact,2
utmost,1
look,79
pacs,1
governor,25
pace,1
while,41
reformed,5
endanger,6
fleet,2
animated,1
mitchell,4
guide,1
pack,2
costly,5
voters,1
mcwherter,1
funded,3
origin,1
reads,3
ready,30
fairer,1
anymore,11
grant,9
belong,3
shuttered,1
discredit,2
grand,5
energizing,1
conflict,15
used,34
lawyers,6
dime,3
bonus,1
judiciary,2
chris,2
cleaning,2
decency,4
revitalization,1
skyrocketing,3
kurdish,1
older,15
poland,2
obviously,2
chronicles,2
wedges,1
ambassador,4
judgments,1
teenage,2
quarters,1
taiwan,1
retirement,13
$,122
cemetery,2
bricklayer's,1
questioned,2
guarantees,6
remaining,3
march,20
stein,1
defies,1
showing,8
tiring,1
genetically,1
game,1
wiser,2
wings,1
itmore,1
defied,3
outright,1
overriding,1
inviting,2
signal,3
diepgen,1
immunization,2
popular,2
victim's,1
wrack,1
parade,1
brakes,1
well-connected,1
fathers,14
creation,3
some,154
coney,1
urgent,6
trends,1
economic,95
fanfare,1
delivered,1
southerners,1
appalachia,2
debra,1
civilization,2
slash,1
excluding,1
foley,2
costlier,1
eating,1
first-time,2
lakes,4
stem,1
step,34
lasts,2
abroad,21
wealth,8
shine,3
faith,28
blocs,1
reappear,1
congressman,23
silence,6
miracles,4
seeing,3
albanian,2
within,32
seasons,1
pentagon,2
rolls,13
militarily,1
statistics,3
computer,9
renewal,13
accountability,5
forces',1
consultation,2
rivalries,1
heritage,9
himself,7
frost,1
bolsters,2
properly,2
hail,3
newer,2
sick,30
russian,12
ceremonies,1
grams,1
fda,1
hair,1
paducah,1
vacancies,2
foresight,1
fdr,1
similar,3
slobodan,3
popularity,1
ordered,9
adults,9
reopening,3
sharing,1
unwise,2
croats,4
liberalize,1
ancestors,3
amounts,1
fears,9
application,2
politicians,2
genome,3
forge,9
draw,9
spectators,1
calculating,1
mankind's,1
kansas,2
visits,2
regulations,9
rested,1
ruthlessly,1
reservation,1
structure,3
independently,1
e,5
unveiled,1
required,9
resolving,1
clenched,1
heath,6
depth,2
banishing,1
she's,9
requires,21
nuns,1
farms,2
proposition,1
go,154
barbecue,2
gi,8
compact,2
gases,4
atlanta's,1
kosovo,40
mosque,1
suits,2
shack,2
excluded,2
bedrock,1
pro-family,2
wave,3
chooses,1
enslaved,1
jeffords,2
telling,7
yourselves,3
marge,1
stiff,2
gender,8
button,1
michael,1
assignments,1
barbara,2
enforce,16
comforts,1
carter,3
punishing,2
jump,1
booth,2
picked,1
ardent,2
honors,2
brokered,1
plays,1
schedule,4
cell,1
experiment,3
poles,1
selecting,1
self-defeating,2
pluribus,1
commercial,2
following,8
focused,2
convert,2
indivisible,2
withdrawing,1
repel,1
products,12
weren't,3
tills,2
gene,3
stabilization,1
airspace,2
danger,2
win,13
manage,1
classrooms,11
addressed,5
surpluses,4
singing,4
remains,7
predict,1
hiding,2
historically,2
reflects,1
bureaucracy,18
formally,2
started,19
becomes,4
testified,2
missile,7
israelis,3
stepfather's,1
appointed,4
-page,1
announcing,1
sanctions,3
ride,4
gi's,1
recession,4
crossed,1
servants,4
meet,68
nurture,2
next-door,1
control,14
peoplelet,1
links,1
providers,7
halloween,2
job-creating,1
stupak,1
sought,13
wonderful,17
fearsome,1
hesitate,1
defective,1
africans,6
located,1
frontiers,7
deposition,1
deplore,1
fare,1
farm,8
ronald,1
engineering,1
questing,1
advocated,3
advocates,2
encyclopedia,1
agenda,8
software,1
fastest,5
well-insured,1
won't,30
mentioned,5
converting,1
brittle,1
outer,1
exclusion,3
government-led,1
auto,6
hands,32
front,6
literacy,2
overcharges,1
university,9
magnitude,1
pools,1
shaking,1
legions,1
upward,2
seniors,10
female,1
aggravates,1
globe,4
serbia,12
aggravated,2
seesaw,2
investigative,1
sands,3
dolekemporg,1
measure,14
separating,1
bloodletting,1
special,37
entertainment,6
armor,2
unlawful,1
critics,1
thriving,3
peace-loving,1
cause,20
one's,1
achievements,1
spot,2
withering,2
withdrawal,2
undo,1
attending,2
completely,8
ancestry,1
wealthier,1
drowning,2
farmland,2
hostile,3
fueled,2
determining,1
route,3
florida,10
times,42
timed,1
mad,2
succeeds,1
powerful,21
improving,1
sosa,1
precisely,1
quality,46
acheson,1
you're,59
management,4
privacy,5
data,1
durable,1
achieved,8
relations,4
attack,12
final,11
paved,2
punish,7
exactly,8
innovate,1
chemicals,3
supplemented,1
overwhelming,5
herself,2
old-boy,1
bed,3
injecting,1
providing,11
distinguished,17
bet,6
behaviors,1
enforced,2
lightly,2
horrors,2
torment,1
peoplei've,1
countrywe,1
border,9
mackie's,1
pursued,3
able,75
thorny,1
purchasing,2
ably,1
pivotal,1
skeptics,1
gunned,4
mountaintop,4
fuels,1
deploy,6
passionately,3
unleash,2
parenting,3
connected,4
awe,1
intrinsic,1
gallery,2
consequences,6
reminds,4
astonishing,1
proceedings,2
-point,3
businessman,1
b-b,1
impression,3
emerging,2
violation,1
airlift,3
anyway,1
halting,1
well-being,3
soldiers,25
partners,25
envy,1
based,21
unfinished,3
fuer,1
earned,4
winner,1
hopeful,5
wreak,1
employer,10
brighter,6
bases,2
inherited,2
employee,5
employed,1
achieve,27
dodge,1
righteousness,1
wishing,1
michigan,2
overall,2
joint,15
legitimate,7
joins,1
irish-catholic,1
procedures,2
endless,2
evident,1
tobacco,16
hiring,6
shy,1
expansions,1
overflowing,1
contain,6
widow,2
albania,2
prayers,3
immigrant,3
reinforce,4
officials,3
yugoslavia,2
usefulness,1
desperate,1
cents,7
unionists,1
nightmare,4
mayflower,1
tend,1
state,86
horrible,2
tens,10
neither,2
ken,1
comparable,2
constituted,1
importance,3
efficiency,4
recessions,1
key,14
disproportionately,2
precious,9
pilgrims,1
monitor,1
hits,1
limits,6
career,4
minds,6
revitalized,1
tutsi,5
publicized,1
jersey,6
jim,13
diplomats,1
tuesday,3
leipzig,1
preparedness,1
congresses,1
maximize,2
cynicism,3
quit,1
addition,6
discrimination,37
wills,1
thanked,1
cent,1
cowards,1
-millimeter,1
treat,6
isolating,1
shoulders,1
diversity,18
both,93
maim,1
kicks,1
smoking,7
debtor,1
bipartisan,46
fitzgerald,1
harder,28
encircled,1
owns,1
firefighters',1
examined,1
kosovar,8
commentators,1
capture,1
-year-old,23
thereby,1
began,30
molinari,1
tripoli,1
parts,5
speaker,24
northwest,2
incumbent,1
party,27
fanatics,1
autoworker,2
forgotten,2
abounds,1
fierce,1
stay-at-home,1
destruction,20
rift,2
paycheck,6
reflection,3
shalom,1
obstacles,1
well,133
trials,4
risk-free,1
draconian,1
despoliation,1
taller,1
enormously,1
evenhanded,1
increasingly,1
accurate,1
sources,6
mistakes,5
distant,4
skill,4
hess,1
parchment,1
work-study,3
jeff,1
deposits,1
moynihan,1
nato,44
perot,2
happinessit,1
indignation,1
homework,2
fate,5
disappearance,2
devised,1
utah,2
historic,27
burden,10
racially,2
prominent,1
loss,7
lincoln,7
necessary,21
lost,37
sizes,2
exploiting,1
clown,3
roth,1
yandle,2
payments,9
uganda,2
martin,15
refugees,12
page,4
backlog,1
warmed,1
immunizations,2
pro-education,1
thereif,1
library,7
artificial,1
tempered,1
deliverance,1
cleveland,2
home,119
charges,1
infectious,1
broad,4
appreciative,1
rewarding,9
cradle,1
demonstrated,2
retirements,1
reaching,7
journal,1
chokes,1
expansion,9
scots,1
imperfectly,1
schoolyard,1
offset,1
refuge,1
freedom,93
recognized,8
eloquently,1
equally,4
glenn,2
previously,1
department's,1
washington,43
articulate,1
artists,1
managing,1
mississippi,8
rejoice,4
additional,4
francis,1
relegated,1
noticed,1
bio-fuels,1
inner,12
mohair,1
canada's,1
airstrikes,2
agrees,1
xerox,1
administrators,4
gain,5
courts,7
preventable,1
highest,21
eau,1
eat,1
he,214
cells,2
signed,22
cruel,1
limit,10
acting,5
piece,7
reconnecting,1
urging,3
mackie,1
marketplace,2
persuaded,1
reservations,2
universal,8
penny,4
dialogue,1
education,149
authority,10
mauro,1
diego,1
contest,1
offensive,3
paratroopers,1
elaine,3
dropout,2
star,5
stay,36
agonizing,2
friends,25
appoint,1
accidents,1
persistent,3
portion,4
lives,135
commencement,1
simpson,1
disruptive,1
aided,1
secondly,9
pardon,1
four-year,2
dynamic,3
asian,4
bluford,1
captain,7
whose,27
fronts,4
disability,3
pensions,5
presents,2
protections,4
teaching,9
sorry,2
gentleman's,1
rescue,4
stalkers,4
railways,1
reforms,5
affect,7
courageous,5
vast,16
immunized,1
holiness,1
crops,2
graced,2
companies,37
solution,7
indefinitely,2
pardons,2
cholesterol,1
enhance,9
unifying,1
ups,1
clothes,1
force,75
japanese,1
across,70
likely,14
even,155
spouses,2
preferences,1
prisons,2
integrity,3
tirelessly,3
asia,16
liberated,1
new,469
net,3
ever,107
behavior,3
seventh,2
deadbeat,1
men,69
drew,1
met,28
inner-city,2
possibility,10
active,5
aren't,8
luther,15
rests,1
economics,3
piercing,1
ignoring,2
credit,46
cindy,2
permit,14
adopting,2
intrigue,1
plea,4
campaign,44
reagan,3
county,2
hutus,3
ninety,2
moral,7
guests,10
jackets,1
broadcasters,1
counts,3
criminals,19
army,18
arms,12
call,47
calm,1
recommend,14
survive,4
tell,58
supporters,1
schroeder,1
tenacity,1
wars,17
warn,1
disruption,1
berlin,12
warm,1
adult,5
room,15
rights,77
gasoline,2
movies,2
rim,2
root,7
give,191
involve,2
advancing,1
aging,6
autonomy,1
sixties,1
answer,19
aboard,1
competency,2
crowding,1
replacing,2
reconciled,2
vicious,2
schoolchildren,5
president,202
lifesaving,1
attempt,3
third,44
defaced,1
maintain,18
frequent,1
uninsured,3
operate,3
athletes,1
exhorted,1
operations,2
fife,1
deck,1
fortify,1
keyboard,1
responsive,1
partisans,1
before,133
personal,30
better,156
differently,1
enlisted,2
carve,1
weeks,16
schmidt,1
overcome,15
belarus,1
combination,2
weakness,1
unemployed,8
indulge,1
antagonisms,1
rhetoric,4
leaner,2
arrested,1
bono,1
wage,18
went,26
higher,50
side,18
bone,3
bond,1
eagerly,1
mandates,2
principles,16
taught,8
trading,5
forgot,1
aids,16
dawn,13
kiev,1
crucial,5
government-funded,1
content,3
turning,10
resume,2
revenge,1
struggle,14
aisle,8
starts,3
ist,2
signature,3
moving,31
cellars,1
loud,1
economists,3
grade,15
yeltsin,1
executions,1
hook,3
floors,1
immensely,1
hood,1
abundantly,1
girls,3
garry,1
dwell,2
unosom,1
realization,2
somewhat,1
begins,5
distance,1
anxiety,1
bitterness,3
preparation,1
matter,31
street,25
deserving,3
enables,2
modern,8
mind,12
mine,7
elevating,1
all-time,3
seen,38
seem,7
seek,29
tells,3
sharecroppers,1
fitting,1
colonialism,1
regular,3
medical,48
dog,1
self-destructive,1
competitors,2
points,2
principle,17
consumer,2
kristen,4
selected,1
hunger,2
visitor,1
jurisdiction,1
ending,10
attempts,3
poison,8
stepping,1
nevada,2
judges,1
northeast,1
explain,6
debts,3
cripple,4
unleashed,1
illdefined,1
folks,20
monuments,1
monica,1
exports,12
establishes,2
stop,62
coast,2
momentum,1
christopher,1
comply,2
earn,18
bar,2
bas,1
fields,4
campollo,1
bad,16
troop,1
ban,26
ears,1
ethical,2
unworthy,1
testing,8
zones,9
decided,6
subject,9
said,121
inappropriate,2
sail,1
causeway,1
there's,28
olympics,3
sorts,1
tolerance,8
patients',3
triples,1
ignorance,1
weary,1
picking,2
suggested,4
uns,1
uncertainty,3
against,97
amazing,2
und,1
distinction,3
contribution,4
uno,1
guaranteed,4
hardworking,2
incessant,1
initiative,30
aftermath,6
administrations,4
line-item,4
paralyze,1
scribble,1
targeting,1
puts,4
basis,12
three,63
tiny,1
commission,13
trigger,2
interest,57
basic,26
entered,2
lovely,1
riley,3
threw,2
deeper,3
prosperous,13
sunshine,1
generals,2
tapping,1
personally,8
deepen,5
exception,2
able-bodied,4
illiteracy,1
economies,12
transformation,4
ugly,1
near,7
ceilings,1
balance,24
study,5
long-overdue,1
seven,16
metropolitan,1
mexico,10
california's,3
is,1207
it,1128
ii,13
shame,1
in,2727
seattle,1
disappear,1
if,356
grown,6
waging,1
finalize,2
fatherless,1
make,341
potentially,2
unfortunate,2
grows,8
entitled,6
meets,2
governors,7
jetzt,1
kit,1
renaissance,1
southeastern,3
nurtured,2
opportunity,138
he'll,2
thoughts,2
kid,2
programs,79
changes,24
failing,3
inherit,3
practices,4
claims,3
investments,24
left,33
just,247
wasteful,3
sporting,3
unfair,1
identify,2
human,49
facts,11
yes,33
peacekeeping,4
yet,27
impending,1
buyers,1
belfast,9
candidate,2
infinitely,1
legion,1
regarded,1
character,8
save,56
designate,1
opt,1
boundaries,1
supervisors,1
paramilitary,1
nationalists,1
background,7
wanting,1
dreams,20
shoulder,3
dignity,17
ramparts,1
performing,2
manual,2
unnecessary,8
co-pays,1
private-sector,2
dean,4
squander,2
deal,38
deaf,1
somehow,8
elderly,12
statistic,1
dear,5
strife,1
short-term,3
iwo,1
bold,11
spewing,1
burn,4
blackmail,1
paid,16
super,2
wept,1
empowerment,12
conceal,1
afternoon,4
commit,17
marshal,1
thinner,1
formerly,2
intellectual,1
world's,45
down,161
lies,7
doctrine,2
carving,1
unprecedented,5
murderers,1
initial,1
fraction,2
handicaps,1
factions,1
form,13
fireworks,1
landing,3
ford,5
failure,7
powerfully,2
indiana,1
surrender,1
atrocities,5
fort,1
protestant,5
builds,4
continuances,1
mystical,1
strengthening,5
one-third,2
covers,3
sale,2
revitalize,2
fatherhood,3
stirrings,1
adversely,1
widows,1
unholy,1
vista,2
discriminate,2
agreeing,3
excel,2
massacres,1
digital,4
exporter,1
savage,1
dies,1
felt,8
fell,2
genocide,12
authorities,2
weekend,3
died,14
derail,1
jones,3
happening,3
assume,8
restores,2
daily,7
premiums,13
teeth,1
profits,2
overdue,2
managed,6
relieve,1
bombed,2
laura,1
mile,2
skin,2
bomber,1
misread,1
depend,7
casualties,3
certification,1
father,16
answered,6
finally,41
petersburg,1
marks,1
choir,2
suffered,6
kofi,1
me,253
penniless,1
congratulating,2
timor,1
governments,8
stiffen,1
din,1
banished,1
did,123
die,15
cheapest,2
proposals,7
democrat,6
keepers,1
magnet,1
excellence,6
cosigning,1
round,4
olympic,2
talked,16
dealing,4
pregnancies,1
bombardment,1
run,21
targets,3
majors,1
mu,1
adds,1
somalis,8
reunite,1
annals,1
somalia,29
international,38
d'amato,5
filled,9
transportation,4
ms,1
makeup,1
victimized,1
french,1
deronda,1
congestion,1
refused,6
earthquake,1
wait,7
boy,12
battling,1
institute,1
shift,3
bow,1
exploitation,1
simultaneous,1
suggestion,1
high-tech,10
priceless,1
bob,9
seawall,1
genuinely,1
breathtaking,1
useful,2
merely,1
flexibility,5
patriots,1
verge,3
ailing,3
everybody,42
troops,57
otis,1
sake,11
visit,10
france,1
sharpen,1
lessened,1
mayhew,1
parks,6
acceptable,2
curriculum,1
downing,1
rigid,1
effort,55
avoiding,2
soul,4
drags,2
growing,40
making,58
claim,6
crazy,2
lobbying,3
winston,2
agent,1
council,7
teachers',1
pink,2
un-american,1
pine,1
chemical,14
till,2
sunday,5
indianapolis,1
pure,3
sworn,1
map,3
staying,6
designer,1
may,69
membership,1
designed,7
destructive,2
grow,34
man,30
outline,2
johnson,6
maybe,4
borrowing,1
outpouring,1
switch,3
jail,4
block,4
african,10
water's,1
tall,2
talk,44
recrimination,1
shield,1
pointed,9
seizing,1
immer,1
stability,12
kassebaum,1
cuts,53
equip,2
peterson,1
texan,1
group,15
thank,213
interesting,4
undermined,2
policy,25
ours,15
main,2
undermines,4
texas,7
finance,21
views,5
impulses,1
shatter,1
sooner,6
lunch,1
aspirations,2
killed,21
developments,1
outweigh,1
arrows,1
offshore,1
rock,5
liberating,2
bridging,2
unachievable,1
cyberspace,1
scheme,9
preaching,1
girl,5
canada,3
living,30
jackson,5
bailout,1
imperative,5
emerged,1
entitlements,2
correct,3
inaction,3
earlier,8
chiles,2
sonny,1
brooks,1
california,13
sparkled,1
advance,19
watts,1
language,5
ministry,2
standby,1
thing,82
think,184
waited,4
first,246
dwelling,1
placards,1
americans,375
fast,9
suspended,3
carry,13
corporations,9
sounds,7
little,41
arch,1
unduly,1
anyone,19
participated,1
speaking,4
bloodshed,5
eyes,18
memo,1
continuous,2
broadcast,2
hillary,21
hartford,1
bystander's,1
here's,8
cartels,1
warrior's,1
self-employed,4
framers,1
automakers,1
protected,7
swearing-in,1
venture,2
were,213
gathering,3
lick,2
taxpayers',1
marijuana,1
voices,11
spectacle,1
nazi,1
dase,1
kevin,2
stopgap,1
nikole,1
efficient,4
answering,1
isolate,1
potential,17
performance,3
pain,8
trace,4
normal,8
track,13
woodrow,1
assault,19
complaints,2
v-chip,5
massacred,1
especially,39
surprising,1
larry,1
shop,2
rating,2
shot,15
show,17
filed,1
sites,2
legalization,1
arrears,1
threshold,1
corner,7
deportation,1
fend,1
dick,3
storms,1
behind,25
black,42
treasury,4
enthusiasm,1
livability,1
awareness,2
oldon,1
get,175
contracts,3
out-of-pocket,1
employers,14
killers,4
nearly,39
gen,1
secondary,1
seared,1
busiest,1
median,1
yield,1
morning,12
miles,13
finishing,1
mogadishu,2
worrying,4
declared,2
honesty,1
bill's,1
seat,1
relative,1
declares,1
eliminating,4
wonder,3
permeates,1
indicted,2
machetes,1
label,2
father's,1
enough,49
diamonds,1
reading,15
checks,8
ought,100
affordable,25
infrastructure,1
august,1
parent,25
killing,12
countenance,1
pharmacists,1
koop,1
motivations,1
chelsea,2
dedicate,1
tour,1
disappointment,1
remake,1
among,34
cancer,14
dislocations,1
innovations,2
maintained,2
grants,4
no-fly,2
anyplace,2
sensible,7
unusual,2
capable,1
barry,2
mark,6
dependable,2
mars,1
borders,17
mary,1
pathfinders,2
offered,3
dangerous,10
gripped,2
dramatic,10
wake,1
declaration,6
those,317
sound,7
stacked,2
slumber,1
warning,1
ongoing,1
promising,3
margin,1
philosophies,1
conferences,2
eventually,4
endowed,2
sincere,1
according,7
middle,66
pressing,6
traffickers,3
wisely,4
everyday,3
tourist,1
pap,1
different,60
synagogue,1
pat,3
harsh,3
doctor,19
pay,108
same,92
speech,11
o'brien,1
struggling,9
pam,1
pan,2
extended,5
seagulls,1
antiterrorism,1
running,6
parent-teacher,1
totally,2
weave,3
drain,1
band,1
year-out,2
holbrooke,1
roughly,3
mortgages,5
accountable,6
solve,24
easing,1
african-owned,1
amazed,2
gangs,16
money,73
fueling,2
sights,2
summer's,1
extensive,2
careers,2
grip,2
administration's,1
jake,1
department,13
mob,3
railroad,3
grim,1
adams,2
identifying,1
disqualifying,1
slain,1
serves,1
lightning,1
facing,6
chamber,26
audience,9
miraculous,3
either,11
robbery,1
served,20
voluntarily,1
passionate,2
jews,4
obsessions,1
dole,37
images,2
dryeth,1
booming,2
gross,2
ellis,1
drenched,1
footing,2
extensively,1
chips,1
critical,16
understandings,2
broker,1
dictators,1
broken,6
heflin,1
squarely,1
manufactures,1
william,2
conducting,1
trivialization,1
nafta,18
instantaneously,1
island,3
violence,60
bonding,1
practical,12
pockets,1
mounting,1
mixed,1
road,14
checkup,1
quietly,2
lands,9
fertile,1
beacons,2
spreading,5
bountiful,1
blessed,4
airlines,1
harness,4
community's,1
strip,1
shells,2
downed,1
distracted,1
totalitarian,1
exceptional,1
deepened,1
fast-track,1
strikes,6
sophisticated,5
lobbyists',1
shroud,1
gore,18
hurricanes,1
arranged,1
wasn't,7
emissions,5
deadlock,3
powerless,1
combining,1
retrained,1
deep,13
general,39
nato's,8
imagination,1
educated,1
file,1
lifetime,17
deed,1
fill,4
again,136
amendments,3
retiring,1
personnel,6
drivers,1
field,8
cleanup,2
homeplace,1
president's,7
lapel,1
obsessed,1
students,45
important,93
tackle,4
decorated,2
prudent,1
breaux,2
remote,4
assets,1
life's,1
u,10
kuwait,5
starting,5
represent,13
colleges,6
forget,22
grassroots,8
dollar,14
founded,1
sunk,1
wexford,1
forged,3
cooperative,1
invariably,1
talks,6
sung,1
reluctant,1
shattered,2
preserves,1
diffuse,1
modernization,2
rwanda,17
preserved,4
enjoying,1
moeglich,1
premium,1
eighth-grade,1
straightforward,1
returning,3
fall,13
winning,2
difference,32
godspeed,1
dictatorship,5
mothers,11
skeletal,2
arts,5
nunn,5
biological,7
economically,3
neighborhood,9
burger,1
zero,4
further,20
stood,20
abm,1
medase,1
tribute,3
public,68
movement,9
entry-level,1
malaria,2
component,1
nation's,27
beacon,1
threads,3
constituency,1
non-nato,1
search,8
bible,2
prosecutors,7
psalms,1
stretching,1
jackie,1
significantly,1
airport,2
uncharted,2
bentsen,1
misery,1
common-sense,1
narrow,3
cystic,1
authorize,1
elfare,1
stave,1
transit,2
africa,50
establish,15
readily,1
swastikas,2
eye,2
distinct,1
destination,1
two,127
governance,1
characteristics,1
reduced-cost,1
furor,1
undivided,3
paraphrased,1
achieving,1
family's,1
landed,2
controlling,1
particular,12
nineteen,1
town,11
none,8
hour,8
strain,1
recall,4
roosevelt,10
guards,1
remain,18
sudden,1
abandon,7
strategies,2
rule-based,1
stubborn,1
compare,1
bravely,3
expeditiously,2
share,41
hand-in-hand,2
minimum,16
attain,1
care's,1
godgiven,1
robinson,1
homicide,1
needs,37
needy,1
acts,9
sacred,12
worst-performing,1
blacked,1
advice,1
blood,6
coming,27
salaam,1
response,11
bleak,1
entry,1
brady,26
crowded,1
coat,1
crippling,1
coal,1
responsibility,134
playing,8
that's,136
rifles,2
setback,1
industrial,6
through,97
heirs,1
existence,3
suffer,3
energies,2
late,8
penn,1
arguments,7
curfews,1
hurting,3
someone,25
seeking,5
males,3
prejudices,1
encouraging,2
obeyed,1
walls,7
stepped,3
association,10
mystery,2
easily,1
pregnant,3
e-rate,1
token,1
habits,8
subjugation,1
positions,8
ports,1
harm,4
everyone,33
mental,6
house,68
energy,23
hard,97
idea,30
engaging,3
wires,1
countrymen,1
connect,8
fist,1
marshaling,1
insurance,78
harp,1
mustered,1
initiatives,12
perry,1
funding,16
trooper,1
projected,5
participants,2
flowed,1
they'll,5
print,2
fortitude,1
dean's,1
lawrence,2
enforcing,1
geared,1
difficulty,4
members,69
backed,3
beginning,38
yasser,1
bragged,2
benefits,38
inspection,2
computers,6
conducted,1
wither,1
pilots,4
embraces,2
reemployment,3
waged,2
done,99
embraced,3
wages,19
divorce,1
revive,2
least,32
bloodier,1
regulation,1
assumption,1
statement,4
rates,46
lease,1
citizens',1
park,5
malice,1
sizable,1
part,68
doctors,25
believe,169
inconvenient,2
after-school,8
horizons,2
gotten,3
largely,6
youth,5
supposed,2
twin-track,2
treated,6
declare,1
ages,6
notwithstanding,1
three-quarters,2
aged,1
orders,1
paths,3
enhancing,1
depending,1
couch,1
onset,1
majority,19
lifts,3
build,113
orton,1
deepening,2
commentary,1
province,3
dayton,2
unimagined,1
chart,3
medium-sized,1
most,204
significant,9
services,20
refrigerator,1
humanitarian,9
charitable,1
dodging,1
sector,30
thomas,6
particularly,1
obligations,9
scattered,1
noblest,1
businesses,73
malignant,1
carefully,5
headlines,1
man's,1
fine,13
find,57
giant,1
dividing,1
ruin,2
freedoms,2
checkpoint,1
devastate,1
kibuye,1
express,7
cheaper,3
courage,40
breast,4
unum,1
expedite,1
restart,1
resolve,19
frankly,9
remove,7
liv-able,1
redefined,1
common,71
knife's,1
doubles,1
restaurants,1
opposing,3
vine,2
individual,17
unmistakable,2
feared,2
repairs,1
expert,2
visiting,2
electoral,1
smallest,8
myriad,1
toledo,1
burned,4
environmentalists,1
aircraft,2
full-time,1
reverse,11
powers,2
annual,2
foreign,24
baltimore,1
elliot,4
point,28
simple,38
ravages,1
newborn,4
tennessee,5
simply,47
shutdown,1
openness,3
ravaged,1
expensive,7
consuming,1
tahoe,1
raise,53
create,67
creativity,4
doodled,1
rivals,1
secret,3
dropping,3
ensured,1
ireland,27
doodles,1
meeting,20
mccurdy,1
first-year,1
gay,2
schuller,2
gas,8
cruelty,1
gap,10
understand,27
smoking-related,1
prices,8
grainy,1
aileen,1
solid,1
bill,126
tolerate,3
elections,5
clinton/gore,1
replaced,4
fuo,1
lull,1
childrearing,4
birthright,1
century,203
heroically,1
encountered,1
itself,17
zion,1
italy,2
sociologist,1
textile,1
discourse,1
vaclav,1
ached,1
fibrosis,1
development,25
currencies,1
yesterday,10
moment,41
purpose,22
infused,1
predecessors,4
task,15
accumulate,1
energy-efficient,1
spent,16
zarfos,3
flags,1
withdraw,6
toil,1
organization,7
spend,29
prevention,13
destructions,1
slowly,1
isolated,5
profoundly,6
shape,18
openly,6
credentials,1
foresee,1
alternative,1
letting,2
cut,118
clark,1
upholding,1
hated,2
shouting,2
bravery,4
administrative,6
tolbert,1
bin,1
adversaries,3
big,47
bid,1
matters,8
redeem,3
jonesboro,3
bit,9
bir,1
disrepair,2
decisionmaking,2
surging,1
borrows,1
loyalist,2
often,36
absolutely,7
extremism,1
magnificent,14
back,125
delegation,7
strongest,18
examples,2
mirror,1
ourselves,33
scale,3
contacts,2
pet,1
affects,1
decision,17
integration,3
per,6
pell,6
pen,1
connecting,4
eliminate,8
epic,1
unconscionably,1
resolutely,1
taxing,1
remembered,2
continuing,12
virtues,2
gibbons,1
decommissioning,1
goods,8
seriousness,1
usa,5
deductibles,1
graduation,5
drama,1
piled,1
ounce,1
pediatrician,1
tenants,1
pollution,6
jimmy,1
aliens,5
framed,1
remembrance,1
lesson,10
bankruptcy,3
non-nuclear,1
forward,53
keating,3
translate,1
opponent,1
interagency,1
invite,5
immigration,3
hoped,1
boys,6
hopes,9
directed,2
rejection,1
homeownership,5
planet,6
tomorrow's,5
planes,1
tanzania,1
possession,1
curt,1
constant,3
metal,1
demeaning,1
consulted,2
cure,2
curb,3
lyn,1
dragging,1
prevail,5
denying,4
humanities,4
cohesive,1
semiautomatic,2
kruen,1
ellen,1
dakar,1
pesticides,2
explaining,1
accidental,3
prepared,17
restoration,2
prepares,1
desert,3
freeways,1
what--the,1
statesman,1
vehicles,1
navy's,1
responded,2
failures,1
israel's,2
jason,1
inspire,1
graves,3
intensive,2
helps,3
maryland,2
huddled,1
putting,14
surgeon,2
clement,2
severely,1
moderate,2
respectful,1
rearing,1
laden's,1
mobilize,6
flex-time,1
havens,1
warheads,2
educators,3
crop,1
rivers,4
uncomfortable,1
exuberant,2
depression,6
reconciliation,17
chicago,11
giving,25
anthem,1
assisted,1
access,17
exercise,1
body,6
exchange,2
life-enhancing,1
healing,7
others,66
safer,32
widening,2
remark,2
talent,1
military's,1
alaska,1
principally,2
implement,11
proof,1
honor,38
composed,2
named,5
blizzard,2
presidents,12
private,62
decrease,5
names,4
limb,1
gateway,4
sermon,2
escapes,1
nobel,2
debbie,1
themselves,32
defendant,5
prized,1
dispirited,1
upcoming,1
forays,1
crafting,1
train,6
ashamed,1
tattered,1
tearing,2
iii,1
account,4
embarked,1
roar,1
closing,6
disabilities,5
reserved,1
infantry,1
reconstructed,1
renewed,8
employs,1
bones,1
freeze-frame,1
contempt,1
native,9
daring,2
democracy,82
dinners,1
timetables,1
holds,3
hampshire,5
regions,4
responsibilities,18
winners,2
forest,1
stock,4
buildings,5
sir,7
waters,3
philosophy,2
century's,1
bluff,1
mexico's,1
ambiguous,1
bombers,1
bind,2
lines,21
chief,7
lined,1
ignite,1
institutional,1
ukraine,5
embers,3
struggles,2
hugged,1
decimated,1
circumscribed,1
subpoenaed,1
thyself,1
bunch,1
industries,2
bridges,5
negotiated,3
la,4
itemize,1
acres,3
kindergarten,1
whites,11
heroism,1
willing,19
criminal,19
preval,1
skilled,1
greater,21
descendants,2
dan,1
spell,2
mention,11
cutting,10
courtroom,2
mandate,5
ethnically,1
insisting,2
day,111
preschool,1
applicants,3
february,4
frayed,2
airports,3
thrill,1
estranged,1
warned,1
identified,2
slipping,2
ratings,4
four-star,2
tie-breaking,1
burdened,1
accumulated,1
sexual,7
defend,7
enforceable,1
repress,1
arkansas,12
lecture,1
smog,2
announced,5
harold,1
approached,3
frank,6
families',1
payroll,5
clarify,1
approaches,1
afterward,3
quo,2
salute,5
chiefs,11
backwards,1
cured,1
teleprompter,1
allied,3
barriers,16
grieving,1
south,28
scalding,1
finest,11
$-a-year,1
reaches,2
strategic,4
improvements,2
alleys,1
reached,15
ancient,6
sadly,2
chased,1
palestine,1
pakistani,1
cabin,2
gear,1
readiness,4
explanation,2
nobody,10
self-sustaining,1
environmental,20
reaffirm,2
discretionary,1
loved,8
loves,1
embody,3
visited,5
mojave,1
idas,1
comfortable,4
tide,5
unlikely,2
have,1270
truancy,1
demonstration,1
skillful,1
wits,1
incentive,2
provokes,1
concerns,4
cosby,1
unless,32
six-year,1
crawling,1
eight,8
savaged,2
preliminary,1
sally,1
payment,4
ishmael,1
inexorable,1
heartening,1
gather,2
request,6
disease,14
crediting,1
capita,2
occasion,4
parris,2
normally,3
selection,1
supported,35
high-water,1
nuclear-test-ban,1
rebuke,1
supporter,3
staff,15
communism,11
grabbed,3
knowledge,15
endangers,1
controls,2
bernard,1
untargeted,1
communist,3
shouldering,1
berdahl,1
abused,1
pull,5
beat,4
stripes,1
bear,11
timing,2
all-male,1
areas,39
unauthorized,1
ashtray,1
calling,2
shelling,2
macneice,1
tightening,1
fixed,1
experiences,4
farthest,2
exists,5
subsidizing,1
we,2780
yearning,1
intensity,1
enhanced,1
greece,4
exploited,1
reform,107
pattern,1
brunt,1
discounts,1
difficulties,4
progress,49
stoutly,1
janet,2
deliver,7
toting,1
however,6
implementing,3
firmness,3
instant,3
multiethnic,1
freely,5
taking,28
equal,34
trips,2
assure,7
passing,22
otherwise,7
comment,2
facilities,1
ships,1
reborn,2
laugh,3
earning,4
ad,3
it's,147
mauser,2
permanent,12
teamwork,2
wellstone,1
indicators,1
proposal,21
kitchen,1
define,6
finishes,1
stationed,2
foes,1
overwhelmingly,1
assert,3
finished,6
fellow,114
volunteer,7
kenya,1
homes,31
welcoming,2
plain,1
nd,1
value,13
promotes,4
tuzla,1
hubs,1
almost,26
workplaces,2
waterfronts,1
helped,39
arrangements,2
claimed,3
partner,8
fda's,1
productivity,12
administration,44
coronary,1
hank,2
powell,6
frivolous,2
ochoa,1
injured,3
tighten,1
practice,8
selfish,1
reporting,1
sisters,3
judgment,4
scholars,1
center,9
nevertheless,2
weapon,4
thought,25
procurement,2
wye,1
govern,1
sets,3
position,20
soviet,6
usual,4
rapoport,1
ratify,5
executive,10
domestic,13
clinic,2
interim,3
surpass,1
seats,1
dakota,8
protecting,14
abolish,3
ads,2
desperadoes,1
onward,1
lake,3
bench,2
add,8
somali,7
terrorizes,1
match,6
resolved,6
akwaaba,1
tests,7
barbed-wire,1
ballgames,1
deployment,2
displaced,2
capacities,2
like,151
success,18
vibrant,2
self-reliance,2
sarajevo,5
heed,1
works,33
soft,4
one-year-old,1
pauline,2
alive,12
ideals,14
wider,5
recommendation,3
proper,3
supportive,2
happens,13
kyia,1
irish-protestant,1
shelter,2
hitler,1
host,4
although,6
worthy,3
simpler,2
waving,1
about,308
actual,2
boards,1
certainty,1
blessings,5
shalikashvili,2
introduced,3
punchline,1
rendered,1
preexisting,5
billions,10
tribunal's,1
chronic,1
guard,4
interdependence,2
ridge,1
adolescent,1
rushed,2
awarded,2
biggest,20
buy,20
bus,2
but,750
insured,2
repeated,1
plague,1
high-skilled,1
memphis,1
bug,1
embargo,1
lynn,1
wise,5
glory,1
wish,12
minutes,1
lady's,1
supreme,3
pin,1
crusade,4
dawson,2
shooting,4
pit,1
campus,1
corporation,3
virtual,1
adam,1
dictatorships,1
berliners,3
pickle,1
godsend,1
christians,1
honorably,1
stirred,1
prevalent,3
bulwark,2
resolution,2
four-word,1
undemocratic,1
parole,6
limited,7
mccaffrey,5
europeans,1
daughter's,1
catch,4
sleep,4
hate,14
violate,1
remiss,1
crises,3
bureaucrats,1
poorest,7
daley,1
under,75
pride,7
lure,1
louder,1
risk,23
rise,17
lurk,1
every,394
jack,7
trailer,1
school,110
no-o-o,2
guiding,2
harriet,1
enjoy,3
leaders,72
disciplines,1
consistent,6
welfare,129
estimates,3
direct,4
disciplined,1
persuade,1
kentucky,2
friendships,1
estimated,2
shining,1
hide,3
solemn,4
beaten,3
liberty,21
children,349
conduct,16
supplies,4
seeks,3
kicked,1
hundreds,17
humility,2
represented,6
path,16
property,3
leaves,1
changed,18
proportioned,1
museums,1
settled,2
punishment,8
stray,1
feelings,1
sorrows,1
patience,2
forums,1
would,210
unfunded,2
hospital,20
noting,1
asset,3
breathe,2
grief,4
phone,2
connecticut,4
robbing,1
five-day,1
outdated,1
tampa,1
must,558
shoot,3
join,50
dodd,2
tb,1
mo,1
advocacy,2
boldest,1
install,1
mr,59
my,356
shook,4
preserving,3
sentries,1
year-in,2
keep,111
attract,1
guarantee,37
ceremony,2
end,73
gatt,7
sitting,8
writers,1
aching,1
toxic,14
gate,2
badly,7
arthritis,1
demanding,8
mid-december,1
prying,1
stronghold,1
giant's,1
amid,1
acknowledged,2
complexity,1
ultimate,1
enter,8
preventive,4
harlem,1
mastectomy,2
cosponsors,1
reforming,3
unsteady,1
executed,1
over,187
london,1
reformers,1
tubman's,1
clapped,1
pro-work,1
imf,1
polluters,7
expectations,3
writing,2
destroyed,4
compelling,1
strand,1
fade,1
diseases,8
prevented,1
shadows,1
pbs,1
bosnia,58
notified,1
potatoes,1
detroit,1
forsaking,1
explode,4
filling,3
newport,1
victory,10
each,74
lasting,9
consolidate,2
prohibit,1
signing,1
exhilarated,1
diana,1
genocidal,2
probation,1
ennobled,1
driving,6
god,56
emphysema,1
laid,9
millennium,17
got,92
newly,1
twenty-five,1
independence,17
frei,1
numerical,1
associate,1
chisels,1
eternal,1
free,57
streamline,1
counterparts,1
mastering,2
nananom,1
wanted,15
reinstatement,1
days,71
priorities,4
labored,2
chiao,1
corrections,1
asian-americans,3
onto,2
inspectors,1
rand,1
already,65
primary,3
rank,1
hearing,1
restrict,1
philosophical,1
adopted,5
edinboro,1
revival,1
top,11
peacefully,2
heights,1
combats,1
too,142
tom,4
percentage,13
unbroken,1
urban,10
ceiling,2
murder,5
airwaves,5
tool,3
serve,33
took,45
negotiating,2
western,4
nonpartisan,2
roles,3
nation-state,1
bloated,1
immigrants,18
fairest,1
classes,4
flame,3
businessowners,1
beard,1
bridge,46
fashion,1
ran,8
talking,17
botswana,1
ray,1
expanses,1
scriptures,1
thoroughly,1
-,1
snow,1
oriented,1
localities,1
effectiveness,2
who've,5
though,23
haitian-americans,1
visionary,2
lists,1
plenty,1
commanding,1
glow,2
promotions,2
peers,2
camps,9
prevails,1
flow,6
treaty,14
orderly,1
reflecting,1
enterprise,13
sanctuary,2
tackles,1
pope,3
reductions,5
random,3
colors,1
radio,4
solutions,1
earth,27
bail,2
availability,3
spite,7
delays,1
minnesota,6
disgust,1
announce,9
scripture,2
borrowed,2
asians,1
watch,6
blinking,1
criticized,4
shutting,3
despite,2
report,19
reconstruct,1
haiti,15
fabrics,1
taliaferro,2
countries,28
twice,16
shots,2
automatic,1
swept,2
habit,2
roadmap,2
resist,2
submitted,3
lucius,2
feinstein,4
capacity,11
temptation,2
continually,1
grandmother,3
unalienable,1
mug,1
hopefully,2
approach,17
discovery,3
reiterate,1
dedicates,1
weak,2
styron,1
boss,3
devour,1
wear,3
censorship,1
dedication,3
news,11
improve,20
faced,6
protect,60
accused,6
sanitation,1
fault,3
biologically,1
participating,1
games,1
mildly,1
faces,5
poorhouse,1
expense,3
dollar-for-dollar,1
sullivan,1
epidemic,2
majestic,1
trust,20
bureaucratic,11
conference,8
cherrey,3
roper,2
been,213
quickly,16
beneficiary,1
confident,4
beer,1
spread,16
life-and-death,1
miraculously,1
expected,1
anchors,1
drugs,70
republicans,23
enterprises,2
craft,5
sundered,1
leveling,1
heartland,3
lessen,1
grandchildren's,1
n,8
lesser,1
teachers,50
stopping,4
procedure,2
tress,1
expenses,4
need,200
rwanda's,1
experts,6
brutal,2
containing,1
wound,1
beside,1
several,13
harming,1
commonsense,2
thousand-dollar,1
theodore,3
decision-making,1
greeted,2
deadwood,1
groundbreaking,2
tyson,1
cycle,6
mother's,1
charlie,1
forceful,1
ocean,1
savings,33
hearty,1
greatest,32
mother,19
hearts,17
alabama,4
departed,1
proposed,23
unemployment,24
torah,1
proposes,2
grades,8
grader,2
campbell,1
chechnya,1
cherry,2
teenager,4
kruzel,1
humanity,16
gave,33
casting,1
low-income,5
advances,6
addicts,1
newcastle,1
judge,3
sanitary,1
advanced,9
apart,19
brutality,5
gift,6
zeal,1
hunt,6
specific,8
offices,2
officer,3
arbitrary,1
gifted,3
incumbents,1
envision,1
frustrations,1
proudly,6
jennifer,2
clubs,2
election,11
escape,4
peacemaker,2
well-spring,1
doorstep,1
embodied,2
cooper,2
clash,1
armed,23
harm's,1
companions,2
everything,30
roadless,1
embodies,1
convict,3
christmas,2
core,4
hastens,1
disposed,1
baltics,1
serbian,9
rosas,2
disappeared,2
discount,2
permitted,1
mechanized,1
chapter,4
harmful,2
census,2
intentions,1
attacks,3
ensure,21
jew,1
steadily,2
efforts,60
outlines,1
froze,1
presence,6
civil,28
rock-solid,1
accommodate,1
accomplishments,2
coastal,2
rounds,1
existed,1
rely,2
implore,1
indispensable,5
transform,6
class,46
stuck,2
anderson,3
fought,19
crews,1
intolerance,3
head,15
-year,11
heal,5
differences,29
heat,3
hear,20
sustained,4
removed,1
admiration,1
versions,1
bargain,4
simplifying,1
brightly,1
advancements,1
peres,2
sometime,2
shines,1
check,7
radically,1
faithful,2
pledging,1
no,225
moment's,1
tip,4
setting,4
stagnant,6
papers,1
tie,2
picture,2
permitting,1
solana,1
football,1
trailers,2
propelling,1
discharge,2
longer,32
bullet,2
vigorously,3
vietnam,5
serious,18
backward,1
neighbors,23
remarkable,19
rob,1
alternatives,2
focus,11
deliveries,3
livelihood,1
leads,8
comments,3
row,14
contemplating,1
passage,4
environment,59
charge,6
promoting,3
weakening,1
discovering,1
outmoded,2
federation,1
advantage,11
bluffs,1
emphasizes,1
unfamiliar,1
klaas,2
congregation,1
tanks,5
cool,1
clouds,2
impressive,1
policeman,6
brother,7
standards,50
quick,1
eroding,1
doeth,1
says,21
tougher,12
obsolete,1
watchwords,1
slowed,1
voucher,4
port,1
substitute,2
endangering,2
stands,7
tax-paying,1
debate,16
goes,12
bearers,1
pose,2
channeled,1
water,20
baseball,1
groups,24
constructive,8
thirty,2
healthy,7
ravaging,1
rethink,1
proud,71
stomachs,1
descended,1
exams,1
rededicate,3
emerge,1
shootings,1
shelled,1
purchases,1
chaired,1
threes,1
morale,1
peer,1
paralyzed,4
crisis,17
noncombat,1
milosevic's,2
sports,4
abbas,1
elliot's,1
prey,1
memory,10
today,267
tocqueville,1
kerry,1
outputs,1
crimefighting,1
fuel,2
cases,12
tribunal,6
julius,1
thousands,32
modified,1
districts,8
judy,4
mortality,1
sandlot,1
semi-automatic,1
numbers,27
nursing,3
figure,3
kyl,3
doubting,1
expectant,1
millionaires,1
stroke,1
debt-free,2
dropped,9
narcotraffickers,2
counting,1
requirements,3
secured,7
cuba,9
rubin,1
cardinal,1
fourth,12
plus,1
speaks,3
redwoods,2
springfield,1
etched,1
tipper,5
huge,3
impartial,1
roukema,1
fascism,3
heartbreaking,1
depriving,1
apprenticeship,2
renovation,1
classroom,16
branches,2
succeeded,1
invests,5
comfort,1
midnight,1
bombmakers,1
worship,5
blocked,1
demeans,1
courthouse,1
he's,24
spur,5
civic,9
he'd,1
offers,5
defendant's,1
happened,20
qualifies,1
conversations,5
bound,2
qualified,12
non-african-americans,1
porters,1
devastates,1
term,5
equality,2
name,13
stabilize,2
corners,3
possibilities,6
realistic,2
importation,1
weighted,1
populated,2
torch,3
parent's,2
persian,2
begun,13
lambasted,1
adequately,1
sunrise,1
plans,24
set-aside,3
costliest,2
factors,1
profit,3
tensions,1
oklahoma,12
factory,4
someplace,5
shouldn't,8
she,73
maneuver,1
attended,1
anwar,1
theory,1
dispatcher,1
impose,7
kneel,1
motion,2
unpaid,1
place,68
preach,1
childhood,4
cubans,1
suspend,2
receiving,1
revenue,4
accorded,1
symbolic,1
toughest-ever,1
soaring,1
simplified,1
alike,9
array,3
george,4
millions,74
in-state,1
given,37
necessarily,2
district,6
trillion,2
cooling,1
terrifying,1
lobbyists,11
convention,9
legally,4
white,66
gives,23
hud,1
wrongdoing,1
appointees,1
season,13
men's,1
alan,1
released,4
ill-advised,1
operates,1
population,7
wide,6
unfortunately,3
require,27
diplomatic,5
computes,1
legacy,16
serb,4
cards,3
marines,1
outcome,1
oath,4
published,1
and,5060
rene,1
armored,1
pro,1
reno,1
stiffest,1
nominating,1
iraq's,1
any,124
prosperity,51
conversion,1
ideas,37
emphasis,2
far-sighted,1
newsreel,1
change's,1
strengths,2
surf,1
urge,13
sure,73
tornado,1
clearer,1
long-ignored,1
visitors,3
cleared,1
probes,1
peninsula,1
considered,1
adopt,7
hungry,1
koran,2
trafficking,3
senior,11
detective,1
drastically,1
applauding,1
cheap,1
spaces,1
gulf,6
written,5
crime,114
believing,2
energy-saving,1
lapse,1
uncles,1
jazz,1
counsel,3
chairmen,1
distortion,1
homestead,1
regarding,2
floods,7
dramas,1
jokes,1
embassy,1
predicted,2
pro-civil,1
discussing,3
ignored,1
encourages,1
violated,1
labors,3
connections,2
college,121
slashing,1
ignores,1
parking,1
violates,1
insuring,1
fails,1
detect,2
voluntary,8
mortgage,2
farmers,9
federal,78
review,14
opening,9
definite,1
commitments,9
weapons,59
keg,2
outside,10
lambeg,1
rebuilds,1
corridors,1
inseparable,1
cities,20
come,104
reaction,3
missions,4
libya,1
embarkation,1
region,16
priests,1
gimmicks,1
quiet,4
contract,3
senator,90
duty,18
pakistan,3
afterwards,1
color,6
continuation,1
period,10
insist,7
resentment,2
satisfaction,1
bosnians,3
pole,1
approval,3
endeavor,7
poll,1
two-year,1
turkey,5
howard,1
peaceful,12
helicopter,2
cords,1
hardly,5
engine,7
direction,18
robbed,2
blessing,2
andrew,2
minister,16
careful,1
spirit,35
pilot,3
case,7
myself,4
amend,3
mount,2
cast,2
candlelit,1
shops,2
interconnected,2
telephone,2
couples,1
good,182
capping,1
ironic,2
granted,5
reminded,7
admit,6
trip,5
shifts,1
reminder,1
insurers,2
events,13
week,27
even-handed,1
disadvantages,1
applaud,11
nest,1
refusal,1
driver,3
drives,1
driven,6
unqualified,4
changing,11
sub-saharan,2
high-paying,1
vowed,1
dying,8
pennsylvania,3
sinned,1
magical,2
without,105
relief,20
components,1
relied,1
model,4
reward,23
bodies,2
justify,3
when,339
guided,3
actions,6
risking,3
violent,20
pariah,1
kill,14
captured,3
halfway,1
blow,4
announcement,3
hint,2
rose,2
seems,2
except,6
complain,1
lets,1
bloc,3
engulfed,3
disrupt,3
ross,1
rwandan,3
kills,1
inordinate,1
virginia,2
inflation,18
schedules,1
accepted,2
furniture,1
kennedy,28
patrick,2
reduces,1
buddies,1
sanity,1
tower,1
reduced,9
deduct,5
burdens,12
madrid,1
competition,15
wofford,1
respect,26
provided,3
caribbean,5
renounce,2
freer,3
legal,10
moon,1
teardrop,1
crueler,1
provides,10
warlords,1
communicate,1
slaughter,5
pastors,2
stereotypes,1
beaches,5
on,780
oh,3
of,3839
paralysis,1
discussed,5
medicare,65
stand,76
waded,1
tariffs,1
or,394
tribe,1
ladies,5
communication,4
spinal,1
rising,22
determine,2
gary,2
bends,1
strictly,2
there,322
hazards,1
racism,9
christianity,1
strict,3
racist,5
dislocated,1
cultures,4
disposes,1
valley,1
regard,14
cabinet,11
staunchest,1
promote,26
untaf,1
applying,1
demilitarize,2
wholesale,1
bipartisanship,1
grasp,1
grass,2
strongly,12
britain,3
governed,1
politics,25
spends,1
citizen's,3
hit,4
deserve,18
compel,1
rubber,1
longed,1
preventing,3
starkly,1
cronkite,1
requested,2
fuel-efficient,2
separate,5
symbol,6
includes,12
flower,1
bullets,5
spouse,2
applause,1
calls,4
refinanced,2
invest,34
odds,2
missouri,1
all,957
lack,7
pta,2
discouraging,1
systemic,1
barons,1
follow,14
settlement,2
decisions,15
apartment,1
ron,1
subjected,3
subsided,1
opportunities,32
removal,2
aaron,2
program,72
lawmakers,2
bomb-detection,1
longtime,3
activities,3
woman,22
worse,3
song,1
far,50
sons,8
worst,7
awful,9
salmonella,1
lillie,1
grandfather,2
undone,1
saxophone,1
hard-pressed,3
employing,1
ten,5
built-in,1
rate,50
invention,1
functioning,1
aptly,1
milosevic,11
what,399
hesitation,1
sun,7
sum,2
ticks,1
brief,1
crush,1
attitudes,2
guns,23
devoted,1
eligibility,1
raked,1
combating,1
retraining,3
andrews,1
tragedy,9
extraordinary,7
double-digit,1
allows,1
infringe,1
horrified,1
options,3
lord's,2
thankfully,1
appliances,1
proceed,6
faint,1
off-the-subject,1
garnish,1
unthinkable,3
israel,11
knows,11
owners,3
flag,4
stick,4
known,13
chaplain,1
commanded,1
debates,1
policemen,2
debated,1
prophet,1
needing,1
challenging,3
division,15
claps,1
protects,15
airplane,2
court,11
goal,23
rather,6
breaking,5
cleansing,4
speeding,1
simplicity,3
never-ending,1
reflect,7
lighting,2
softball,1
jakiyah's,1
liability,1
short,13
susan,1
supervision,1
height,2
shore,2
assailant,1
public-private,2
balloon,1
don't,122
essence,4
mission,44
disabled,5
outraged,2
scientist,1
daniel,1
milwaukee,1
rooted,13
pray,5
inward,1
resort,1
harmonies,1
stephen,1
soccer,1
might,29
somebody,8
initiative's,1
largest,19
hunter,1
brutally,1
units,1
milestone,1
communities,103
hunted,1
bigger,8
schoolteacher,1
level,17
blackboards,1
inequality,4
mastered,1
inherent,1
intolerable,3
weight,5
generation,49
hawaii,1
serbia's,2
modernized,1
expect,11
undertake,2
marketplaces,1
alcohol,2
wondered,3
adhere,1
reverend,11
health,246
hill,3
benjamin,2
fiber,1
solvent,2
forgive,2
effect,7
heads,3
teach,25
generate,2
lag,1
guest,1
thrown,1
year's,6
prejudice,2
threat,19
twenty,1
consequence,1
fallen,4
feed,1
feel,34
relate,4
fancy,1
linking,1
well-known,1
sympathy,3
revolution,21
construct,1
colombia,3
years-long,1
corporal,4
passes,4
story,9
temperature,1
script,1
leading,13
coasts,2
downpayment,2
passed,48
recovered,1
headache,1
option,2
vandenberg,2
exploded,3
modernizes,1
everglades,6
luckily,1
treasures,8
rifle,1
age,36
convinced,8
explodes,2
king,21
kind,40
six-tenths,1
double,9
colin,3
dispensed,1
outrageous,2
i,1834
risks,15
next-generation,2
stale,2
risky,2
unrelenting,1
cleaner,11
uniforms,2
outstanding,3
strengthen,46
imports,3
emergenices,1
engulf,1
cleaned,3
steht,1
wilson,3
nights,2
kagame,1
chairman,9
finding,6
bio-based,1
added,3
electric,2
cargo,1
measures,8
reach,40
reunited,1
react,1
storefronts,1
enduring,13
'mr,3
nothing,31
defensible,1
measured,3
achievement,8
constitution,22
dealers,2
windows,1
traditional,2
woolsey,1
liberate,2
institutions,11
stones,1
restore,22
inflexible,1
cds,1
excessive,1
securing,2
derry,1
endlessly,1
penalty,8
abiding,2
betray,1
moses,1
his,164
founding,3
gains,11
hiv,2
cote,1
longest,7
saluting,1
him,51
grievances,2
drivers',1
timeless,2
investigate,1
sustainable,2
blood-filled,1
relentless,2
wrote,10
bars,1
dump,3
collateral,1
uses,1
defense,31
bare,2
are,927
worker-training,1
chambers,3
arm,3
threats,16
mitsea,1
libraries,4
unions,1
various,3
consecutive,1
other's,3
numerous,1
rosa,2
latin,9
recently,6
creating,20
initially,1
sold,1
attention,8
outfit,1
aspin,1
succeed,29
opposition,4
rarer,1
bronze,1
prescription,10
license,5
riddled,1
blazed,1
became,20
context,4
finds,2
reside,1
distress,4
reasons,10
sweet,1
sweep,1
international-affairs,1
village,5
slots,1
bolster,1
decline,10
incomes,28
political,37
due,5
strategy,19
whom,19
reduction,10
extends,3
brick,1
nkrumah,2
flight,2
sending,7
firefighters,2
precision,1
demand,13
plants,3
georgia,2
advocating,1
frozen,3
civility,1
earthquakes,1
kick,1
parents',3
engineers,1
shortened,1
blurted,1
obstacle,1
rid,10
alliances,3
ethnicity,2
twofold,1
shirt,1
law-abiding,5
ideologies,1
fading,1
widely,2
peoples,8
daughters,3
sliver,2
literature,1
dar-es-salaam,1
mountain,2
negotiate,1
flows,1
patriotic,1
flown,1
arrived,3
contractors,2
robust,1
built,17
lower,32
dancing,1
anybody,14
dared,5
cheer,3
edge,11
steeled,1
reeducating,1
bureaucracies,2
grievance,1
abilities,1
competitive,9
repealing,2
questions,16
immediately,9
vigilant,2
regardless,6
continent,8
meanest,1
microchips,1
profitable,1
advisers,3
workers,65
governmental,1
plateau,1
tames,1
violations,1
associations,2
customers,7
advocate,4
unlimited,2
sharpened,1
shaped,5
confront,5
ignore,5
collect,2
arthur,1
essential,7
understood,5
grenades,1
modernize,7
canadians,1
gradually,1
adoptive,1
innovation,7
lose,34
equipping,2
refuses,1
vaccine,2
crowds,1
entrepreneurs,3
completing,2
range,6
militia,1
dialog,3
hatred,12
youthful,2
credible,2
moss,4
-year-olds,7
conquest,1
shed,1
drifted,3
credibly,1
impressed,1
tenth,1
entitlement,1
question,28
signifies,1
we're,139
conceivable,2
files,1
mountains,2
d'ivoire,1
repeatedly,1
delta,7
junior,3
raising,14
fulfilling,2
characteristic,1
hasn't,7
barring,1
highlight,1
called,31
modeled,1
fiscally,1
tiniest,1
entrance,1
divisive,1
associates,1
rally,1
graham,1
independents,1
rainy,1
neglecting,1
peace,219
backs,2
democratically,2
schoolbus,2
income,45
mock,1
nice,1
generates,1
problems,71
helping,47
meaning,12
rightful,3
happier,2
vice,44
departments,6
dragged,2
joining,2
once,55
resistance,1
steve,1
gang,4
winds,4
contributions,7
jima,1
issues,25
uphold,1
languages,1
stable,9
breach,4
include,7
fences,1
dramatically,11
breathing,1
mainstream,1
cemeteries,1
wishes,1
andersons,1
drinking,6
underscores,1
deals,4
week's,1
polling,2
dealt,9
concluded,3
someday,1
smaller,19
gripping,2
you'd,2
across-the-board,1
growers,1
universities,4
unavailable,1
disentangle,1
hardest,4
networks,3
waiting,3
capital,21
ammunition,1
nazis,1
chose,2
degree,2
pushing,2
monetary,2
youngest,3
freshening,1
explore,4
oars,1
separation,3
settling,1
distressed,4
laughter,3
larger,8
grander,1
leaving,6
suggests,1
balkans,6
egypt,1
motor,5
apply,7
use,58
from,522
stream,1
consumption,3
few,52
examination,1
bitterly,1
chip,1
sort,14
parliament,1
porch,1
inclined,1
rarest,1
cooperate,1
symbolizing,1
edison's,1
high-crime,2
inclines,1
women,83
this-many,1
noncitizens,1
linger,1
strategically,1
anywhere,5
performed,2
arafat,3
patrol,1
calculation,1
tax,141
bruton,1
something,96
tab,3
rape,3
copayment,1
united,124
sit,8
alzheimer's,5
distinguishable,1
six,16
job-training,1
inaugural,2
fortunate,2
camille,1
justifiably,1
instead,32
struggled,3
toddler,1
-percent,1
sin,1
typewriter,1
desecrated,1
tension,1
administrator,1
dime-by-dime,1
attend,7
abuse,19
distances,1
ethnic,24
eritrea,1
light,10
interrupted,1
hum,1
three-pronged,1
civics,1
honestly,13
improvised,1
tenure,2
unjustified,1
looks,3
contaminated,1
frailties,1
reeve,1
lech,1
taggants,1
estimating,1
vital,9
restrain,3
choose,42
covered,12
holiday,1
defining,5
pending,3
orthodox,1
material,4
flew,3
ambition,1
satellites,1
nurturing,1
republican,30
flee,1
fled,2
worlds,2
admonished,1
profound,11
trimmed,1
fiddle,1
encaptured,2
andersons',1
bills,13
war--i,1
unbelievable,2
related,2
doubled,6
our,2084
out,200
respects,1
acknowledgment,1
frontier,3
cerebral,1
chaos,1
herded,1
vcr,1
plaguing,1
impart,1
honorable,5
supports,4
integrated,2
disclose,2
averted,1
maintains,1
promptly,1
york,7
conflicts,9
tenant,1
repairing,1
segregated,1
islamic,1
conversation,3
regaining,1
*,2
plainly,6
echo,1
walter,1
proposing,4
enormity,1
doesn't,26
employer-based,2
nomination,1
shothorse,1
eighth,2
priority,6
their,762
chemotherapy,2
god's,7
shell,2
academy,1
reversed,2
byron,1
regards,1
july,3
reverses,1
hearings,3
isolation,2
korea's,2
riches,1
richer,2
limiting,2
frugal,1
patients,6
emmett,1
gravest,1
cohen,2
teenagers,5
north,27
linked,1
catholic,7
afraid,6
russians,2
rout,1
agency,5
which,149
bosnian,7
divert,1
combat,9
who,691
accountants,1
cracking,2
emancipation,1
repairers,2
why,82
husband's,1
kassebaum-kennedy,1
statute,1
deny,4
neighboring,4
looked,14
cloaked,1
xavier,1
goals,20
chances,2
please,17
agreed,13
chapters,2
kingpins,3
senegal,1
planning,4
democrats,21
utter,1
fear,21
pleased,8
litigation,1
ear,1
burundi,1
politicized,1
candidates,5
local,30
prosecute,3
fabulous,1
watching,12
canyons,1
peacemakers,3
ones,15
words,27
self-evident,2
handgun,4
homosexuals,4
brain,1
married,2
thrive,3
generations,14
view,6
available,22
requirement,4
seite,1
unfairly,1
closer,12
closes,3
closet,1
droughts,2
checkups,1
superb,1
favor,5
closed,2
crude,1
stories,7
frustrated,1
bought,1
culmination,1
ability,27
amen,1
hutu,1
joy,3
agencies,11
embarrassment,1
job,119
joe,2
declining,7
commands,1
epidemics,1
display,1
april,7
deter,2
strengthens,3
bronx,1
clogged,1
rodney,1
safely,3
withdraws,2
unclear,1
wall,10
immunize,1
walk,23
africa's,3
misapplied,1
table,6
narrowed,1
withdrawn,1
decent,10
hunters,2
charts,1
tutor,1
literal,1
agreements,11
olson,1
boundless,1
ghettos,1
mike,1
painted,2
sufficient,1
nominations,1
scrutiny,2
ensuring,6
improved,7
present,21
self-esteem,1
killings,2
abandoned,5
unlike,6
feingold,4
choices,15
will,930
stunning,4
wild,2
nobody's,2
supply,1
ringing,1
non-proliferation,1
thus,3
draining,1
navigator,1
co-chair,1
erie,1
perhaps,14
cross,6
unite,6
member,15
adverse,1
unity,6
dlc,3
inch,2
gets,13
privileged,3
difficult,26
slave,2
conceived,1
disagree,12
diploma,4
automation,1
overcrowded,1
student,20
throngs,1
pedal,1
laborious,1
lobby,7
warming,5
approve,6
ingredients,1
fighting,23
shortsighted,1
english,2
undertaken,1
well-treated,1
cried,2
heavily,3
percent,102
half,36
yesterdays,2
entebbe,1
illinois,4
happiness,7
consume,1
rapid,3
serbs,7
prophecy,1
drunk,2
sky,1
discuss,3
hemisphere's,1
book,11
adoption,2
attractive,1
getsler,2
stowed,1
smart,8
loan,24
enact,4
branch,3
provisions,4
who's,15
know,303
press,6
safest,5
tejeda,3
endowment,1
loses,2
taxpayers,8
hosts,2
accra,1
january,1
exceed,1
because,250
scared,1
searching,1
growth,48
export,3
antiracketeering,1
employment,13
disrupting,1
throughout,28
leaf,1
lead,50
breakthroughs,1
farsighted,3
mines,1
markers,2
staccato,1
bosses,1
trimble,1
leader,17
locate,1
ripped,1
obey,4
pasts,1
ensures,2
murdered,8
conveyed,1
insults,3
generation's,5
transformations,1
rare,1
carried,4
extension,1
getting,24
hookup,1
universe,1
dependence,3
urged,4
surge,1
dependency,2
perks,2
carrier,1
sweat,3
outset,1
own,179
unsustainable,1
wilderness,1
owe,21
promise,44
registration,2
fired,3
van,1
indictments,1
spiral,1
continental,1
overtime,2
i've,55
funds,17
volume,1
out-of-wedlock,3
squeeze,3
consent,1
made,90
tactics,2
whether,60
kurds,1
record,48
below,2
gaps,3
infants,4
demonstrate,5
firm,7
humbling,2
inadequate,1
goodness,1
happen,23
mutual,3
deporting,1
incredible,2
boot,3
self-government,3
smears,1
other,254
boom,6
boon,1
nra,1
conclusion,1
kinds,13
cuban-american,1
june,8
ultimately,12
inherently,1
homefront,1
ranks,3
intentionally,1
volumes,1
ideological,1
fending,1
expands,3
