,435
yellow,1
four,11
aggression,2
conjure,1
increase,22
refunding,1
sinking,1
navigating,2
rashly,1
oceans,3
stipulate,2
appropriation,34
bringing,1
disturb,1
prize,3
succession,2
immunities,1
enrollment,2
charter,2
specially,4
cordially,11
second,8
sustaining,3
consenting,1
localized,1
increasing,10
admiral,1
intellects,1
offenses,2
interrupting,1
here,16
reported,1
china,15
substance,1
reports,6
controversy,3
military,45
golden,1
overtasked,1
explained,1
summons,1
brought,16
beneficiaries,1
stern,1
forbore,1
opponents,3
spoke,1
glimmering,1
occupying,1
therefore,54
sermons,1
until,50
holy,1
successful,9
benefiting,1
hereby,4
midst,7
hold,11
circumstances,36
eighty-second,1
pursue,3
accomplishment,3
revenues,4
example,11
misfortunes,2
unjust,5
organized,4
currency,14
malign,2
want,9
reprove,1
absolute,7
hon,1
travel,3
how,16
disgrace,1
dignified,2
fanaticism,1
shores,5
wrong,1
destined,4
nauvoo,1
effective,3
revolt,1
baggage,1
unlawfully,1
lieutenant-general,1
restriction,3
tranquilizing,1
concurrence,2
rewarded,1
admirably,2
unforeseen,1
heretofore,8
fix,2
occupations,1
secede,4
survivors,1
endeavoring,1
statesthus,1
wales,1
admirable,2
grievous,1
educating,2
detachment,4
effects,5
schools,3
township,1
silver,12
represents,1
crops,1
interfering,1
preceded,1
financial,7
series,7
parasites,2
contracting,5
substantially,2
allay,1
unattainable,1
borne,1
toleration,1
misfortune,3
warthese,1
waive,1
encourage,1
millions,8
foundation,2
assured,6
threatened,5
fugitive,1
estimate,6
universally,2
exposing,1
custom-houses,1
absolved,1
mormons's],1
disturbed,4
speedy,4
channels,1
service,40
engagement,1
needed,2
master,11
defaulter,1
wisdom,13
freemen,1
expanding,1
peril,5
coward,1
nations,52
project,1
idle,3
endure,1
lawgiver,1
acquisition,4
acclaim,1
willingness,1
spent,1
antagonistic,1
benighted,1
affairs,22
tien-tsin,2
wholesome,5
responsible,17
haste,1
recommended,12
causing,2
concedes,1
committing,5
shall,201
belligerent,1
object,40
wells,1
victoria,3
affirmation,1
mouth,2
letter,12
functionary,2
redressing,1
bradford,1
promiscuously,1
confederation,8
saying,1
signatures,1
meetings,1
undue,1
participate,2
tempted,1
orleans,1
than,114
rico,1
touched,1
rich,7
heartily,2
unpropitious,1
rica,9
hondo,1
localizing,1
denounce,1
altogether,4
societies,3
harbors,2
adherence,1
hasten,1
traverse,1
fair,29
expediency,5
unexpectedly,1
result,33
fail,19
resigned,1
best,34
avert,1
stamps,1
r,1
preserve,9
men,21
extend,13
nature,23
authorizing,10
extent,32
defiance,8
debt,24
tyranny,1
accident,1
country,153
demanded,5
argue,1
adapted,4
asked,7
vain,15
unprotected,3
blending,1
postmasters,1
reconsideration,1
union,144
much,67
privilege,2
wrong--nay,1
life,21
retrospect,2
eastern,5
wish,4
worked,3
diverted,3
unsold,1
contemplated,5
contingencies,2
'constitution,2
employ,26
prostrate,1
levies,1
congratulation,1
long-pending,1
levied,3
trustee,6
severity,1
things,8
rebellion,22
harmony,9
emphatic,1
european,4
exertion,2
fairly,17
inadvertently,1
latter-day,1
matters,4
vice-president,6
corporate,1
opinions,6
appropriately,1
forsaken,1
disguise,1
rushing,1
succeeding,3
previous,23
remedial,2
ease,1
had,229
insubordination,1
easy,6
east,6
possible,30
possibly,6
birth,5
shadow,2
replace,1
desire,29
specie,11
repassing,2
steps,4
misdemeanors,2
effusion,4
beneficial,5
right,70
old,12
people,235
creed,1
enemies,8
for,740
contributing,1
continue,23
summoned,1
substituted,1
shifting,1
defensive,3
manufacturing,6
shaken,1
dollars,5
citizens,118
despair,1
depopulated,1
consulting,1
statements,2
son,1
administer,1
respectable,3
magazines,2
furnishing,3
reducing,1
authorizes,1
fabric,2
support,22
constantly,10
avail,4
free-state,2
authorized,25
resulted,6
halls,1
telegraph,1
insurrection,5
offer,7
forming,1
conclusively,4
verde,1
successorswith,1
squalid,1
extremity,2
devices,1
unanimous,2
passenger,1
adopt,19
proved,17
proven,2
proves,7
exist,15
signification,2
negotiations,9
protested,5
eventual,2
floor,1
geographically,1
republic,65
indigent,1
taney,1
brings,1
irresistible,4
intend,2
transported,5
scale,3
invested,9
time,130
conferred,16
breadth,1
corps,1
whoever,2
jarring,1
venice,2
recurrence,5
pursuant,1
consolidation,1
choice,2
gloomy,1
fullest,1
exact,1
sonora,6
went,1
augmenting,1
leave,14
depositors,1
settle,8
speculation,4
prevent,33
occurrence,2
insignificant,3
educate,1
jeopardy,1
celebrated,2
current,6
all-powerful,1
revulsions,4
vanderbilt,2
understanding,3
fugitive-slave,6
address,1
alone,30
along,8
momentous,4
passengers,3
redemption,9
wherever,2
commonly,1
accomplished,18
studies,2
reclaim,1
nowhere,1
love,3
proportion,19
bloody,2
undergone,1
working,2
positive,1
angry,3
cherished,2
opposed,1
mclane,1
afford,15
subsistence,1
apparent,3
refrain,2
approving,2
everywhere,7
degrade,3
behalf,1
preponderance,1
anything,5
originally,2
inflamed,1
valorem,9
believed,24
allowed,3
offense,7
evidently,2
winter,4
divided,5
pendency,2
undertook,3
encampment,1
strictness,1
overissue,1
spot,6
applications,1
improving,1
such,258
data,1
temperate,1
natural,10
conscious,1
st,25
inhabiting,1
subdivisions,1
so,131
privation,1
us--to,1
years,49
course,30
unfavorable,3
tendency,3
constituted,4
derive,2
yawning,1
despotic,4
torn,1
troubles,6
decreases,1
suspicion,1
revulsion,5
constitutes,1
suspension,5
petition,5
instantly,5
thereby,2
nation,30
records,1
compelled,12
arriving,3
maintaining,5
one-seventh,1
establishing,3
quarter,21
honduras,25
receipt,1
owing,1
entering,6
disasters,1
collisions,1
seriously,2
investigation,14
ascendant,1
million,1
possibility,5
quite,8
disrespect,1
complicated,2
besides,21
remainder,11
seventy,1
liberally,1
patronage,8
disguised,1
long-continued,1
massive,1
routes,16
neglect,2
saving,1
symmetry,1
clause,11
reprisal,1
one,100
conscientiously,1
reopen,2
specifically,1
periodical,2
spanish,23
vote,49
open,16
affords,4
city,29
guadalupe,1
statesthe,1
draft,3
convene,1
proving,2
representing,1
rival,4
future,27
rivas,1
wandering,1
russia,6
prospect,5
addressing,1
san,10
turned,1
argument,3
sad,4
say,14
uninterrupted,1
invite,6
instructed,9
note,4
jefferson,3
take,36
destroy,9
opposite,2
knew,1
detect,1
remarks,2
inserted,3
average,3
drive,3
defeating,2
salt,4
affirmed,1
laws,89
madison,3
surplus,5
senators,7
bright,1
inconsistent,5
aggressive,2
imagined,1
slow,1
going,2
outrage,3
congressional,2
carolina,13
import,1
awaiting,1
clearest,1
prime,2
resource,2
keenly,1
borrow,3
where,43
vision,1
miramort,2
up,24
purest,1
defensively,1
alarming,8
representatives,48
clayton,8
spare,1
suppressed,1
concentrated,1
circumference,1
many,42
deduction,1
loudly,1
expended,6
expression,3
allowance,2
sixty-six,1
adjudication,1
extinct,1
west,11
needlessly,1
almighty,4
combined,4
motives,1
wants,4
enable,13
enlisted,1
thousand,6
formed,10
currency--the,1
observe,10
former,12
felling,1
polls,2
prominence,1
consulted,1
invoking,2
confidently,3
situation,1
endured,3
perpetuate,3
purse,1
regularity,1
fame,1
expenditures,35
verified,1
preparatory,7
expired,3
forebodings,1
paper-money,1
maturely,1
devolves,1
devolved,1
costa,9
volcanoes,1
hubbs,1
trains,4
persistently,2
summer,1
endedunder,1
being,36
rest,9
judiciously,1
interrupt,1
steamer,9
disperse,1
afterwards,18
occasional,1
instrument,4
contesting,1
overthrow,1
around,3
sums,3
dark,2
insist,3
transcended,2
world,30
postal,2
vague,4
offenders,1
satisfactory,15
superintendent,2
conditional,2
asperse,1
supplementary,1
divine,5
countenanced,1
memories,1
ability,5
seaman,1
situate,1
restoring,7
refer,15
biased,1
contingent,8
power,202
intimate,2
ration,1
punishments,1
disabilities,1
stipulations,6
practicable,15
neighbor,3
act,142
johnston,3
bond,2
interruption,7
antidote,1
parties,47
accumulated,1
hidalgo,1
legacy,1
her,32
ever-increasing,1
philadelphia,1
sealed,1
brazilian,1
recommends,1
continents,1
land,52
survived,1
unreliable,1
with,497
abused,1
rush,2
october,12
dispensing,1
abuses,4
politically,1
agree,3
touchstone,1
darker,1
detailed,2
gone,3
ad,9
general's,1
exhausted,2
certain,19
am,30
an,303
as,537
associating,1
at,381
tranquil,2
collector,2
abolish,4
indemnify,1
congress,338
merchants,7
fraudulent,1
mass,4
original,9
legislatures,15
consider,14
caused,4
beware,1
fairness,2
transits,2
oaths,1
to,3085
th,123
smile,1
appointment,8
returned,4
detention,2
floated,1
blockade,3
condition,63
accompanying,1
laud,1
large,58
sand,1
adjust,3
small,16
penalties,1
past,23
discriminated,1
carriages,1
pass,27
destitute,5
situated,1
section,9
post-offices,4
prevailed,13
hudsons,2
contrast,1
full,14
hours,3
concluding,2
november,9
shipmasters,1
compliance,3
experience,18
prior,4
social,1
action,24
depart,3
enactment,3
regiment,1
captor,1
coercion,1
select,4
attendance,1
britannic,2
wines,1
implore,1
freest,1
more,108
navy-yard,1
company,11
foregone,1
corrected,2
bank's,1
foundations,1
objections,4
keeping,1
science,1
sent,9
male,1
beautiful,1
prompt,6
stated,16
lives,16
suggestions,4
accept,3
states,462
donating,1
sense,14
nonintervention,3
prostration,1
information,16
respective,10
imminent,2
enlarge,2
creature,2
intended,17
sympathize,2
wisdom's,1
unsound,1
appealed,1
authentic,3
acquisitions,2
refuse,10
organization,12
register,2
inquire,4
fundamental,3
mexican,14
trade,52
attitude,3
paper,15
scott,2
brig,1
its,299
rapidly,6
symptoms,1
ally,1
entire,14
propose,7
hereafter,12
always,22
assemblies,3
truths,1
transmission,1
aggrieved,1
found,16
shocking,2
status,1
england,7
moultrie,1
disclaiming,1
reduce,6
treasonable,1
operation,5
nicaraguan,4
terrify,1
anxious,4
mattered,1
occurs,1
highway,2
belief,5
drifting,1
qualify,1
murmur,1
imagine,3
definition,1
owners,1
retained,1
elective,2
w,1
expedient,10
castle,1
exhibited,2
delicate,2
major,5
precautionary,4
thereafter,4
number,36
preservation,3
adduce,1
contended,5
exertions,2
peaceable,1
heads,6
introduction,1
threatening,8
philanthropy,1
calculations,1
relations,39
peaceably,2
justly,9
sympathies,1
warmly,3
immediate,31
consult,1
fastnesses,1
president&#s,1
determined,11
fireside,1
guarding,1
sell,3
tarnish,1
commotion,1
also,41
recognizing,4
internal,5
plan,3
accepting,2
loan,13
unequal,1
seize,3
sometimes,1
cover,2
barrel,1
dragged,2
wording,2
gold,12
accommodations,2
defended,3
session,40
forcible,1
surpassed,1
freight,1
baneful,2
occupation,1
detaining,1
stockholders,3
stevens,1
failed,12
unjustly,3
factor,1
columns,1
ordained,1
begins,1
dependent,1
remedy,22
ninth,1
closely,1
adhered,1
enemy,4
banking,6
kill,1
river,7
rivet,1
approaching,5
set,11
creator,1
carrying,10
instituted,5
see,1
migration,1
sea,4
regulator,2
spirits,1
rejecting,1
incurring,1
available,1
milder,1
hardship,2
premises,2
incident,1
renewed,3
spake,1
inquisitorial,2
legislature,41
prospects,2
feeling,8
improved,3
offending,2
connection,6
forsyth,3
retarded,2
whole,68
majesty,4
acted,4
allegiance,4
community,3
adjoining,3
church,4
indefinite,2
frosts,1
acceptance,1
irritating,2
post-road,1
proprietor,4
extravagant,10
contained,12
firm,2
fire,3
fund,9
representative,13
systematic,1
towns,1
inclement,2
uncertain,1
judicial,18
reliable,3
expanded,2
pressed,2
error,3
impeaching,5
agitation,18
binding,5
comport,1
owes,1
vanish,3
chase,1
renounced,1
elevated,1
rules,2
virtually,3
comprehensive,1
expediting,1
necessity,17
canraise,1
recent,23
early,7
expend,2
person,15
predetermined,1
regulating,2
oregon,4
bulwer,8
buchanan,2
unto,2
christendom,1
surprises,1
admission,37
location,1
surprised,1
victims,3
emergency,9
demands,12
suffering,5
formal,3
imposed,5
d,23
communications,2
individuals,12
marquez,2
tribes,6
disorder,1
reelection,1
amicably,7
senate,49
spring,2
necessaries,1
mighty,3
sight,1
pale,1
amicable,6
emigrating,1
religion,5
prosecuted,5
dating,1
temple,1
inclination,1
be,932
agreement,9
cedar,1
concealed,1
relating,3
by,751
deserved,1
exaggerated,2
self-executing,1
inspector,1
anterior,1
colorado,1
into,187
plainest,1
appropriate,20
controversies,3
repaid,1
contributor,1
submit,23
occupy,6
untractable,1
considerably,3
elsewhere,1
time-honored,1
atlantic,12
pacific,26
line,8
legation,2
considerable,11
fades,1
inducements,1
redeemed,3
condign,1
us,43
alarm,3
defined,1
overland,1
influence,25
consigned,1
hail,1
intrepid,1
granada,14
retrace,2
preventing,6
revision,4
depredations,5
elements,4
energetic,2
prosecution,6
suppression,3
detriment,1
sides,1
ago,9
lane,2
destinies,2
reasoned,1
resign,1
age,6
transient,1
came,4
teachings,1
walker,9
fresh,2
menace,1
having,40
government--legislative,1
code,1
results,7
existing,49
illustrated,1
seemed,6
one-half,3
concerned,8
sumter,2
young,9
send,7
resources,5
retire,5
continues,9
reopened,1
fuchau,2
continued,8
wipe,1
implying,1
harbor,3
experiencing,1
try,3
race,4
pledge,4
munitions,7
incidentally,1
odd,2
expressed,20
consistently,2
indian,11
expresses,1
harassing,1
led,2
eminently,4
respectively,3
delivering,1
funds--the,1
let,18
consideration,22
fifteen,5
great,129
engage,4
receive,21
involved,12
resulting,1
defeat,5
opinion,59
residents,8
makes,3
factious,1
involves,2
steamers,5
complying,1
extricate,1
assemble,3
counsels,2
prohibiting,8
standing,4
confidence,9
recalling,1
ministers,11
next,23
feebleness,1
assuring,1
doubt,17
forefathers,1
arispe,1
baffled,1
occurred,6
opposing,1
demerits,1
charity,1
animals,2
this,932
thin,1
emphatically,3
weaker,1
process,7
purposes,14
transpired,1
high,33
plata,3
destroying,2
delay,15
animal,1
establishment,14
aspiring,1
rejudge,1
ties,1
efficiently,1
realized,2
commodities,1
allow,2
volunteers,4
counted,1
produces,2
move,1
doubtful,6
produced,17
perfect,11
decay,1
chosen,6
dispose,9
meantime,9
degrees,1
misapprehension,1
lawlessness,1
derelict,1
crabbe,1
physicians,2
realize,3
presidential,8
liberia,4
intelligent,2
colonize,2
peking,3
[the,4
truth,14
persia,1
accompanied,4
beneath,1
homogeneous,1
tents,1
scanty,1
deficiency,15
books,2
thirteen,1
agriculture,7
witness,1
venom,1
await,7
perish,6
incalculable,4
surely,16
tempt,1
could,100
put,7
length,10
ratification,13
assumed,6
stimulate,1
jurists,2
sacredly,1
rescinding,1
scene,2
alleged,5
occurrences,4
constitutionin,1
owner,4
relighted,1
legislative,22
system,28
inalienable,1
behaved,2
painful,1
interests,34
enforcement,3
accompany,1
beatings,1
unexpended,1
dissensions,3
collecting,3
false,6
partnership,1
peit-sang,1
defending,1
mischief,2
clearly,10
viewed,2
necessities,1
competency,2
documents,1
infractions,1
demolished,1
persistence,1
accuracy,1
kweiliang,1
so-called,5
stronger,5
face,7
mechanical,4
wounded,2
fact,27
two-thirds,4
terminate,5
bring,9
brink,1
principal,6
nominally,1
pause,6
entangling,1
should,192
seemeth,1
secretaries,5
hope,27
exchanged,9
listened,1
bonds,1
impeachment,7
exchanges,4
contriving,1
defenseless,1
antagonist,1
committees,5
contemptible,2
h,2
taxes,5
default,3
infliction,1
intervening,3
allusion,1
exerted,3
agricultural,6
bidders,1
incurable,1
destiny,1
insulting,2
posse,7
injustice,5
industrious,4
restrictions,7
invited,5
deficits,1
etc,2
invites,1
adjusted,12
conclude,4
distrust,1
labor,6
attorney-general,1
attainder,1
entitle,1
recurring,1
chastised,1
federalist,1
expounded,1
spain,25
garrisons,1
expiration,1
fallacious,3
tenor,2
juan,7
outbreak,1
terrorism,1
conflicting,4
quarter's,1
columbia,2
wisest,3
upon,222
distinction,5
dust,1
adherents,2
expand,1
off,4
forty-eight,1
southeastern,1
command,18
lest,2
less,33
moments,1
glut,1
thither,1
afflicted,1
generous,1
shubrick,1
arrest,5
terminating,1
combine,2
resolved--,1
strive,1
irresponsible,3
increased,15
government,392
cruz,5
five,7
estranged,2
become,44
amendment,14
surest,1
indications,1
liquidation,2
guaranty,3
scatters,1
ballot,6
transport,2
contested,3
sufficiently,5
avoid,7
salaries,1
raging,2
sustain,8
forgiven,1
manifest,8
choctaws,1
schedule,1
selecting,2
pressure,4
posterity,2
jobbers,1
imaginary,3
loans,11
counties,3
stage,1
gained,1
sister,4
debentures,1
seeds,1
insufficient,3
concession,2
alliance,1
letters,3
disaffected,1
roads,4
mere,20
terminated,6
doing,4
naturally,1
function,1
delivery,3
construction,41
foretaste,1
valuation,1
detestable,1
evident,3
society,11
official,11
smooth,1
triumphant,1
excitement,14
placed,20
convince,3
distribution,7
bearing,7
reciprocated,1
recognize,9
contribute,4
consumed,3
effected,7
planting,1
renowned,1
compared,9
extorts,1
variety,2
tenth,1
details,1
quantities,1
reckless,2
francisco,2
monday,9
oppression,3
treason,2
arbiter,1
repeal,4
inspiration,1
rule,14
pension,1
practicability,1
palmiest,1
desirable,2
december--less,1
integrity,2
defraud,1
votes,5
effectually,6
unanimity,1
edward,1
voted,5
worth,3
adverting,2
commerce,31
wagons,2
delegate,2
abolishing,2
triumph,2
occasioned,2
rigorous,1
established,36
incompatible,2
irrevocably,1
consequent,1
above,10
officially,1
consisting,1
told,1
sinks,1
kindred,2
equals,1
protection,46
referring,3
obtained,16
institutionshow,1
murders,1
juarez,6
rigorously,3
envoy,4
postponed,2
secure,28
highly,9
thursday,1
total,6
indians,13
chooses,1
insult,1
administering,4
separated,1
tolerated,3
reign,1
encamped,1
tariff,20
authentically,1
word,1
permits,1
work,12
refusing,2
ere,7
mechanic,5
indicated,2
sixty-four,1
impair,4
antislavery,3
indifferent,3
provide,28
star-chamber,2
ordinary,13
resignation,1
fever,1
after,82
movable,1
customs,6
lay,7
law,91
green,1
remonstrate,1
order,37
office,21
devote,3
consent,19
satisfied,7
deducted,2
japan,4
defrauded,1
interfere,13
production,2
precipitate,1
damages,1
then,91
them,207
affected,1
safe,7
break,3
band,1
they,346
bank,28
bread,1
rocky,3
slavers,2
tampering,1
reasonably,2
slavery,78
reasonable,12
summarily,2
schemes,1
train,5
crimes,7
forts,7
forty,2
vessels,35
daniel,1
forth,9
sliding,2
disputed,3
barrier,3
veto,4
lawless,20
standard,4
appointments,1
disputes,3
forcibly,5
enlightened,6
certified,1
created,9
renew,3
oppose,1
incorporated,3
conclave,2
organize,3
render,26
railroads,4
another,24
illustrate,1
protracted,1
plentiful,1
compromise,3
observations,2
inflate,1
john,5
fanatical,2
happily,7
diversified,1
rejected,7
wasted,1
mercy,2
last,117
guilt,1
iron,4
contrasted,4
powers,54
enchanter,1
respecting,6
manner,55
impelled,1
contents,1
forced,4
strength,3
laden,2
subjecti,1
latter,6
subduing,1
subjects,18
forces,17
transmit,7
completed,4
conducive,1
acquire,7
indemnification,2
exercised,17
extending,5
involving,3
exercises,2
imported,5
grave,8
calculated,16
witnessed,2
inferred,1
deeply,8
voting,3
responded,3
fitted,5
reserve,2
decidedly,1
lewis,1
brief,13
respectfully,4
enjoyed,6
resemblance,1
guidance,4
industriously,1
pursuing,2
adequate,11
nullified,1
predecessor,6
do,57
explorations,1
de,3
preferred,3
yielded,3
disbursed,1
vesselsa,1
happiest,1
suffrage,3
children's,1
stead,3
insurgents,2
implication,1
squadron,2
steam,1
secretary,42
unmake,1
observed,11
facts,7
depends,2
discussions,1
miserable,1
away,23
afloat,1
compensation,7
unable,5
cooperation,2
drawn,1
misguided,1
accord,1
terms,28
confessedly,1
convertible,1
electing,1
received,35
essentially,2
exceeds,1
disappears,1
peacefully,3
tone,1
seizure,8
advancement,3
speak,3
gratitude,2
governor-general,1
petty,4
meansin,1
unhappily,1
slaveholding,2
condemned,2
duties,59
families,2
attacked,3
concerning,7
excite,2
deterred,1
gracious,1
convening,1
has,404
publicly,1
air,2
aid,18
property,74
mistake,2
losses,1
all-absorbing,1
postmaster-general,14
comparative,3
confirmed,2
descent,1
patent,1
descend,1
convictions,3
disciplining,1
independent,20
swell,1
evil,17
hand,13
liberties,1
ingraft,1
confiding,1
palpable,5
prescribed,10
kept,6
humble,3
taint,1
prescribes,1
humbly,2
the,7490
harney,4
quoted,1
thanks,3
senate's,1
jose,1
belongs,8
board,13
expelled,2
cape,1
unfounded,2
disadvantage,1
insurgent,4
securities,4
night,4
security,20
tyrannical,1
honored,1
productions,8
bore,3
congratulate,3
unavoidable,1
denied,9
participation,1
confer,8
illustration,3
post,4
impenetrable,1
newspapers,1
months,7
hostilities,10
constituting,1
cherish,4
treble,1
considerations,4
pays,1
bound,23
rendering,6
formidable,7
balanced,1
strangely,1
deception,1
lenity,2
legislation,18
sovereign,30
fight,2
accordingly,13
way,26
was,366
war,103
lowest,7
becoming,2
snows,1
ceded,1
unredressed,3
true,43
overruled,1
perpetuity,2
unusually,1
emit,1
mails,6
promises,1
digression,1
abstract,2
evidence,6
subsist,1
promised,1
prayer,2
enlist,1
physical,5
inculcated,1
dying,1
stake,2
falsely,1
holding,5
test,1
unwilling,2
shrink,2
bellevue,1
convincing,1
concurrent,1
bestowed,5
together,11
loyal,2
precedent,11
matron,1
diplomacy,4
corientes,1
grateful,2
battle,2
devoted,5
certainly,7
marcy's,1
compensate,1
permanently,1
terror,1
southwest,1
division,1
protective,1
starvation,1
trouble,2
feeble,1
perceived,1
presented,33
gun,2
ascertaining,2
brave,3
regret,9
penetrates,1
importunity,1
cost,15
helpless,2
tempest,1
penetrated,2
cargo,1
purchasers,2
appear,18
assistance,1
shares,1
uniform,3
shared,1
appeal,5
self-preservation,6
satisfy,3
supporting,1
inauguration,10
disclaim,1
teaches,1
appears,12
change,13
sending,5
flames,3
trial,9
pictorial,1
patriotic,4
inference,2
extra,2
marked,1
sincerely,1
retires,1
atrocious,2
rarely,1
market,11
prove,24
subvert,2
territories,43
live,7
commissioner,9
commissioned,1
cap,1
chastise,1
renders,1
can,184
cal,1
heart,6
dedicated,1
december,36
supremacy,2
heard,3
fortunes,2
purity,1
clothing,2
occur,6
productive,4
bankrupt,2
fortunately,4
discussion,2
means,61
economy,15
armies,7
sacrifice,1
southern,13
produce,16
prohibition,3
islands,12
remember,1
whenever,10
rather,2
progressively,1
serving,1
indeed,23
displayed,1
raised,9
ended,1
still,58
trifle,1
tending,1
assiduity,1
acknowledge,4
vicinity,8
inflicted,7
forms,4
atonement,1
emigrants,4
correspondence,5
buenos,1
introduce,1
liberality,1
wealthy,2
not,460
now,91
provision,23
discuss,2
nor,32
enacted,3
intrigues,1
james,3
entirely,15
ormond,1
marshals,1
el,1
domain,2
fired,3
kane,1
hurried,1
ex,4
year,122
happen,3
avoided,4
adduced,1
shown,4
accomplish,14
opened,1
maffit,1
looking,1
rational,1
ruinous,11
receiving,3
constituents--and,1
inevitably,2
advantages,8
counteracted,1
obligation,7
ominous,2
marine,1
inevitable,8
care,21
vestige,2
ferrolana,1
transition,1
british,38
honest,6
seventy-three,1
fetters,1
invitation,1
promotion,1
suffice,2
striking,5
omitted,1
enjoining,1
directly,16
impossible,25
message,36
sheep,1
checked,1
silent,3
frame,15
that,888
taxation,7
commendable,1
peck,5
appreciated,2
accordance,9
transferred,3
fruits,1
happy,15
remained,12
therefrom,4
recover,1
form,42
veteran,1
treasons,2
terrific,2
specifying,1
begin,1
oppressive,3
price,15
plainer,1
successive,9
america,16
precedents,5
forever,4
malignity,1
$should,1
attempting,1
steady,2
slaves,30
slaver,3
fifty,3
discovered,3
tonnage,5
gratified,2
fifth,3
ground,1
notions,1
ratio,3
title,10
proclamation,8
saints,1
sloop,1
only,91
evinced,2
truly,8
fortifications,1
nebraska-kansas,1
seldom,1
$--a,1
overworked,1
effectual,4
concert,2
burst,1
elected,17
actively,1
concern,1
justifies,2
between,109
complications,3
justified,4
notice,8
blame,2
article,21
emigrant,2
self-interest,1
enabling,2
resided,1
reluctantly,1
wheels,1
comes,1
madness,1
dispatch,4
promptness,1
learning,3
moreover,1
fruitful,2
informed,13
territorial,47
tropical,1
dangers,3
systems,1
aggressions,2
unanimously,1
subjecting,1
constantinople,2
external,1
abridging,1
suspected,2
sedition,1
these,278
soil,8
commander,4
embrace,3
utila,1
commanded,4
existsin,1
teheran,1
indebtedness,1
gentlemen,2
inquiry,6
document,1
noble,3
investigated,2
centuries,1
enjoyment,1
fruit,1
favorites,2
attributes,3
charges,8
constitutional,65
severe,7
coordinate,14
charged,2
transmitting,2
valuable,9
sweeping,1
civilized,8
touch,1
speed,1
death,5
legitimately,4
improvement,5
overruling,1
real,7
well-grounded,1
read,3
conferring,2
usefully,1
basest,1
earnest,14
using,1
execution,28
reap,1
fortune,2
heightened,1
annually,4
legislation--to,1
benefit,7
moreno,2
fully,5
twelve,2
falsehood,1
exposed,9
servile,2
envoys,1
manufacturers,4
pursuance,7
duration,1
passions,4
conservative,4
deficit,2
intrenched,1
propagating,1
assembly,7
business,13
equivalent,6
thirty-fifth,2
credits,6
negotiated,3
sixty,2
exciting,8
throw,1
central,24
intolerable,2
insurrections,1
greatly,22
testimony,7
intent,7
referred,14
unbounded,2
defraying,1
heated,1
your,40
intervention,3
prepare,2
area,1
removing,2
low,3
lot,1
exasperated,3
delayed,2
recoil,1
dorado,1
proclivities,1
trying,4
irreversible,1
hire,1
fraud,4
circulation,17
intermission,1
louisiana,5
lawfully,4
territory--a,1
inflict,1
subdue,2
sales,3
nero,1
cemented,1
administered,1
event,28
valid,2
gambling,2
you,58
poor,3
lecompton,15
registry,1
fiscal,59
requisition,1
profits,1
doubted,6
embracing,2
wrong--which,1
banishment,1
pointing,2
alleviation,1
month,6
ceased,2
discreetly,1
religious,7
dreadful,1
chain,1
pledged,2
foster,3
arisen,6
safety,11
confidential,1
very,67
horror,1
magistracy,2
vera,5
decide,13
concurring,1
heaven,2
louis,1
impeachments,2
last-mentioned,1
nullity,3
assailants,1
attributable,1
consumers,1
ecclesiastical,1
and--no,1
witnesses,9
learned,2
repugnant,1
scoria,1
loose,3
modify,1
excess,3
strong,16
conviction,9
inspired,7
partakes,1
amount,77
partaken,1
successors,5
invalidate,1
family,5
requiring,10
tendered,1
aimed,1
trained,1
injure,2
revelation,1
contains,2
forty-eighth,1
taken,17
injury,18
instrumental,1
excuse,2
commenced,8
impulse,2
suffered,10
nebraska,6
history,30
transcend,1
exclude,8
species,3
firmly,6
ratified,16
foreseen,1
reject,5
vigilance,7
well-settled,1
tried,3
communicating,3
derived,4
invasion,10
a,1354
dread,2
banks,22
report--that,1
soon,21
held,27
committee,38
committed,24
fined,1
branches--legislative,1
actually,3
absence,2
minute,1
differed,1
disfranchised,2
forbear,1
food,2
awarding,1
anticipated,3
foot,3
erection,2
imprisoned,2
occasions,6
bless,1
did,31
stopped,1
predatory,3
heavy,8
thirteenth,1
that--this,1
tradewe,1
beyond,13
absurdity,2
anarchy,6
unsurpassed,1
since,54
temporary,7
testify,1
douglas,1
trusts,1
fountain,1
issue,11
appertaining,3
favored,1
houses,8
reason,38
overshadowing,1
ask,4
earliest,2
revolutionary,25
perceptible,1
terrible,1
cheering,1
american,88
undergo,1
devolve,3
probability,2
anderson&#s,1
judicial--exclusive,1
reflected,1
obedience,13
station,3
hundred,8
passed,36
authors,2
grew,1
kindly,4
anticipate,2
recovered,1
attorney,2
toward,18
affirmative,1
substantial,1
sentences,1
null,2
vulnerable,1
lie,2
constructions,2
speculative,2
empowered,1
officers,32
cargoes,4
nonslaveholding,1
useless,3
cross-examined,1
experienced,3
frauds,3
exempted,1
plunder,4
position,29
kay,1
approved,9
salary,1
clear,15
unreasonable,3
creeks,1
latest,1
blend,1
perseverance,1
vindication,1
begets,1
northern,6
justice,59
convinced,13
assertion,1
undersell,1
circle,1
meanwhile,5
domestic,44
trees,1
competing,1
during,53
intensify,1
withdrawal,2
bounty-land,3
seventeen,1
patriotism,2
plausible,1
irredeemable,1
close,7
probable,8
probably,14
conditions,12
rudiments,1
both,88
forgotten,3
protector,1
headed,1
whatever,12
vessel,6
complied,1
instilled,1
outstanding,6
reciprocate,3
maintenance,4
collected,7
threaten,2
territory,126
lived,2
propositions,1
else,2
recalled,2
assigning,1
utmost,3
look,6
animates,2
governor,36
rope,1
pace,1
while,5
ought,71
endanger,1
animated,2
guide,2
voters,4
ready,7
fairer,1
grant,17
belong,6
repudiated,1
discredit,1
grand,1
modification,4
shah,1
cumming,2
conflict,10
used,2
lawyers,1
censure,8
uses,1
herewith,10
older,1
increases,1
auditor,1
secession,5
president-elect,1
abstain,6
judgments,1
settlements,2
confiscation,3
quarters,10
marque,1
useful,13
retirement,1
$,142
decayed,1
exercising,6
pronouncing,1
questioned,2
ballots,1
remaining,19
march,42
capacities,1
dominions,1
dearly,1
defied,2
success,12
submission,10
signal,1
strife,4
popular,17
contradictions,1
aliment,1
fathers,8
creation,3
some,55
urgent,1
lips,1
savage,1
beneficially,1
providence,8
civilization,7
inconvenience,8
run,1
colonization,5
step,4
negatives,1
abroad,6
wealth,6
faith,9
seeing,2
within,69
unimpaired,1
conscientious,1
presupposes,1
prescribean,1
accountability,1
manufacture,1
withholding,2
himself,12
duly,5
registered,2
properly,3
authority,96
branch,17
russian,2
warlike,1
ceremonies,1
persisting,1
comports,1
intendment,1
similar,38
ordered,11
adults,1
corrective,2
precept,1
cotton,1
ancestors,2
objection,9
prerogative,1
fears,6
application,8
recognition,10
department,48
nay,1
smiles,2
kansas,114
constitutions,10
regulations,5
drag,1
validity,7
odious,1
restrained,2
independently,3
e,2
practically,5
required,43
heats,1
banishing,1
ignorant,2
requires,12
virtue,6
fabrics--would,1
farms,1
proposition,11
go,10
compact,1
suits,1
does,18
excluded,4
friendly,25
wave,1
quelling,1
yourselves,4
kindled,1
recollected,2
insuperable,1
informers,3
inspection,2
enforce,8
comforts,1
bogota,1
imbecility,1
decrees,2
honors,2
auspices,1
colonel,2
guaranties,2
harmonious,3
matterthe,1
denunciations,1
prescribe,7
seacoasts,1
following,14
canals,1
enterprising,3
delinquent,1
convert,2
arrive,4
withdrawing,1
benevolence,2
repel,6
products,1
antecedents,1
fellow-men,1
foresee,2
nearest,3
centum,1
manage,6
addressed,5
wit,1
infest,1
cloud,1
remains,8
agreeable,3
destructionthe,1
formally,1
becomes,6
about,9
appointed,22
announcing,1
lapse,1
irreparable,1
vexatious,1
meet,23
conformity,3
control,18
council,1
escaped,3
sought,5
wonderful,1
hesitate,5
boasting,1
africans,7
arrangement,8
enactments,5
sentiments,6
frontiers,2
fostered,1
cutler],1
chiefs,1
oft-recurring,1
consecrated,1
advocates,4
usurpation,5
quotations,1
contractions,3
including,18
mentioned,1
converting,2
subversive,3
exclusion,1
thence,3
masses,1
demoralize,1
sword,4
surrounds,1
hands,9
front,3
masters,2
university,1
adjournment,5
mode,18
prevailing,2
commonwealth,2
despots,1
globe,2
pursuits,3
aggravated,4
promulgation,1
measure,17
special,15
gallant,3
pertinacity,1
confess,3
unlawful,5
cause,25
that--,3
recommendations,8
humiliating,1
delegates,24
attending,1
conservatives,1
delegated,6
hostile,29
determining,1
route,24
florida,4
times,16
keen,1
glories,2
succeeds,1
possessing,2
powerful,16
date,17
itself--everything,1
precisely,5
management,1
bears,1
achieved,2
occupancy,1
attack,7
perfectly,11
final,12
circulate,1
disagreeable,1
punish,5
coolies,1
manifestation,2
herself,4
beg,2
submitted,25
discolor,1
providing,14
insignificance,4
distinguished,10
enforced,4
lightly,1
unchanged,3
horrors,1
thereto,4
need,18
constrained,2
border,3
pursued,8
able,16
ably,7
instance,4
issuing,1
lectures,1
mileage,3
intentions,3
connected,2
counterbalance,1
intrinsic,1
consequences,21
undeniable,2
upset,1
proceedings,27
impression,2
emerging,1
reprehensible,1
violation,19
well-being,2
soldiers,3
molest,1
based,3
credited,1
rash,1
equivalents,1
employed,23
mortality,1
commendation,3
bodies--that,1
joint,6
legitimate,8
magistrate,3
ascended,1
gray,1
places,2
imperious,1
expansions,3
overflowing,3
contain,4
accuser,8
prayers,1
operates,2
accused,5
desperate,2
humane,2
danger,27
calhoun,2
tend,2
state,242
neither,16
sole,6
importance,22
indiscriminate,1
efficiency,4
key,3
approval,9
diligent,2
career,2
admit,7
estimation,1
franchise,1
accomplishing,5
addition,7
discrimination,1
cent,2
immense,2
slowly,1
treat,1
senses,1
corresponding,4
retrospective,1
expenditure,15
mail,15
pandemonium,1
resident,4
examined,5
emancipating,1
capture,3
parte,3
began,2
strange,4
speaker,1
party,22
fide,3
rightfully,2
appearances,1
pickett's,1
effect,51
privations,2
frequently,3
destruction,8
scarcely,11
transaction,5
reflection,8
thirty-second,1
obstacles,3
well,64
insurmountable,1
trials,2
restore,13
discord,1
mistaken,2
sources,10
distant,13
advertised,1
skill,3
deposits,8
reasons,16
imposes,1
extends,3
warrant,3
fate,9
devised,5
utah,35
crushed,1
burden,1
immediately,20
amply,1
prominent,1
that--no,1
loss,6
necessary,95
lost,7
fernando,2
payments,4
lose,2
adversity,1
therein,3
shed,1
belonged,3
admissiondid,1
motive,2
redress,29
home,6
broad,2
objected,1
demonstrated,2
limitations,1
reaching,1
monetary,4
expansion,3
prohibited,7
instinct,3
staked,1
freedom,8
recognized,24
compatible,1
dominion,2
equally,13
contending,1
previously,9
washington,17
utility,1
doubtless,6
mississippi,2
rejoice,2
additional,18
imperial,2
zuloaga,5
divulging,1
crushing,1
north,19
admonish,1
neutral,4
gain,1
courts,3
manifests,1
ultimo,1
minutely,1
he,169
signed,5
cruel,1
converted,4
limit,2
inquired,2
urging,2
diligently,1
plenipotentiaries,2
universal,8
post-roads,2
prodigality,2
functions,7
rumors,1
contest,3
importations,2
offensive,3
disposing,2
dragoon,1
friends,10
appoint,4
portion,47
determination,6
indirectly,5
aided,1
pardon,4
dissolution,6
protest,6
perverted,1
consists,3
captain,3
whose,22
calculate,1
tehuantepec,7
boundless,1
presents,6
sorry,2
sway,2
rescue,1
destitution,2
void,3
misunderstanding,1
compacts,1
govern,6
affect,5
vast,14
bonaco,1
clothed,3
companies,6
solution,2
extinguishment,1
enhance,1
deplorable,8
force,72
warns,1
subordinate,3
even,58
preferences,1
wreck,1
desirous,1
saved,1
panama,13
asia,3
new,58
net,2
ever,72
reviving,2
deemed,19
never,70
met,8
active,2
rests,4
usurpations,1
unexampled,1
credit,10
harass,1
permit,6
adopting,3
suitable,7
plea,1
schooling,1
county,1
moral,4
army,23
arms,9
call,15
calm,1
recommend,41
robertson,1
supporters,1
expose,1
wars,4
post-office,16
ward,2
violencein,1
rights,48
interposition,2
superstructure,1
exceptions,1
endow,1
give,20
climax,1
assent,1
involve,3
advancing,2
elicited,1
messrs,1
answer,5
commencing,8
blanks,1
vicious,1
heaven&#s,1
president,137
purchase,16
attempt,30
third,10
maintain,15
waited,1
inhabitant,2
operate,2
operations,4
cession,3
helena,1
befall,1
fortify,1
appropriating,3
partisans,1
before,89
chihuahua,4
personal,11
better,10
accusatory,6
persist,3
weeks,3
overcome,3
donors,1
combination,2
indulge,5
arrested,5
composition,1
cross-examining,2
bona,3
side,6
instrumentality,2
afforded,13
successively,2
principles,23
taught,4
trading,2
navy,28
clauses,4
cherokees,1
extract,3
contend,3
decree,9
redressed,3
revolting,1
content,2
appraisers,1
assaults,1
resume,3
constitution--it,1
bestow,1
curtailment,1
struggle,5
professions,2
messages,5
signature,2
features,1
thereon,3
thereof,21
plurality,2
enumerate,5
abundantly,3
solemnly,7
requisite,1
tacubaya,2
peculiar,6
boarding,1
distance,3
anxiety,1
conforms,1
enabled,4
bitterness,1
imputation,1
matter,8
deserving,2
bidder,2
superadded,1
modern,1
mind,7
mine,1
seen,3
seem,3
seek,4
expeditions,7
jealously,1
stronge,1
demoralizing,1
regular,12
inconsistency,1
mitigate,1
observation,4
medical,1
deliberate,4
points,2
principle,27
consumer,3
annoyed,1
urgency,1
discontent,1
moreover--no,1
amending,1
jurisdiction,8
ending,37
treaties,17
attempts,3
chartered,1
supplied,5
parana,1
judges,4
resisting,6
explain,4
debts,5
cripple,1
sugar,1
hoard,1
exports,2
reconstruction,1
perceive,3
convulsed,4
coast,26
comply,2
bay,11
bad,2
traversed,1
exacted,5
abodes,2
unworthy,2
reference,17
ruatan,3
decided,14
interruptions,1
incorporating,1
subject,77
brazil,9
voyage,1
said,26
prince,1
forty-three,1
adjudged,2
insinuated,1
warrior,1
ignorance,1
richest,2
subverting,1
against,156
governmentthese,1
contribution,5
confronted,2
appeared,2
incessant,5
initiative,1
loaded,1
apprehended,6
proceeded,15
recur,1
basis,3
three,27
erect,2
particulars,1
commission,4
interest,51
entered,10
deeper,1
prosperous,11
suppress,2
inattention,1
strictures,1
personally,1
deepen,1
regretted,5
exception,10
originate,1
near,8
suppose,3
imperatively,2
balance,21
guardianship,1
seven,4
well-balanced,1
mexico,61
is,645
it,826
defeated,3
shame,1
in,1686
powerwe,1
evincing,1
disappear,2
if,175
grown,2
make,58
unfortunate,9
liberal,7
showing,1
entitled,19
governors,2
declaring,6
jealous,3
overt,3
opportunity,15
thoughts,1
changes,5
failing,1
inherit,1
approbation,10
materials,1
claims,48
investments,1
left,30
etiquette,1
facto,3
just,54
sentence,2
wiser,5
vancouvers,1
assigned,3
human,18
states],3
yet,41
impending,4
candidate,1
infinitely,1
legion,1
pecuniary,7
regarded,3
assassination,1
character,71
magistrates,1
defray,3
save,5
designate,1
seventy-five,1
auspicious,2
wanting,1
dignity,5
ramparts,1
performing,7
unnecessary,9
notorious,2
navy-yards,1
commanders,2
conciliation,5
squander,2
maxim,1
dead,4
invoice,2
emissaries,1
repelling,2
unfit,1
aggravation,1
that--the,1
bold,2
burn,2
conceal,1
barbarians,1
commit,4
forms--legislative,1
marshal,13
formerly,1
amounted,13
appoints,1
world's,1
down,8
lies,2
doctrine,2
annoyance,3
preemption,3
jealousy,2
fraction,2
vacated,1
factions,2
offering,4
failure,7
surrender,3
atrocities,1
fort,7
continuance,2
attached,5
stages,1
temper,3
originating,2
one-third,3
sale,9
tarnished,1
claimants,8
fraternal,1
consideration--i,1
locality,1
agreeing,2
generally,4
insolvency,2
delivered,13
dies,1
felt,6
fell,1
award,1
diem,1
authorities,21
aware,2
happening,1
assume,4
daily,4
restored,5
managed,2
souls,2
war-declaring,2
abundant,4
anticipation,1
depend,5
father,4
answered,2
finally,19
sovereignty,22
abundance,2
governmenta,1
defying,1
advised,2
governments,52
staples,1
banished,2
excellency,1
die,1
proposals,2
round,1
attracting,1
unexpected,1
reunite,1
international,1
unrestricted,1
filled,2
transportation,6
french,12
detest,1
implanted,1
wait,6
box,5
covode,6
institute,6
bow,1
spheres,3
suggestion,5
elect,12
merely,12
patriots,4
subverted,1
professorships,2
troops,28
sake,1
visit,7
france,23
textually,1
cooperated,2
repass,1
dolphin,1
acceptable,4
rigid,4
olive,1
effort,11
capturing,2
impel,1
growing,1
making,33
dispute,2
claim,12
ordeal,3
predict,2
agent,17
coincident,1
thirty-three,7
banditti,2
till,6
pure,1
sworn,1
may,238
praiseworthy,1
accessory,1
designed,3
destructive,1
journals,1
grow,1
man,19
omen,1
inexpedient,4
inhabitants,24
pickett,2
deposit,1
deceive,1
african,21
nearly,18
shield,1
gradual,2
pointed,6
seizing,2
stability,1
differs,1
interesting,1
usurpation--between,1
policy,35
ours,1
deducting,1
main,4
texas,3
mulattoes,4
accusations,2
sooner,2
killed,1
developments,1
possess,19
handbills,1
attorneys,1
sarstoon,1
obviated,1
seacoast,1
impeachable,1
conventions,7
speculators,3
requesting,1
jackson,2
interference,8
nominal,2
imperative,7
correct,3
assurance,2
earlier,3
orr,1
california,13
forbids,1
advance,14
language,27
ministry,1
contented,1
thing,2
think,13
frequent,2
first,77
palliations,1
americans,3
suspended,9
carry,29
corporations,3
discharged,2
little,18
plains,1
participated,1
speaking,5
bloodshed,2
eyes,6
adjourned,4
continuous,1
broadcast,1
seat,2
undoubtedly,2
framers,10
protected,7
venture,5
were,181
occupies,4
conspiracy,1
spectacle,4
occupied,3
efficient,7
foreigner,1
canton,6
endangered,5
interior,19
performance,10
seditions,2
investigations,2
paid,14
complaints,2
hardships,1
cuban,6
especially,22
surprising,1
precise,3
shot,3
show,2
accession,1
safekeeping,1
treasure,5
storms,2
behind,1
impunity,5
black,1
treasury,79
get,1
contracts,13
designated,4
unimportant,2
hailed,1
framing,10
distinctly,4
conjunction,4
bearings,1
yield,5
morning,2
miles,10
executes,1
communicated,5
silently,1
declared,13
seas,9
miramon's,2
stipulation,4
relative,2
declares,6
seal,1
enough,4
enumerated,9
across,11
august,17
parent,1
countenance,3
pinckney,1
nationality,1
unequivocal,1
trader,1
according,28
dated,12
awards,3
holders,2
among,41
accusation,6
maintained,4
grants,7
laudable,3
considering,5
arts,6
capable,5
fellow-citizens,18
mark,1
judging,2
borders,2
offered,6
wake,1
declaration,4
those,68
sound,7
warning,7
residence,1
investigating,2
margin,1
eventually,4
endowed,2
sincere,5
coffee,3
sleeping,1
strain,1
sudden,10
wisely,8
movements,1
bags,1
different,43
pay,21
same,88
speech,2
arguments,6
struggling,2
disappointment,1
dishonorable,1
exhaust,1
extended,10
assist,5
annulled,1
largely,3
amounts,5
consisted,3
money,49
aspect,8
arbitrament,1
statesmen,2
extensive,8
admitting,4
credentials,1
railroad,13
disappointed,4
unlocated,1
adams,1
audience,1
dereliction,1
either,41
robbery,1
served,2
voluntarily,2
imprisonment,1
ascend,1
l,2
specified,3
lion&#s,1
buoyancy,1
prerogatives,1
gross,3
confirm,2
colonial,3
footing,5
extensively,5
critical,4
custody,2
expressing,7
moderate,2
husbandman,1
ratifications,11
manufactured,1
fitness,1
unusual,2
broken,3
transpiring,1
pretended,6
manufactures,13
manufacturer,6
son-in-law,1
island,20
violence,10
practical,14
topeka,27
roam,1
road,16
lands,49
fertile,2
spreading,1
actuate,2
blessed,3
aggrandizement,1
wildfire,3
breath,1
acquiesced,1
distracted,3
styling,1
decisive,1
indorsed,3
tycoon,2
unsettled,3
acre,7
employments,1
annihilate,1
poison,1
powerless,1
deliberation,4
deep,12
general,76
imagination,1
examine,6
deem,22
deed,1
again,39
amendments,6
assessing,1
sufferings,5
field,2
president's,1
fruitless,1
shelter,4
deriving,1
important,44
equitable,2
prudent,5
conclusive,4
havana,1
remote,13
fraught,1
resolution,26
enjoys--the,1
represent,3
colleges,10
forget,3
forbidden,2
dollar,6
founded,1
sunk,1
lighten,1
expressions,1
allowances,1
children,7
diffuse,1
preserved,3
tranquillity,1
premium,3
resistance,16
fall,4
difference,6
norfolk,1
mothers,1
benevolent,2
applicable,10
economically,2
neighborhood,2
withheld,3
abridge,1
further,22
stood,1
judicious,2
public,141
movement,5
hotbed,1
basely,1
disastrous,9
commercially,1
speeches,1
enmity,1
stretching,1
published,2
chieftain,1
narrow,4
authorize,8
transit,24
africa,22
seceded,2
sanction,4
protectorate,2
extinction,1
armed,9
deeming,3
readily,2
suspensions,4
eye,2
distinct,4
destination,4
two,79
restraints,3
engaged,8
landed,3
particular,9
town,1
willfully,1
none,4
hour,3
recall,3
guards,1
remain,28
paragraph,1
abandon,1
purchaser,1
purchases,2
compare,1
share,1
sphere,3
minimum,2
attain,3
purchased,6
intimating,1
robinson,1
needs,2
obnoxious,1
awkward,1
acts,30
pressing,6
amistad,8
sacred,9
advice,6
interpose,3
par,1
blood,9
usurper,1
crowded,2
mislead,1
wishes,3
responsibility,15
usurped,3
pleasure,9
rounded,11
heartfelt,2
appeals,2
through,28
lava,1
existence,21
suffer,5
possessions,14
energies,3
bosom,1
late,25
triumphantly,1
good,40
seeking,2
socially,1
obeyed,4
prejudiced,1
complain,5
association,1
porto,1
exiles,1
safe-keeping,5
ashes,1
habits,8
deteriorated,1
positions,1
ports,14
harm,1
everyone,1
house,59
energy,2
idea,7
countrymen,13
connect,1
acting,12
dalles,2
flowed,1
avenge,2
defy,1
henceforward,1
lawrence,6
enforcing,2
difficulty,13
senor,1
disposition,10
beginning,11
benefits,8
omit,1
conducted,10
copper,1
embraces,1
waged,2
instances,5
done,36
embraced,5
twenty,5
revive,1
construct,3
regulation,1
assumption,3
statement,12
rates,1
mohawk,1
part,43
favorable,17
obstructed,2
believe,26
farming,1
youth,2
contrary,9
supposed,10
treated,6
declare,12
disunion,2
ages,2
notwithstanding,21
orders,8
mountain,1
depending,1
majority,51
appellate,1
build,1
province,3
patterson,1
conspicuously,1
most,104
services,3
engagements,2
extremely,4
mediation,1
reflections,1
thomas,1
disturbances,1
obligations,6
scattered,1
noblest,2
relation,9
carefully,8
fine,3
find,7
depended,1
dividing,1
ruin,4
unhappy,9
experiment,1
eruptions,1
stoutest,1
luke,1
express,20
courage,2
postages,2
safeguards,1
merchandise,1
resolve,2
mcculloch,1
remove,9
californiaa,1
common,29
wrongfully,1
intemperate,1
vine,1
miramon,6
individual,16
surrendered,1
tender,3
materially,6
unacknowledged,1
please,1
smallest,1
burned,1
weekly,1
vindicated,3
historical,1
commercial,26
chastening,1
reverse,1
appropriations,15
solely,4
annual,33
foreign,60
mean,1
indecent,1
point,18
simple,8
pamphlet,1
simply,5
unsuccessful,1
asserted,3
throughout,65
suppressing,1
expensive,3
patiently,2
raise,9
create,1
secret,10
meeting,6
cruelty,1
dissension,2
understand,1
prices,8
resisted,5
unnecessarily,1
strictest,3
solid,1
bill,33
elections,4
interposing,1
replaced,1
consular,1
indulging,2
vaults,3
impracticable,2
century,2
cents,6
violently,3
slavery',2
itself,45
confining,2
all-important,3
monroe,5
engrossed,1
wherein,2
benign,1
lenient,1
development,3
retrenchment,1
moment,36
purpose,91
aggregate,21
timid,1
predecessors,4
task,6
salvation,2
craven,1
appertain,1
withdraw,6
toil,2
entry,1
prevention,1
preference,1
vindictive,1
censurable,1
unoffending,1
openly,2
alternative,12
injuries,7
letting,1
cut,1
alternate,2
source,12
deliberately,3
reproof,1
excited,5
bid,1
smallness,1
redeem,2
foreigners,3
follows,2
austria,1
flux,1
scrip,10
often,11
collectors,2
absolutely,5
obliged,15
magnificent,1
back,4
martial,1
strongest,2
nicaragua,26
ourselves,5
pronounced,2
acquaintance,2
decision,16
marcy],1
per,14
connecting,1
invade,1
patient,1
taxing,2
remembered,1
peculiarly,1
use,15
chargeable,1
flanks,1
defrayed,1
constrains,1
goods,5
conciliatory,3
consequently,5
framed,20
neutrality,6
inhospitable,3
assessed,1
lesson,3
kansas-nebraska,1
manifested,9
forward,4
frenzied,1
pronounce,2
constitutionally,1
hoped,4
hopes,5
subsidiary,1
directed,6
rejection,4
precipitated,2
possession,10
constant,7
expedition,10
deprive,7
single,25
fabricating,1
prevail,8
coastwise,2
composing,3
forewarned,1
emanated,1
confine,7
accidental,1
lend,1
printing,1
prepared,6
restoration,1
utterly,2
prepares,1
desert,3
statesman,1
vehicles,1
speculations,2
ascertained,17
presenting,2
restraining,3
compose,1
graver,1
maryland,1
fatal,4
queen,1
implicitly,1
subservient,3
arrange,1
severely,3
disbursements,1
unsatisfied,2
crop,1
rivers,5
depression,1
scientific,4
doctrines,2
reconciliation,1
confided,3
giving,7
endowment,3
harvests,3
indefeasible,1
access,1
exercise,35
body,18
exchange,5
objects,28
sink,4
others,11
preamble,1
implicit,1
extreme,1
contradiction,3
later,1
proof,4
honor,16
composed,3
private,17
extravagance,4
names,4
resolutions,4
twenty-fourth,1
frenchman,1
reciprocity,2
themselves,56
assailed,3
reissued,1
emigration,2
habitually,1
debtors,1
harvest,1
account,10
obvious,1
industrial,2
closing,1
industry,6
impeded,1
reserved,4
invoices,2
proportions,1
infantry,1
employs,1
native,4
varied,1
responsibilities,1
attachment,1
stock,2
buildings,1
waters,4
collection,3
legality,1
trifling,3
counterbalanced,1
bind,1
lines,1
chief,18
appraisement,1
subsequently,1
furnish,14
justifiable,3
inaugural,1
electors,4
fortunate,2
bridger,3
revived,2
la,3
arrangements,5
whereof,1
accredited,1
acres,12
resorting,1
willing,7
latitude,3
criminal,3
greater,16
descendants,1
mention,2
mandate,1
kindness,3
day,50
applicants,2
february,15
verifying,1
identified,1
disregard,5
empires,3
defend,5
relinquishing,1
wholly,8
arkansas,1
announced,4
thereupon,2
approached,1
one-fifth,1
frank,2
fourteen,2
perjure,1
receipts,15
deprived,10
qualification,1
barriers,1
geary,1
facilitate,1
south,35
seventy-six,1
reaches,1
embarrassed,2
reached,9
owning,1
ancient,12
sadly,1
lamentable,1
intermediate,5
acquiescence,1
explanation,2
convertibility,2
self-sustaining,2
inestimable,2
discretionary,1
detection,1
calamity,4
visited,2
abolished,2
passports,1
comfortable,2
tide,4
have,583
apparently,1
complete,4
concerns,9
reciting,1
unless,19
procure,1
eight,4
preliminary,6
payment,23
enthusiastic,1
request,4
disease,1
absurd,3
rendezvous,1
occasion,22
selection,2
supported,1
staff,1
knowledge,8
controls,1
ambiguity,1
fatiguing,1
emitting,1
equilibrium,1
regularly,2
bear,3
deputies,1
exportation,1
calling,3
excesses,2
fixed,7
conform,5
omission,3
constructing,3
exists,20
national,19
we,170
enhanced,1
refrained,2
imposition,1
reform,4
discounts,1
difficulties,22
progress,19
boundary,7
monarchy,2
deliver,1
firmness,2
exclaim,1
instant,8
revoked,1
freely,3
taking,6
equal,28
attributed,2
fulfilled,1
assure,1
allaying,1
passing,15
glorious,1
otherwise,6
inflammatory,1
fostering,1
commend,11
chickasaws,1
flourishing,3
copies,3
tyler,2
proposal,2
curtail,1
anomaly,2
define,1
arises,4
stationed,1
climate,1
assert,7
napoleon,2
homes,4
plain,8
appearance,2
value,23
instigated,1
promoted,1
advisable,12
carved,1
almost,31
delusion,1
respected,2
commending,1
claimed,4
bloodless,1
portray,1
watchful,1
administration,22
powell,1
injured,4
material,12
consul-general,1
judgment,15
insure,2
retard,3
center,1
dreary,1
rapine,1
nevertheless,5
pickpocket,1
chastisement,1
thought,10
retiring,1
comparisons,1
arising,8
usual,2
negotiation,10
stores,1
ratify,2
executive,53
numbering,3
surpass,1
protecting,6
onward,1
lake,4
recommending,1
add,5
franking,1
citizen,20
confederacy,17
resolved,2
judiciary,9
impugned,1
like,21
excluding,1
admitted,19
works,5
classical,2
alive,2
convey,1
recommendation,15
proper,52
esq,1
discretion,13
economical,3
slight,1
lieutenant,4
although,14
worthy,6
marketable,1
narrate,1
keepin,1
them--nothing,1
actual,25
withdrew,1
blessings,9
baseless,1
injuriously,2
rendered,17
preexisting,1
submits,1
guard,4
exactions,1
rushed,1
awarded,2
avowed,3
buy,1
amity,2
but,237
repeated,5
related,1
memphis,1
partially,1
constitute,4
wise,22
glory,2
dangerous,30
frugally,1
j,5
supreme,17
exceeded,1
crusade,1
well-defined,1
periods,6
relates,3
paraguay,13
proceeds,7
claiming,3
detail,7
virtual,1
detain,1
respects,3
augmentation,1
stirred,1
limited,19
crampton,1
comparatively,6
needful,2
dynasty,1
facilities,1
intercommunication,2
assembled,7
violate,6
whatsoever,2
under,219
pride,2
carried,14
merchant,6
applied,21
conjecture,1
risk,2
dispense,1
rise,3
every,87
gratification,1
vastly,1
encounter,1
reciprocal,1
conceive,2
enjoy,12
parted,1
leaders,3
construed,2
consistent,3
welfare,6
estimates,10
direct,31
surrounding,1
scrutinize,2
estimated,30
expressive,1
solemn,8
specification,2
selected,7
liberty,5
causes,20
conduct,11
supplies,3
excises,1
recreant,1
remedies--and,1
represented,6
path,1
voice,1
leaves,2
changed,2
stipulates,1
depreciated,1
abolition,4
stipulated,4
settled,18
punishment,3
feelings,9
patience,2
would,348
hospital,2
barbarous,2
acceded,1
ardently,1
excellent,7
adjourn,1
supplemental,1
must,65
me,44
entertained,8
deficiencies,1
mr,30
dragoons,2
my,196
ingenuity,1
loosed,1
diminished,8
preserving,5
keep,12
attract,1
guarantee,2
legislate,4
end,12
writers,2
adjacent,2
charging,1
$during,1
description,3
insecure,4
imaginable,1
demanding,2
parallel,3
amid,1
acknowledged,6
perform,8
enter,20
preventive,1
executed,4
interpretation,7
over,76
london,3
destroyed,7
firesides,1
prevented,10
revelations,1
echo,4
gloom,2
notified,1
filling,1
each,73
wantonly,1
lasting,1
prohibit,5
signing,1
driving,1
god,10
laid,3
twenty-five,2
independence,14
arizona,9
eternal,1
free,46
formation,5
correctness,2
days,11
hopeless,5
cooperating,1
already,41
primary,1
hearing,2
restrict,1
adopted,25
sober,2
revival,1
too,13
inconvenient,1
consented,1
murder,6
serve,4
took,6
negotiating,2
kindest,1
incur,3
western,4
abandoning,2
immigrants,1
classes,5
flame,1
fashion,1
barbarize,1
raw,2
regulate,13
ray,1
thoroughly,1
-,1
isolated,1
thorough,2
localities,2
loan--and,1
propitious,1
incapable,2
though,16
visionary,2
plenty,2
commanding,2
coin,10
treats,1
prevails,6
flow,2
treaty,97
orderly,3
reputation,2
enterprise,6
entertaining,4
levying,3
inspire,1
arrayed,1
colors,1
reissue,1
earth,6
bail,1
$in,1
spite,1
pacification,2
minnesota,4
reverses,2
$it,1
announce,4
hostility,8
bountifully,1
report,27
fabrics,1
subservience,1
countries,31
anxiously,1
confederacy--to,1
twice,4
yeddo,1
well-established,3
resist,6
corrupt,2
capacity,5
temptation,2
approach,4
discovery,1
reiterate,3
institution,7
confusion,1
weak,2
however,59
censorship,1
improve,3
protect,35
fault,1
variance,1
expense,16
confidences,1
trust,15
deprecated,2
been,471
confident,3
spread,1
expected,9
incomparably,1
refuted,1
overawe,1
topekaites,1
search,8
affixed,2
enterprises,7
majesty's,1
catch,1
apprehension,6
kentucky,1
n,1
lesser,2
inviolably,1
stopping,1
natives,2
expenses,17
brutal,1
containing,1
suggest,1
sovereignties,1
arbitrarily,1
usurping,2
several,46
satellite,1
mentioning,1
embarrassments,5
possessed,5
ocean,7
impediment,1
greatest,5
detained,1
hearts,2
possesses,10
assembling,3
departed,1
proposed,12
proposes,1
transporting,2
followed,9
brigham,3
explanatory,4
humanity,8
gave,4
bands,1
descending,2
judge,11
burnt,3
advanced,1
apart,2
gift,4
zeal,1
contradict,1
dishonest,4
specific,32
offices,3
officer,20
arbitrary,4
successfully,5
proudly,1
election,65
escape,4
precautions,3
contests,1
rapidity,1
embodied,1
proceeding,5
establish,20
everything,3
subordination,1
mosquito,1
cord,1
corn,1
discount,1
permitted,9
limitation,4
census,5
attacks,4
enshroud,1
efforts,15
citizen--and,1
presence,3
civil,30
custom-house,5
obtaining,4
naturalized,3
accommodate,2
laborers,2
existed,21
rely,4
outbreaks,4
indispensable,8
transform,1
why,6
virgin,2
anderson,2
fought,1
indispensably,1
crews,2
naught,1
purposely,3
archives,1
head,9
medium,1
attempted,4
visitation,2
differences,3
hear,2
satisfactorily,4
sustained,8
removed,12
counsel,1
portions,14
muster,1
bargain,1
dissevered,1
submitting,4
prematurely,2
existencethe,1
despotism,5
annoying,1
injurious,4
constructed,2
faithful,3
pledging,1
no,241
moment's,1
when,113
setting,2
papers,1
tie,1
vanished,1
picture,1
preceding,1
uniformly,1
hondurasupon,1
rising,1
discharge,4
longer,12
apprehensions,6
withhold,2
remarked,1
serious,23
undoubted,1
remarkable,1
affair,2
obviate,1
prejudicial,2
passage,23
abhorrent,1
charge,10
promoting,4
discovering,1
advantage,12
exalted,1
unavoidably,1
indianterritory,1
clouds,2
posts,3
culminating,1
encroach,1
invader,2
obsolete,1
invaded,2
dried,1
port,7
substitute,6
constitution,290
deluded,1
contracted,2
debate,1
long-standing,1
reply,1
amounting,4
water,5
requited,1
entertain,7
witch,5
dissipated,2
supplying,1
expressly,12
guilty,3
law-abiding,1
navigation,3
besides--and,1
inducing,2
bribery,1
paralyzed,1
crisis,6
wrongs,13
prey,1
memory,2
negroes,16
reenforcements,4
riot,2
sessions,1
altar,2
attained,3
lawno,1
shafts,1
cases,21
tribunal,12
barbaretta,1
collision,15
thousands,5
reflux,1
districts,3
ferry,2
slightest,6
numbers,3
jobbing,2
unarmed,1
dropped,1
provoke,1
inheritance,3
secured,4
mismanagement,1
vital,4
cardinal,2
fourth,1
secures,2
levy,3
paramount,1
impartial,2
eighty,1
informs,2
repeat,11
branches,15
propriety,1
representation,2
lamented,1
refund,1
exclusive,14
furnished,3
constituents,7
mainly,5
furnishes,2
cornelius,1
worship,2
platform,1
offers,1
pervade,2
farmer,1
lavishly,1
happened,2
conversations,4
qualified,4
endeavored,4
above-estimated,1
execute,11
equality,8
name,7
advent,1
importation,9
subjection,1
well-regulated,1
self-government,5
concur,3
intercourse,13
attracted,1
she,23
theory,4
dispatched,2
unfriendly,1
commonwealths,1
dispatches,1
impose,2
motion,2
turn,4
place,36
taels,2
charleston,5
discontinued,2
origin,8
suspend,2
revenue,39
requirement,1
commissioners,10
array,1
george,1
cheerfully,4
given,20
necessarily,16
district,16
native-born,2
europe,9
returns,2
coining,3
convention,73
legally,6
white,2
gives,4
season,4
circulated,1
released,1
copy,10
population,14
unfortunately,8
require,19
diplomatic,6
officials,5
marines,1
oath,5
and,2458
pro,1
pry,1
any,312
prosperity,18
conversion,1
wanderer,1
unavailing,2
urge,2
invasions,3
sherman,1
clearer,2
remunerate,2
donation,4
annul,3
considered,9
proud,2
quantity,2
perpetrated,2
cheap,1
trespass,1
southwestern,1
woolen,1
gulf,3
crime,4
explicitly,1
believing,2
dreaded,4
lighted,1
mormon,2
expectation,2
addition--and,1
lighter,1
regarding,2
naked,1
discussing,2
imposing,4
professes,1
violated,13
labors,1
college,3
professed,2
encouraged,2
squandering,2
fails,2
invoked,1
voluntary,6
federal,52
subsequent,4
review,3
circulating,1
outside,3
anew,1
arrival,5
multiplied,1
originated,3
cities,3
come,8
isthmus,15
postage,2
region,10
quiet,5
contract,5
forthwith,1
senator,1
duty,103
provocation,1
prayed,1
color,4
hereunto,1
period,51
delators,1
satisfaction,19
endeavor,1
polk,3
howard,1
deposited,1
peaceful,25
hardly,1
direction,1
exasperate,2
blessing,1
minister,52
careful,9
spirit,44
case,72
shaft,1
myself,19
limits,27
amend,5
cast,5
cass,2
unsatisfactory,3
unreserved,1
volition,1
granted,23
bowl,1
trip,1
events,13
week,2
disadvantages,1
refusal,12
driven,4
persons,20
arose,2
unqualified,3
changing,4
pennsylvania,2
without,166
relief,12
termination,1
whereas,2
bodies,4
justify,8
disloyal,1
captures,2
unconstitutional,5
actions,2
violent,10
cease,5
abstained,2
captured,14
blow,1
banksbut,1
rose,1
seems,5
except,39
interested,7
kingdom,1
easily,4
union-loving,1
virginia,12
inflation,2
confined,16
accepted,4
implant,1
comonfort,3
donations,1
waiving,1
reduced,21
deduct,1
burdens,2
madrid,9
enormities,1
competition,4
table,1
provided,22
prolific,2
freer,1
legal,7
mercenaries,1
imputed,1
provides,1
severed,1
communicate,3
intrusted,11
affording,4
fictitious,1
on,468
subdued,1
reprisals,1
of,4391
discussed,3
mutually,3
stand,2
or,345
annoyances,1
communication,8
accounts,4
determine,6
abrogate,1
calamities,2
strictly,6
there,107
hazards,1
disposed,5
christianity,2
strict,9
valley,2
relic,1
vested,1
undervaluation,1
regard,42
cabinet,3
promote,11
applying,1
mortals,1
wholesale,1
preside,1
grass,1
strongly,3
mormons,9
britain,33
governed,2
controlled,4
abyss,1
deserve,3
compel,7
erecting,2
statesfor,1
heathen,1
sully,1
requested,2
briefly,1
separate,6
bounded,2
inroads,1
stocks,1
arsenals,2
calls,1
invest,5
directors,2
missouri,2
committees--one,1
all,311
chinese,14
executing,7
follow,9
settlement,26
catastrophe,2
subjected,2
subsided,3
opportunities,2
removal,12
presentation,1
belonging,7
worse,3
far,51
induce,5
worst,3
barnwell,1
shipboard,1
regiments,4
list,1
prolonged,1
indemnity,3
employing,2
ten,10
rate,10
design,3
rata,1
what,81
hesitation,2
advantageous,2
sun,1
sum,33
circumstance,1
eminent,8
importer,4
version,1
prohibitory,1
guns,2
multitude,1
asiatic,1
christian,4
directions,1
naval,27
extraordinary,9
ex-president,2
members,25
suddenly,4
pervades,2
proceed,24
denominated,2
thereinhad,1
pervaded,1
markets,2
wretched,1
knows,3
exigency,1
flag,8
known,11
presumed,3
forbearance,5
ineffectual,1
seaports,1
embarrassing,5
abandonment,1
coerce,2
niagara,1
arise,10
cultivate,8
influenced,1
court,15
ordinance,5
influences,2
assailing,1
explains,1
acknowledging,3
never-ending,1
reflect,8
concentrating,1
contingency,5
proclaimed,4
absolve,1
dissolving,1
short,15
chiefly,4
departure,2
supervision,2
shore,1
grande,1
shade,1
cruelties,1
outrages,16
indebted,2
september,14
developed,1
mission,7
unite,3
pretext,7
avenue,2
inquiries,1
style,1
glide,1
susceptible,1
resort,20
parts,7
might,109
alter,1
argentine,1
return,11
persecutions,1
annihilated,1
disregarded,1
instructions,20
frigate,1
marcy's],1
inherent,4
residing,3
friendship,9
weight,3
generation,2
decennial,1
oppressed,1
expect,9
undertake,7
inflated,1
unexceptionable,1
retrenchments,1
adhere,2
health,4
vliet,2
induced,4
wisconsin,1
alleviating,1
teach,3
thrown,3
stampede,1
tributaries,1
prejudice,5
consequence,20
fallen,1
harpers,2
$i,2
feel,17
relate,1
well-known,3
revolution,11
least,29
unredeemed,2
says,4
distributive,1
passes,2
impairing,3
leading,2
interviews,1
coasts,4
storm,1
finances,1
store,2
temptations,2
imperfect,1
option,1
relieved,4
discover,3
nullifying,1
rifle,1
inaugurated,1
kind,3
double,1
instruction,1
i,427
insulted,1
munificence,1
liabilities,5
exert,4
strengthen,2
imports,10
alike,2
hopelessly,1
check,1
populous,2
interfered,3
added,3
measures,25
reach,10
enduring,1
nothing,20
transcending,1
achievement,1
mineral,3
traditional,2
dissolved,2
institutions,29
expedients,2
deserts,3
securing,4
penalty,1
his,198
publicity,1
invoke,2
revered,1
procrastination,1
him,67
grievances,5
investigate,5
prescribing,1
activity,1
precaution,1
wrote,3
collateral,2
intelligence,2
defense,17
bare,3
are,253
arm,1
declined,1
threats,3
sovereignty--a,1
surmounted,1
degrading,1
various,5
numerous,17
corruption,5
recently,14
creating,3
sold,4
attention,22
confiscated,2
denomination,1
succeed,1
opposition,11
competent,1
relying,1
became,13
finds,1
reside,2
$the,13
distress,5
unsoundness,1
improper,7
regulated,1
political,32
due,17
whom,12
reduction,4
captain-general,5
transferring,1
goodly,1
demand,22
surveys,1
georgia,2
conception,1
workmen,1
credence,2
demon,1
disappointing,1
rio,2
obstacle,4
alliances,1
ample,5
one-quarter,1
advise,2
prerequisite,1
higher,3
arrives,1
exigencies,2
absentees,1
restraint,1
usually,1
arrived,11
contractors,5
lower,3
solemnity,1
dared,1
machinery,1
stating,2
grievance,3
consideration--european,1
polled,2
intervals,3
questions,20
vigilant,2
retired,1
continent,9
advisers,1
exclusively,12
speedily,19
violations,3
vetoing,2
profitably,1
moment&#s,2
complaint,7
emperor's,1
amended,7
vindicate,1
unlimited,5
modifications,1
incidental,6
separately,1
collect,5
deleterious,1
essential,6
understood,3
gradually,5
constitutionality,2
fragments,2
refused,24
intense,3
cautious,1
recites,1
firing,1
stricken,2
range,1
militia,4
hatred,2
unnoticed,1
conquest,1
persevering,4
purporting,1
credibly,1
impressed,1
question,107
long,46
sections,12
mountains,6
plunge,2
repeatedly,2
usurp,2
upright,1
raising,6
patriot,4
consist,4
gratifying,2
fluctuations,1
called,18
imposts,2
associates,1
evils,16
endurance,1
peace,54
income,1
unjustifiable,1
helping,1
meaning,10
allowing,2
rightful,4
suffers,1
departments,19
once,9
issued,8
comitatus,6
alien,1
discordant,1
adjustment,19
contributions,2
issues,11
disposal,2
shanghai,6
stable,1
include,1
madison's,1
seized,11
foretell,2
notes,24
dealt,2
manifestly,4
settlers,10
concluded,16
malice,1
traveling,2
concludes,1
ayres,1
concessions,3
man's,1
waiting,1
capital,22
robespierre,1
degree,19
desired,3
settling,2
larger,4
leaving,13
examinations,3
fords,1
apt,2
hardy,2
apply,7
fed,1
from,439
few,18
examination,11
attribute,2
sort,1
grandest,1
parliament,1
inclined,2
equity,1
impress,1
cooperate,2
recount,1
governor&#s,2
augment,1
anywhere,3
performed,12
proprietary,1
calculation,1
tax,3
something,2
united,256
well-founded,1
six,4
struggles,1
unquestionable,2
traders,1
instead,10
attend,1
hazard,1
perjury,1
abuse,3
expatriation,1
disproved,2
readiness,1
majorities,3
light,9
interrupted,6
sanctioned,4
unfortunates,3
interpreted,1
whilst,65
dearest,1
inaugurate,1
assurances,2
ships,2
permanent,3
restrain,7
pending,11
freeman,1
violating,3
plenipotentiary,8
flour,2
practice,27
ambition,2
impaired,2
republican,3
affections,2
successor,2
articles,18
transmitted,8
bills,13
outlaw,1
tepic,2
sectional,4
our,468
indulged,4
out,51
overissues,1
honorably,1
sentiment,2
frontier,10
honorable,11
far-distant,1
despairing,1
proviso,1
maintains,1
promptly,14
displeasing,1
york,5
conflicts,2
organic,10
navies,1
hence,7
embryo,1
plainly,1
hitherto,9
overdrawn,1
proposing,1
rovers,1
publication,3
guanajuato,1
their,484
reversed,1
reflecting,1
tended,1
constituent,2
july,32
commence,3
objectionable,1
discriminating,1
tracts,1
sincerity,1
inform,9
arts--objects,1
agency,5
trespassing,1
which,548
divert,1
who,102
interestedour,1
alarmed,1
class,4
statute,2
deny,5
neighboring,7
looked,1
agreed,7
purely,2
utter,1
fear,6
pleased,2
nearer,1
highest,15
country--such,1
candidates,1
local,11
vigor,2
cuba,21
massacre,2
ones,1
words,12
self-evident,2
penetrate,5
ascertain,9
generations,5
view,31
knowing,2
peopleto,1
ebb,1
expel,1
acquired,4
dissentions,1
turbulent,1
merits,2
despoiled,1
favor,28
mexicans,3
closed,10
dividends,1
weighing,1
[mr,3
opening,2
cross-examine,1
agencies,4
embarrassment,2
declining,1
commands,2
april,17
safely,2
grounds,2
respect,26
withdrawn,6
three-fourths,1
provinces,1
hunters,1
stanton&#s,1
agreements,1
remedies,2
sufficient,31
scrutiny,3
remonstrances,2
tangible,1
repetition,1
present,146
abandoned,7
unlike,1
fearful,1
sultan,1
will,318
depreciation,1
wild,6
apprehend,2
thus,69
encouragement,1
requisitions,3
education,10
perhaps,4
enumeration,2
member,12
adverse,3
merciful,1
geographical,6
largest,1
difficult,11
slave,36
coaches,1
appropriated,5
approve,3
english,3
undertaken,4
excessive,2
half,10
obtain,15
batteries,2
unresisted,2
happiness,3
rapid,7
supply,12
interoceanic,1
arresting,1
hastening,1
other,219
adoption,3
cruisers,3
earnestly,17
unprecedented,1
enact,1
identical,1
sick,2
provisions,39
wagon,1
term,4
republics,13
know,4
presume,3
press,2
perpetual,6
overtures,2
hosts,1
january,11
agents,13
exceed,9
because,45
contemporaneous,1
searching,2
reprobation,1
growth,5
export,3
awardsi,1
empire,17
employment,13
leaden,1
lead,5
war-making,11
availafterwards,1
leader,3
locate,1
obey,6
paraguayan,3
other--to,1
rare,1
incline,1
extension,5
dependence,3
urged,8
swear,5
urges,2
emperor,6
own,137
wilderness,1
owe,6
warrants,5
promise,1
lawful,15
van,2
transfer,5
incipient,1
*,3
faithfully,10
continental,2
intention,4
extort,1
appointing,4
funds,1
incursions,4
contradictory,1
assail,2
made,97
whether,54
recede,1
record,1
below,6
eagerness,1
inadequate,5
expedientbut,1
quails,1
mutual,11
book,2
boon,1
conclusion,4
illegally,1
kinds,1
june,71
earthly,3
incurred,1
alienated,1
auxiliary,1
seceding,2
commencement,20
[p],2
