narcotic,1
four,14
woods,1
hanging,1
aggression,48
increase,31
eligible,2
sunlit,1
lord,1
oceans,5
bringing,1
shouting,1
wavered,1
reliable,1
charter,3
tired,6
storm's,1
holocaust,2
second,17
valiant,2
available,1
ruthless,3
thunder,1
contributed,1
fingers,1
decry,1
designing,1
increasing,1
progrowth,1
clear-sighted,1
here,88
china,6
confronts,1
kids,29
reports,1
i'd,19
military,77
i'm,71
criticism,1
appropriately,2
divide,3
explained,1
replace,3
brought,12
cocaine,6
unit,1
opponents,4
spoke,11
movedwell,1
therefore,4
until,14
paperwork,2
holy,1
successful,9
brings,6
hereby,1
hurt,2
glass,1
expeditionary,1
midst,2
hold,16
circumstances,3
morally,3
locked,4
pursue,3
accomplishment,1
concepts,1
revenues,3
example,9
wane,1
artillery,4
organized,3
caution,3
want,79
absolute,2
travel,2
damage,5
leaguers,1
machine,5
how,45
hot,1
regional,13
beauty,1
'here,1
shores,2
modest,2
effective,7
scourge,5
baggage,1
keeps,2
democratic,37
wing,1
backdrop,1
senators,3
welcomed,1
dreamed,1
reforms,2
stockpiles,1
rewarded,2
wrought,1
homebuyers,3
fix,3
hidden,1
admirable,1
easier,7
vaclav,2
enrich,2
hussein's,6
effects,1
schools,24
yourself,1
silver,1
competitiveness,3
represents,2
barton,5
dumps,1
addicted,3
angola,4
series,2
we'd,6
cathedral,1
truman,7
ring,2
borne,1
toleration,1
indiscretion,1
encourage,14
adapt,1
founders',1
foundation,3
assured,3
noriega,4
threatened,6
assures,2
``george,1
universally,1
enormous,4
ma'mafter,1
today's,6
subtlety,1
emaciated,1
clarity,2
service,19
similarly,3
lawsuits,5
engagement,4
needed,8
mind-boggling,1
master,5
listen,14
rewards,1
collapse,2
geneva,2
convention,4
wisdom,2
palsy,1
crawl,1
peril,3
showed,2
outlaw,4
anniversaries,1
tree,1
nations,125
feeling,3
acquisition,1
acclaim,1
willingness,4
boston,1
dozen,2
affairs,6
concrete,4
responsible,7
recommended,2
absorbed,1
doors,1
kremlin,2
imprudent,1
shall,3
diminishing,1
swiss,1
blackmailed,1
addict,1
letter,5
episode,1
camp,3
neediest,1
voluntarism,1
purged,1
came,19
saying,8
bomb,1
departing,1
meetings,3
participate,1
hungary,1
tempted,1
lessons,4
touches,1
busy,2
clicked,1
headline,1
rico,1
bush,9
touched,5
rich,9
population,1
foremost,1
pocket,2
relish,1
societies,2
boarder,1
reviving,1
release,3
respond,3
mandatory,7
disaster,1
fair,20
result,9
fail,10
hammer,1
best,38
advisedly,1
ambitions,3
rings,1
score,1
humankind,3
preserve,6
wage,1
never,49
schwarzkopf,5
extend,6
nature,8
rolled,1
authorizing,1
extent,1
debt,9
energy-related,1
tyranny,4
war's,2
accident,1
country,95
demanded,2
``heartbreak,1
asked,21
eradicate,1
self-confidence,1
rangers,1
union,81
much,76
privilege,4
pro,1
life,55
homeland,2
eastern,11
worker,7
lift,6
child,18
worked,21
chill,1
commerce,2
overflight,1
kennan,1
presidency,7
contingencies,1
contemplates,1
inaugural,2
played,3
kuwaitis,2
huddleston,1
specter,1
hong,1
things,40
ira's,1
democracies,9
harmony,5
babies,2
principals,1
european,8
voyages,1
ownership,3
furlough,2
echoed,2
corporate,1
plight,2
alum,1
ease,5
had,52
easy,12
prison,4
falter,2
east,27
possible,24
possibly,2
gridlock,3
birth,1
shadow,3
unique,9
occurring,1
desire,4
american's,3
remind,5
steps,20
yerevan,1
battlefield,2
attorney,2
right,90
old,26
crowd,3
people,223
creed,1
tasselled,1
captive,3
harassment,1
enemies,2
chorus,1
for,712
bottom,1
creative,2
contributing,4
foe,1
fog,2
summoned,1
'mercy',1
hadassah,1
yoke,1
defensive,4
losing,1
transcends,1
dollars,7
citizens,25
o,3
bicentennial,2
disqualified,1
palestinians,3
rebut,1
nixon,1
raised,4
statements,3
marshall,1
son,6
thankful,1
beings,1
reducing,1
fabric,1
waits,1
support,58
constantly,1
raped,1
authorized,1
greatness,5
overhead,1
halls,2
launching,1
happy,4
underestimated,1
unfree,1
offer,12
fascination,1
hemisphere,6
understandable,2
safeguard,4
congratulations,2
else's,3
inside,2
unanimous,1
lays,1
stability's,1
accelerate,2
certitude,1
proud,16
liberal,7
sight,1
proven,4
forestland,1
proves,2
exist,1
dealer,3
negotiations,11
cambodia,1
role,15
ambitious,4
irresistible,1
roll,3
's,4
maimed,1
muslims,1
intent,1
professional,1
rolling,2
workers',1
time,137
push,4
breadth,1
cincinnati,1
finger-pointing,1
chain,1
whoever,1
boo-o-othe,2
chair,2
grappled,1
carpenters,1
veterans,2
paychecks,1
refinance,1
choice,28
embark,1
gloomy,1
mourn,2
stays,3
exact,1
minute,3
tear,3
leave,13
solved,2
depositors,1
settle,3
subway,1
team,5
world-shaking,1
prevent,3
spiritual,1
sign,8
educate,3
celebrated,4
realizing,1
current,3
toxic-waste,1
ground,13
boost,2
drafted,1
jury,1
grandparents,2
understanding,3
contemplate,2
address,16
alone,22
along,15
momentous,1
brilliant,1
studied,1
funded,3
accomplished,3
crumbled,1
studies,1
tasks,2
love,17
saints,1
prefer,1
marvelous,1
save-later,1
forefront,1
red,1
single-parent,1
working,23
positive,4
cherished,1
wondering,1
scope,6
loving,3
afford,7
refrain,1
approving,1
everywhere,10
virtue,3
behalf,6
involve,4
pretend,1
abortion,1
believer,1
believes,2
values,16
believed,6
mirrors,1
awesome,1
intransigent,1
unveiled,1
allowed,3
offense,1
stole,1
agendas,1
winter,1
divided,5
lulac,1
elephant,1
technocrat,1
harderthe,2
fueled,1
date,6
such,34
data,1
natural,3
sectors,1
ss,3
yielding,1
st,7
so,171
wolves,1
pulled,1
unacceptable,2
years,94
course,21
yearn,2
tore,1
thumb,1
internationally,1
jim,6
troubles,4
tort,1
suspicion,1
``slippery,1
suspension,2
bipartisan,7
decades,9
civilian,1
smarter,1
courageously,2
nation,85
retrain,1
drilling,1
arriving,1
twilight,1
maintaining,2
matched,1
establishing,3
instability,3
amnesty,1
quarter,1
stalling,1
square,1
bursting,1
breakthrough,1
byelorussia's,2
sponsor,1
entering,3
seriously,2
investigation,4
suggesting,1
formula,2
demoralization,1
cooperatively,3
million,17
incentives,9
possibility,2
quite,4
complicated,1
intensely,1
training,10
wrong,14
initiate,1
massive,5
socking,1
routes,1
neglect,3
saving,1
spoken,4
one,188
submit,2
vote,9
open,18
ripping,1
city,4
stifled,1
convene,5
shawn,1
once-closed,1
representing,1
helsinki,2
future,79
russia,3
prospect,1
addressing,3
tasted,1
polemic,1
turned,4
argument,1
sad,1
say,99
buried,1
saw,13
sat,3
aside,6
instructed,2
note,4
intends,1
take,64
band,1
destroy,5
concern,6
handing,1
'kindness',1
squalor,1
knew,5
remarks,1
pages,1
honecker,1
lawn,1
nuclear-freeze,1
average,1
phil,4
drive,4
federal,36
redirected,1
affirmed,3
laws,6
merit,3
bright,5
aggressive,5
imagined,1
slow,2
cloak,1
liberation,3
tears,2
going,92
outrage,2
congressional,10
dispute,3
rejoiced,1
condemning,1
battalions,1
awaiting,1
prime,5
resource,4
borrow,1
worried,3
liable,1
worries,1
where,66
vision,19
enthralled,1
raged,2
untapped,2
alarming,1
representatives,4
preemptive,1
refreshed,2
affecting,1
enjoys,1
welcomes,1
jobs,41
awards,1
menacing,2
spark,1
many,72
deduction,1
s,31
loudly,1
workplace,1
expression,5
can't,23
allowance,2
twin,1
caring,8
teddy,1
west,13
concede,1
breath,2
combined,1
motives,2
wants,10
enable,3
thousand,6
observe,1
bushthe,2
former,10
pettiness,1
polls,1
endures,1
policies,9
situation,10
engaged,5
technology,10
expenditures,2
missiles,11
ingrained,1
threatens,2
spiraling,1
surveillance,1
underestimate,1
barbed,4
cheers,1
walesa,1
costs,14
trains,1
summer,2
being,27
rest,11
summed,1
grounded,1
somalia's,4
eisenhower,3
skies,4
starving,4
aspects,1
endive,1
rejoin,1
dart,1
dark,6
darn,1
world,302
vague,1
bravery,2
clan,1
stranger,1
superiority,2
stationary,1
grouping,1
satisfactory,1
learning,2
lebanon,3
racial,2
thinks,6
scandals,1
there'll,1
substance,1
seaman,1
exit,1
contingent,1
power,49
ration,2
leadership,62
pluralism,1
throwback,1
stone,1
package,4
industry,1
neighbor,8
act,47
luck,5
image,1
homeless,5
parties,11
wade,3
her,22
hey,2
futile,1
tireless,1
recommends,1
complete,10
child's,3
technologies,3
with,417
buying,1
abused,1
they're,31
october,3
age,12
darker,1
detailed,1
gone,6
invigorating,1
exhausted,2
certain,19
am,70
wartime,1
an,156
as,299
at,210
walks,1
watched,6
dawn,1
managing,2
extract,1
graduate,3
``american,1
unparalleled,2
congress,112
annex,3
seriousness,1
accounts,2
planners,1
saddam's,6
mass,12
panamanians,2
waiver,1
consider,5
caused,2
fairness,2
causes,1
tv,1
cheney,7
to,2171
th,18
norm,1
paying,4
returned,2
manageable,1
strand,1
cable,1
joined,9
insufficiently,1
large,5
sand,3
harry,5
small,22
quicker,1
penalties,3
gulfs,1
pass,17
recalculate,1
investment,24
richard,1
clock,1
avenues,1
full,25
empower,2
hours,10
mckenzie,1
civilians,3
graves,3
comrades-in-arms,1
compliance,1
brutal,3
congressaudience,1
prior,3
healthier,2
suitwe've,1
thousand-dollar,1
pick,2
action,32
skepticism,2
tax-free,1
followed,3
enactment,1
vii,1
marriages,1
-centered,1
hard-and-fast,1
i`ve,1
pulls,1
select,2
objectives,7
petroleum,2
freest,1
pitching,1
more,199
door,6
signpost,1
spoils,1
tested,2
sizing,1
keeping,8
science,6
midstream,2
resources,9
learn,12
beautiful,6
soak-the-rich,1
stated,2
suggestions,1
accept,15
states,141
sense,20
gallon,1
scar,1
condemn,5
huge,1
imminent,1
unattended,1
plant,2
intended,1
countryside,1
scapegoating,1
plane,1
ethics,1
lanka,1
acquisitions,1
register,1
fundamental,9
mexican,1
furthering,2
trade,27
ahepa,1
attitude,2
paper,2
scott,1
signs,5
its,102
roots,1
imaginings,1
rapidly,1
gerald,2
deeds,1
ally,1
colleague,1
tyrants,2
propose,13
sucked,1
coping,1
always,29
truths,4
eloquence,1
found,7
shocking,1
status,6
resolute,4
reduce,19
slowdown,2
exorbitant,1
hemispheric,1
operation,11
really,15
repressive,2
inelegant,1
missed,2
research,12
salute,9
belief,1
risen,2
loafer,1
proxy,1
imagine,5
rises,1
driven,4
government's,3
major,17
number,9
sequester,2
ethereal,2
protectionism,1
guess,3
heads,6
introduction,3
threatening,4
nobly,1
hallowed,1
saint,1
relationship,16
immediate,11
appreciation,1
consult,5
endlessly,3
grace,3
pennsylvania,3
determined,9
emirates,1
remembers,1
sell,4
destabilizing,1
self,4
also,55
recognizing,3
internal,3
depression,1
analogy,2
play,10
swiftly,2
unused,1
plan,58
singled,1
understands,1
seize,2
fiscally,1
cover,1
barrel,2
gold,1
rayburn,1
accommodations,1
defended,1
session,2
parochial,1
overwhelmed,1
occupation,1
impact,5
writer,1
failed,8
dependent,4
banned,2
resent,1
preparing,2
closely,1
compass,2
self-discipline,1
frightening,1
enemy,4
land-based,1
progressive,1
tumult,1
banking,2
surrendering,2
kill,1
river,1
approaching,1
set,20
creator,2
see,63
sea,2
compliment,1
europe,37
candor,2
hardship,1
embargoes,1
postponement,1
peacetime,1
incident,4
renewed,3
aggie,4
dividend,1
prospects,1
improved,1
barely,3
forward-looking,3
connection,2
improves,1
rose,2
long-term,10
let,118
approve,2
load,1
majesty,1
acted,2
allegiance,2
community,37
hollow,2
agents,1
church,2
creeds,1
indefinite,1
acceptance,2
convicted,2
suburbs,3
stalin's,2
contained,1
extreme,2
firm,4
what's,15
fund,4
races,2
sleeves,2
representative,2
systematic,1
towns,3
level-best,1
judicial,1
straight,1
expanded,4
budget,59
receive,5
disproportionate,1
real,32
hoping,1
backing,2
vow,3
shorter,1
rules,8
virtually,1
ugliness,1
money's,1
comprehensive,10
alert,1
henchmen,1
mosbacher,1
levels,10
medicaid,1
infamous,1
recent,10
person,5
telegram,1
plagued,1
galvin,1
recipient,1
eager,1
parents,29
location,1
crying,1
cuellar,3
victims,4
emergency,3
demands,3
suffering,5
quest,4
abound,1
emergence,2
projects,5
formal,1
imposed,8
d,12
squandered,1
consensus,3
individuals,7
yields,1
senate,12
spring,2
mideast,2
battalion,1
momentary,1
transactions,1
religion,1
be,448
idealistic,1
china's,1
agreement,40
nowhere,1
by,249
wildlife,3
anything,10
deserves,4
clinton,17
garbage,1
terrorists,1
hometown,2
into,66
ministers,2
appropriate,5
controversies,1
primarily,1
uncertainties,2
span,2
spending,42
bargaining,1
specifically,2
suit,1
post-cold-war,1
rhetorical,1
blueprint,2
elsewhere,2
jewish,1
atop,1
slums,1
mcclure,2
link,3
pacific,5
line,12
cia,1
erich,1
inhumane,3
``hey,1
up,107
us,182
morocco,1
un,1
verification,2
mature,1
reconcile,1
armstrong,1
defined,6
likewise,1
influence,3
diverse,1
guillermo,1
hopefulness,1
nationalism,3
defines,1
fixing,1
scrape,1
elements,4
prosecution,1
sides,8
ago,61
tailored,1
land,12
rescued,1
holes,1
summit,4
fresh,2
menace,3
having,8
serviceman,2
results,2
existing,4
legal,3
broader,5
centers,1
seemed,3
longstanding,4
concerned,11
young,35
send,15
dislike,2
sent,12
probe,1
provides,5
continues,2
languished,1
perks,1
continued,5
wipe,1
magic,3
f,1
they've,9
fewer,2
anxious,1
race,4
pledge,7
seventies,2
odd,2
graduating,2
index,2
waning,1
expressed,3
consistently,1
expresses,2
firms,2
proliferation,3
led,11
drill,1
b-,1
gathered,2
delivering,1
poverty,4
history's,2
second-rate,1
consideration,2
great,57
engage,2
computer-literate,1
technical,2
involved,5
titanic,1
grandchild,1
defeat,3
makes,12
involves,1
outcomes,1
assemble,1
tools,2
standing,7
confidence,9
cheered,1
recalling,1
illegal,2
theme,1
next,40
doubt,9
forefathers,1
rick,1
occurred,1
dealings,1
opposing,2
sharply,1
baby,2
this,559
peopleforty-three,1
challenge,23
pour,1
schwartzkopf,1
fulfill,6
weaker,1
bent,1
process,18
purposes,3
high,22
slip,2
weaken,3
educational,2
docking,1
destroying,1
delay,1
escalating,1
hormones,1
establishment,2
singular,1
await,2
tied,2
demonstrating,2
ties,3
solidarity,2
efficiently,2
manpower,1
counter,1
allow,15
volunteers,1
counted,1
move,35
produced,2
perfect,2
chosen,3
stalled,2
lawlessness,1
prosper,3
outlined,3
dock,1
outlines,1
presidential,2
intelligent,1
truth,15
accompanied,1
beneath,1
doing,22
society,17
books,3
static,1
witness,2
',3
dominated,1
czar,1
shut,2
regulators,1
surely,11
gardner,1
regulatory,1
could,53
scars,1
david,2
hussein,20
troublemakers,1
stimulate,1
kendall,1
blown,1
rescinding,1
scene,3
pac's,2
hand-carried,1
legislative,4
reference,1
los,1
ordering,2
system,29
sergeant,2
painful,1
interests,21
enforcement,9
vigorous,2
lot,25
shorts,1
havel,2
steel,1
europe's,1
warfare,2
aggressor,1
reacted,1
extraordinarily,1
malpractice,2
tortures,1
steep,1
misunderstand,1
hatreds,1
separations,2
trusting,1
partnership,17
spelled,1
quietest,1
gentle,1
defending,1
clearly,10
viewed,1
amphibious,1
soak,2
mechanism,1
cross-border,2
demolished,1
korean,1
competence,6
toughest,3
worldwide,2
device,1
fervent,1
so-called,3
stronger,11
thanksgiving,1
face,34
ignited,1
you'll,4
wounded,1
fact,32
bring,24
bikes,1
rough,1
throughand,1
decade,5
taps,1
pause,1
entangling,3
should,98
bombings,1
olympics,2
mayors,3
hope,64
meant,5
insight,1
listened,6
means,25
familiar,1
lucky,2
andreotti,1
defenseless,1
multiyear,2
unblocking,1
committees,1
taxes,24
summon,1
taxed,1
strengthened,2
temporarily,1
frame,1
andover,1
wire,3
destiny,7
nuclear,39
partisan,3
cloudless,1
ends,4
drum,1
supplants,2
deficits,1
drug,12
schools',1
conclude,2
crafted,2
allocated,1
winning,4
dazzling,1
poured,1
waste,4
recurring,1
>,1
boyden,1
puerto,1
eisenhower's,1
altruism,1
banish,1
compton,1
concerted,1
hardware,1
optimistic,7
sits,1
waivers,1
terrorist,1
terrorism,4
planned,1
mcgovern,1
wisest,1
upon,17
dust,1
overalls,1
mosaic,1
off,19
shotgun,2
command,2
less,32
moments,1
clocks,1
gramm-rudman-hollings,2
rooms,1
day-to-day,1
web,1
generous,8
badlyi,1
realize,6
regents,1
crack,1
villagers,1
innocents,4
increased,4
magnify,1
government,73
checking,2
chancellor,1
smithsonian,1
increases,5
zimbabwe,1
five,8
desk,2
bigotry,5
accelerating,1
undertaking,1
become,19
amendment,5
thief,2
immortal,2
choosing,1
recognition,3
contested,1
cruelest,1
literally,3
avoid,6
detainees,1
anti-semitism,3
passion,2
blowing,4
schedule,1
pressure,2
posterity,1
r,5
loans,4
counties,2
hiding,1
lifestyle,1
puts,5
angeles,1
blackness,1
concession,1
alliance,10
coverage,3
commitment,24
referendum,1
assess,1
``invest'',1
roads,2
baskin,1
mere,1
privates,1
sander,2
housing,5
annette,1
troubling,1
function,2
fiscal,4
complacency,1
''s,1
delivery,1
construction,2
basin,1
arsenals,4
count,3
packard,1
places,4
wife,4
smooth,1
placed,3
convince,9
monument,2
distribution,2
bearing,2
rightly,1
recognize,13
contribute,8
cosponsored,1
all-volunteer,1
plundered,2
inf,1
variety,1
deadly,3
half-a-billion,1
details,2
overwhelms,1
reckless,4
francisco,1
monday,1
oppression,1
chance,13
inspiration,2
rule,16
compete,6
pension,1
searched,1
rural,1
unspeakable,1
``elvis,1
consolidated,2
khalid,1
controversial,1
saved,4
relationships,1
longfellow's,1
votes,4
voted,3
worth,2
compassion,8
blanket,1
we'll,10
exaggerate,2
roadblock,1
math,2
yesterday's,1
triumph,8
pragmatic,2
bubbling,1
machines,2
established,2
deliberate,2
revolutionize,1
above,17
frank,3
churches,2
told,7
crunch,1
protection,6
pursuit,8
coddle,1
celebration,2
daughter,1
study,4
smoke,2
bunker,1
secure,17
servicemen,2
highly,5
opportunities,12
achievable,1
total,2
experimentation,1
devastation,1
palestinian,1
alligator,1
world's,19
well-trained,1
insult,1
indiana,1
separated,2
tolerated,2
multiple-warhead,1
cured,1
harnessing,1
word,13
wore,2
unfailing,1
work,97
divorces,1
era,17
containment,7
``closed,1
spendthrift,1
unshackled,1
bennett,1
indicates,1
indifferent,1
uae,1
recovery,4
provide,18
offshore,1
merritt,1
transforming,4
after,46
memorial,1
customs,1
lay,3
suing,1
law,35
elusive,2
homeowners,2
appreciate,1
greet,1
hamstrings,1
nascent,1
worst,3
order,35
greed,1
office,6
defenders,1
satisfied,1
``investment'',1
innovative,1
japan,8
mayor,2
appeasement,2
somewhere,5
recreational,1
denver,1
production,9
workable,1
then,67
them,133
safe,6
break,6
emigrated,1
shameful,1
they,198
bank,5
slavery,1
reasonable,1
feeds,1
lifted,2
fairly,2
councils,1
dumping,1
crimes,4
blows,1
gladdened,1
diesel,1
fellows,1
daniel,1
drawn-out,1
medicine,3
water's,1
act-up,1
barrier,3
veto,7
lawless,1
standard,1
disputes,1
drug-free,3
people's,2
incorporates,1
recovering,1
created,8
creates,1
renew,1
oppose,2
baltic,3
organize,1
another,39
thick,1
electronic,1
nowand,1
compromise,4
john,2
enhancing,1
albert,1
rejected,3
wastes,1
target,2
seated,2
historical,1
solely,3
manned,1
rewrite,1
pessimism,3
manner,1
forced,3
quieter,1
strength,32
genuine,3
necktie,1
convenient,1
boutros-ghali,2
self-defense,1
subjects,1
luxury,1
forces,82
sue,2
extending,3
involving,5
germany,8
exercises,2
grave,2
neighborhoods,1
accord,3
investments,4
enshrined,2
sun,3
responded,3
reserve,2
asia-pacific,1
brief,1
subtle,1
enjoyed,1
implementation,1
guidance,2
glasnost,1
deepest,1
pursuing,1
pulpit,1
adequate,1
predecessor,1
do,193
kuwait's,5
loved,4
de,5
vividly,1
dr,4
rebirth,1
children's,3
gears,1
steal,1
secretary,33
triumphed,1
depends,9
discussions,2
away,30
sweden,1
unable,1
tainted,1
cooperation,27
drawn,1
breakaway,2
terms,18
handful,3
kitchen,1
foes,3
climate,1
ill,2
cochair,1
old-fashioned,1
con,1
negotiation,5
tough,16
communism''if,1
tons,3
broadens,1
speak,24
gratitude,1
strong,40
flexibly,1
condemned,1
personable,1
charisma,1
flexible,2
warmth,1
duties,1
families,37
beloved,1
relaxing,1
attacked,1
coherent,1
brightening,1
applied,1
tonight,93
has,187
ahead,13
publicly,2
air,17
aim,5
rationally,1
aid,7
voice,4
mistake,12
preeminent,1
confirmed,1
perform,2
wheel,1
independent,1
nih,1
raid,1
saddam,40
blames,1
evil,2
hand,30
kept,5
thy,1
thirty-four,1
humble,1
options,5
contact,1
the,3717
camps,3
unified,1
she'll,1
traditions,3
thanks,12
victim,3
hills,2
similarities,1
passive,3
wright,1
spread,10
transformed,3
board,4
caps,4
arab,16
retreat,2
abstraction,1
night,23
security,82
starvation,3
cooled,1
honored,6
sends,2
born,8
bore,1
congratulate,1
humor,1
comments,1
asking,18
denied,5
participation,7
columbus,1
pose,1
outlays,1
post,1
theirs,1
newspapers,1
months,21
hostilities,2
gentler,2
horizon,3
wasting,1
prisoners,2
delighted,3
balances,1
balanced,5
stumble,1
amidst,3
legislation,15
sovereign,2
fight,23
conservation,5
way,65
youthere,1
innovators,1
was,140
war,119
lowest,3
becoming,2
vitality,1
peninsula,2
needles,1
dead,4
true,11
maximum,4
attuned,1
generosity,3
prayed,1
promises,7
evidence,1
expertise,1
promised,7
prayer,3
enlist,1
physical,2
stake,9
reality,6
holding,3
test,11
unwilling,1
shrink,1
brothers,1
welcome,15
let's,29
authoritarianism,1
bestowed,1
pork-barrel,1
ogden,1
together,66
cohesion,1
loyal,3
reception,1
precedent,3
concept,9
broke,1
diplomacy,10
global,17
grateful,8
battle,14
superpower,7
idealism,5
repression,1
certainly,3
zone,3
permanently,3
terror,2
idealist,1
division,6
trouble,5
aggressively,1
presented,1
turns,1
fragile,4
gun,1
p,2
guy,5
woven,1
brave,9
regret,4
agitate,1
roquejeoffre,1
cost,18
forging,2
helpless,1
assistance,5
havoc,1
uniform,2
shared,12
appeal,5
supporting,6
inauguration,2
grounders,1
teaches,1
teacher,1
change,61
sending,3
exemption,2
trial,4
franklin,4
kemp,1
usually,1
country's,6
homeward,1
churchill,3
regardless,1
extra,2
uphill,1
italians,1
illumination,1
fbi,1
rarely,1
market,6
gladiators'',1
prove,3
territories,1
live,21
symbolized,1
angels,1
commissioner,2
organizations,11
car,3
cap,2
secretaries,1
labeled,1
can,225
cab,1
heart,21
dedicated,5
rebuffed,1
expanding,3
subsidies,1
didn't,20
heard,13
fortunes,1
chin,1
clothing,1
productive,4
fortunately,1
discussion,2
bonds,2
write,4
economy,42
product,3
gpals,2
escalate,1
sacrifice,11
southern,3
produce,10
heroes,2
nomination,3
remember,27
grandson,1
trumpets,1
futures,1
accelerated,1
quarter-million,1
offend,1
michel,2
serving,8
indeed,19
consulting,4
ended,6
cold,31
still,34
culmination,2
shaping,1
forms,3
window,1
factual,1
halt,1
half,21
not,378
now,186
provision,1
hall,6
nor,11
enacted,2
galloway,1
january,3
entirely,2
el,2
significantly,1
challenged,1
directing,1
challenges,25
challenger,1
fires,2
year,66
hymns,1
teams,2
shown,4
accomplish,1
opened,2
space,11
looking,8
shows,2
inevitably,3
defenses,3
unwanted,1
carl,1
obligation,4
marine,8
inevitable,3
care,34
cycles,1
transition,3
british,2
honest,4
tangled,1
profess,1
blind,2
flying,1
striking,3
omitted,1
comprised,1
directly,3
impossible,3
message,7
tomorrow,11
'em,9
size,1
silent,1
caught,7
tragic,3
friend,13
expounding,1
thaw,1
that,930
taxation,1
eliminated,2
than,108
television,1
optimism,2
fruits,4
remained,2
anger,1
slab,1
overcoming,1
terrific,1
objective,12
begin,12
price,5
importantly,3
forefathers',1
america,206
forever,4
steady,3
talents,1
mrs,4
sunset,2
growth-oriented,1
abraham,1
``good,1
german,2
fifty,3
discovered,1
isolationism,2
fifth,3
geography,1
proportion,1
only,84
watching,7
truly,10
baghdad,3
cannot,44
sathe,2
progress,25
celebrate,3
homegrown,1
husband,1
concert,2
burst,1
icbm,1
famine,1
elected,6
actively,4
flatly,1
europeans,1
tackling,1
between,29
import,2
justified,1
notice,2
unleashing,1
blame,2
hurts,3
javier,2
talented,2
self-interest,1
enabling,1
ameliorating,1
comes,13
impediments,1
dispatch,1
exploit,1
couldn't,6
proved,2
fruitful,1
rebuild,4
informed,2
dictator,16
dangers,4
partisanship,2
elvis,2
stems,1
realities,1
developing,2
these,133
scud,1
devastated,1
person's,1
soil,1
health-care,2
workwe,1
commander,14
embrace,2
return,17
ship,2
worry,5
develop,3
media,1
medic,1
gentlemen,1
ya,1
noble,3
finish,4
centuries,6
closest,1
validate,1
tradition,5
mentally,1
theater,3
constitutional,2
severe,1
breeze,8
congressmen,4
laboratories,1
tossing,1
valuable,1
sweeping,2
civilized,3
touch,3
speed,5
death,9
thinking,7
improvement,5
subversion,1
treatment,5
republic,4
struck,2
momentum,1
seams,4
read,6
early,7
earnest,1
listening,3
using,15
reap,1
ruled,1
reborn,2
developers,1
collective,7
miracle,1
annually,1
benefit,9
occasions,1
output,1
endorsed,4
exposed,1
privatization,2
intend,4
enacting,1
capability,2
recorded,1
deficit,34
rubber-check,1
necessitating,1
landmines,1
assembly,6
business,19
equivalent,1
uneasy,2
hectic,1
sixty,1
exciting,1
throw,2
central,12
friendship,4
sri,1
ideology,2
fell,3
greatly,1
underway,2
barrels,3
youi,1
quotas,1
cleaves,1
involvement,5
your,110
intervention,2
prepare,9
area,5
assumed,1
stark,1
grange,1
start,20
low,4
stars,3
lou,1
billion,34
delayed,1
two-thirds,2
trying,3
happening,5
embedded,1
pessimists,1
beliefs,1
arabs,4
describe,2
moved,9
sales,3
reliability,1
moves,6
hospitals,1
credibility,1
anarchy,3
intercontinental,1
mathematics,1
you,392
poor,6
open-ended,1
arab-israeli,2
endeavors,1
podium,1
massachusetts,1
suited,1
pool,3
building,16
assert,2
hard-working,1
stockpile,1
restored,6
freedom'',1
overseas,1
judgment'',1
since,24
pointing,2
month,10
thoughtful,1
religious,5
corps,3
pledged,1
foster,2
safety,5
divisions,2
very,99
horror,3
primed,1
decide,3
heaven,1
--,300
i'll,23
streets,4
nearing,1
greenspan,2
enhancement,2
conscience,3
consumers,1
witnessed,4
investing,2
learned,13
multinational,3
turmoil,1
iran,1
modify,1
surface-to-surface,1
nomination's,1
selective,1
gramm-rudman,1
iras,3
iraq,67
arena,1
conviction,4
inspired,1
reason,8
soldier,8
amount,3
advertising,1
risktakers,1
uniquely,1
toughness,1
family,36
panamanian,4
thatcher,2
put,61
aimed,2
trained,2
spawned,1
conventional,6
heartened,3
flaws,2
takes,10
answered,4
contains,1
strauss,1
oil-producing,2
taken,13
injury,1
lowering,1
incentive,2
instrumental,1
excuse,1
commenced,2
regrettably,2
factories,3
respected,4
coalition,28
nine,1
budgets,2
self-conscious,1
history,39
claimed,1
stymie,1
stayed,1
convertability,2
reject,2
vigilance,3
tried,11
invasion,9
heartiest,1
a,1318
anytime,1
negligible,1
dread,2
banks,2
dream,15
enslavement,1
help,86
soon,19
held,22
committee,3
committed,14
staunch,1
taxpayer,4
solving,2
actually,2
territorial,1
systems,3
founders,5
haven't,6
finer,1
fool,1
evening,7
motivated,3
food,18
arsenal,2
you've,12
foot,1
towering,1
well-known,3
fully,13
intervene,1
bless,27
stopped,5
isn't,10
heavy,1
millie's,1
neil,1
bickering,1
beyond,18
event,1
wedlock,1
visions,1
robert,1
surrounded,1
temporary,2
douglas,1
trusts,1
sustain,7
issue,10
favored,1
houses,1
untiring,1
base,1
brightest,1
ask,49
launch,5
persuading,1
terrible,7
americas,6
american,192
expecting,1
product-liability,1
freedom's,7
partnerships,2
consultations,2
knocking,1
reflected,1
unexpected,1
miss,1
fearing,1
airborne,3
station,1
expand,9
hundred,4
passed,19
assaulted,1
impersonal,1
toward,27
unfinanced,1
texans,1
substantial,4
perestroika,3
sentences,1
vulnerable,4
lid,1
lie,1
way''audience,1
officers,3
targets,5
lit,1
expansionism,3
towards,5
quote,5
kay,1
hands-on,1
approved,3
muscle,1
loopholes,1
clear,30
unreasonable,1
clean,16
latest,1
blend,1
perseverance,3
planeload,1
multilateral,4
begets,1
northern,2
justice,11
flights,3
pretty,3
hardened,1
circle,1
dominant,1
trees,1
famous,1
feels,2
competing,1
nagging,1
sacrificed,1
celebrates,1
sacrifices,5
withdrawal,8
patriotism,6
throwing,1
lifetimes,1
prague,2
culture,5
close,7
deploying,1
revolution,8
pictures,1
won,8
probably,4
lowered,3
conditions,5
both,33
wouldn't,4
canadians,1
protector,1
liked,2
headed,2
puritan,1
whatever,11
uniforms,1
aggressors,3
described,3
maintenance,1
threaten,13
territory,6
empty,1
walter,2
lived,8
citizen,3
deter,8
determination,5
bidding,1
pact,5
utmost,2
look,50
governor,25
pace,2
while,31
socialism,1
match,5
guido,1
mitchell,2
guide,5
costly,1
voters,4
rulers,2
reads,4
ready,23
hoar,1
anymore,5
grant,4
belong,2
conflict,23
used,15
lawyers,2
``clinton,1
youngsters,1
uses,1
cleaning,1
decency,5
yeltsin,5
kurdish,1
older,2
poland,6
obviously,2
clears,1
appalled,2
coup,2
quarters,1
devastatingly,1
praying,1
scowcroft,2
adkisson,1
$,45
guaranteed,1
questioned,2
guarantees,2
remaining,4
marco,1
march,6
showing,3
game,4
dearly,1
overriding,1
success,16
envisioned,1
signal,2
patriots,2
eec,1
fathers,5
creation,5
some,91
urgent,3
lips,2
economic,78
plumbers,1
gracie,1
savage,2
wet''look,1
civilization,1
simmer,1
pushers,1
foley,1
run,8
rub,1
first-time,4
lakes,1
stem,2
step,12
abroad,18
troops,28
faith,12
congressman,6
block,1
miracles,1
seeing,1
within,16
pentagon,2
militarily,1
renewal,7
consultation,3
rivalries,1
heritage,1
withholding,1
himself,1
governs,1
collapsed,1
specialty,1
properly,2
segregation,1
fishy,1
shouldered,1
russian,5
warlike,1
ideals,6
foresight,1
similar,3
ordered,3
adults,1
mindful,1
do-or-die,1
accessibility,1
reopening,1
languishing,1
unwise,2
amounts,1
fears,3
application,4
department,3
draw,2
mankind's,1
kansas,1
bravado,1
regulations,6
evan,2
oregon,1
restrained,1
structure,2
practically,3
required,5
resolving,4
depth,1
she's,2
humiliates,1
requires,10
underbrush,2
farms,3
proposition,1
go,53
barbecue,1
compact,1
arrogance,2
does,29
prudence,2
underscore,1
telling,4
quayle,5
positions,2
compassionate,1
michael,1
assignments,1
catastrophes,1
barbara,11
enforce,4
carter,1
punishing,2
decreed,1
jump,1
click,1
plays,1
colonel,1
cell,1
stimson,2
folks,1
saps,1
stance,1
commercial,2
following,8
convert,2
non-arabs,1
withdrawing,1
out-work,1
haunts,1
repel,2
products,7
weren't,2
salvation,1
danger,6
win,18
manage,3
crazy,2
addressed,1
buildup,1
singing,1
remains,11
adversary,1
child-care,2
camera,1
stage,1
reflects,5
hydro,1
bureaucracy,6
formally,2
biblical,2
started,9
becomes,1
missile,11
israelis,2
crosses,2
announcing,4
sanctions,19
somali,1
recession,3
meet,27
nurture,1
conformity,1
withdrew,1
control,29
job-creating,2
sought,6
wonderful,8
corruptions,1
ambivalence,2
africans,2
arrangement,1
instinctively,1
farm,2
ronald,5
fouled,1
advocated,1
xenophobic,1
agenda,10
won't,22
during,7
mentioned,7
exclusion,1
massed,1
hands,19
front,7
literacy,1
university,4
nationals,2
legions,1
commonwealth,2
despots,2
globe,4
serbia,1
sands,1
measure,8
sandy,2
gallant,1
activism,1
peace-loving,1
cause,20
one's,4
terminated,1
recommendations,4
humiliating,1
delegates,1
completely,2
intrudes,1
conservatives,1
hostile,2
determining,1
route,1
florida,2
keep,30
insensible,1
mankind,7
powerful,7
precisely,1
quality,11
acheson,1
you're,22
management,2
bears,2
inasmuch,2
relations,7
clinton's,1
attack,8
prouder,2
final,4
prone,1
punish,2
exactly,6
reunification,1
herself,2
distinguishes,1
bed,2
providing,4
distinguished,7
spurs,1
enforced,2
lightly,3
horrors,2
need,76
manitoba,1
out-produce,1
able,14
battles,2
ably,1
instance,1
relatives,1
truck,1
fuels,1
deploy,3
intentions,2
connected,1
demise,1
awe,1
sa,6
consequences,4
insured,1
undeniable,3
-point,4
gesture,1
stationing,1
impression,1
emerging,4
airlift,1
anyway,2
well-being,5
soldiers,10
shoes,1
partners,11
envy,3
based,10
tire,1
earned,6
hopeful,6
brighter,2
bases,3
fuel,1
achieve,10
boris,4
slows,1
crumbling,1
overall,1
joint,13
legitimate,8
kong,1
procedures,3
endless,4
gray,2
evolution,1
evident,1
watershed,1
she,13
wish,12
spotted,1
albania,1
prayers,3
shake,1
freeze,13
officials,3
yugoslavia,6
powder,1
nightmare,2
tend,1
state,40
horrible,3
tens,3
neither,3
attention,2
keg,1
interfere,1
kicking,1
key,14
police,2
precious,9
problem,19
limits,2
career,1
minds,4
admit,3
jersey,1
diplomats,1
preparedness,1
cynicism,1
kings,2
poem,1
accomplishing,2
addition,2
discrimination,9
outlaws,1
liberals,1
treat,1
armistice,1
controlled,3
league,9
missile-related,1
ours,10
smoking,1
troubled,4
intimidate,2
harder,7
``let's,1
-year-old,2
began,18
strange,1
speaker,11
party,4
tapped,1
unconventional,1
forgotten,6
effect,9
single,16
destruction,12
i,904
welk,1
well,83
restore,7
underdog,1
increasingly,2
oak,1
sources,2
mistakes,2
distant,9
spells,1
nato,9
sweet,2
warrant,3
homework,2
definitive,1
fate,1
disappearance,1
crushed,2
munich,1
historic,26
burden,19
immediately,8
loss,5
lincoln,3
necessary,17
renegade,1
lost,15
payments,2
lose,5
refugees,2
page,4
adversity,2
therein,1
library,5
tempered,2
repeat,3
home,64
competitor,1
broad,4
appreciative,1
rewarding,1
demonstrated,4
hinder,1
congress',1
reaching,2
monetary,1
expansion,7
mondale,2
refuge,1
freedom,69
recognized,1
compatible,1
arrogantly,1
stakes,6
equally,1
washington,20
withholds,1
strategy,10
rejoice,2
additional,4
museum,1
imperial,2
inner,4
north,7
blaming,1
gain,4
highest,1
he,134
grieve,3
signed,3
economics'',1
cruel,1
limit,2
piece,4
catch,1
diligently,1
marketplace,2
universal,4
upsets,1
twist,1
education,24
authority,3
functions,1
-day,1
contest,2
offensive,3
stay,9
inescapably,1
additionally,1
else,12
empowers,2
portion,2
lives,39
rebuilding,1
commencement,2
simpson,1
aided,1
secondly,2
dissolution,1
dynamic,5
themselveshere's,1
whose,12
fronts,1
tremors,1
disability,2
boundless,1
protections,1
teaching,5
sorry,3
communique,1
railways,1
govern,4
courageous,3
vast,3
companies,4
solution,8
brimming,2
s-japan,1
enhance,2
heading,1
force,68
japanese,1
across,18
likely,4
implemented,1
even,39
spouses,1
preferences,1
prisons,1
integrity,4
panama,27
asia,7
liberated,2
haze,1
new,225
ever,34
harbors,1
deemed,2
statehood,1
seventh,1
deadbeat,1
men,48
drew,1
met,12
active,5
aren't,2
rests,3
economics,4
expedited,1
credit,11
permit,3
buckley,1
grandkids,1
reckoned,1
fantastic,3
plea,1
campaign,4
elaborated,1
reagan,8
schooling,2
county,1
moral,15
guests,4
landscape,1
criminals,3
army,11
arms,23
call,25
calm,1
survive,3
tell,49
tenacity,1
wars,3
warn,1
disruption,1
berlin,7
warm,3
adult,2
room,3
rights,22
roof,3
whack,1
exceptions,1
give,38
honey,1
savers,1
unforgettable,1
aging,1
autonomy,2
polio,1
amazing,1
answer,26
gordon,1
minority,1
replacing,1
lithuanian,2
loyalty,3
schoolchildren,1
president,125
purchase,3
attempt,1
third,12
maintain,6
goodbye,1
operate,3
operations,8
unfolds,1
responsive,2
budding,1
before,60
personal,11
crew,1
better,46
differently,3
enlisted,1
stalemate,1
weeks,9
overcome,2
combination,4
weakness,3
unemployed,1
arrested,2
mistrust,1
faraway,1
bono,1
prerequisite,1
went,13
side,25
mean,35
certifiably,1
inhaled''this,1
mandates,1
principles,16
taught,4
trading,1
navy,3
aids,15
first-class,2
mandated,2
merchants,1
crucial,11
mccarthy,1
secretary-general,7
surprise,1
turning,3
resume,2
transitory,1
struggle,16
aisle,1
starts,3
stewart,1
playwright,1
features,2
grade,1
reassure,1
immensely,1
missouri's,1
hollywood,2
guidelines,2
innocent,8
begins,8
affront,1
enabled,2
bitterness,1
normalizing,4
preparation,1
matter,9
divisiveness,1
knights,1
enables,2
turrets,1
sees,3
modern,5
mind,8
mine,3
seen,20
seem,4
sounding,1
seek,30
tells,3
fitting,3
easygoingness,1
-some,1
loneliest,1
kean,1
mario,1
regular,3
assisting,1
don,1
medical,5
m,10
dog,1
president-elect,1
points,8
principle,19
breathed,1
consumes,1
urgency,1
selected,1
bendjedid,1
ambassador,2
$-billion,1
retire,1
ending,3
treaties,4
attempts,1
poison,2
stepping,2
judges,1
explain,1
unleashed,1
judged,2
integrate,2
bahrain,1
exports,4
endorse,1
stop,17
convulsed,1
coast,2
comply,3
earn,1
cleanups,1
fields,4
bad,6
troop,2
ban,6
folly,1
questions,7
fascinating,1
testing,3
zones,4
decided,3
subject,2
said,61
sail,2
prince,1
there's,43
forty-three,3
tolerance,3
lazy,1
picking,1
suggested,2
uncertainty,4
against,63
peddling,1
distinction,1
confronted,1
council's,1
appeared,1
height,1
initiative,13
aftermath,1
line-item,3
san,1
targeting,2
asks,2
basis,6
patrolling,1
three,12
tiny,4
commission,5
interest,23
basic,11
entered,2
meritocracy,1
deeper,2
prosperous,7
dismiss,2
personally,3
aviation,1
regretted,1
tank,2
affirm,1
able-bodied,1
economies,3
near,4
moratorium,1
ceilings,1
balance,2
anchor,3
seven,4
mexico,2
is,728
it,465
defeated,4
ii,8
shame,1
cans,1
in,1093
disappear,1
if,118
grown,2
make,95
potentially,1
unfortunate,1
sidelines,1
confronting,1
grows,6
meets,3
discriminatory,1
governors,7
opportunity,36
he'll,3
thoughts,2
kid,4
programs,21
changes,21
practices,2
qualities,1
yours,4
left,9
bessmertnykh,2
protocol,2
just,117
wasteful,2
unfair,2
identify,1
human,32
facts,6
yes,31
peacekeeping,6
yet,15
buyers,2
candidate,5
infinitely,1
satisfactions,1
character,9
defray,1
save,11
designate,1
cost-of-living,1
bailey,1
background,1
dreams,8
shoulder,7
dignity,3
unnecessary,1
deal,10
somehow,2
elderly,4
revel,1
dear,4
short-term,2
ignore,3
parrino,1
bold,4
``wall,1
confrontation,3
wept,2
afternoon,2
commit,6
marshal,1
nerve,1
lied,1
intellectual,3
down,55
lies,3
overkill,1
doctrine,1
frightened,1
initial,2
counterproductive,3
fraction,1
most-favored-nation,2
starve,2
form,8
clinics,1
landing,1
ford,5
failure,2
fahd,3
atrocities,1
fort,2
continuance,1
streaming,1
attached,1
bounds,1
abusing,1
strengthening,3
one-third,1
sale,1
revitalize,1
fashioned,1
floating,1
graft,1
discriminate,1
excel,1
warehouse,1
delivered,1
clear-cut,1
felt,3
qatar,1
phony,1
journey,2
authorities,1
aware,1
weekend,3
died,3
jones,1
outskirts,1
assume,5
daily,3
profits,1
overdue,1
managed,2
skip,1
souls,5
invent,1
redouble,1
bomber,1
milk,2
resourceful,1
hijacked,1
depend,2
show,7
father,4
iraqi,21
finally,16
marks,3
stabilizing,1
sovereignty,1
tends,1
defying,1
governments,6
legalization,3
did,36
die,1
proposals,16
democrat,5
magnet,1
excellence,9
round,4
talked,10
nineties,2
dealing,1
soviets,6
afghanistan,2
adds,2
somalis,2
somalia,22
international,47
filled,1
transportation,5
henry,1
french,1
wait,9
box,1
boy,2
institute,1
jungles,1
bow,2
thrashed,1
convoys,2
simultaneous,1
suggestion,1
boo,1
high-tech,3
bob,6
rediscover,1
useful,3
merely,5
flexibility,2
contradictions,2
verge,1
hotels,1
everybody,6
wealth,5
sake,8
ingenuity,3
visit,5
france,2
cooperated,1
sharing,3
acceptable,1
rigid,1
effort,14
fly,3
quoting,1
soul,4
wallet,2
growing,3
making,20
arrive,1
deceased,1
claim,5
classrooms,2
ordeal,1
uruguay,2
predict,2
winston,2
confused,1
council,19
spanning,1
pink,1
chemical,14
persuasion,1
sworn,1
map,2
staying,1
may,48
membership,3
designed,9
made'',1
aisles,1
guys,3
grow,10
man,27
relinquish,1
outline,2
maybe,17
switch,3
jail,1
silence,1
unleash,1
hassan,2
tall,1
talk,23
shield,1
pointed,1
seizing,1
stability,10
cuts,11
setbacks,1
group,7
thank,77
undermined,2
policy,27
mail,1
main,2
texas,12
finance,1
views,4
killer,1
christening,1
aspirations,2
killed,2
possess,3
latin,5
party's,1
unlock,1
aloof,1
girl,2
canada,3
living,4
imperative,2
blitzkrieg,1
emerged,4
correct,3
inaction,2
washington's,1
earlier,4
self-determination,2
california,2
advance,8
language,2
worrying,1
thing,40
think,78
waited,6
first,73
cheese,2
utopianism,1
shipyard,1
americans,75
fast,5
suspended,1
carry,6
sounds,1
discharged,1
little,30
anyone,10
plains,1
visas,1
rebuttal,1
speaking,7
eyes,5
inefficient,1
moscow,7
accurately,1
broadcast,1
here's,3
protected,3
were,58
taxpayers',1
occupies,1
voices,5
warsaw,4
speakers,1
answering,1
isolate,3
potential,19
interior,1
performance,2
jungle,3
pain,1
norman,2
trace,1
normal,1
track,2
friedman,1
paid,3
assault,2
mettle,1
especially,10
diversity,4
war-weary,1
shot,4
tragically,2
certification,1
reassessing,1
elevate,1
corner,2
safekeeping,1
mubarak,2
dick,4
behind,17
kilometer,1
black,1
raising,4
treasury,3
get,77
hostage,5
employers,1
nearly,6
conjunction,1
keyboards,1
communicates,1
morning,4
stupid,1
finishing,1
mogadishu,2
communicated,1
declared,5
seas,2
bill's,1
relative,1
calendar,1
wonder,2
indicted,1
steadfast,3
label,1
enough,12
reading,1
checks,1
affordable,2
infrastructure,3
august,12
parent,3
legitimacy,1
--so,1
jr,1
killing,2
beefed-up,1
gauntlet,1
tug,1
dates,1
according,1
tour,1
dated,1
among,12
cornered,1
cancer,3
refocused,1
grants,1
cancel,1
no-fly,2
technicalities,2
sensible,3
unusual,1
capable,5
selflessly,3
mark,1
dependable,1
borders,4
mary,1
educated,1
shopping,1
offered,3
valor,2
dramatic,9
wake,4
declaration,2
those,107
sound,15
fuel-switching,1
n's,1
margin,1
eventually,3
endowed,2
sincere,1
strain,1
pressing,2
spend-and-tax,1
wisely,1
everyday,1
different,16
doctor,2
pay,23
steppes,1
same,24
pac,1
speech,5
arguments,2
struggling,2
disappointment,1
exhaust,1
oil,28
assist,4
companion,1
running,8
climbing,2
totally,4
dumpers,1
largely,1
iraqis,2
convenes,1
mortgages,2
accountable,2
solve,6
tirelessly,2
gates,2
gangs,2
money,21
sights,1
aspect,1
jobs'',1
lashed,1
``the,1
careers,2
grit,2
forge,3
aiming,2
disappointed,1
grim,1
finback,2
facing,5
chamber,13
audience,8
either,5
served,13
passionate,1
jews,1
dole,4
erase,1
specified,1
images,1
eraso,1
organizing,3
gross,2
confirm,2
critical,5
expressing,2
staffs,1
buttressed,1
obliged,1
then-secretary,1
dictators,2
broken,5
despicable,1
roaming,1
william,1
conducting,2
roar,1
violence,12
meaning,9
practical,4
victors,1
road,2
lands,4
spreading,1
skilled,3
blessed,3
references,1
totalitarian,1
decisive,2
strikes,1
sophisticated,1
arranged,1
wasn't,3
drills,2
peeking,1
emissions,1
manuel,1
deep,5
general,34
nato's,1
examine,1
universalism,1
allocating,1
happinessit's,1
fill,1
again,63
personnel,1
ceaselessly,1
narcotics,2
field,6
president's,2
shelter,1
important,31
tackle,3
equitable,1
prudent,5
network,1
assets,3
recklessness,1
u,68
stalags,1
kuwait,56
starting,2
represent,2
forget,11
dollar,1
founded,1
forged,2
cooperative,6
talks,8
children,60
reluctant,1
shattered,2
preserves,1
modernization,2
volunteer's,1
enjoying,1
straightforward,1
returning,2
rambunctious,1
fall,11
difference,13
unilateralism,1
godspeed,2
alma,1
dictatorship,2
mothers,9
forth,3
big-money,1
saudi,22
mistaking,1
biological,4
economically,6
neighborhood,3
straighten,1
zero,1
titles,1
preordained,1
perspective,2
lawyer,2
further,14
misrepresent,1
stood,16
stoop,1
judicious,1
tribute,2
public,17
movement,3
promising,1
nation's,15
beacon,3
disastrous,1
operating,2
mulroney,1
search,2
bible,3
jackie,2
uncharted,1
misery,2
narrow,1
tiananmen,1
prejudge,2
africa,3
lion's,1
suits,1
establish,2
eye,1
long-held,2
astrodome,1
``ridiculed'',1
destination,1
two,42
staggering,2
controlling,1
particular,3
self-selection,1
nineteen,1
town,7
none,5
hour,6
middle,24
intercepted,1
guards,2
remain,15
abandon,1
strategies,1
marble,1
lingered,1
bravely,2
share,20
minimum,2
numbers,2
despot,1
sharp,2
needs,9
awkward,1
acts,3
sacred,2
advice,5
oilers,1
blood,3
coming,16
response,7
brady,2
coal,3
responsibility,16
playing,2
that's,64
industrial,2
through,46
suffer,2
possessions,1
late,2
hurting,3
someone,11
seeking,2
primary,1
walls,3
formulating,1
stepped,2
easily,1
pregnant,1
namibia,3
ports,1
harm,1
everyone,20
house,36
energy,20
hard,34
idea,22
extended,4
fist,1
insurance,9
initiatives,9
perry,1
funding,9
throes,1
projected,2
acting,7
longtime,2
they'll,5
fortitude,1
bully,1
lawrence,1
commits,1
backer,1
pleasant,1
extraordinary,5
members,39
backed,2
beginning,15
benefits,8
reinforces,1
inspection,1
conducted,3
pilots,5
waged,4
done,46
wages,1
paine,2
mercilessly,1
least,4
hollows,2
regulation,4
statement,3
rates,17
lease,2
democracy's,4
needle,1
part,35
doctors,3
believe,58
gotten,3
freelylet,1
youth,1
supposed,2
treated,1
nominee,1
ages,2
mitterrand,1
mountain,1
built,7
gorbachev,23
majority,8
build,24
coastguardsman,1
chart,3
most,47
significant,1
services,7
humanitarian,11
clements,1
nobility,1
joining,1
sector,3
thomas,2
particularly,1
jackson-vanik,1
sparrow,1
obligations,2
sanctity,1
businesses,9
carefully,3
fine,3
find,16
ruin,2
unhappy,1
freedoms,1
cuomo,1
intractable,1
express,5
courage,8
annexation,1
silk,1
forty-five,2
resolve,9
remove,5
safeguarding,1
common,17
restaurants,1
cynical,1
individual,11
please,4
cahoots,1
vindicated,1
iron,2
intimidated,1
environmentalists,1
aircraft,2
reverse,2
appropriations,1
powers,2
annual,1
foreign,28
gloat,2
point,11
simple,18
tennessee,1
simply,15
openness,7
volunteered,2
throughout,8
expensive,2
ensures,5
raise,12
create,17
creativity,1
secret,1
ensured,1
intrusive,1
meeting,15
kathy,1
gas,9
cruelty,1
gap,1
understand,22
prices,4
resisted,1
politician,2
solid,2
bill,24
tolerate,4
elections,10
cluster,1
replaced,1
fun,1
lingo,1
birthright,1
century,42
mists,1
itself,10
around,49
would-be,2
emphasize,2
accused,1
development,10
praising,1
keys,1
yesterday,2
desks,2
moment,16
vanocur,2
purpose,23
timid,1
predecessors,3
army's,1
task,8
rearm,1
spent,2
withdraw,10
landmark,4
organization,2
spend,8
prevention,1
echoing,1
shape,10
atomic,1
alternative,7
discipline,5
cut,31
cup,1
marrying,1
source,4
snap,1
animosities,1
adversaries,3
big,27
displace,1
matters,6
foreigners,1
bit,10
knock,2
sakharov,1
follows,1
decisionmaking,1
forty-four,1
mediocrity,1
often,9
absolutely,3
pay-as-you-go,1
magnificent,2
back,54
strongest,3
examples,2
nicaragua,5
ourselves,26
scale,1
affects,1
decision,18
integration,3
per,3
pen,1
eliminate,9
promise-now,1
epic,2
invade,1
resolutely,1
laughing,1
patient,5
taxing,2
remembered,1
continuing,6
fed,2
hostages,7
goods,2
graduation,2
drama,2
piled,1
phase,1
lesson,2
recognizes,4
infected,1
germans,1
forward,41
translate,1
errant,2
opponent,20
constitutionally,1
hoped,4
hopes,10
taxeslet,1
sdi,3
directed,9
planet,1
tomorrow's,2
exploration,2
planes,2
belgian,1
units,2
constant,3
consulted,2
cure,1
curb,2
prevail,6
denying,1
statutes,1
cesspools,1
lend,2
prepared,12
guy's,1
restoration,2
fisher,1
desert,18
presenting,1
failures,1
israel's,5
initiating,1
dogged,1
breached,1
contacted,1
lawyers',1
intensive,1
helps,3
opponent's,4
putting,5
arrange,1
entire,10
rearing,1
joes,1
warheads,3
demonstrations,4
rivers,1
carla,1
penalty-free,1
scientific,1
reconciliation,2
chicago,1
giving,5
assisted,1
access,8
seconds,3
exercise,1
body,2
justification,1
exchange,1
others,26
safer,8
widening,1
talent,3
military's,1
stalks,1
alaska,1
later,7
implement,5
honor,14
looted,1
named,3
presidents,8
private,14
decrease,1
names,2
oval,1
scandal,2
resolutions,10
little-known,1
themselves,15
emigration,2
tattered,1
account,1
embarked,2
othe,1
exhilaration,1
obvious,1
praise,1
closing,1
disabilities,20
proportions,2
infantry,1
effectively,1
reserves,7
fulfillment,1
eckhardt,1
contempt,1
magnificently,1
varied,1
democracy,35
timetables,1
holds,4
regions,2
responsibilities,5
winners,2
stock,2
summers,1
waters,2
philosophy,4
quisling,1
bombers,3
bind,1
lines,7
chief,13
addiction,3
cease-fire,3
stewardship,4
east-west,3
agricultural,1
bunch,2
industries,3
bridges,2
negotiated,1
la,1
labor,3
resorting,2
willing,5
greater,17
dan,4
mention,3
cutting,4
mandate,3
kindness,2
day,74
preschool,1
strive,1
february,3
blindfolded,1
warned,4
preclude,1
virulent,1
disregard,1
constraints,1
woerner,1
sergeants,1
sexual,1
rollcall,2
defend,12
enforceable,2
wholly,2
arkansas,3
lecture,1
announced,6
``son,1
payroll,1
likelihood,1
chiefs,6
allies,29
deprived,1
allied,3
barriers,8
retain,1
south,9
finest,7
militarism,2
reaches,1
strategic,15
improvements,1
puppet,2
calderon,1
reached,2
owning,1
ancient,6
sadly,1
``just,1
agonies,1
completed,4
nobody,7
environmental,8
future's,1
grandchildren,4
democratization,2
reaffirm,2
discretionary,1
hotel''i,1
compensation,1
comfortable,1
tide,1
have,414
dictate,2
continents,4
dallas,1
parks,3
mix,1
concerns,3
rubber-stamp,1
rediscovered,1
unless,2
where's,1
eight,7
prisoner,2
alaskan,1
gather,2
request,7
disease,1
peacekeeper,2
occasion,3
kite,1
supported,3
tearful,1
mice,1
staff,3
inspiring,2
communism,8
knowledge,3
controls,4
communist,4
pull,2
beat,1
czechoslovakia,2
thrived,1
bear,7
areas,5
calling,5
including,14
fixed,2
enhances,1
exists,1
national,28
cruise,1
we,965
legislated,1
yearning,2
atlantic,3
reform,24
pattern,1
literate,2
brunt,1
difficulties,3
phased,1
parade''well,1
janes,1
deliver,5
armenia,1
southeast,1
freely,5
taking,15
equal,6
agree,11
fulfilled,4
assure,5
dryers,1
swim,1
conquered,1
swallow,1
regimes,4
comment,3
fester,1
relevant,2
ships,6
commend,1
flourishing,1
tremendous,5
it's,119
copies,1
curtain,2
proposal,9
it'd,1
define,5
pravda,1
stationed,1
received,6
airplanes,2
bulk,2
finished,2
fellow,14
volunteer,2
homes,3
plain,1
bush'',1
promotes,1
stalin,2
moscow's,1
promoted,1
bicker,4
almost,19
dissent,3
helped,7
arrangements,3
ax,1
arabia,15
productivity,3
drug-related,1
administration,13
tumbling,1
shuttle,1
powell,5
frivolous,2
injured,2
practice,3
toil,1
sisters,1
judgment,7
scholars,1
center,5
nevertheless,3
weapon,5
thought,8
procurement,3
sets,2
position,4
redtape,2
creators,1
soviet,105
reintroduce,1
usual,2
peacefully,1
stores,1
profiteering,1
executive,7
domestic,16
hoped-for,1
interim,2
protecting,1
aide's,1
terrorized,1
add,9
ada,7
reenact,1
ought,7
resolved,1
tests,3
unhampered,2
judiciary,1
deployment,2
like,53
inviting,1
washingtoni'll,1
admitted,3
sarajevo,1
heed,1
works,5
soft,1
alive,3
hair,1
procrastinate'',1
convey,1
recommendation,1
proper,3
supportive,2
happens,1
kotzebue,1
alliance's,1
students,6
slight,1
lieutenant,5
host,2
although,3
worthy,3
gifts,2
about,157
actual,1
justin,1
shaking,1
certainty,1
introduces,1
blessings,5
introduced,1
dailiness,1
guard,4
interdependence,1
al-sabah,1
confident,8
avowed,1
utopian,2
biggest,5
buy,2
bus,1
but,416
reminds,1
repeated,1
embargo,3
wise,1
glory,3
dangerous,9
j,2
students',1
supreme,1
crusade,2
markwell's,1
dressed,1
claiming,1
detail,2
special,24
unaccounted,1
weaponry,1
bulwark,1
resolution,3
baker,18
parole,1
limited,11
hats,2
facilities,3
sleep,2
hate,7
undisputed,1
paris,2
crises,3
poorest,1
contravention,1
whatsoever,1
under,21
pride,12
regrets,3
risk,18
rise,11
every,104
jack,1
upstream,1
vastly,3
school,18
frankness,2
enjoy,1
leaders,40
consistent,2
welfare,7
direct,3
nail,1
disciplined,1
street,7
grandchildren's,1
friendships,2
shining,3
solemn,1
beaten,1
liberty,10
conduct,4
supplies,1
seeks,1
kicked,2
hundreds,4
represented,1
path,14
forum,3
ventures,2
leaves,2
changed,6
jogging,1
settled,3
punishment,1
ridiculed,1
feelings,1
patience,4
would,131
hanoi,1
lessening,1
assessment,1
breathe,2
robbins,1
unrewarded,1
grief,1
phone,1
boomer,1
excellent,1
casualties,1
must,241
me,116
join,12
ms,1
mr,29
my,236
quarrel,5
estate,4
joyous,2
diminished,1
bilaterally,2
preserving,1
times,29
guarantee,10
ceremony,4
end,43
gatt,1
sitting,2
righting,1
aching,1
charging,1
mess,5
predicated,1
mesh,1
splendid,2
amid,3
complexity,1
ultimate,4
enter,3
cosponsors,2
reforming,1
executed,1
untold,1
over,79
london,2
thesis,1
destroyer,1
polluters,1
destroyed,7
compelling,2
condition,3
diseases,1
prevented,2
bosnia,2
filling,2
galvanized,1
victory,21
each,32
lasting,7
signing,1
exhilarated,1
genocidal,1
celebrating,1
combining,1
despair'',1
god,33
ennobles,1
millennium,1
heavenly,1
got,34
newly,2
independence,10
underwrite,1
minuteman,1
free,66
fred,3
rain,3
wanted,13
ritual,1
days,43
priorities,5
tolerant,2
labored,2
heck,1
aspire,1
already,22
dukakis,2
encouraging,4
rank,1
hearing,1
restrict,1
philosophical,2
adopted,1
awoke,1
ozal,2
top,2
euphoria,1
kinder,2
confirming,1
ballistic,7
too,46
tom,1
percentage,1
toe,1
urban,5
airwaves,2
tool,3
serve,10
took,17
kindest,1
western,3
past,34
frankly,2
up-or-down,2
hard-nosed,1
classes,1
raf,1
bridge,4
fashion,2
talking,9
traditionally,1
-,69
isolated,1
effectiveness,1
yeltsin's,1
who've,1
though,17
plenty,2
hearts,11
contain,1
peers,1
treats,1
prevails,2
devastating,1
flow,2
treaty,5
orderly,1
enterprise,14
inspire,1
pope,1
reductions,5
arrayed,1
pops,1
colors,1
radio,1
solutions,2
earth,17
overwhelming,2
spite,2
situations,2
announce,2
continuity,1
asians,1
criticizes,1
demagogued,1
watch,7
despite,1
report,8
interrogated,1
countries,20
twice,9
ruins,2
blackwell,1
rrrfft,1
swept,1
habit,1
wrest,1
resist,1
corrupt,1
disturbing,1
discriminating,1
combustion,1
capacity,7
temptation,4
youaudience,1
interdiction,3
unalienable,2
hopefully,1
approach,12
predated,1
weak,5
however,6
nightmares,1
adage,1
devour,1
wear,2
news,2
flowering,1
improve,7
faced,5
protect,29
noriega's,1
fault,1
participating,2
players,1
bet,1
faces,2
smuggled,1
vexed,1
sullivan,4
majestic,1
trust,13
conference,8
incomparable,1
beef,1
roper,1
been,129
quickly,6
submarine,1
belongs,12
expected,3
teenager,1
drugs,22
republicans,8
speeches,1
uncommon,1
sundered,3
deliberations,2
kentucky,1
n,23
teachers,9
expenses,2
experts,1
experience,10
containing,2
suggest,5
beside,1
complex,1
several,8
commonsense,2
social,18
unyielding,1
insisted,1
cycle,1
shortly,3
mother's,1
forceful,1
ocean,2
savings,13
greatest,5
mother,2
timeaudience,1
possesses,3
seasonal,1
proposed,9
unemployment,5
proposes,1
grades,1
campbell,1
monitored,1
rumor,1
technological,2
brandnew,3
humanity,7
gave,4
low-income,4
advances,1
breaks,1
addicts,2
judge,2
burns,1
advanced,2
apart,6
brutality,2
gifted,1
specific,3
offices,1
public's,1
successfully,1
proudly,3
election,15
roamed,1
escape,1
embodied,2
proceeding,1
clash,1
armed,27
harm's,2
everything,10
allocate,1
embodies,1
hunk,1
christmas,2
core,1
baltics,3
permitted,5
mechanized,1
chapter,3
limitation,1
attacks,7
plunging,1
ensure,14
efforts,19
codify,1
trafficker,1
froze,1
presence,5
civil,14
rock-solid,1
uncontrolled,1
accomplishments,1
dissenting,1
emigrate,1
existed,1
indispensable,3
unfocused,1
class,8
fought,7
intolerance,1
head,6
-year,5
differences,12
heat,4
hear,16
sustained,5
viva,3
radiating,1
versions,1
muster,1
bargain,2
submitting,1
front-line,1
fury,1
perez,3
check,7
regime,4
no,152
moment's,1
when,137
setting,3
stagnant,1
papers,1
picture,1
football,1
faster,3
bullet,1
vigorously,1
withhold,1
vietnam,5
serious,9
neighbors,19
coach,1
remarkable,5
regulars,1
alternatives,1
focus,2
leads,2
/,1
passage,1
environment,13
charge,3
promoting,3
hammers,1
federation,1
advantage,3
tanks,8
roving,1
cool,1
clouds,1
policeman,2
philippines,1
kingpins,1
standards,4
quick,2
pork,2
says,28
tougher,1
trend,1
obsolete,1
slowed,1
roosevelt,6
comforting,2
toughen,1
bacteria,1
substitute,2
stands,7
nationalized,1
'goodness',1
debate,6
goes,6
reply,2
water,1
baseball,2
groups,4
dea,2
supplying,1
demolishing,1
thirty,2
healthy,1
hospitality,2
rededicate,1
emerge,3
morale,2
crisis,24
sledgehammer,1
ravage,1
sports,1
wrongs,1
arabian,2
memory,2
today,89
continue,35
chocolate,1
cases,2
thousands,13
unconditional,5
unarmed,2
dropped,1
counting,2
requirements,2
inheritance,1
cuba,2
vital,17
fourth,8
plus,1
speaks,1
granddaughter,1
fascism,1
birthday,2
representations,1
classroom,1
branches,2
succeeded,2
inform,3
ones,12
comfort,3
midnight,2
worship,2
blocked,3
he's,15
duplex,1
civic,1
he'd,1
platform,1
offers,3
farmer,2
happened,11
lonely,1
qualifies,1
moms,1
conversations,4
bound,4
underneath,1
qualified,2
feature,1
rescind,1
term,6
equality,2
name,7
stabilize,1
possibilities,2
realistic,5
eighties,2
cornerstones,1
realism,1
unproductive,1
pillaged,1
persian,19
begun,8
sunrise,1
plans,5
constitution,1
ultimately,3
america's,39
factors,1
tensions,2
oklahoma,1
factory,1
shouldn't,2
theory,1
dispatched,1
electrified,1
impose,1
turn,23
place,35
unborn,1
uninspired,1
suspend,1
revenue,3
symbolic,2
league's,1
transform,1
george,6
millions,8
given,12
district,1
gdansk,1
trillion,4
persuasioni,1
returns,2
lobbyists,2
bounty,1
legally,1
white,14
giver,1
gives,4
exploring,2
cope,1
season,3
men's,3
alan,2
immigrant,2
milton,1
wide,4
demagogs,1
unfortunately,1
require,12
margraves,1
diplomatic,7
legacy,3
outcome,4
oath,1
and,2487
legalizing,1
ann,1
sells,1
iraq's,24
any,40
prosperity,13
conversion,2
``i,1
ideas,11
malta,4
ideal,5
change's,1
strengths,1
blunt,1
urge,6
sure,25
probed,1
indelible,1
clearer,1
falls,2
visitors,1
stormed,1
adopt,2
hungry,3
trafficking,2
senior,2
catalyst,5
workshops,1
ss-,2
billiere,1
gulf,51
favor,3
written,4
crime,16
passing,4
broadest,1
reveal,2
naked,1
embassy,1
predicted,3
violated,1
college,4
apologies,1
violates,1
encouraged,1
cadets,4
detect,1
voluntary,3
mortgage,3
farmers,4
ways,10
review,8
knoxville,1
commitments,5
weapons,37
importance,7
outside,7
moslems,1
medium-size,1
self-serving,1
sacked,1
cities,15
come,62
reaction,3
missions,6
libya,1
efficiency,4
successes,2
region,18
gimmicks,1
quiet,3
contract,2
senator,6
duty,8
pakistan,1
provocation,2
period,4
insist,1
satisfaction,3
endeavor,1
turkey,2
subscribes,1
peaceful,23
engine,1
direction,7
blessing,1
andrei,1
minister,6
careful,2
spirit,21
pilot,3
case,9
myself,2
cash,1
cast,1
crusades,1
telephone,2
dissident,1
good,70
capping,1
decisively,2
postwar,6
reminded,2
trip,2
reminder,1
events,9
week,10
mockery,1
applaud,2
driver,1
producers,1
arose,1
changing,1
vowed,1
vantage,1
minimize,2
without,41
relief,13
relied,1
model,2
reward,6
whereas,1
researchers,1
justify,1
nd,1
guided,3
actions,4
violent,2
cease,1
polish,1
guides,1
halfway,4
blow,2
burke,1
hint,1
we've,98
seems,5
except,1
'round-the-clock,1
poised,1
disrupt,1
ross,8
kingdom,4
virginia,1
confines,1
inflation,13
brezhnev,1
schedules,1
accepted,2
kennedy,1
buddies,1
waiving,1
tower,2
reduced,5
deduct,1
burdens,4
competition,9
table,1
provided,8
caribbean,2
mood,1
frees,1
freer,4
stops,1
moon,2
sea-based,2
provider,1
freed,5
nails,1
terrified,2
beaches,2
on,357
oh,2
of,1890
paralysis,1
discussed,5
reinforcing,2
mutually,1
medicare,1
stand,44
tariffs,1
or,131
ladies,1
instruments,1
rising,2
determine,3
there,168
racism,2
strict,1
racist,1
relic,1
regard,1
cabinet,5
promote,8
longer,19
bipartisanship,1
grasp,2
self-interested,1
strongly,5
totaling,1
financial,7
governed,1
politics,7
spends,2
hit,13
aggies,1
deserve,8
compel,1
longed,1
tax-deferred,1
unneeded,1
trash,1
stalwart,2
requested,1
briefly,2
separate,2
symbol,3
includes,8
included,2
bilateral,5
calls,9
refinanced,1
invest,8
odds,1
exhausting,1
all,278
chinese,1
lack,1
follow,4
settlement,2
decisions,7
glimpse,1
apartment,1
ignorant,1
subjected,1
participants,1
sparkling,1
program,37
activities,1
woman,6
worse,4
far,22
induce,1
sons,4
fan,1
sentimental,1
list,4
grandfather,1
highway,3
lisa,2
rate,11
what,164
imported,2
deeply,6
sum,4
anniversary,1
attitudes,1
guns,2
devoted,3
combating,1
retraining,6
directions,1
tragedy,5
naval,1
double-digit,1
allows,4
extremes,1
renegades,2
suddenly,1
proceed,2
faint,1
markets,16
horses,2
flat,1
israel,9
knows,9
definition,2
flag,3
stick,3
known,9
glad,2
debates,2
salvador,2
``uh-oh'',1
debated,2
spenders,1
challenging,1
abandonment,2
coerce,1
kuwaiti,8
court,3
goal,9
rather,7
breaking,1
cleansing,1
acknowledging,1
simplicity,1
okay,6
weaknesses,1
reflect,1
wayan,1
indomitable,1
short,10
departure,1
supervision,1
shore,2
mobley,3
turnover,3
don't,60
september,1
developed,1
closeness,2
mission,41
disabled,7
fightin',1
avenue,4
speicher,2
style,1
pray,1
inward,4
border,4
branik,1
resort,5
parts,4
might,25
somebody,6
brutally,3
framework,1
milestone,1
communities,9
bigger,4
level,11
difficult,12
intolerable,1
characterized,2
formulate,1
generation,12
oppressed,1
expect,5
undertake,1
adhere,1
health,25
congenial,1
benjamin,1
elbe,1
alleviating,1
friday,3
forgive,1
teach,4
thrown,3
year's,3
prejudice,2
threat,17
fallen,5
feed,1
feel,9
radical,1
traveled,1
feet,2
sailor,3
tempts,1
fees,1
totalitarianism,2
verifiable,2
corporal,1
passes,1
story,10
breathless,1
temperature,1
leading,4
tax-and-spend,2
storm,13
grimy,1
second-class,1
option,2
vandenberg,1
convinces,1
everglades,2
convinced,4
king,3
kind,20
throttle,1
professionalism,1
double,3
invaded,6
aims,1
outrageous,4
risks,2
risky,1
liabilities,1
obstacles,2
outstanding,2
strengthen,10
imports,2
shrewd,1
alike,2
hopelessly,1
nights,1
cropped,1
chairman,8
finding,2
hutchison,1
added,1
warnings,1
measures,12
reach,11
enduring,12
nothing,9
achievement,1
stately,1
value,5
dealers,3
traditional,1
dissolved,2
gramm,4
institutions,9
stones,1
deserts,1
securing,3
unrealistic,2
penalty,3
kgbwhat,1
his,82
founding,2
gains,11
hid,3
him,23
commensurate,1
continuum,1
colin,2
timeless,2
activity,1
sustainable,1
wrote,9
bars,1
barr,1
dump,2
achieved,6
defense,48
are,403
arm,2
threats,6
underpinning,2
various,2
other's,4
numerous,2
korea,4
recently,1
creating,7
sold,1
sole,2
succeed,8
opposition,3
prelude,1
c,1
became,6
finds,1
arbitrarily,1
flies,2
drugsmr,1
distress,1
reasons,6
perot,4
village,1
decline,7
incomes,1
pendleton,1
political,31
dug,1
whom,5
reduction,18
extends,1
dropout,1
precision,1
markwell,2
demand,7
condoms,1
plants,3
georgia,1
boast,3
frozen,2
behavior,7
canvasses,1
rim,1
headway,1
rid,6
alliances,4
anguish,1
myth,1
widely,1
peoples,9
daughters,3
higher,15
restraint,2
negotiate,4
holidays,1
peacemaking,3
flown,1
moving,9
robust,1
lower,7
try,13
anybody,1
analysis,1
edge,2
machinery,1
bounced,2
bureaucracies,2
abilities,1
mobilized,1
competitive,5
comprehensively,1
continent,3
tables,2
advisers,2
workers,14
vetoing,2
condemnation,1
moods,1
guarantors,1
shaped,1
systematically,1
confront,7
commanders,2
separately,1
distrust,1
unstable,1
essential,11
hallmark,1
understood,2
modernize,2
innovation,1
withdrawals,1
refuses,4
state-of-the-art,1
completing,1
firing,1
lifeless,1
range,3
dialog,3
youthful,1
complementing,1
credible,2
conquest,2
inventories,1
stench,1
canal,5
impressed,4
question,25
long,43
we're,94
authored,1
criteria,2
deployed,5
patriot,2
fulfilling,1
hasn't,3
clear-eyed,1
called,23
sometimes,12
gunpoint,1
coordinator,2
warning,2
rally,1
peace,110
democratically,2
income,5
mcdonnell,1
nice,2
mustard,1
problems,36
thirty-two,1
helping,18
develops,1
rightful,2
vice,9
departments,4
nasa,1
buffalo,1
weighty,1
once,45
issued,2
resistance,3
alien,1
winds,3
discordant,1
top-to-bottom,1
adjustment,1
issues,7
disposal,2
s-soviet,3
stable,3
include,9
dramatically,3
seized,1
mainstream,7
materialist,1
wishes,1
underscored,2
concluded,2
limitations,1
smaller,4
you'd,2
acid,2
hardest,1
man's,3
waiting,5
capital,21
chose,1
degree,4
pushing,2
categorically,1
endara,2
desired,1
explore,3
separation,1
settling,1
larger,4
leaving,1
kilroy,1
undying,1
egypt,2
apply,5
pow's,1
unprovoked,3
use,47
from,198
usa,1
few,18
december,1
timetable,1
sort,1
parliament,1
porch,1
cooperate,1
posturing,1
women,42
strategically,3
ashcroft,1
anywhere,1
proof,2
patrol,1
tax,46
villain,1
assumptions,2
something,43
recklessly,1
rape,1
sir,7
united,194
sit,6
tamper,1
six,7
sidewalks,1
struggles,3
fortunate,3
instead,5
-percent,1
sin,1
tension,1
administrator,2
normalcy,1
abuse,6
ethnic,5
readiness,2
light,10
interrupted,1
eloquent,1
joanne,1
looks,2
tyrant,4
unchecked,2
housethe,1
lech,1
permanent,4
choose,10
covered,4
holiday,1
defining,4
pending,1
campaigned,1
material,4
flew,1
invitations,2
ambition,3
satellites,1
republican,6
successor,1
worlds,1
profound,1
trap,1
bills,5
related,1
doubled,1
our,742
out,118
respects,2
cerebral,1
chaos,3
performs,1
exporting,1
honorable,3
supports,2
thrifts,1
york,7
conflicts,2
tenant,1
g,3
homelessness,1
locating,1
spiral,1
branstad,1
proposing,6
doesn't,12
publication,1
unknown,1
priority,2
their,172
god's,3
amen,1
consoling,1
doomed,1
diminish,2
july,1
institution,4
summoning,1
isolation,3
limiting,1
patients,1
teenagers,3
linked,1
catholic,1
afraid,7
agency,3
ahold,1
which,80
trivia,1
=,1
combat,6
who,192
alarmed,1
why,33
statute,1
deny,4
looked,2
goals,11
chances,1
electoral,2
agreed,9
purely,1
planning,3
brutalized,2
democrats,15
fear,10
darkest,1
pleased,6
litigation,2
unanimously,1
operational,1
candidates,2
local,5
vigor,1
sued,1
monuments,1
malaise,1
words,20
presley,1
self-evident,2
chips,2
ghetto,1
airman,3
generations,15
view,22
knowing,1
requirement,1
acquired,1
turbulent,1
closer,4
invulnerable,1
superb,3
genius,1
closed,1
stories,2
torpedo,1
complement,1
ability,10
opening,1
joy,6
agencies,6
job,33
takeover,2
joe,6
swift,1
commands,1
budgeting,2
grain,1
safely,5
grounds,1
wall,12
walk,6
respect,12
untrusting,1
decent,2
non-moslems,1
agreements,4
ghettos,2
mike,1
sufficient,1
scrutiny,2
overture,1
exploding,1
last,44
present,3
vanilla,1
choices,3
will,465
stunning,1
wild,1
retreatin,1
thus,7
encouragement,1
hundred-fifty,1
perhaps,13
privileges,1
cross,1
unite,2
member,6
unity,11
largest,7
inch,3
gets,7
last-ditch,1
sincerest,1
disagree,1
student,2
whole,18
fighting,14
excessive,4
heavily,1
obtain,5
mfn,2
happiness,1
supply,3
sky,3
capabilities,3
discuss,2
book,3
adoption,3
attractive,1
unprecedented,6
enact,11
micromanagement,3
sick,4
provisions,1
who's,4
execute,1
republics,1
ridden,1
know,129
press,5
countervailing,1
helpful,1
perpetual,1
testimony,1
taxpayers,2
hosts,1
james,3
``spending'',1
wonders,1
lance,1
region's,3
because,72
tumble,1
scared,1
searching,1
growth,41
export,3
asserted,1
empire,2
employment,2
lead,36
mines,1
leader,16
across-the-board,1
obey,2
murdered,1
rare,2
carried,4
getting,12
dependence,6
urged,1
sakes,1
carrier,1
sweat,2
outset,1
own,52
owe,3
promise,21
fired,1
friends,48
faithfully,3
intention,1
i've,55
funds,6
counterparts,2
consent,2
made,65
tactics,1
instructive,1
whether,12
retool,1
record,13
infants,2
demonstrate,5
stirring,2
gnawing,1
goodness,3
happen,14
mutual,5
avoided,1
diplomas,1
incredible,2
percent,15
other,67
branch,4
conclusion,7
withstood,1
kinds,4
june,4
risked,1
margaret,1
dissension,1
incurred,1
ranks,1
britain's,2
richardson,1
bereaved,1
