,1398
four,18
cyprus,1
aggression,11
looking,5
eligible,2
electricity,5
averell,1
lord,1
wracked,1
rashly,1
regional,4
strictest,1
bringing,1
prize,1
wednesday,2
piling,1
wavered,1
charter,5
tired,2
second,22
charted,1
valiant,1
report>,1
self-reliant,1
contributed,1
fossil,1
increasing,9
admiral,2
shocks,2
specialist,1
here,41
reported,4
kennedythe,1
china,25
substance,1
climbed,1
reports,2
controversy,1
i'd,9
military,53
i'm,56
criticism,2
projection,1
replace,6
brought,14
stern,1
bring',1
cheating,1
spoke,2
therefore,11
inner,2
until,24
cutbacks,1
playboy,3
mia's,2
standardized,1
successful,13
brings,1
hurt,6
midst,1
hold,17
circumstances,11
morally,1
locked,1
pursue,9
rulings,1
concepts,1
revenues,2
example,16
organized,4
reviewing,3
want,84
absolute,4
travel,8
damage,2
how,35
preferable,1
unemployment-which,1
oceans,2
beauty,4
modest,2
reassess,1
vance,1
effective,21
helsinki,3
wins,1
headquarters,1
democratic,40
wind,1
senators,2
dreamed,1
govern,5
vary,1
stockpiles,1
fit,3
fix,1
stevens,2
survivors,1
matured,1
nobler,1
hidden,1
easier,4
effects,1
schools,3
eisenhower,4
structural,1
represents,3
crops,2
preceded,1
angola,4
low-sulfur,1
fha,1
substantially,6
truman,7
borne,1
encourage,16
millions,10
foundation,17
assured,3
threatened,11
necessarily,1
cornerstone,1
enormous,7
typified,1
obsolescent,2
today's,1
clarity,2
service,10
needed,9
master,1
rabin,1
bitter,2
persecute,1
rewards,1
geneva,1
convention,9
conservation>,1
wisdom,12
predictable,3
peril,1
showed,2
nations,92
project,3
idle,2
endure,3
feeling,4
willingness,3
affairs,18
person,18
responsible,18
eagerly,1
recommended,2
causing,1
responsibly,2
grips,3
shipments,2
rhodesia,4
shall,1
limitless,1
shale,3
affirmation,1
organization,5
morality,1
dummy,1
antitrust,1
camp,11
came,8
treasuries,1
bomb,1
reactor,1
meetings,3
participate,5
tempted,2
lessons,3
touches,3
headline,1
than,168
bush,1
rich,12
foremost,1
reversal,1
altogether,2
societies,1
contributes,2
succumb,2
kippur,1
release,11
hasten,1
respond,6
mandatory,7
disaster,3
fair,25
consummation,1
accept-and,1
result,12
fail,6
best,50
pressures,9
r,1
occupational,2
preserve,18
discipline,1
men,12
nationwide,1
nature,5
authorizing,1
conflagration,2
tyranny,1
war's,1
accident,1
country,200
demanded,2
planned,5
argue,1
asked,17
irresponsible,5
handguns>,1
matte,1
union,81
extraction,1
much,63
stadium,1
privilege,3
incompetent,1
life,44
retrospect,1
eastern,3
worker,2
wish,7
moneys,1
kids,1
chile,8
child,5
worked,9
doth,1
diverted,1
commerce,3
presidency,3
employ,3
economics,3
played,1
campaigning,4
memorial,1
-mile,1
things,31
demands,11
democracies,8
split,2
european,5
fairly,8
ownership,2
intrusion,2
peremptory,1
maxims,1
corporate,1
outlived,2
capitol,3
succeeding,2
previous,7
authorizations,1
ease,3
had,134
advancement,1
troublespots,1
easy,16
prison,2
east,36
espoused,1
municipal,1
survival,3
posed,2
possible,24
firmer,1
indicative,3
birth,2
shadow,1
unique,1
harmoniously,2
strengths,1
remind,1
misled,1
steps,13
battlefield,1
beneficial,4
right,44
old,11
crowd,1
people,347
czech,1
captive,2
sure,31
enemies,3
for,725
bottom,2
creative,1
repression,1
individuals,8
periphery,1
-months,1
shifting,1
losing,5
manufacturing,2
dollars,8
citizens,32
o,1
despair,8
lacked,1
palestinians,1
slightly,2
nixon,23
raised,5
statements,7
marshall,2
nongovernmental,1
administer,1
thankful,1
beings,7
one-fourth,2
raises,1
reducing,12
friends-they,1
fabric,1
support,44
constantly,3
knowing,3
one-time,2
grasping,1
greatness,4
resulted,2
launching,1
happy,1
manufacturers,1
understandably,1
forming,1
hemisphere,5
understandable,2
safeguard,1
blockading,1
devices,3
eisenhower-they,1
pricing,1
later,20
disgrace,6
implications,2
proven,8
exist,10
paperwork,3
negotiations,22
eventual,2
floor,1
cambodia,6
flood,1
republic,14
ambitious,2
disastrously,1
intend,12
israeli-jordanian,1
miranda,3
persecution,2
explosions,1
duplication,2
reorganization,9
forask,1
workers',1
time,108
push,1
societythat,1
corps,4
economy-wide,1
nonproliferation,5
veterans,3
persevere,2
allegations,1
consolidation,2
choice,21
exact,2
minute,1
long-developed,1
of--the,1
leave,3
solved,1
settle,1
team,6
coal-i,1
prevent,8
spiritual,4
continue--confidently--our,1
prediction,2
sign,7
chopping,1
reaffirmed,2
harris',1
educate,1
current,7
know--that's,1
ground,7
drafted,1
jury,1
understanding,8
address,8
alone,16
along,10
momentous,1
passengers,1
dusty,1
studied,1
wherever,3
accomplished,4
love,4
confidentiality,1
prefer,1
red,1
working,37
positive,4
tightly,1
crystalized,1
opposed,5
wondering,1
scope,2
afford,11
refrain,1
everywhere,7
easiest,1
behalf,2
originally,1
abortion,4
printing,1
values,19
stature,5
believed,5
world--in,1
awesome,3
grain-exporting,1
monitoring,2
winter,4
divided,4
coleman,1
five-year,1
reassessment,1
date,4
such,33
unwinnable,1
revealed,5
stress,1
natural,20
yielding,2
st,2
so,117
pollution,9
pulled,1
handguns,1
years,146
hiring,4
thoughtfulness,2
derive,2
overhaul,2
torn,3
troubles,1
aviv,1
decreased,1
troubled,5
decades,7
instantly,1
recipients,1
civilian,1
courageously,2
nation,170
drilling,2
twilight,1
maintaining,2
apologize--and,1
revert,1
establishing,1
deadi,1
veins,1
amnesty,4
quarter,4
seldom,1
revised,1
entering,1
brags,1
borders-how,1
abide,1
contained,1
protections,1
suggesting,1
formula,1
unifying,1
million,53
incentives,9
possibility,3
quite,11
disrespect,1
pled,1
complicated,4
emulation,1
besides,2
bumpy,1
unnamed,1
longrange,1
training,8
wrong,9
initiate,1
massive,12
neglect,3
saving,6
spoken,3
one,189
opec,10
specifically,5
spanish,2
vote,18
open,18
city,11
indicate,1
draft,6
realization,2
structures,1
proving,1
ridiculous,3
herds,1
representing,2
favors,1
things--leadership,1
future,120
individualized,1
russia,1
prospect,8
illness,1
san,2
considerably,1
turned,6
locations,1
say,58
turner,1
saw,3
aside,4
instructed,1
take,50
destroy,7
high-technology,1
opposite,3
knew,7
remarks,3
pages,1
farmlands,1
average,15
drive,2
federal,67
link,1
salt,21
laws,22
walking,1
surplus,1
friction,1
far-reaching,1
bright,4
scarce,4
soviets,10
slow,3
robs,2
tears,1
going,42
outrage,1
congressional,8
dispute,2
assistant,1
condemning,1
cursing,1
simplistic,2
outlet,1
prime,2
resource,2
borrow,1
landlord,1
where,57
vision,20
top-level,1
aroused,1
untapped,1
alarming,1
representatives,2
--which,1
jobs,64
coal-burning,1
concentrate,2
spare,1
undermine,1
concentrated,3
many,71
deduction,3
s,14
expression,5
can't,25
caring,1
mounting,3
airlines,1
breath,1
collided,2
combined,2
wants,7
enable,1
thousand,3
formed,3
geothermal,1
observe,4
former,1
polls,6
endures,1
policies,15
newspaper,1
situation,4
constituency,1
engaged,3
technology,7
missiles,3
verified,1
threatens,7
underestimate,1
defines,1
breakdown,3
barbed,1
vis-a-vis,1
events--sometimes,1
renewable,2
suasion,1
costs,22
trains,1
summer,4
being,37
rest,11
safeguards,2
interrupt,1
geological,1
overthrow,1
aspects,2
around,27
dark,3
traffic,1
preference,2
vacuum,1
world,257
superiority,3
stationary,1
bankruptcies,2
satisfactory,1
learning,1
lebanon,1
moreover,1
racial,6
thinks,2
controlnow,1
memories,1
moslem,2
restoring,1
refer,3
zest,1
prosecution,1
leadership,22
stone,2
package,6
industry,21
practicable,1
act,43
burning,2
flawed,1
image,2
shortcircuit,1
parties,6
financial,8
her,8
myths,1
sealed,1
series,3
dictator,1
complete,19
dangers,2
societal,1
survived,1
elimination,6
with,448
buying,3
rusk,1
rush,1
october,2
abuses,4
politically,5
trips,2
regimes,1
detailed,1
gone,17
migrate,1
certain,11
am,48
an,229
ap,1
as,377
at,167
follow-up,1
watched,1
graduate,4
tight,6
baptists--who,1
disgraceful,1
congress,129
gifts,1
brotherhood,1
noninflationary,1
mass,5
original,1
consider,6
caused,5
instincts,1
code,1
fairness,5
causes,5
improperly,1
disciples,1
pornographic,1
illustrates,1
to,2307
th,6
carters,1
case,18
appointment,1
returned,1
detention,2
blockade,1
candid,1
manageable,3
condition,2
illustrated,1
accompanying,1
joined,4
carter>,2
scrapping,1
adjust,3
harry,5
small,13
methodical,1
penalties,6
healed,1
past,43
pass,10
destitute,1
investment,11
richard,6
favor,5
section,1
luxuries,3
full,24
installations,1
lobbyist,1
hours,11
november,4
reshaped,1
compliance,2
experience,9
prior,2
pick,3
action,31
followed,1
intermediate-range,1
launchings,1
select,3
objectives,1
petroleum,5
pearl,1
refueling,1
more,249
british,1
door,2
initiated,4
people-have,1
company,5
corrected,2
tested,2
foundations,2
objections,1
refinery,1
keeping,2
science,1
allende,1
resources,21
evolved,2
learn,5
power's,1
beautiful,2
prompt,2
stated,1
lives,21
suggestions,2
accept,4
states,101
fiercely,2
sense,24
gallon,1
condemn,1
huge,1
plant,3
intended,2
notre,3
sympathize,1
ethics,1
fundamental,10
replied,2
trade,28
wide-ranging,2
attitude,8
embassy,1
its,82
rapidly,13
gerald,3
deeds,1
xiaoping,1
symptoms,1
ally,2
severely,3
propose,5
counsel--i,1
always,39
truths,2
evasiveness,1
found,12
shocking,1
status,2
resolute,1
reduce,37
slowdown,2
operation,14
really,10
repressive,1
blacks,1
research,10
armaments,3
hemisphere--to,1
highway,1
belief,9
risen,2
drifting,1
imagine,1
f-'s,2
rises,1
producers,8
owners,1
retained,2
submarines,2
expedient,1
testament,1
warheads,3
major,58
rooted,2
belligerent,2
number,19
preservation,3
protectionism,1
guess,1
heads,2
jet,1
frankel,2
threatening,1
hallowed,1
crisscrossed,1
relationship,19
immediate,11
consult,3
stifle,1
endlessly,1
critically,1
parenthetically,1
iranian,8
minimize,5
determined,17
listen,5
fireside,1
vitally,1
sell,5
jeopardize,1
reliance,1
also,170
recognizing,5
internal,1
play,2
firsthand,1
plan,42
understands,1
seize,1
sometimes,18
cover,1
barred,1
barrel,1
despise,1
gold,1
secretaries,2
defended,1
session,1
overwhelmed,1
impact,4
failed,4
factor,6
cuba,3
indifference,1
atheistic,1
dependent,2
they'd,1
ninth,1
closely,6
frightening,1
progressive,2
proclaim,2
tanker,1
approaching,4
set,26
creator,1
appalachian,1
sex,2
collectively,1
see,50
migration,1
outward,2
knees,3
unsettling,1
unrealized,1
currently,1
sino-american,1
thrive,2
available,3
sparsely,1
premises,1
embargoes,2
postponement,1
peacetime,3
incident,2
death,4
embargoed,1
legislature,1
prospects,3
last,101
influential,4
improves,1
long-term,2
let,47
whole,14
sadat,2
load,3
located-a,1
drunk,2
acted,1
community,11
church,2
acceptance,1
goes,4
firm,9
resting,1
unleash,1
fire,6
what's,4
mine,6
fund,2
fritz,2
representative,1
presses,1
uncertain,3
judicial,2
expanded,4
budget,52
technical,1
error,4
hoping,1
backing,1
binding,2
for-also,1
triple,1
chase,2
principleshere,1
read,6
comprehensive,18
country--that's,1
levels,9
medicaid,3
necessity,2
work--and,1
focal,1
recent,18
briefest,1
concrete,1
oil-drilling,1
make-believe,3
comprise,2
countries--in,1
arrests,1
using,9
advertisements,2
eager,3
parents,1
location,1
homeland,1
surprised,2
victims,1
emergency,3
format,1
couple,3
goal--the,1
wives,1
suffering,1
quest,1
projects,7
imposed,2
d,2
consensus,1
communications,3
continue,84
collective,1
names,1
reelection,1
methods,2
senate,22
spring,1
mighty,1
thermostats,2
pale,1
indigent,1
religion,4
behave,1
inclination,7
be,545
mystique,1
bb,1
idealistic,1
dictates,2
agreement,37
wells,4
relating,1
dictated,1
by,271
anything,12
terrorists,2
into,59
integral,1
longerour,1
appropriate,6
primarily,5
contributor,1
spending,18
bargaining,1
submit,3
custom,1
opens,1
fragmented,1
insensitivity,2
elsewhere,2
time-honored,1
deductions,5
atlantic,2
pacific,3
line,4
cia,6
up,74
us,183
maturity,1
verification,1
last-minute,1
consumed,2
defined,4
influence,14
diverse,1
chat,1
rekindling,1
uranium,2
preventing,2
deviate,1
scapegoat,1
elements,8
faintly,1
suppression,1
sides,5
ago,48
land,11
fighter,1
age,10
paine's,1
ford--is,1
walked,3
summit,4
fresh,3
having,6
modernizing,2
partial,2
advisory,3
results,6
existing,4
enjoyable,1
legal,10
broader,1
centers,3
seemed,1
one-half,4
longstanding,4
concerned,15
young,21
send,2
sent,5
unwinding,1
saying,4
torture,2
continues,6
precinct,1
continued,9
minerals,3
magic,1
harbor,1
they've,10
fewer,4
try,14
threat,43
race,22
pledge,5
licensed,1
index,1
expressed,5
consistently,2
indian,4
crying,1
firms,2
proliferation,9
led,6
lee,1
slogans,1
northeast,1
poverty,6
consideration,4
invented,1
carpools,1
great,77
engage,2
uneasy,1
receive,1
involved,16
resulting,1
opinion,6
makes,14
involves,1
reprocessing,2
measures-not,1
tools,4
standing,4
confidence,34
illegal,2
whipping,1
next,45
doubt,18
face-to-face,1
doubling,2
yugoslavian,1
occurred,5
dealings,1
carrying,1
deregulate,1
sharply,1
unopposed,1
this,631
challenge,23
tough-sounding,1
insists,2
drill,2
fulfill,2
barbershops,1
weaker,2
process,23
purposes,6
high,31
bend,1
weaken,1
delay,9
establishment,2
overridden,2
foundation-for,1
await,2
tied,1
weighed,1
notebook,1
ties,4
efficiently,2
realized,2
counter,1
element,7
allow,3
volunteers,1
produces,1
move,16
doubtful,2
produced,4
warren,4
perfect,2
meantime,2
degrees,3
hijackers,1
outlined,5
briefer,1
realize,16
presidential,6
peking,1
truth,14
shortage,5
rising,6
exacerbated,1
doing,11
habitually,1
deficiency,1
nixon-ford,1
books,1
static,1
tenth,1
witness,2
',3
economically--and,1
evacuation,1
shut,1
adherence,1
surely,2
tempt,1
regulatory,5
reenrichment,1
craving,1
disharmonies,1
could,43
david,10
ratification,1
removing,1
stimulate,2
owned,2
leasing,1
legislative,5
vetoed,7
ordering,1
system,69
inalienable,1
vetoes,2
painful,2
amenthe,1
interests,28
enforcement,4
vigorous,1
rearmed,1
warfare,2
extraordinarily,3
listeners,1
stricter,1
misunderstand,1
false,2
partnership,9
tonight,59
clearly,4
necessities,2
documents,3
overthrew,1
waffled,1
korean,2
competence,2
soar,1
worldwide,8
segment,1
ratifying,2
so-called,11
placement,2
stronger,9
enlist,2
mechanical,1
wounded,1
fact,29
atmosphere,1
vacancy,1
bring,22
rough,1
decade,9
principal,2
peace--what,1
should,60
entities,1
mayors,4
hope,47
exchanged,2
handle,2
listened,3
bonds,2
familiar,4
lucky,1
prohibition,2
exchanges,1
defenseless,1
shaping,3
committees,8
h,1
comprising,1
taxes,33
summon,1
streamlined,1
taxed,1
strengthened,4
catastrophic,1
wire,1
extend,5
nuclear,77
quickest,1
injustice,1
nominees,1
restrictions,3
invited,2
deficits,5
drug,3
figures,2
adjusted,1
extent,2
conclude,1
typify,2
combat--a,1
undergraduate,1
outsider,1
door-to-door,1
quotas,2
waste,24
>,3
spain,1
exert,1
expiration,1
discoveries,1
concerted,3
site,1
politics,5
conserve,12
denial,1
terrorism,8
conflicting,1
drink,1
upon,11
diplomatically,3
kidnaping,1
identity,3
off,4
drawing,3
north-south,1
less,34
moments,3
well-financed,1
paul,3
afflicted,1
squabbling,1
arrest,1
combine,1
increased,23
government,199
admit,2
archeological,1
increases,20
five,15
capitulation,1
become,23
replacement,1
amendment,6
gaining,1
indications,1
foreseeable,3
drilled,2
choosing,2
ballot,2
transport,1
literally,1
avoid,8
salaries,1
sustain,3
passion,1
forgiven,1
schedule,1
pressure,13
accompanied,2
loans,3
stage,2
gained,2
illegalities,1
recur,1
revise,3
alliance,2
letters,1
commitment,55
assess,3
hubert,3
terminated,1
housing,23
watchman,1
troubling,1
naturally,1
function,2
fiscal,10
complacency,1
overlapping,1
delivery,2
-point,1
delivers,1
arsenals,3
count,2
fragmentation,1
evident,2
society,18
official,2
placed,2
convince,2
distribution,1
againi,1
recognize,7
contribute,6
compared,2
nonetheless,1
deadly,1
forests,1
lately,4
compares,1
details,3
illusion,1
repeat,2
dismantle,3
chance,33
repeal,2
inspiration,2
campaign--i've,1
rule,4
compete,1
searched,1
rural,1
saves,1
controversial,9
policy--nobody,1
saved,2
relationships,9
votes,2
edward,1
voted,4
worth,7
people-housewives,1
compassion,5
distort,1
women's,1
summarized,1
exporters,2
we'll,19
i--house,1
delegate,4
yesterday's,1
abolishing,1
triumph,1
established,6
deliberate,4
above,7
toll,2
churches,1
officially,1
told,4
simultaneously,3
richest,5
protection,13
pursuit,3
stresses,1
murders,1
daughter,2
items,9
employees,11
adopt,1
reorganization-i'd,1
secure,22
seven,3
highly,9
thrust,1
hindsight,1
total,20
government--to,1
palestinian,4
world's,16
separated,2
fragmentary,1
bombast,1
aware,4
striving,2
harnessing,1
tnt,3
word,3
permits,2
work,112
era,3
containment,3
criticizing,1
knesset,1
india,2
heartless,1
indifferent,1
recovery,2
provide,30
agony,1
interview,2
ordinary,4
offshore,4
subpenaed,2
after,36
lay,7
law,15
meaningful,1
they're,1
appreciate,1
encompassing,1
haste,1
order,19
greed,1
office,61
devote,1
consent,1
satisfied,2
innovative,1
japan,9
mayor,2
somewhere,2
cross-examination-type,1
production,36
harmony,2
versus,1
then,58
them,100
affected,1
thee,2
safe,7
hispanics,1
they,213
bank,6
bread,2
suicide,1
backgrounds,1
l,3
reasonable,1
feeds,1
lifted,1
train,1
crimes,1
network,1
forth,5
veto,4
standard,17
campaigns,2
appointments,2
disputes,3
people's,16
certified,1
created,7
renew,3
oppose,4
busing,1
railroads,1
miscalculation,1
another,51
illustrate,1
agriculture,5
rejects,1
plentiful,4
rates,8
john,9
damaging,2
grandchildren,3
albert,1
oil-consuming,1
rejected,1
wasted,3
self-governing,1
mercy,2
target,2
negotiator,1
seated,1
iron,1
tackled,1
contrasted,2
solely,2
respecting,1
republicanism,1
pessimism,1
manner,2
forced,3
strength,71
genuine,3
widen,1
convenient,1
mine-to,1
secrecy--in,1
subjects,1
luxury,1
forces,37
weeding,1
nobody,4
assesses,1
germany,3
phase,1
proverb,1
grave,2
neighborhoods,1
yours,3
bracket,1
deeply,4
voting,3
responded,2
reserve,6
asia-pacific,1
religions,1
inherit,1
courts--the,1
consciousness,1
implementation,4
summarizing,1
pursuing,2
adequate,18
predecessor,2
do,149
yielded,1
haunted,1
vividly,3
dr,1
rebirth,2
chastened,1
secretary,21
erroneous,3
fullness,1
observed,1
depends,3
projections,4
cattle,1
discussions,1
draws,2
away,16
ensures,1
compensation,7
cooperation,20
drawn,3
disavowed,1
we,1149
terms,6
handful,1
blights,1
linkage,1
received,1
ill,2
gobbledygook,1
requests,1
peacefully,4
tough,10
tons,5
wider,2
speak,16
gratitude,5
broadening,1
iraq,3
mobilization,2
condemned,2
flexible,1
dozens,2
warmth,1
duties,6
repelled,1
superpowers,3
innocent,2
concerning,1
coherent,1
has,307
conviction,1
reciprocal,2
air,12
aim,1
aid,13
property,4
weakens,1
straits,1
confirmed,7
perform,3
apparently,2
jerry,2
grapple,2
deteriorate,1
indictment,1
convictions,2
independent,7
disagreement,1
blames,1
hang,1
lyndon,3
hand,7
liberties,3
insulating,1
blamed,1
vermont,1
kept,5
thy,1
client,1
humbly,1
the,4178
kinship,2
unified,5
stringent,1
traditions,2
quoted,2
quotes,2
thanks,2
victim,1
poses,1
countryi,1
spread,12
transformed,2
board,8
desire,3
arab,16
demonstrate-against,1
judges--i,1
night,14
security,92
question--that,1
honored,2
born,7
bore,1
congratulate,1
/,20
asking,10
participation,9
injustice--for,1
pose,1
constructive,6
plo,3
theirs,1
months,29
cherish,1
wasting,2
pays,3
prisoners,2
bound,2
formidable,3
balanced,23
unchanging,2
legislation,32
sovereign,2
fight,23
accordingly,2
conservation,34
way,59
accords,4
was,214
war,61
lowest,5
becoming,4
dead,2
true,21
high-quality,1
invincible,1
maximum,3
promises,6
moore,4
canal's,1
york--drop,1
evidence,1
promised,8
prayer,2
face,28
physical,5
weakened,4
stake,5
before--about,1
falsely,1
campaign--and,1
test,9
shrink,1
welcome,3
convincing,2
let's,6
preeminence,1
bestowed,1
domination,2
together,58
cohesion,1
loyal,1
precedent,1
concept,2
diplomacy,4
global,16
grateful,4
battle,5
superpower,1
devoted,2
contributing,1
certainly,7
mounted,1
zone,7
compensate,2
permanently,1
terror,1
a's,1
southwest,6
brown,3
supported,7
automobiles,4
trouble,1
aggressively,1
perceived,1
evaded,2
presented,3
fragile,1
gun,4
p,1
gut,1
brave,3
regret,2
regained,2
discover,2
cost,21
purposefulness,1
scarcity,1
threeyears,1
realize--that,1
assistance,2
havoc,1
uniform,2
shared,3
appeal,2
satisfy,1
supporting,4
explosion,3
inauguration,3
muslim,1
chicano,1
teaches,1
teacher,1
change,42
sending,2
flames,1
trial,2
franklin,7
patriotic,1
petitioned,1
country's,2
sonnenfeldt,1
retired,4
extra,6
sincerely,1
italians,1
controls,5
gasohol,2
market,7
prove,2
territories,1
live,27
bluffing,1
towers,1
organizations,2
slogan,1
ford's,10
car,1
cap,1
cat,1
hardest,1
can,252
stimulating,1
heart,10
dedicated,3
expanding,3
subsidies,1
arise,1
didn't,15
heard,9
purity,1
exclude,2
clothing,1
occur,2
productive,6
bankrupt,3
discussion,4
means,17
state's,1
criterion,2
dominance,1
economy,54
armies,1
product,2
sacrifice,30
southern,5
produce,19
drastic,2
nomination,5
remember,19
whenever,5
futures,6
forms--oil--and,1
progressively,1
typical,8
embassies,1
serving,3
greece--show,1
indeed,3
consulting,1
aiding,1
ended,1
nitrogen,1
cold,2
still,59
formerly,1
acknowledge,1
forms,2
halt,5
reject,3
wealthy,1
not,360
now,209
hall,2
expedite,1
afflicted-they've,1
servant,1
january,11
drop,1
entirely,1
fired,2
cairo,1
challenges,16
year,135
happen,13
avoided,1
shown,3
accomplish,1
opened,3
space,2
belligerence,1
thirst,1
increase,44
wholeheartedly,1
rational,1
receiving,2
viable,1
shows,5
rebuilding,4
advantaged,1
defenses,3
cars,7
advantages,1
ohio,1
obligation,4
inevitable,3
card,1
care,28
deprivation,3
transition,5
roadblocks,1
thriftily,1
honest,5
reconfirmed,2
invitation,1
outcry,1
jr's,1
benefited,2
enhances,2
directly,11
impossible,2
message,5
drove,1
tomorrow,7
'em,1
size,9
inconceivable,1
capitalize,1
thankless,1
callous,2
term-within,1
hilliard,1
requirement--that,1
friend,1
nutrition,1
that,1181
taxation,1
step-by-step,1
eliminates,1
eliminated,4
appreciated,1
semantics,1
television,2
accordance,2
optimism,4
fruits,1
extinguish,1
correction,3
premier,2
roosevelt's,1
inpatient,1
distorted,1
recover,1
offering,1
overcoming,1
equipment,6
call-in,1
objective,1
begin,18
price,39
importantly,2
undertakings,1
america,93
destiny,4
forever,1
reform,13
steady,8
mrs,1
sunset,1
professional,1
dispersed,1
abraham,3
typically,1
this--to,1
fifty,2
discovered,4
fifth,4
geography,1
title,2
only,100
enriched,2
truly,4
cannot,46
self-indulgence,1
losers,1
elected,17
actively,3
staunch,2
concern,23
israeli,11
between,79
import,8
notice,1
thundercloud,1
blame,2
hurts,4
self-interest,2
enabling,2
downtrodden,1
comes,4
madness,1
reprocessed,1
looms,1
couldn't,2
liberal,1
rebuild,6
punished,2
toss,1
rebuilt,1
shortages,7
wounds,3
suspected,2
realities,3
developing,9
these,149
soil,1
marshaled,2
commander,2
embrace,1
accounting,1
return,7
waterway,4
develop,17
media,2
gentlemen,2
document,3
centuries,4
closest,1
enjoyment,1
farmers',1
respected,3
mentally,1
charges,1
constitutional,7
severe,5
coordinate,2
ccc,2
charged,1
livestock,2
valuable,2
civilized,1
touch,3
speed,4
renewed,4
legitimately,1
thinking,3
improvement,2
treatment,8
versa,1
deep-seated,1
struck,1
momentum,2
real,29
spectacular,1
rules,5
early,7
listening,3
stunt,1
suppliers,1
annually,2
yearnings,2
benefit,9
occasions,2
output,2
endorsed,2
twelve,1
verbal,1
unraveling,1
's,13
enacting,1
passions,1
lippmann,1
conservative,1
deficit,20
assembly,2
business,35
sixth,1
equivalent,6
credits,2
sixty,1
exciting,4
throw,2
comparison,2
central,10
hampers,1
insinuating,1
friendship,10
boldly,1
journey,1
greatly,6
underway,1
heavy,4
involvement,11
shrinking,1
your,68
intervention,2
prepare,4
area,5
assumed,2
stark,2
arei,1
start,12
low,4
lot,16
court--and,1
delayed,1
shapers,1
two-thirds,6
trying,17
irreversible,1
hire,3
fraud,2
sea-level,1
beliefs,6
arabs,2
describe,4
moved,4
sales,8
coproduction,1
hospitals,1
yom,1
administered,4
storage,1
event,1
past--we've,1
you,233
surest,1
arab-israeli,1
airplanes,2
drift,4
nationthat,1
peak,1
suited,1
building,10
big-shots,1
controlled,6
apathy,1
restored,2
overseas,17
precondition,1
since,60
alleviation,2
groundwork,1
month,9
thoughtful,1
religious,7
pledged,1
insulate,2
safety,16
confidential,1
homes,16
very,169
decide,5
'chilean,1
austerity,1
--,248
prohibitions,1
i'll,8
fence,1
streets,1
enhancement,1
conscience,2
abundant,3
consumers,9
apologized,1
commence,1
learned,25
multinational,1
turmoil,3
iran,27
loose,1
modify,3
answers,14
tracks,1
selective,1
follow-everyone,1
excess,2
vandenburg,1
strong,79
ahead,20
inspired,1
exceptionally,1
million-and,1
soldier,1
amount,10
family,21
panamanian,1
requiring,1
ask,32
aimed,1
trained,2
mistakes--and,1
conventional,4
takes,9
revelation,2
contains,1
establishment-this,1
shotguns,1
oil-producing,1
taken,19
lowering,2
abridged,1
outpatient,1
excuse,1
commenced,1
factories,6
producing,2
sovereignty,6
house-business,1
offender,1
oversight,1
outstanding,2
history,44
pushes,1
adviser,1
boycott,6
phrase,4
species,1
firmly,3
warhead,1
stayed,1
communiqu&eacute,3
vigilance,1
tried,10
derived,8
tries,1
terrorist,7
invasion,5
derives,1
a,1458
criticize,1
overnight,2
deterioration,1
dream,9
help,84
reservoir,1
soon,8
held,6
committee,4
committed,8
hell,2
environmentally,1
taxpayer,3
wishful,1
actually,8
absence,3
systems,4
founders,2
peanuts,1
haven't,4
evening,9
food,13
you've,6
towering,1
fully,9
capability,12
stopped,3
referred,1
barrels,12
restless,1
beyond,11
anarchy,2
robert,1
surrounded,2
dominated,2
issue,18
earns,1
houses,2
reason,11
base,4
put,56
earliest,2
curtailed,1
launch,1
broad-based,1
terrible,7
americas,1
american,205
automobile,2
syria,2
arsenal,1
miss,1
guaranteeing,3
belongs,1
station,1
mosaic,1
vice-presidential,1
scheme,1
shifted,1
jordan,2
grocery,1
hundred,5
anticipate,2
ecuador,1
attorney,2
breadbasket,2
toward,41
deciding,1
heaviest,1
affirmative,1
substantial,12
sentences,1
concentration,2
karl,2
lie,3
officers,1
aggravating,1
aired,1
towards,4
quote,5
plunder,1
experiences,3
approved,3
salary,1
loopholes,1
clear,26
unreasonable,2
clean,4
latest,2
perseverance,1
justicethat,1
league,2
tenet,1
multilateral,1
justice,28
flights,1
pretty,1
meanwhile,1
financing,2
rekindle,1
famous,1
feels,3
grew,1
during,53
sacrifices,11
interim,2
withdrawal,10
poisoned,1
can-and,1
patriotism,4
throwing,1
plausible,1
close,19
pictures,1
won,4
years-,1
probably,4
conditions,1
years',1
stagnation,2
missing,2
proposed-simple,1
'-which,1
poorer,1
invisible,1
both,54
wouldn't,3
minorities,3
sensitive,5
anti-inflation,4
forgotten,1
ago-and,1
liked,1
headed,1
vessey,1
whatever,5
persecuted,1
described,14
stamp,1
irresponsibility,1
describes,1
office--this,1
maintenance,1
threaten,5
territory,1
empty,1
walter,5
budgeted,2
else,10
recalled,1
poorand,1
pact,1
look,10
governor,50
brilliant,1
while,20
match,2
endanger,3
fleet,1
guide,2
alike,2
costly,2
voters,3
rulers,3
embargoes--one,1
ready,13
fairer,3
anymore,1
belong,1
repudiated,1
shackle,1
vulnerable,3
grand,1
conflict,12
used,21
lawyers,3
uses,6
decency,6
revitalization,3
skyrocketing,3
older,1
obviously,15
president-elect,1
grossly,2
ambassador,3
settlements,4
reviewed,1
useful,1
taiwan,9
praying,1
questioner,1
$,85
guaranteed,5
transformation,1
single-issue,1
march,2
lacking,1
goals-then,1
wiser,2
defied,1
strife,1
popular,6
administration-and,1
years-by,1
fathers,3
creation,3
some,83
urgent,4
trends,1
experienced,5
delivered,4
country--$,1
beneficially,1
civilization,2
slash,3
minimal,1
sweating,1
inconvenience,1
run,10
rebates,2
step,16
nerves,1
abroad,13
troops,11
faith,29
bureaus,2
trucking,4
allotment,2
block,3
disclosure,3
within,26
pentagon,2
rolls,1
militarily,4
statistics,1
computer,1
innate,2
renewal,2
know--plains--and,1
accountability,1
consultation,8
heritage,5
sinai,5
himself,3
properly,1
authority,17
injection,1
warlike,1
vacancies,1
foresight,2
similar,6
ordered,2
adults,1
reached-and,1
accessibility,1
estrangement,1
unwise,1
amounts,2
tito,1
preachers,1
recognition,2
forge,1
draw,3
spectators,1
kansas,2
william,2
restrained,1
structure,11
required,6
resolving,2
administrations--nixon's,1
depth,1
requires,7
watergate,7
farms,2
proposition,2
go,54
'have,2
excludes,2
arid,1
does,27
excluded,11
friendly,3
economical,2
miners,3
wave,1
telling,1
discouragement,1
stiff,1
meant,1
positions,2
compassionate,3
barbara,2
enforce,2
innately,1
carter,7
bogota,1
booth,1
cartel,1
plays,1
experiment,1
volatile,1
self-defeating,1
stance,1
upsetting,1
commercial,3
following,4
focused,4
micah,2
indivisible,1
kissinger,8
withdrawing,1
products,7
weren't,1
stabilization,1
addresses,2
danger,15
win,7
manage,3
addressed,5
buildup,1
cloud,1
people-a,1
remains,7
spending-and,1
predict,2
panel,1
historically,1
reflects,2
bureaucracy,5
formally,1
started,8
becomes,3
testified,1
about,184
missile,5
israelis,2
testifies,1
appointed,3
-page,1
announcing,4
averaged,3
recession,10
trewhitt,1
crossed,1
servants,1
meet,39
control,69
links,2
sought,3
founding,1
fearsome,1
hesitate,2
arrangement,1
reestablish,3
deplore,1
farm,12
ronald,1
are--quite,1
advocated,10
advocates,4
agenda,2
including,11
cruise,3
mentioned,3
helicopters,1
exclusion,2
hands,3
sinfulness,1
literacy,1
university,1
slide,1
labor-must,1
aggravates,1
globe,1
elected-and,1
measure,2
margins,1
special,30
gallant,1
cause,21
achievements,2
ago-was,1
recommendations,1
completely,12
ancestry,1
hostile,1
determining,1
route,1
florida,1
times,31
for--has,1
humphrey,5
designed,8
prospective,1
confuse,1
improving,4
eminence,1
precisely,1
quality,9
hiding,1
acheson,1
you're,2
management,10
privacy,2
data,1
unequivocal,2
adopted,1
attack,10
final,11
familyafter,1
east--only,1
exactly,5
manipulation,1
overwhelming,7
herself,1
outline,1
aspiration,1
bed,3
succinctly,1
providing,6
insignificance,1
distinguished,3
enforced,1
thwarted,1
unchanged,1
change--those,1
out-product,1
need,63
constrained,1
border,5
pursued,3
able,21
purchasing,1
instance,24
relatives,1
issuing,1
middle-income,4
fuels,9
deploy,2
passionately,1
technicality,1
intentions,1
montana,1
but,367
consequences,5
againwe,1
businessman,1
impression,1
emerging,1
violation,1
itthat,1
percent--out-third,1
well-being,9
partners,5
affects,5
based,20
unfinished,1
earned,1
dramatize,1
hopeful,1
arabias,1
bases,1
reorganizing,1
inherited,2
fuel,10
employed,3
frittered,1
achieve,10
responsibility--to,1
slows,2
fellow,10
michigan,1
overall,9
joint,9
legitimate,5
procedures,4
endless,3
processes,1
places,6
trucks,1
course,23
parlors,1
evaders,1
she,2
contain,1
prayers,2
orphan,1
freeze,1
reinforce,2
korea,10
yugoslavia,6
operated,1
humane,3
forgo,2
nightmare,2
teng,1
tend,1
written,2
horrible,2
tens,2
neither,10
sole,1
importance,10
efficiency,6
key,5
approval,3
precious,6
problem,40
monitor,3
limits,5
career,1
minds,2
strains,1
revitalized,3
expand,6
diplomats,1
budgetary,1
tuesday,1
predication,1
penetrating,1
competent,5
cynicism,1
quit,1
addition,14
discrimination,8
deaths,1
slowly,2
world--alexander,1
shoulders,2
corresponding,1
country--every,1
releasing,1
abortions,2
there've,1
bipartisan,4
intimidate,1
fitzgerald,2
harder,2
owns,2
-year-old,1
began,6
issues-also,1
strange,1
speaker,3
incumbent,2
blight,3
party,35
discourages,1
unconventional,2
absorb,1
effect,11
discouraged,3
fierce,1
frequently,2
single,14
destruction,10
paycheck,1
i,956
obstacles,1
well,78
restore,10
increasingly,9
accurate,13
mistaken,2
sources,8
mistakes,13
distant,3
skill,1
grappling,1
consideration--who,1
imposes,1
extends,1
ought,41
warrant,1
fate,1
historic,10
burden,12
immediately,11
loss,4
lincoln,6
necessary,21
lost,12
candy,1
payments,7
congress--and,1
lose,5
refugees,1
library,1
francisco,2
cleveland,1
home,40
competitor,1
broad,4
overlap,1
demonstrated,2
limitations,5
questioners,1
inaccurate,1
reaching,2
journal,3
monetary,3
expansion,4
offset,1
amy,1
mondale,8
refuge,1
freedom,37
incomes,2
recognized,9
compatible,3
recognizes,3
stakes,2
equally,7
previously,1
washington,17
articulate,1
managing,1
utility,3
mississippi,1
accused,1
impatience,1
noticed,7
delineations,2
crushing,1
north,10
agrees,1
gain,5
courts,1
highest,9
eat,1
he,102
demilitarized,1
signed,4
cruel,1
limit,11
dame,3
display,1
mechanics,1
education,27
take-home,1
balcony,1
-day,1
contest,2
longer,13
jamming,1
stay,14
inescapably,1
deter,1
friends,14
appoint,3
persistent,4
portion,5
determination,9
indirectly,2
secondly,8
pardon,5
dynamic,2
better>,1
whose,4
disability,2
seriously,3
exploding,1
rescue,18
reforms,2
affect,5
courageous,2
vast,4
holiness,1
skills,4
typifies,2
companies,20
solution,4
herbert,3
convenience,1
enhance,7
deplorable,1
force,28
japanese,1
across,12
likely,3
implemented,1
even,70
oldest,1
prisons,1
integrity,10
panama,19
asia,12
liberated,2
new,143
net,4
ever,35
seventh,1
never,64
drew,3
met,7
inner-city,1
osha,1
active,2
interpret,1
luther,2
rests,1
vulnerability,1
ignoring,1
credit,2
permit,11
buckley,1
campaign,29
reagan,32
county,3
specifics,2
moral,19
circumvent,1
head-on,1
arms,46
call,11
survive,1
tell,9
supporters,1
wars,5
berlin,1
warm,1
room,1
rights,78
gasoline,9
roof,1
movies,1
defer,1
give,40
involve,5
autonomy,2
kabul,1
faults,1
sixties,1
answer,17
minority,15
replacing,1
president,187
summarize,1
purchase,1
attempt,8
third,18
maintain,15
waited,2
athletes,1
operations,1
iran--or,1
lipshutz,1
before,62
personal,20
discredit,1
better,46
egypt-saudi,1
persist,1
stalemate,3
weeks,13
weakness,8
unemployed,7
onethird,1
rhetoric,2
arrested,2
mistrust,1
daughters,1
wage,21
went,15
side,6
mean,15
principles,24
taught,1
trading,1
navy,2
temporary,1
first-class,1
merchants,1
restricted,1
crucial,14
ever-expanding,1
revolving,1
turning,3
struggle,13
ill-health,1
starts,2
messages,1
steward,1
moving,2
acquaint,1
twisted,1
dwell,1
dramatized,2
digs,1
enabled,1
bitterness,2
normalizing,1
matter,30
persuade,3
espouse,1
divisiveness,1
sees,1
palace,1
modern,3
mind,9
eyes,1
all-time,1
seen,20
seem,5
seek,20
emptiness,1
fitting,1
edge,1
colonialism,1
observation,1
medical,6
points,3
principle,16
consumer,2
dow,1
urgency,2
hunger,4
slashed,1
ending,1
treaties,12
attempts,2
thirds,1
judges,4
resisting,1
explain,7
sugar,1
months--i've,1
unleashed,1
judged,2
praised,1
exports,6
security-security,1
stop,16
coast,1
comply,1
earn,3
bas,2
fields,1
bad,6
architecture,1
rival,1
ban,6
attest,2
crewmen,1
testing,4
zones,1
decided,6
interruptions,1
incorporating,1
subject,13
brazil,2
said,49
inappropriate,1
scrap,2
artificial,1
there's,12
olympics,1
tolerance,1
legalities,1
ignorance,1
tripled,1
element-of,1
suggested,4
deregulation,3
against,50
distinction,6
contribution,1
confronted,2
hardworking,1
initiative,1
path,17
administrations,2
now-,1
puts,2
basis,21
three,30
tiny,1
cyrus,1
commission,2
trigger,1
court--i,1
interest,31
basic,35
government--our,1
deeper,5
prosperous,6
quantities,1
sunshine,1
tapping,3
personally,6
misquoted,1
unpopular,1
exception,1
able-bodied,1
illiteracy,2
zero-based,1
defense--a,1
near,1
moratorium,1
neat,1
balance,14
study,4
schweitzer,1
ridicule,1
mexico,1
is,731
it,412
ii,17
shame,1
in,1393
if,153
grown,5
fatherless,1
nazi,1
make,112
potentially,3
confronting,1
entitled,2
evolve,2
advocate,4
governors,5
differing,1
kim,1
nurtured,1
opportunity,30
thoughts,1
programs,41
settled,3
rates-which,1
practices,1
claims,1
investments,4
left,5
just,101
wasteful,6
unfair,7
identify,2
human,81
facts,3
yes,19
yet,17
buyers,1
candidate,5
regarded,1
character,10
save,9
sailors,1
background,6
dreams,5
shoulder,1
dignity,6
patience,2
unnecessary,12
dean,1
deal,29
somehow,1
elderly,7
statistic,1
short-term,2
notification,1
deleterious,1
daytime,1
bold,5
prairies,1
blackmail,2
confrontation,4
super,2
conceal,1
afternoon,6
commit,3
marshal,1
automatically,1
managers,1
lied,1
intellectual,1
negative,1
down,60
lies,5
editor,1
nixon-,1
form,2
ford,87
failure,9
surrender,3
builds,1
attached,1
economic,80
horrifying,1
propaganda,1
abusing,1
strengthening,2
covert,1
one-third,5
covers,1
sale,5
megatons,1
revitalize,1
ship,5
vista,1
generally,1
warehouse,1
felt,8
fell,1
exported,1
authorities,2
transfers,2
died,2
billion,59
assume,3
daily,3
premiums,1
stripping,1
profits,14
overdue,1
managed,1
alaska's,1
invent,1
redouble,2
bomber,1
retention,1
anticipation,2
depend,6
generation-long,1
father,2
answered,2
finally,9
unpleasant,4
marks,1
suffered,5
me,82
starts--he,1
meetings-will,1
construction,3
merit,4
governments,12
list--my,1
did,29
proposals,20
democrat,4
specials,2
item,3
it'll,3
self-righteousness,1
olympic,5
talked,7
dealing,3
targets,1
afghanistan,19
suspect,1
international,37
unrestricted,1
filled,2
transportation,9
henry,2
french,1
kilometers,1
refused,1
before--now,1
wait,4
exemplified,5
institute,2
shift,14
suggestion,1
priceless,1
rediscover,1
all-out,3
genuinely,1
elect,1
merely,2
flexibility,2
patriots,1
licensing,1
close-knit,2
everybody,4
wealth,3
spirituality,1
sake,4
visit,5
france,2
cooperated,1
lessened,1
sharing,7
accuracy,3
unequaled,1
acceptable,1
downtown,4
rigid,1
effort,41
tokyo,1
avoiding,2
reelected,3
soul,1
growing,15
making,17
hiroshima,1
claim,8
lobbying,1
winston,2
confused,6
council,7
normalize,1
mencken,1
chemical,2
antiballistic,1
may,42
max,1
mankind,3
destructive,3
guys,2
grow,7
man,16
relinquish,1
poseidon,1
neck,1
johnson,11
long-range,7
maybe,3
inhabitants,1
switch,2
jail,2
african,2
basket,3
talk,25
gradual,1
pointed,4
entity,1
stability,16
cuts,8
group,15
thank,32
interesting,2
policy,110
ours,9
main,2
undermines,1
texas,2
finance,5
views,2
sooner,1
lunch,1
aspirations,2
killed,2
developments,1
attorneys,2
careless,1
party's,1
canada,1
living,13
interference,3
imperative,3
emerged,1
dominate,4
correct,6
assurance,1
inaction,1
earlier,11
bombs,3
self-determination,1
mechanisms,1
california,4
advance,2
language,3
standby,1
thing,29
think,139
frequent,1
first,88
question,25
americans,68
fast,3
suspended,1
carry,14
corporations,8
sounds,2
little,11
personalities,1
anyone,3
corporation[,1
speaking,4
bloodshed,2
mining,1
inefficient,1
moscow,5
continuous,1
accurately,3
broadcast,1
undoubtedly,2
cartels,1
overridden-he,1
protected,7
were,75
gigantic,1
gathering,1
taxpayers',2
voices,3
metcalf,1
occupied,1
warsaw,2
efficient,19
answering,1
endangered,2
potential,10
interior,1
performance,3
channel,4
pain,1
theatre,1
normal,3
paid,11
rehearsal,1
assault,2
cuban,2
especially,16
voodoo,2
repeatedly,1
shot,2
show,3
moderator,1
shoe,2
enough,22
impunity,2
black,12
travesty,1
treasury,1
enthusiasm,2
awareness,2
hungarian,2
get,29
contracts,1
nearly,10
yield,5
morning,3
miles,1
deferral,1
communicated,2
honesty,2
relative,1
eliminating,2
calendar,2
registering,1
behind,7
checks,3
affordable,1
august,1
jr,1
dates,2
according,2
disappointment,1
among,49
cancer,1
maintained,6
stretched,1
spans,1
cancel,2
technicalities,2
considering,1
arts,1
capable,1
certify,1
inouye's,1
mark,2
deserters,1
borders,14
marx,2
shopping,1
offered,2
dramatic,3
wake,1
declaration,3
those,157
sound,13
steelworker,1
warning,1
valeriani,1
cancelled,1
awakened,1
conferences,3
eventually,1
endowed,1
sincere,1
middle,39
dangerously,1
wisely,1
different,25
harsh,1
pay,25
horatio,1
same,39
speech,3
arguments,1
struggling,2
intermediary,1
oil,130
assist,1
running,13
drain,1
largely,1
convenes,1
roughly,3
substantive,1
solve,17
money,30
adjustments,3
unofficial,1
aspect,1
politicians,1
pile,1
extensive,2
administration's,3
undelivered,1
department,13
secrecy,7
railroad,3
disappointed,1
decision--which,1
serves,5
facing,4
audience,1
either,14
served,10
voluntarily,1
passionate,1
assassinatedalong,1
jews,4
alternated,1
dole,1
specified,1
nazism,1
gross,3
colonial,3
footing,1
extensively,1
critical,4
inject,1
moderate,2
knife,1
seconds,1
author's,1
notable,2
squarely,1
regulations,22
conducting,1
stations,2
island,1
violence,5
meaning,6
practical,3
airline,3
west,6
mixed,1
road,5
detente,4
quietly,1
lands,10
whites,2
spreading,1
bountiful,2
blessed,1
harness,1
strip,2
commissions-some,1
totalitarian,3
fall--to,1
fates,1
strikes,1
sophisticated,2
romantic,1
wasn't,1
vice,10
powerless,1
deep,12
general,10
imagination,1
examine,1
file,2
importing,10
lifetime,4
deterrent,3
fill,2
tedious,3
again,42
amendments,2
assessing,1
personnel,1
for-that,1
field,4
president's,3
victimize,1
students,2
important,73
tackle,1
equitable,1
prudent,2
remote,1
assets,1
unselfishness,1
spills,1
u,5
starting,1
represent,3
forget,2
together--with,1
suburban,1
dollar,10
founded,4
cooperative,2
invariably,1
talks,7
expressions,1
children,18
reluctant,3
preserves,1
inexhaustible,2
modernization,1
destroyers,2
preserved,4
sitting,2
fall,10
difference,12
high-sometimes,1
dictatorship,3
mothers,1
bypassed,2
saudi,4
economically,2
neighborhood,1
withheld,1
burger,10
agreement--not,1
perspective,6
lawyer,1
further,29
schlesinger,4
stood,3
public,39
movement,5
quenched,1
ranged,1
component,1
nation's,42
beacon,3
mourning,1
speeches,1
bible,3
stretching,2
narrow,4
buses,1
transit,4
africa,10
armed,8
drain--the,1
eye,1
uniformity,1
wiped,1
two,63
characteristics,1
restraints,5
items--and,1
achieving,1
hegemony,2
demilitarization,1
controlling,5
particular,2
town,4
none,9
hour,1
recall,1
roosevelt,7
remain,12
abandon,3
hormuz,1
purchases,5
share,16
sphere,1
minimum,6
numbers,4
sharp,4
narrowly,1
needs,31
notable--governor,1
needy,2
acts,6
inflationary,9
advice,3
sophistication,1
blood,3
faculty,1
lunch-the,1
response,7
onto,1
coal,34
responsibility,25
playing,2
that's,59
infant,1
rifles,1
appeals,3
through,64
heirs,2
existence,3
suffer,5
possessions,1
energies,2
late,4
good,90
seeking,3
encouraging,2
easily,1
habits,2
namibia,1
repeating,1
harboring,1
ports,2
harm,2
everyone,11
mental,4
house,30
fish,1
hard,25
idea,3
extended,1
countrymen,1
connect,1
insurance,13
initiatives,2
vladivostok,1
percent-i,1
projected,1
acting,2
print,1
evaluation,1
circumstance,2
difficulty,2
giveaway,1
members,28
backed,1
beginning,13
benefits,14
eventuality,2
prophet,1
conducted,1
suburbs--better,1
reinforced,1
instances,6
done,48
wages,10
least,6
militant,1
regulation,5
assumption,1
statement,16
beloved,3
democracy's,2
park,2
dentist,1
part,43
believe,81
clarifying,1
gotten,1
youth,6
contrary,2
supposed,1
declare,3
nominee,2
trainload,1
ages,1
three-quarters,1
ranger-type,1
orders,2
paths,2
built,11
majority,7
build,28
eggs,1
medium-sized,1
depths,1
most,69
significant,4
services,7
extremely,9
humanitarian,1
clements,1
nobility,1
sector,9
thomas,2
particularly,10
obligations,3
commissions,3
businesses,8
carefully,9
kennedy's,1
fine,5
find,10
month's,1
giant,1
depended,1
hospitable,1
freedoms,2
intractable,1
express,5
cheaper,1
courage,12
nowadays--,1
bilateral,2
resolve,14
contagious,1
remove,8
common,33
restaurants,2
opposing,2
individual,15
unmistakable,1
forthcoming,1
electoral,1
smallest,1
historical,8
dividends,1
aircraft,3
full-time,2
reverse,3
journeyed,1
powers,5
annual,4
foreign,79
baltimore,1
point,24
simple,20
prosecuting,1
simply,15
unsuccessful,1
openness,4
throughout,19
expensive,3
consuming,2
raise,10
create,15
secret,8
dropping,2
ensured,1
laos,1
meeting,11
honorary,1
gas,30
gap,2
understand,26
prices,36
unnecessarily,1
unify,1
solid,1
bill,13
tolerate,3
elections,1
deferred,1
consular,1
denominations,1
portugal,3
century,7
cents,1
itself,9
italy,3
wherein,1
half-mast,1
imperfect--a,1
emphasize,8
development,20
assignment,2
yesterday,4
moment,11
purpose,19
realm,1
timid,2
predecessors,7
task,14
warnke,6
spent,7
withdraw,2
landmark,1
entry,1
spend,10
prevention,1
times--that,1
snow,1
profoundly,1
shape,10
openly,2
atomic,30
alternative,5
letting,3
cut,44
source,11
deliberately,1
administrative,5
excited,1
dependability,1
adversaries,8
big,3
matters,7
bit,2
follows,1
decisionmaking,1
indication,4
mediocrity,1
unhindered,1
reagan-kemp-roth,5
to-as,1
valleys,1
often,23
absolutely,7
magnificent,1
back,33
strongest,3
examples,1
nicaragua,1
ourselves,27
shelters-they,1
favor--the,1
decision,19
per,12
eliminate,7
invade,1
inimical,1
remembered,3
continuing,6
use,64
union's,1
hostages,14
megaton,1
goods,7
constraint,4
now-except,1
graduation,3
extensions,1
misplaced,1
jimmy,1
zero-base,1
invading,2
neutrality,5
inhospitable,1
lesson,2
bankruptcy,1
modicum,1
germans,1
forward,17
opponent,4
adjusting,1
hoped,1
-type,1
gallup,1
hopes,6
role,10
emplacements,1
directed,7
planet,4
exploration,3
planes,1
constant,11
stripped,2
consulted,1
cure,3
prevail,1
excused,1
cohesive,1
accounted,1
statutes,1
irreplaceable,1
confine,1
lend,1
prepared,11
restoration,1
desert,1
implies,1
vehicles,1
presenting,1
failures,4
israel's,6
panamanians,3
restraining,1
vietnamese,2
intensive,3
helps,2
georgians,1
economically--high,1
presently,4
putting,6
entire,12
recreation,1
understandings,1
fighting,5
shock,3
mobilize,2
government's,4
demonstrations,1
subtle,1
depression,10
reconciliation,2
power,56
giving,7
inconveniences,1
access,8
industrialized,2
exercise,5
body,1
exchange,2
others,30
safer,2
extreme,7
alaska,3
implement,1
honor,4
named,1
presidents,14
private,30
decrease,2
privately,1
oval,13
resolutions,1
hammered,1
reciprocity,1
themselves,10
deepest,5
airlifted,1
transient,2
ashamed,3
informally,2
non-communist,1
account,1
embarked,1
obvious,7
industrial,4
closing,4
prohibiting,1
effectively,3
reserves,6
fulfillment,2
magnificently,1
soviet-occupied,1
varied,1
democracy,12
hampshire,1
regions,4
responsibilities,7
winners,1
buildings,2
waters,2
philosophy,3
collection,1
materiel,2
bombers,1
bind,2
lines,6
chief,4
resurgent,1
disarm,1
contriving,1
agricultural,4
industries,7
negotiated,8
labor,18
willing,7
criminal,5
skilled,1
greater,14
mention,2
cutting,6
mandate,2
insisting,2
exact-percent,1
day,31
strive,3
warned,1
state--excuse,1
constraints,3
belgrade,1
burdened,1
empires,1
defend,7
mate,3
electronics,1
announced,4
approached,1
frank,1
payroll,4
clarify,2
approaches,4
afterward,1
chiefs,2
allies,30
deprived,1
barriers,5
retain,2
south,15
$-a-year,1
reaches,1
strategic,23
embarrassed,1
improvements,4
puppet,1
reached,5
owning,2
ancient,4
completed,5
acquire,1
lamont,1
environmental,5
reaffirm,2
loved,2
sweden,1
embody,1
visited,3
abolished,3
unlikely,2
have,681
demonstration,2
landbased,1
mia,1
gravity,1
incentive,2
concerns,8
coterminus,1
unless,11
eight,3
preliminary,3
payment,3
police,5
alaskan,1
request,5
disease,5
capita,1
artificially,1
occasion,2
normally,1
selection,3
charles,1
thicket,2
staff,8
inspiring,1
communism,2
knowledge,9
housewives,1
endangers,1
warnke's,1
communist,3
inferior,1
regularly,1
hijacking,2
exceptional,1
beat,1
bear,3
it's-the,1
anything--no,1
perfection,1
areas,24
child-for,1
calling,1
won't,3
fixed,2
conform,1
exists,3
national,65
showdown,1
accord,1
diversitythat,1
enhanced,2
awaits,1
asks,1
imposition,1
attempting,5
pattern,2
difficulties,5
progress,30
quoting,1
possibility-he,1
various,1
sorrow,1
deliver,1
freely,1
taking,7
equal,22
well-qualified,1
fulfilled,1
assure,5
predispose,1
passing,1
otherwise,2
comment,6
compromising,1
facilities,4
involved-israel,1
laugh,1
earning,1
tremendous,11
it's,117
exhausted,1
gaza,4
curtain,1
proposal,18
define,4
adapting,1
arises,1
overwhelmingly,2
undiminished,1
volunteer,2
divisions,1
plain,2
value,8
advisable,2
carved,2
almost,33
helped,14
arrangements,2
arabia,4
partner,2
productivity,11
administration,51
shuttle,1
injured,1
tighten,1
selfish,3
judgment,15
tighter,1
insure,1
center,2
weapon,2
overshadowed,1
thought,9
sets,1
position,21
redtape,2
soviet,104
usual,3
negotiation,7
stores,1
excise,1
executive,6
domestic,17
underlying,1
protecting,2
abolish,1
recommending,1
rebate,1
add,6
delegations,2
citizen,6
reformed,1
resolved,2
tests,3
judiciary,1
royalty,1
deployment,1
displaced,1
like,67
success,19
self-reliance,1
works,5
alive,3
ideals,4
convey,1
proper,4
supportive,1
happens,5
if--iran,1
iran--about,1
assuming,2
forbid,1
regain,4
jews--it,1
slight,1
although,9
worthy,3
simpler,3
seriousness,1
rationing,2
actual,5
boards,1
blessings,1
happinessthis,1
discard,1
billions,6
guard,1
ford--that,1
not-but,1
illconsidered,1
confident,14
adversarial,1
biggest,5
maze,1
buy,8
bus,1
preparations,1
reminds,2
repeated,1
wealthier,1
bum,1
consternation,1
embargo,8
wise,1
glory,2
dangerous,11
minutes,7
plutonium,1
supreme,6
unaffordable,1
ambassadors,4
families,19
corporation,5
ducked,1
overpopulation,1
dictatorships,2
weaponry,3
resolution,6
deregulated,2
limited,7
hath,1
assembled,2
violate,3
crises,4
poorest,1
under,54
pride,3
merchant,5
risk,10
rise,10
every,110
school,4
publicly,2
frankness,1
make-work,2
methane,1
enjoy,2
leaders,45
consistent,4
guidelines,1
estimates,1
direct,5
scrutinize,1
street,4
friendships,2
estimated,1
blue,2
solemn,1
selected,3
liberty,11
conduct,3
supplier,1
supplies,12
seeks,1
hundreds,5
humility,1
aftermath,4
mayaguez,5
tinsel,1
voice,4
forum,1
changed,15
mistake,7
changes,15
julia,1
feelings,2
visible,1
would,244
hospital,8
asset,1
limousine,1
breathe,1
ford's--we,1
naive,1
phone,1
excellent,4
robbing,2
casualties,1
must,192
shoot,1
join,20
cheapest,1
tremendously,1
ms,2
mr,127
my,161
quarrel,1
unilateral,1
ingenuity,4
preserving,3
keep,29
guarantee,13
ceremony,2
end,26
adjacent,1
widespread,2
description,3
mess,4
demanding,2
predicated,2
parallel,1
amid,1
ultimate,9
enter,3
preventive,2
acknowledges,1
reforming,2
over,60
london,1
expectations,1
compelling,1
iowa,1
tourist,1
prevented,2
powerful,18
revelations,2
godspeed,1
bootstraps,1
shadows,1
notified,1
detroit,1
filling,1
victory,2
each,43
lasting,3
consolidate,1
prohibit,1
signing,4
combining,1
saturday,2
large,10
driving,1
god,4
laid,2
sane,1
got,44
newly,1
independence,13
associate,1
rail,1
free,38
wanted,4
longterm,1
days,21
priorities,3
cooperating,1
already,37
primary,6
rank,1
restrict,2
fantasy,4
relations,28
insulation,1
top,9
fiction,1
ton,2
too,40
percentage,4
urban,8
ceiling,3
serve,15
took,17
negotiating,4
western,9
abandoning,2
nominate,1
immigrants,1
interrelated,1
bridge,2
fashion,1
ran,4
talking,9
regulate,1
relatively,5
[domestic,1
-,3
isolated,4
upholding,1
percent-adult,1
effectiveness,1
propitious,1
who've,3
candidate's,1
though,5
coin,1
explosives,4
rogers,1
devastating,1
flow,1
treaty,25
orderly,1
reputation,1
enterprise,8
inspire,5
pope,2
reductions,10
reorganize,5
solutioni,1
radio,3
solutions,9
earth,19
spite,3
delays,2
institution,2
announce,2
mixture,1
hostility,1
criticized,4
despite,1
report,16
countries,63
twice,11
erupt,1
shots,1
ruins,2
resist,2
disturbing,10
think-was,1
capacity,2
temptation,3
approach,15
confusion,1
weak,6
however,8
everyone-some,1
dedication,7
news,7
improve,7
faced,7
protect,34
fault,1
games,2
faces,1
expense,4
smuggled,1
trust,13
bureaucratic,5
conference,6
aback,1
percent-that,1
jobless,2
simplification,1
been,270
quickly,15
submarine,1
trampled,1
expected,3
republicans,15
search,10
n,1
lesser,1
teachers,3
observable,1
stopping,1
subjugate,2
procedure,4
experts,4
interacts,1
exportable,1
suggest,1
complex,10
inventory,1
several,22
satellite,2
commonsense,1
peaks,1
theodore,1
social,29
springtime,2
unyielding,1
insisted,2
normalization,6
shortly,1
russians,2
forceful,2
ocean,4
savings,5
greatest,19
incapable,1
mother,1
departed,1
proposed,12
unemployment,64
restrictive--to,1
proposes,2
depart,1
wood--which,1
technological,2
humanity,2
gave,6
low-income,2
advances,1
addicts,1
cultural,6
donal,1
judge,4
burns,2
advanced,1
apart,3
intertwined,1
gifted,1
specific,9
offices,5
officer,5
arbitrary,2
public's,2
incumbents,1
envision,1
frustrations,1
successfully,5
election,18
peacemaker,1
precautions,3
embodied,1
harriman,2
establish,11
everything,14
christmas,1
core,2
disappeared,1
newcomer,1
permitted,3
chapter,2
harmful,1
limitation,5
attacks,1
misleading,1
ensure,12
steadily,5
efforts,39
presence,5
civil,10
accommodate,1
entrepreneur,1
laborers,1
accomplishments,1
coastal,2
rely,5
transform,1
sunlight,1
class,3
stuck,1
fought,3
intolerance,1
head,1
-year,9
heal,2
differences,11
deny,3
heat,8
hear,6
solar,14
sustained,2
removed,4
counsel,1
captivity,1
suspicions,1
sometime,1
check,2
pipe,1
landon,1
no,131
unbalances,1
when,135
setting,6
stagnant,1
formalize,1
erosion,2
unbalanced,1
impounded,1
football,2
younger,1
faster,1
bullet,1
vigorously,1
vietnam,18
serious,33
backward,1
neighbors,12
remarkable,1
focus,1
leads,4
comments,5
remarkably,1
essentials,2
passage,8
environment,10
charge,1
promoting,1
determinations,1
advantage,7
trident,1
billion--primarily,1
tanks,1
emphasized,2
level,17
standards,20
quick,7
says,8
trend,4
obsolete,2
steppingstone,1
invaded,2
substitute,3
constitution,11
contracted,1
noncontroversial,1
debate,15
long-standing,1
reply,2
prescriptions,1
channeled,1
arethere,1
water,7
groups,21
graduates,1
turner's,1
healthy,6
overrides,1
guilty,4
rededicate,1
modifying,1
crisis,31
self-definition,1
vivid,4
memory,2
today,31
unwarranted,7
sessions,1
neglected,4
dismal,1
cases,5
lower-,1
audience-it,1
pre-,1
local,6
modified,1
mortality,2
slightest,1
nursing,1
dropped,4
requirements,2
secured,2
harmed,1
mismanagement,1
vital,8
cardinal,3
fourth,5
plus,3
speaks,1
unbelievable,1
paramount,2
information,11
islamic,2
levi,1
eighth,1
succeeded,1
inform,1
representation,1
refund,1
exclusive,2
comfort,4
-or,1
worship,1
blocked,1
wallace,1
he's,8
platform,4
offers,2
farmer,2
coordinated,2
happened,7
lonely,2
devastated,1
evolution,1
qualified,5
conquer,2
feature,1
term,8
equality,7
name,4
trip-and,1
possibilities,2
realistic,2
individually,1
populated,1
persian,7
farewell,1
begun,10
adequately,3
plans,7
ultimately,3
america's,18
factors,3
profit,1
tensions,4
factory,4
impose,6
motion,1
turn,2
place,23
futuristic,1
origin,2
revenue,3
coming,7
george,3
engineer,3
given,17
ian,1
district,1
trillion,1
returns,1
terrifying,1
lobbyists,3
bounty,1
welfare,23
white,23
gives,3
hud,1
appointees,1
cope,2
season,2
released,8
ill-advised,1
population,2
wide,3
unfortunately,4
require,12
diplomatic,14
officials,15
outcome,1
oath,2
and,2410
any,109
prosperity,4
conversion,1
ideas,7
emphasis,9
primaries,3
urge,4
hoover,3
clearer,1
visitors,1
considered,1
proud,23
hungry,3
senior,3
quantity,1
slope,3
drastically,1
cheap,3
spaces,1
hack,1
$-$,1
gulf,6
genius,1
state,38
crime,9
explicitly,1
admiration,3
anti-inflationary,1
distortion,1
reveal,2
discussing,1
ignored,5
encourages,1
violated,1
college,3
violates,1
encouraged,5
voluntary,10
mortgage,1
farmers,9
ways,15
subsequent,1
review,5
commitments,23
weapons,54
outside,7
caucus,1
cities,13
come,43
acquiring,1
libya,1
region,22
quiet,6
contract,1
senator,11
duty,7
pakistan,8
color,3
continuation,3
period,24
insist,3
reagan's,3
jammed,1
bizarre,1
poll,2
saudis,1
howard,1
escalated,1
peaceful,24
direction,3
robbed,1
andrew,1
minister,2
careful,7
spirit,29
paying,2
myself,14
mount,2
spanish-speaking,1
cast,3
couples,1
someone,6
years-peace,1
reshape,1
granted,3
reminded,2
month--we,1
trip,2
events,1
week,14
refusal,1
driver,1
drives,2
weed,1
disadvantaged,3
persons,5
changing,7
longing,1
pennsylvania,2
purposeful,3
without,35
relief,1
termination,1
reward,3
bodies,1
justify,1
captures,1
guided,5
actions,18
polish,2
reality,8
perilous,1
captured,1
blow,1
we've,173
seems,2
except,6
lets,1
interested,6
engulfed,1
poised,1
disrupt,2
years-and,1
scheduled,1
holding,3
inordinate,1
confines,1
inflation,124
brezhnev,1
accepted,3
correcting,1
kirbo,1
kennedy,15
substandard,1
reduced,6
burdens,2
competition,19
-mr,1
respect,19
intact,2
provided,2
unmatched,1
moon,1
depletion,1
provides,7
compulsion,1
freed,3
man-one,1
on,375
of,2445
paralysis,1
discussed,4
mutually,3
medicare,6
stand,15
or,244
ladies,1
undervalue,1
communication,1
accounts,1
determine,8
lastly,1
there,168
racism,1
strict,9
deteriorating,2
energy,207
catholics,1
regard,2
cabinet,8
promote,10
cheated,1
sun--not,1
grasp,4
strongly,5
accentuated,1
britain,5
diversity,1
encompass,1
bishop,1
deserve,5
allusions,1
rubber,1
cronkite,1
preoccupation,2
deviation,2
requested,2
briefly,2
fuel-efficient,1
separate,6
symbol,4
includes,1
applause,1
calls,3
wife,1
invest,4
humphrey-hawkins,1
directors,1
all,252
chinese,5
skirmishings,1
lack,8
policy--a,1
disc,2
follow,10
settlement,8
decisions,31
administration-tried,1
synthetic,6
catastrophe,1
switched,1
opportunities,7
removal,2
program,56
nonaligned,1
activities,3
woman,6
worse,15
egyptian,2
far,37
sons,2
worst,7
stimulus,2
list,6
grandfather,1
undone,1
tel,1
escalation,2
ten,3
ted,2
rate,45
design,1
nbc,1
governor-to,1
what,145
imported,9
cities-all,1
sun,3
sum,1
brief,6
crush,1
version,2
attitudes,7
guns,4
idealism,6
christian,1
observing,1
tragedy,2
naval,4
extraordinary,6
extremes,2
outposts,2
-secretary,1
options,1
suddenly,2
appliances,1
abhorrent,1
proceed,2
guidelines--job,1
markets,2
minor,3
israel,41
knows,6
definition,2
immersion,2
thus,4
flag,1
basically,2
known,9
glad,9
debates,4
debated,2
embarrassing,1
challenging,1
division,1
zimbabwe-rhodesia,1
protects,1
defense--dean,1
airplane,2
other--i,1
court,27
goal,16
desperation,1
rather,12
acknowledging,2
simplicity,1
okay,1
weaknesses,2
reflect,8
retirement,2
concentrating,1
shortcomings,1
short,2
departure,3
supervision,1
earlier-the,1
don't,77
developed,8
mission,6
disabled,1
outraged,1
avenue,1
style,1
pray,3
resort,3
parts,12
stephen,1
might,46
somebody,2
hunter,1
immobility,1
framework,9
milestone,1
communities,9
gannon,1
instructions,1
policeman,1
easy--quickly,1
mastered,1
intolerable,1
needless,2
generation,17
oppressed,1
modernized,3
expect,12
undertake,4
adhere,2
health,40
hill,1
shipment,3
congenial,1
fiber,1
boldness,2
teach,1
generate,1
year's,2
circuit,2
fallen,2
feed,3
feel,19
radical,6
traveled,3
revolution,4
defects,1
verifiable,1
story,5
utilization,1
leading,3
financed,1
collar,1
passed,17
store,1
$/,1
imperfect,1
convinces,1
convinced,5
king,2
kind,31
powerplant,1
double,1
slowed,1
aims,2
outrageous,1
risks,3
stale,1
justly,1
strengthen,12
imports,12
depleted,1
interferes,1
entirety,1
chairman,2
resources--militarily,1
added,7
electric,2
measures,9
reach,8
enduring,1
nothing,12
defensible,1
boycotting,1
prestige,1
measured,4
achievement,9
stands,4
traditional,4
hornblower,1
institutions,7
shares,2
abiding,1
betray,1
hip,1
his,61
hit,3
gains,2
him,16
commensurate,1
timeless,1
sustainable,1
wrote,1
consciously,1
achieved,3
intelligence,10
defense,42
injecting,1
are,448
arm,1
threats,5
unions,1
baines,1
numerous,1
latin,5
recently,9
creating,4
franchises,1
attention,8
solzhenitsyn,1
succeed,5
opposition,1
betrayed,1
c,2
became,10
railbeds,1
context,1
finds,1
reasons,4
wastebasket,1
improper,2
village,1
decline,4
agree,8
entered--,1
political,34
due,2
whom,6
reduction,18
nato,7
demand,18
plants,4
georgia,16
frozen,1
unprecedented,1
behavior,1
awakening,1
obstacle,1
rid,1
alliances,2
aged,1
provisions,1
ideologies,1
widely,2
peoples,10
prerequisite,1
higher,12
restraint,10
painless,1
negotiate,6
flows,1
arrived,1
lower,18
abnormality,1
anybody,2
analysis,2
castigated,1
lowers,1
networks,2
competitive,3
churchill,3
questions,19
vigilant,1
regardless,3
continent,1
profitable,1
loading,1
advisers,6
workers,27
exclusively,1
exhibition,1
violations,1
condemnation,2
shaped,1
confront,2
ignore,4
collect,1
arthur,1
essential,10
understood,2
selfishness,1
modernize,1
gradually,3
adoptive,1
scarcest,1
tends,1
martin,2
withdrawals,1
refuses,1
intense,2
powerplants,1
handled,1
dormant,2
pipeline,2
cautious,1
completing,1
range,3
dwight,1
conquest,1
successes--in,1
canal,20
impressed,1
sequence,1
lone,1
long,57
we're,19
analyze,2
mountains,2
worldtonight,1
reassurance,1
raising,2
consist,2
fulfilling,1
characteristic,1
hasn't,8
gratifying,1
fluctuations,2
strands,1
called,10
associated,1
strip-mining,1
rally,2
hesburgh,2
predictability,1
tone,2
tentative,1
peace,127
there-it's,1
income,25
users,2
problems,57
helping,5
wallposters,1
develops,1
allowing,3
fertilizer,1
flights-commercial,1
suffers,1
delineation,2
sapping,1
departments,7
once,28
issued,5
center's,1
epitomized,1
issues,17
simon,1
disposal,1
shanghai,2
dissidents,2
stable,12
include,9
dramatically,2
confirmation,1
seized,1
mainstream,6
wishes,1
posture,1
notes,2
deals,3
concluded,2
smaller,4
wrestling,1
man's,1
waiting,1
large-,1
capital,2
chose,3
degree,14
pushing,1
deferrals,1
explore,1
separation,1
larger,3
clearcut,1
egypt,9
confession,1
delano,3
apply,3
trump,1
fed,1
fee,1
from,218
consumption,11
few,44
examination,1
december,2
rights--we,1
equity,1
cooperate,11
nomination-and,1
women,20
anywhere,1
proof,3
tap,3
tax,72
something,19
tab,1
sir,3
united,111
sit,2
six,7
stewardship,1
unites,2
justifiably,1
instead,10
struggled,2
-percent,23
exemplify,1
tension,2
attend,1
abuse,2
ethnic,2
readiness,2
light,2
rebirthreconciliation,1
martini,1
pinpointed,1
preparing,3
poor,21
interpreted,1
superior,1
inaugurate,1
banner,2
ships,4
nostalgia,1
permanent,19
restrain,2
choose,14
covered,2
campaigned,1
crash,3
contention,1
material,7
flew,1
topsoil,1
campaigner,1
satellites,3
republican,40
fled,1
out-traded,1
transitional,1
profound,4
nixon's,2
bills,9
related,3
doubled,3
our,1097
out,96
respects,2
honorably,1
sentiment,1
disarray,1
chaos,2
exporting,1
supports,1
dictionary,1
promptly,2
decisions--of,1
york,4
conflicts,5
additional,14
age-old,1
overtake,1
organic,1
g,1
barns,1
feasible,1
hitherto,1
proposing,4
doesn't,8
publication,1
intention,1
accent,2
priority,5
their,144
rigs,1
god's,2
'by,1
academy,1
reversed,5
july,2
reverses,1
richer,2
aggressive,5
arouse,2
indistinct,1
backfire,2
linked,2
afraid,3
egypt--we,1
agency,8
which,228
combat,6
who,199
accountants,1
why,19
discourage,2
neighboring,1
looked,4
deng,1
goals,24
chances,4
agreed,13
purely,1
planning,9
democrats,8
fear,7
pleased,4
spruance,2
candidates,1
thousands,11
vigor,1
watching,2
ones,11
words,15
self-evident,1
handgun,2
ghetto,1
debative,1
generations,8
view,1
europe,12
requirement,4
admonition,2
year-by-year,1
closer,1
record,13
invulnerable,1
superb,1
targeted,1
detentei,1
closed,1
bought,1
ability,22
opening,5
joy,1
agencies,15
embarrassment,1
job,23
piece,3
budgeting,3
april,4
grain,8
tactical,1
safely,1
wall,4
walk,2
subscribe,1
table,3
withdrawn,3
decent,10
responds,1
agreements,12
remedies,1
sufficient,1
nonfarm,1
scrutiny,1
ensuring,2
improved,6
present,23
abandoned,2
unlike,2
fearful,2
choices,7
will,649
ninety-six,1
unworkable,1
disapprove,1
encouragement,1
perhaps,18
privileges,4
unite,1
member,2
adverse,1
unity,17
geographical,1
largest,6
gets,4
privileged,1
difficult,37
slave,1
disagree,1
lobby,1
correspondent,2
approve,3
object,1
shortsighted,1
english,3
undertaken,1
excessive,10
rocket,1
heavily,1
half,11
fishing,2
happiness,2
rapid,7
supply,6
smith,1
capabilities,6
discuss,10
other,144
nor,21
loan,1
enact,3
identical,1
branch,4
myth,3
who's,2
know,94
press,6
lovethese,1
helpful,1
taxpayers,7
hosts,1
james,4
wonders,1
parity,1
because,87
smoothly,1
searching,2
platforms,1
growth,29
export,3
asserted,1
empire,2
employment,13
lead,19
lean,2
mines,1
leader,12
southerner,2
obey,1
helms,2
slum,1
rare,1
carried,1
getting,6
dependence,11
shipping,4
surge,1
carries,1
carrier,1
sweat,1
own,159
owe,4
weather,2
promise,14
registration,3
negate,1
be-then,1
transfer,1
indictments,1
spiral,2
uniting,1
uncontrollable,1
nourish,1
i've,87
funds,8
volume,1
arns,1
made,94
tactics,2
whether,14
windfall,6
below,8
ruling,2
demonstrate,6
resumption,1
goodness,1
mutual,13
percent,96
illinois,1
book,1
sick,4
long-time,1
conclusion,3
kinds,12
nourishment,1
sustains,1
risked,1
office--selection,1
low-carbon,1
alienated,2
percent-,1
reticence,1
moderation,2
ideological,2
profiteer,1
