,333
writings,8
worshiped,1
foul,1
narcotic,1
four,12
woods,1
aggression,2
looking,5
granting,7
eligible,2
electricity,1
refunding,1
lord,5
regional,3
stipulate,1
appropriation,10
bringing,8
hague,2
wavered,1
steadfastness,1
commented,2
charter,2
insular,3
cordially,1
second,8
sustaining,3
errors,1
relieving,3
contributed,7
cars,2
increasing,22
avert,1
interdependent,1
here,30
reported,5
china,11
cult,1
substance,2
elaborate,2
reports,13
controversy,3
personify,1
military,40
cancellation,2
criticism,6
golden,2
topography,1
divide,2
classification,1
labor-saving,1
replace,1
brought,36
beneficiaries,2
stern,1
unit,2
spoke,1
occupying,1
statesmanship,5
music,1
therefore,18
strike,1
sermons,2
until,29
holy,4
successful,18
brings,2
midst,1
hold,18
circumstances,9
morally,2
pursue,4
accomplishment,5
plunged,1
revenues,7
example,20
nitrates,4
unjust,1
organized,12
disparagement,1
currency,2
caution,3
want,16
absolute,6
provincial,3
unpaid,2
travel,2
hom,1
feature,4
how,20
significance,5
disgrace,1
oceans,1
beauty,3
shores,4
wrong,5
reassess,1
destined,1
types,2
entrusted,2
effective,21
revolt,1
headquarters,1
cigarettes,1
democratic,1
wind,1
dreamed,1
reforms,4
vary,1
rewarded,1
wrought,4
unforeseen,1
fix,1
survivors,2
matured,3
hidden,1
admirable,1
easier,4
grievous,1
commemorate,2
detachment,2
effects,5
schools,4
undeveloped,1
represents,12
troublous,1
commissioners,1
interfering,1
self-denial,3
preceded,2
financial,18
series,6
commons,1
outgeneraled,1
fortnight,1
substantially,7
borne,3
toleration,1
mason,1
encourage,9
adapt,1
millions,8
ri,1
foundation,17
assured,3
threatened,11
surveys,2
expends,2
crowned,1
estimate,8
universally,1
enormous,20
shipper,1
shipped,1
disturbed,1
speedy,3
reserving,1
repealed,4
channels,1
instruct,2
service,80
similarly,1
engagement,1
needed,26
master,4
recodification,1
bitter,1
rewards,3
geneva,3
bounty,2
wisdom,14
peril,4
outlay,7
showed,9
outlaw,2
anniversaries,1
tree,1
nations,56
project,17
idle,1
endure,4
feeling,1
acquisition,1
entail,1
willingness,3
boston,7
increment,1
sixty-eighth,1
affairs,22
wholesome,2
responsible,12
statesman-politician,1
eagerly,1
recommended,10
absorbed,3
committing,1
shall,48
object,5
diminishing,9
shale,1
reverberated,1
mouth,1
reverence,6
conceded,1
retaining,1
drought,1
morality,4
episode,1
camp,2
desirous,1
consummate,1
detriment,4
confederation,3
advisory,6
meetings,1
advisors,2
nominated,1
undue,5
participate,4
nominates,2
orleans,1
appreciated,1
rico,2
rich,3
milton,1
foremost,2
altogether,11
societies,1
contributes,2
harbors,3
adherence,6
reposed,1
respond,3
leasing,1
disaster,8
fair,22
expediency,1
result,36
fail,23
resigned,1
best,37
ambitions,1
solicitude,5
r,3
preserve,4
wage,21
men,55
extend,8
nature,20
authorizing,5
extent,11
defiance,1
debt,47
country,209
pitt,1
demanded,1
negative,1
estates,1
planned,2
logic,2
argue,1
adapted,4
asked,2
eradicate,2
vain,6
canyon,1
grazing,7
postmasters,3
reconsideration,1
union,19
subsidy,3
much,106
privilege,4
location,4
life,73
eastern,2
worker,1
moneys,1
chile,2
child,1
worked,6
commerce,50
contemplated,4
administrative,10
contingencies,1
contemplates,3
braddock's,1
levies,2
expending,2
characterize,2
to-morrow,3
levied,2
campaigning,1
memorial,12
things,16
enlistment,1
haphazard,1
harmony,6
reformatories,1
european,15
fairly,5
marches,1
exacting,2
tops,1
ownership,10
pioneers,2
stupendous,2
rescinded,1
echoes,1
opinions,6
appropriately,1
distribute,1
beset,1
succeeding,2
previous,9
enters,2
authorizations,1
old-fashioned,1
had,141
advancement,10
hag,1
hay,1
disparity,1
obedient,1
easy,6
prison,2
falter,1
has,445
espoused,1
municipal,3
possible,32
firmer,3
possibly,3
birth,5
shadow,1
unique,1
desire,29
overgrazed,1
remind,1
steps,1
beneficial,12
right,39
old,30
people,201
creed,2
crown,3
sure,4
warring,2
enemies,6
for,827
contributing,4
foe,1
continue,46
summoned,1
pondered,1
nitrate,2
substituted,1
shifting,1
defensive,5
manufacturing,2
filipino,2
dollars,9
citizens,36
o,2
slightly,1
raised,4
statements,1
facility,4
marshall,1
son,1
administer,4
respectable,2
beings,1
one-fourth,1
stockholder,1
reducing,8
despised,1
fabric,2
support,60
constantly,20
knowing,1
avail,1
orville,1
authorized,11
greatness,6
resulted,10
call,7
happy,1
underestimated,2
insurrection,1
offer,3
forming,1
conclusively,1
andross,1
talents,2
incorporation,1
safeguard,3
duel,1
hall',1
inside,1
equalization,1
devices,2
unanimous,1
passenger,2
juvenile,1
proud,1
liberal,12
implications,1
textbook,1
crumble,1
exist,10
negotiations,13
floor,1
uttered,1
flood,19
role,1
ambitious,1
agricultureenlargement,1
roll,2
steamship,1
thoroughgoing,1
eminent,2
scale,1
intent,2
six-state,1
entrust,1
congested,1
reorganization,10
time,115
conferred,4
overturned,1
breadth,2
irrigation,11
corps,2
whoever,2
bandits,1
quartered,1
vet,1
amplification,1
recurrence,1
veterans,24
persevere,1
pursuant,2
navigable,1
consolidation,18
choice,3
betterment,2
tear,1
leave,8
solved,1
depositors,1
settle,7
aviators,2
inscribed,1
speculation,6
prevent,17
spiritual,24
findings,2
sign,1
jeopardy,1
current,13
falling,1
ground,5
ever-broadening,2
drafted,1
understanding,19
contemplate,5
address,6
alone,10
along,16
redemption,1
brilliant,4
endow,1
studied,4
wherever,9
commonly,1
accomplished,14
ineffective,3
studies,10
influx,1
nowhere,1
tasks,1
love,4
prefer,1
logical,2
bloody,1
eulogist,1
marvelous,1
self-sufficient,1
logically,4
red,2
filipinos,1
cherishes,1
working,8
perished,1
positive,2
cherished,5
opposed,14
scope,2
loving,1
afford,17
apparent,7
refrain,3
approving,1
everywhere,8
virtue,3
behalf,9
preponderance,3
sanctified,1
originally,1
believer,1
believes,3
harmonious,1
values,4
stature,1
following,5
indolence,1
osage,1
evidently,1
winter,1
divided,1
undertook,2
five-year,3
explored,1
improving,2
such,158
revealed,10
disagreeable,1
stress,2
natural,20
conscious,1
yielding,1
st,8
subdivisions,2
so,131
skirmish,2
privation,1
years,102
course,27
experiments,4
unfavorable,1
tendency,2
thoughtfulness,1
constituted,3
derive,2
solace,1
torn,1
troubles,1
decreased,4
bipartisan,1
petition,1
ideal,5
modestly,1
thereby,4
civilian,2
subordinates,1
nation,81
records,3
compelled,2
pretense,2
subordinated,1
matched,1
fla,1
establishing,8
instability,1
quarter,3
self-indulgence,1
square,2
revised,2
owing,2
entering,2
prudently,1
disasters,1
astray,1
seriously,6
investigation,19
formula,1
superiors,2
siege,1
million,3
incentives,1
possibility,8
quite,4
disrespect,2
complicated,2
matchless,1
besides,5
remainder,1
training,12
modest,1
recompense,1
routes,4
neglect,5
saving,6
garnering,1
spoken,1
clause,1
one,125
conscientiously,2
spanish,2
vote,1
open,10
affords,2
languish,1
city,11
burst,1
indicate,4
draft,1
dissipate,1
realization,3
structures,3
pacifists,1
proving,1
meddling,1
representing,7
all-american,1
impractical,1
favors,1
folly,1
future,32
russia,6
prospect,7
addressing,1
san,1
turned,6
tastes,1
uninterrupted,3
saw,6
harbored,1
aside,5
note,2
intends,1
jefferson,7
take,19
destroy,9
encouraged,5
candidly,1
knew,11
printed,1
average,5
drive,1
federal,79
laws,32
madison,1
surplus,31
merit,8
far-reaching,1
inconsistent,1
aggressive,5
imagined,3
slow,2
transact,1
going,12
equipped,5
entreaties,1
congressional,4
dispute,1
guarded,2
assistant,1
alhajuela,1
outlet,1
prime,3
resource,3
artist,1
where,30
vision,13
hastened,1
cheerfully,1
aroused,1
intoxicating,2
inequalities,3
enlightening,1
representatives,12
bureau,14
affecting,4
reigns,1
concentrated,1
congregations,2
many,95
deduction,1
expended,12
expression,5
allowance,1
yearly,4
adjudication,4
virginians,2
swashbuckling,1
air-mail,1
west,14
almighty,4
anticipations,1
combined,6
stripped,1
wants,3
enable,4
formed,3
observe,12
former,10
profane,1
conception,10
polls,2
single,5
overcome,1
policies,13
situation,11
constituency,1
perpetuate,3
binding,1
engaged,10
expenditures,33
preparatory,3
scientifically,1
veterans',10
reformatory,2
reverts,1
allocation,1
entanglement,1
recapture,1
mohawk,1
vacant,2
costs,9
summer,2
manifold,1
being,79
rest,11
safeguards,2
weekly,1
occasional,1
instrument,5
lengthens,1
aspects,4
around,9
unerring,1
sportsmanship,1
sums,7
dark,1
traffic,7
preference,2
world,98
dare,1
offenders,1
revision,12
obstruct,1
satisfactory,14
supplementary,2
biographer,1
racial,1
divine,12
restoring,2
refer,3
scientific,10
power,85
intimate,4
ration,1
leadership,10
stone,2
industry,47
act,32
mean,9
burning,1
afforded,1
image,1
parties,10
accumulated,1
technically,1
her,7
philadelphia,2
futile,1
tireless,2
complete,12
wits,2
discriminations,1
survived,1
elimination,7
with,461
buying,3
october,2
garlands,1
rescuing,1
abuses,5
dependents,11
politically,1
agree,9
detailed,3
gone,6
citizenship,10
brotherly,1
exhausted,2
certain,30
am,35
wartime,2
an,243
as,383
au,1
at,218
unhesitatingly,1
appalling,1
first-class,1
vocational,5
abolish,1
predestined,1
congress,163
refunded,2
merchants,2
gifts,1
brotherhood,5
shipping,14
waived,1
mass,2
original,3
legislatures,3
consider,18
caused,3
modernizing,1
fairness,2
reasoning,1
oaths,1
careful,17
broad-minded,1
to,2286
th,3
rate-making,1
paying,6
appointment,5
returned,5
corollary,1
candid,5
diary,1
encroaching,1
condition,29
ro,1
laying,4
joined,6
large,71
adjust,3
small,34
pretenses,1
past,30
pass,7
investment,8
poultrymen,1
section,9
colonists,2
avenues,1
seemed,1
method,42
full,23
indecision,1
hours,3
november,1
experience,32
prior,3
pick,1
action,75
followed,15
reclaimed,1
enactment,6
beheld,1
petroleum,3
cornerstone,1
eulogists,2
more,246
company,6
foregone,1
spoils,2
tested,1
jealousies,1
foundations,9
dislike,1
keeping,5
pleasing,1
apportion,1
science,10
sent,9
learn,1
beautiful,2
prompt,5
stated,6
suggestions,3
accept,3
states,89
sense,12
information,15
respective,3
enlarge,8
dismissed,1
earnings,5
cling,1
relinquished,1
animosities,1
plant,9
plans,19
unsound,4
plane,3
conveniences,4
waves,1
appealed,1
refuse,3
larceny,1
broadcasting,1
fundamental,14
geographic,1
quarreling,1
replied,2
adorned,1
trade,22
attitude,13
signs,1
brig,1
its,263
roots,2
rapidly,6
deeds,1
symptoms,2
entire,13
propose,13
imperil,1
outlawing,2
chagres,1
reassured,1
hereafter,1
designation,1
always,58
assemblies,1
truths,5
eloquence,2
courses,3
tomake,1
found,21
reactions,1
england,13
reduce,15
operation,27
really,2
anxious,5
research,13
armaments,18
occurs,1
highway,3
belief,9
risen,3
custis,2
pitfalls,1
imagine,1
well-nigh,3
rises,2
director,2
owners,7
reared,1
retained,3
submarines,5
afflictions,1
w,1
expedient,3
testament,1
contingency,1
major,6
statue,1
number,20
preservation,2
differ,1
peaceable,1
heads,1
probity,1
threatening,3
hallowed,1
justly,2
relationship,7
lavished,2
immediate,22
appreciation,3
zeppelin,1
consult,1
modes,1
diffusion,1
dikes,2
determined,14
waterways,14
defect,1
licenses,1
servitude,3
sell,3
jeopardize,1
commotion,1
reliance,6
also,45
recognizing,1
internal,7
permanency,3
departmental,4
effecting,2
unused,1
plan,29
accepting,1
seize,1
sometimes,5
cover,2
barren,1
cruiser,1
blended,1
emoluments,1
defended,1
statecraft,1
session,24
freight,12
occupation,3
pleaded,1
writes,1
failed,10
unjustly,1
factor,4
cuba,8
indifference,2
dependent,9
banned,1
adheres,1
remedy,12
preparing,4
closely,2
adhered,1
distraction,1
enemy,5
incapacitated,1
disregarding,1
proclaim,2
banking,9
obscure,1
river,25
approaching,1
set,27
creator,2
instituted,2
potent,1
see,22
migration,1
sea,13
institutes,1
currently,1
avoidance,2
acutely,1
available,10
candor,3
hardship,2
possible',1
premises,1
peacetime,2
incident,2
death,2
diminution,2
pagan,1
legislature,4
empowering,1
prospects,2
last,60
influential,2
connection,6
retarded,3
long-term,2
let,11
whole,32
healing,1
load,1
bell,2
loan,8
northeastern,1
allegiance,4
community,7
coincidence,1
agents,5
church,4
indefinite,1
publishing,1
adornments,1
monthly,2
acceptance,4
firm,6
fire,2
low-priced,2
adaptable,2
moderation,4
races,2
representative,7
systematic,1
towns,2
packers,1
handling,3
uncertain,2
judicial,11
straight,1
expanded,2
budget,18
receive,12
momentum,1
owed,1
agitation,1
motors,1
owes,1
read,2
virtually,1
resulting,7
epoch-making,1
flooded,2
comprehensive,8
expediting,1
alert,1
levels,2
necessity,25
loaned,1
recent,12
expend,2
person,3
regulating,2
redistribution,1
comprise,1
unto,1
conclusions,9
admission,4
pillars,1
eager,1
parents,1
testimonies,1
depravity,1
harvesting,1
australia,1
victims,1
emergency,10
demands,4
suffering,7
projects,17
formal,2
imposed,10
d,1
individuals,8
yields,1
tribes,1
disorder,1
pertaining,1
methods,31
senate,13
spring,4
necessaries,2
mighty,2
curious,1
amicable,1
irresistible,1
religion,20
prosecuted,2
inclination,2
be,901
china's,1
dictates,2
agreement,25
departures,1
santo,1
tidal,1
relating,4
obscured,1
dictated,1
by,516
scepter,1
anything,6
simplify,1
researchthe,1
helpfulness,1
forgave,1
flying,2
repair,3
clinton,2
colorado,7
into,88
awaited,2
appropriate,8
controversies,6
primarily,4
repaid,1
striven,1
spending,1
bargaining,2
submit,2
custom,1
opens,1
considerably,1
assisting,1
atlantic,7
competition,17
line,6
considerable,15
charmed,1
redeemed,1
up,45
us,60
maturity,1
mature,3
continuously,2
consumed,2
nationalist,1
defined,1
likewise,9
influence,23
surpassing,2
presided,2
chat,1
surveying,1
intrepid,1
fixing,6
edwards,1
reassertion,1
preventing,2
conceptions,1
points,4
tart,1
elements,14
energetic,1
beginnings,2
debt-paying,1
prosecution,3
suppression,1
sides,3
ago,15
land,52
age,7
opposing,2
came,12
menace,8
having,14
code,1
partial,1
saying,1
broaden,2
results,46
existing,9
highways,6
broader,5
centers,1
luxuries,3
iii,1
concerned,11
young,19
send,4
expeditious,3
carelessly,1
resources,29
retire,2
continues,1
continued,18
irrigators,1
transmission,1
experiencing,1
try,1
threat,2
race,13
disordered,1
unprofitable,3
imply,1
hungary,2
incidentally,1
assembly,6
victor,1
index,4
expressed,9
consistently,2
indian,5
advantageously,1
led,9
eminently,3
fertilization,3
gathered,4
slogans,1
poverty,2
productsthe,1
history's,1
consideration,40
great,195
engage,5
technical,2
involved,12
rehabilitation,7
survey,11
defeat,3
opinion,28
makes,8
maker,1
involves,2
complying,1
weaker,1
counsels,2
desiring,1
standing,3
confidence,16
illegal,4
ministers,2
next,15
eleven,3
doubt,13
disappointingly,1
forefathers,1
occurred,2
disarming,1
dealings,1
carrying,16
delegating,1
charity,8
customer,1
animals,1
this,534
fomenting,1
perfecting,1
bent,1
process,10
purposes,15
high,37
weaken,1
educational,7
king's,1
delay,2
procured,1
animal,1
establishment,23
remonstrance,1
especial,2
await,1
trenton-princeton,2
ties,1
efficiently,2
realized,12
revising,1
element,8
commodities,10
allow,1
emotionalism,1
producer,3
move,2
doubtful,2
produced,5
perfect,5
decay,2
chosen,6
dispose,2
meantime,6
misapprehension,1
lawlessness,1
forest,3
designs,1
settlers,2
rotation,2
realize,9
presidential,2
liberia,1
installment,1
undertaking,11
traced,1
sufficiently,8
peking,1
truth,6
shortage,1
rising,3
beneath,1
overextended,2
doing,9
society,23
books,4
mete,1
agriculture,81
benefiting,2
fundamentally,1
',4
evacuation,1
burke,1
shut,2
perish,1
release,2
surely,3
regulatory,5
embarrass,1
could,73
length,6
ratification,4
removing,5
stimulate,2
extraterritorial,2
owner,2
decides,1
legislative,14
system,75
inalienable,6
interests,34
enforcement,18
vigorous,2
stars,1
carmi,1
recurrences,1
warfare,7
extraordinarily,1
listeners,1
devotion,3
hatreds,1
false,2
reassuring,2
defending,2
clearly,11
necessities,5
documents,5
studying,1
therewith,1
adjunct,1
restocking,1
competence,1
persistence,1
courtesy,1
congregational,2
device,1
ratifying,1
so-called,1
stronger,3
enlist,1
wounded,1
painting,1
fact,20
centralized,3
disbanded,1
bring,20
inighty,1
principal,12
conciliate,1
clergymen,1
should,291
terminal,1
planted,1
secretaries,1
hope,20
exchanged,1
insight,1
handle,2
bonds,5
succeeded,1
prohibition,15
exchanges,1
defenseless,1
antagonist,1
committees,11
h,1
comprising,1
taxes,35
ohio,16
intervening,3
strengthened,8
temporarily,3
frame,1
subcommittee,1
austrian,2
textiles,1
destiny,8
partisan,6
injustice,1
ends,3
revived,3
seaboard,2
configuration,1
restrictions,3
invited,1
etc,1
streams,4
invites,1
adjusted,7
co,1
conclude,3
acres,10
rhode,1
waste,12
recurring,1
valuations,2
coherence,1
expounded,1
spain,3
reiations,1
expiration,2
concerted,1
diversification,3
site,2
politics,2
pufendorf,1
conserve,1
twenty-fifth,1
justiciable,2
juan,1
painstaking,2
soundness,2
glaring,1
covenant,3
conflicting,2
columbia,5
wisest,2
upon,129
unrecompensed,1
infinite,2
identity,1
off,2
forty-eight,1
command,12
prospering,1
drawing,2
less,30
afflicted,1
generous,11
increased,45
government,339
increases,10
five,10
supervise,1
belgium,1
bigotry,2
become,27
inexperienced,1
amendment,7
indications,2
liquidation,3
guaranty,2
immortal,2
ballot,1
transport,1
avoid,7
delightful,1
salaries,1
sustain,1
schedule,4
selecting,2
pressure,6
accompanied,8
posterity,2
imaginary,1
adversary,1
counties,1
stage,1
sister,2
eradication,3
basis,12
holdings,3
seeds,1
concession,1
documentary,1
peak,2
alliance,1
letters,5
assess,1
erect,3
cultivated,2
roads,14
charities,2
mere,11
justifying,1
overestimate,1
terminates,1
naturally,2
function,10
fiscal,11
lowered,1
candidacy,1
valuation,4
entered,6
count,1
evident,2
deficiency,1
official,1
triumphant,1
placed,13
monument,2
nominations,1
cordial,2
recognize,12
contribute,11
dissemination,1
tacna-arica,1
compared,2
readjustments,1
variety,3
trials,1
forests,4
scholarly,1
lately,8
compares,1
details,5
quantities,3
behold,1
repeat,4
oppression,3
securest,1
repeal,3
inspiration,6
rule,16
compete,1
pension,6
rural,3
tax-exempt,1
clamoring,1
consolidated,3
doubts,2
desirable,19
tenuous,1
saved,7
codification,2
worth,4
exporters,2
presidency,1
czar,1
abolishing,1
triumph,1
aeronautics,3
preached,1
occasioned,1
economies,2
long-standing,1
established,25
isno,1
incompatible,1
bounties,1
consequent,1
above,8
consisting,2
bi,1
admirers,1
richest,2
protection,26
pursuit,1
wastefulness,1
celebration,6
items,5
employees,10
bunker,1
postponed,3
envious,2
secure,42
cloistered,1
highly,3
total,14
experimentation,4
indians,4
world's,2
indiana,3
separated,5
tolerated,3
ascribe,1
reign,4
aware,2
continual,2
tariff,21
word,3
wore,1
permits,3
work,69
refusing,2
worn,1
theories,6
tinder,6
era,9
mortar,1
already,56
indicated,3
flung,1
impair,1
indicates,5
indies,1
fronting,1
indifferent,2
recovery,3
carriers,3
provide,56
verify,2
infringement,1
boats,2
ordinary,3
classifying,1
after,39
customs,8
lay,8
law,120
appreciate,3
backwoods,1
greek,2
deprives,1
order,53
modesty,1
office,20
devote,1
cornwallis,5
consent,10
satisfied,1
joint-stock,3
proportionate,2
japan,1
rebellion,2
estrange,1
production,45
workable,2
finalities,1
then,14
them,106
affected,1
safe,3
break,4
they,269
bank,9
eventualities,1
rocky,1
reasonably,2
classified,6
slavery,3
deficient,2
reasonable,15
observance,12
crimes,1
vessels,11
daniel,1
hooker,6
forth,5
disputed,2
qualifications,2
lawless,1
standard,11
campaigns,1
appointments,1
disputes,9
enlightened,15
drench,1
recovering,2
created,21
creates,1
render,4
railroads,9
another,31
implicated,1
englanders,1
approximately,3
plentiful,3
rates,29
observations,1
john,10
diversified,1
albert,1
rejected,2
wastes,1
wasted,4
mercy,2
target,1
stuarts,1
reaffirm,1
unmistakable,3
splendidly,1
historical,2
powers,25
self-confident,1
shoals,8
return,7
manner,5
forced,3
strength,10
realm,4
convenient,3
latter,2
subjects,6
luxury,1
forces,27
completed,9
culminated,1
nobody,2
prohibitive,1
exercised,1
extending,5
involving,5
germany,3
phase,4
assessed,1
grave,1
swamp,1
accounted,3
notion,1
fitted,3
reserve,11
decidedly,1
brief,1
enjoyed,2
consciousness,2
guidance,2
wasteful,3
industriously,1
deepest,1
adequate,27
personality,1
do,99
loved,3
de,1
preferred,2
yielded,2
deliberative,1
dr,1
runs,1
covering,7
children's,1
steam,2
secretary,13
fullness,1
triumphed,1
whitefield,1
observed,4
depends,6
cattle,4
discussions,4
away,7
gentleman,2
compensation,14
unable,9
cooperation,32
props,1
drawn,3
misguided,1
we,567
terms,15
intelligent,1
overestimated,1
electing,1
received,10
essentially,3
cod,2
receives,1
exceeds,2
requests,2
col,2
negotiation,4
royal,5
excess,6
nonconformist,1
tons,4
wider,4
speak,5
gratitude,1
engines,1
mobilization,1
drafting,1
thrift,1
duties,16
meetinghouse,1
families,3
hospitalization,3
attacked,1
concerning,6
hot-headed,1
applied,19
east,4
ahead,3
publicly,2
air,19
aim,1
ail,1
aid,10
voice,3
launched,1
weakens,1
preeminent,3
comparative,1
perform,1
apparently,5
indictment,1
convictions,7
independent,28
rail,1
evil,5
hand,7
liberties,1
producers,5
blamed,1
kept,10
humble,1
tranquilly,1
contact,4
humbly,2
saves,3
the,5395
camps,1
pronouncements,2
unified,2
traditions,1
burgoyne,1
hills,4
occupants,1
reuniting,1
evidences,1
exalt,2
spread,5
board,35
evidenced,1
surtaxes,4
righteous,5
progressed,1
barge,2
cape,2
disinclination,1
secining,1
securities,3
night,1
invaluable,1
security,16
sends,1
born,3
unrivaled,1
unavoidable,1
/,4
segregated,1
denied,2
participation,3
columbus,1
deflation,5
marketing,21
illustration,1
constructive,13
outlays,3
provocations,1
architectural,1
post,12
properties,4
flinching,1
callable,1
theirs,2
months,9
hostilities,1
constituting,1
cherish,1
considerations,3
pays,2
prisoners,1
bound,9
balances,1
formidable,1
balanced,6
strangely,2
familiarize,1
legislation,80
sovereign,8
liquidated,2
fight,1
accordingly,2
conservation,6
way,43
was,285
war,103
lowest,1
becoming,7
forgetful,2
peninsula,1
true,29
absent,1
reproductive,4
unthinkable,1
generosity,5
aeronautical,1
inquiring,1
promises,7
frederick,1
evidence,7
promised,1
prayer,1
allegheny,1
face,9
physical,5
weakened,1
stake,1
liberalized,1
reality,2
interested,9
holding,5
test,8
welcome,3
convincing,3
mightily,2
concurrent,1
scores,1
dissipation,2
acted,1
bestowed,5
interval,1
flag,4
together,5
beds,2
loyal,4
precedent,2
tribunals,1
broke,1
diplomacy,2
indicating,2
supplement,2
grateful,1
battle,5
superpower,2
idealism,3
repression,2
certainly,4
zone,1
shrinkage,2
compensate,1
permanently,2
terror,1
idealist,1
division,5
protective,6
seemingly,2
unfriendliness,1
emergencies,1
automobiles,1
trouble,3
presented,12
turns,1
ascertaining,1
p,1
upper,2
revolution,19
legalized,1
regret,1
discover,1
cost,46
scarcity,1
cargo,1
purchasers,1
curse,1
appear,10
assistance,15
havoc,1
uniform,8
wolfe,1
appeal,4
consolidations,12
satisfy,1
supporting,6
overseers,1
appears,11
change,13
trial,3
burdensome,1
usually,4
country's,1
inference,1
lending,1
paragon,1
marked,16
sufferers,1
rarely,2
market,14
prove,4
subvert,1
beneficence,1
territories,1
live,8
rainfall,1
commissioner,3
repentance,1
organizations,7
car,2
eulogies,1
gathers,1
incidents,1
can,264
stimulating,3
heart,7
dedicated,3
expanding,3
subsidies,2
supremacy,1
heard,4
fortunes,1
purity,1
exclude,1
clothing,3
airplane,2
productive,8
war-time,1
fortunately,3
discussion,9
spreads,1
familiar,3
economy,45
armies,8
product,4
sacrifice,9
southern,6
produce,14
'in,1
drastic,4
flourish,2
remember,6
whenever,18
sagacity,2
conquests,1
typical,1
serving,2
indeed,4
friction,2
displayed,1
aiding,1
ended,1
nitrogen,7
cold,1
still,45
tending,1
needing,3
inflicted,2
forms,6
ipswich,1
correspondence,4
liberality,1
brigadier,1
half,7
not,541
denominational,1
now,69
provision,22
discuss,1
nor,11
enacted,20
servant,1
january,2
entirely,10
naturalization,1
domain,6
significantly,1
directing,4
hurried,1
fires,1
year,76
happen,1
avoided,2
amusement,1
shown,8
accomplish,7
opened,2
space,1
furthermore,1
lawyers,2
increase,47
ruinous,1
receiving,3
shows,7
inevitably,3
defenses,1
derived,8
dependencies,1
advantages,10
taxed,4
obligation,12
ominous,3
marine,15
inevitable,11
card,1
care,15
contemplation,3
deprivation,1
british,19
honest,2
promotion,6
profess,1
benefited,5
occupations,1
omitted,1
directly,14
comprises,1
impossible,17
message,12
size,1
impetuous,1
checked,1
remotely,1
traction,1
exerted,1
friend,1
mostly,6
that,908
pittsburgh,2
taxation,27
eliminates,2
eliminated,2
than,138
titans,1
accordance,21
transferred,6
optimism,1
monopolies,1
fruits,3
respectability,1
troublesome,1
contentious,1
investors,1
remained,3
correction,2
refrained,2
untold,1
therefrom,1
anger,1
veteran,4
overcoming,1
terrific,1
equipment,6
objective,2
impairment,2
begin,5
oppressive,3
price,26
successive,3
undertakings,2
america,55
precedents,1
forever,2
reform,18
steady,3
hemisphere,9
mrs,1
unconquerable,1
professional,3
abraham,2
german,1
fifty,1
discovered,1
tonnage,2
gratified,1
maine,1
realizing,2
ratio,1
title,2
proclamation,1
proportion,6
self-supporting,1
actestablishing,1
only,112
developed,16
thompson,1
interstate,16
recuperation,2
samuel,2
truly,2
symmetrically,1
celebrate,2
seldom,2
reorganized,3
scientist,1
lords,1
husband,1
church's,1
physically,2
famine,1
elected,5
namely,1
actively,1
concern,11
incite,1
between,34
import,1
justified,7
await&,1
recedes,1
blame,1
analyzed,1
article,1
aura,1
duced,1
downtrodden,1
comes,5
dispatch,1
promptness,1
learning,5
moreover,4
renewals,1
cares,1
informed,4
tropical,1
punished,1
dangers,3
partisanship,2
exhaustion,1
aggressions,1
shortages,1
suspected,1
scrupulously,2
sedition,1
developing,6
these,218
handicapped,1
scum,2
$there,1
soil,4
commander,13
bias,1
embrace,2
commanded,3
waterway,9
develop,6
inquire,2
intelligently,1
epoch,2
inquiry,1
figures,5
document,4
noble,2
finish,1
enjoyment,6
fruit,1
thrown,2
charges,6
constitutional,12
agreeing,1
severe,3
immeasurable,1
charged,7
livestock,6
battleship,3
uninstructed,1
valuable,6
civilized,3
maternity,1
touch,2
speed,2
renewed,2
legitimately,1
thinking,2
improvement,29
treatment,6
republic,13
disproportionate,1
real,21
well-grounded,1
rules,9
ruler,1
conferring,1
early,26
earnest,5
detract,2
using,6
execution,4
demonstrations,2
rear,1
fortune,4
pounds,1
collective,2
miracle,3
annually,5
benefit,36
t,3
fully,20
output,1
downward,1
twelve,1
exposed,1
enacting,1
recorded,1
conservative,1
deficit,5
wheat,5
business,68
sixth,1
equivalent,2
credits,5
negotiated,7
accommodated,1
comparison,3
central,5
piety,1
supervised,1
greatly,28
testimony,3
invested,2
outlook,1
unbounded,1
elementary,2
your,10
intervention,1
supervising,1
formulate,2
prepare,4
area,7
assumed,9
start,1
low,4
lot,1
assumes,1
smuggling,5
grenville,1
delayed,3
two-thirds,3
domingo,1
hire,1
builders,1
beliefs,1
inflict,1
moved,2
hospitals,5
cemented,1
administered,10
storage,4
valid,1
evenings,1
you,12
poor,4
diaries,1
perils,4
airplanes,1
massachusetts,9
suited,3
building,19
controlled,1
repay,2
profits,7
embracing,1
pointing,1
ceased,1
thoughtful,2
bequeath,1
customary,2
duty-free,1
religious,18
pledged,2
foster,3
arisen,5
dominated,2
pledges,1
very,76
decide,3
heaven,1
--,1
ceaseless,1
wearer,1
hamper,1
conscience,6
consumers,1
ecclesiastical,1
bituminous,4
steadying,1
witnesses,1
learned,3
stockyards,1
modify,1
selective,3
trunk,1
strong,9
colored,6
conviction,4
inspired,7
losses,2
soldier,6
amount,28
successors,1
inspires,2
family,4
requiring,8
ask,1
trained,5
saxony,1
injure,2
probabilities,1
contains,1
almost,31
taken,29
injury,5
authorization,4
lowering,3
instrumental,1
christ's,2
commenced,1
impulse,1
producing,4
sovereignty,10
helped,2
nine,1
history,18
biographers,3
four-fifths,1
phrase,1
species,2
firmly,5
ratified,2
foreseen,1
hampered,1
surpasses,1
vigilance,2
tried,4
dwarfed,1
finality,1
invasion,1
derives,1
compulsory,2
a,1304
criticize,1
producers',1
unwillinglyit,1
renewing,1
sittings,1
branch-banking,1
banks,16
help,20
administration,40
soon,11
held,15
committee,20
committed,6
hell,1
discloses,1
taxpayer,4
solving,2
actually,6
territorial,1
systems,8
fool,1
curtis,1
food,6
musket,1
anticipated,1
outbreak,1
towering,2
erection,3
occasions,2
intervene,1
did,21
referred,4
heavy,9
$w,1
inspections,1
beyond,20
event,10
unsurpassed,2
dominates,1
since,27
trusts,1
safety,3
issue,3
like-minded,1
earns,1
inert,1
housed,2
dirt,1
favored,2
houses,1
reason,28
base,2
brightest,1
put,20
earliest,6
heroic,3
revolutionary,8
american,102
automobile,1
assign,1
consultations,3
probability,1
reflected,2
unmunitoned,1
arbitration,15
ex-service,1
guaranteeing,1
obedience,4
obtainable,1
station,1
scheme,3
shifted,1
numbered,1
selling,2
passed,18
atlantic-mississippi,1
outgrown,2
authors,1
taxable,2
financing,9
hundred,5
anticipate,2
aristocracy,1
store,1
attorney,1
toward,26
ousted,1
weapon,1
deciding,4
urgently,5
affirmative,2
substantial,7
concentration,1
lie,5
constructions,1
evasion,1
unappropriated,1
empowered,4
expansionist,1
lit,1
uninformed,1
useless,3
comprehended,1
experienced,5
popular,11
hired,1
experiences,5
approved,3
salary,1
sturdy,1
clear,8
broadened,1
unreasonable,1
clean,1
ennoble,1
bespeaks,1
'an,1
nations',1
stimson,2
completion,3
northern,2
justice,41
convinced,9
assertion,5
flights,2
surveyed,1
inadvisable,1
circle,4
dominant,2
meanwhile,2
custodian,2
pilot's,1
famous,2
competing,2
during,37
alexander,1
exhibiting,1
sacrifices,6
withdrawal,2
patriotism,7
culture,1
prosper,1
close,12
embarking,2
probable,6
pictures,1
firmest,1
familiarity,1
tolls,1
won,7
probably,22
conditions,44
years',3
stagnation,1
ranked,1
both,65
garrison,1
vicious,1
those',1
sensitive,2
trunk-line,1
forgotten,1
highwaysthe,1
experimental,1
whatever,14
likes,1
unrestrained,1
described,1
outstanding,2
maintenance,8
collected,3
threaten,1
territory,14
lived,2
partly,1
citizen,13
else,3
determination,19
assigning,1
utmost,6
look,21
governor,12
while,96
reformed,1
fleet,13
unexampled,1
depleted,1
uncompromising,1
costly,4
overlooked,1
rulers,2
thereunder,1
ready,8
payers,1
riotous,1
clerical,1
grant,5
belong,4
grand,3
composition,1
conflict,7
clearness,1
used,9
temporary,19
bonus,1
censure,1
unprovisioned,1
decency,2
older,3
poland,2
theology,2
devoid,1
auditor,2
secession,1
docket,2
ambassador,1
exploits,1
settlements,7
confiscation,3
quarters,2
useful,3
retirement,14
$,127
guaranteed,3
guarantees,5
remaining,7
march,7
lacking,4
showing,6
dominions,1
wiser,1
damage,4
sophistries,1
defied,1
manifest,2
translated,1
fathers,5
creation,6
some,105
urgent,3
economic,53
delivered,1
exceeding,2
providence,3
civilization,16
everybody,5
measures,15
run,2
lakes,9
stem,1
step,7
lasts,1
subtract,1
abroad,21
troops,4
faith,26
bureaus,4
farmproducts,1
miracles,1
within,30
unimpaired,2
conscientious,1
rolls,3
behaving,1
statistics,1
renewal,1
placing,5
heritage,2
manufacture,3
uncomplaining,1
himself,8
governs,1
duly,7
healthful,1
reiterated,2
properly,4
segregation,2
warlike,1
public-building,1
comports,1
intuitive,1
foresight,1
accustomed,1
wicked,1
similar,5
ordered,7
mindful,1
precept,1
unwise,1
cotton,10
objection,3
prerogative,1
fears,1
rewriting,1
application,16
politicians,2
recognition,4
department,49
draw,1
overbalanced,1
kansas,1
resign,1
william,1
validity,1
wrong-doing,1
independently,2
e,3
practically,9
required,18
resolving,1
perishables,1
ignorant,1
requires,11
evenly,1
bartered,1
aggregating,1
farms,4
proposition,1
notify,1
go,24
compact,3
scotch-irish,1
suits,1
does,47
excluded,1
friendly,5
virtuous,1
unremunerative,1
prudence,2
miners,1
wave,3
felicity,1
telling,1
discouragement,3
meant,4
positions,5
verdict,3
inspection,3
enforce,4
compensated,1
encroachment,1
decreed,2
notwithstanding,1
auspices,2
plays,2
colonel,3
guaranties,3
experiment,8
distressing,1
commercial,16
believed,10
detached,2
withdrawing,1
products,19
commendable,2
stabilization,3
clark,1
danger,7
win,2
centum,1
manage,2
austria,3
surpluses,3
remains,5
loans,8
hudson,1
contentment,5
vehicle,2
exhaustive,2
jonathan,1
historically,2
reflects,1
formally,1
started,4
becomes,3
rivalry,1
appointed,6
announcing,1
sanctions,2
servants,2
meet,42
conformity,2
control,33
inviolate,1
sought,9
wonderful,3
hesitate,5
defective,1
self-made,1
arrangement,1
enactments,2
located,1
blessings,2
sentiments,2
frontiers,1
reestablish,3
fostered,1
farm,24
amenable,1
introduced,2
consecrated,2
lordly,1
unsolved,1
least,5
facilitated,1
including,9
cruise,1
mentioned,1
exclusion,2
ditures,1
masses,1
lithuania,2
him,77
surrounds,3
dike,2
hands,10
front,1
reasserted,1
masters,2
pre-war,3
university,2
adjournment,1
magnitude,7
mode,1
predilection,1
sackville,2
nationals,2
legions,1
upward,1
commonwealth,2
globe,1
ills,2
pursuits,1
climatic,1
amiabilities,1
separating,1
special,22
tliterests,1
unlawful,1
manyfold,1
thriving,1
cause,16
achievements,1
that--,1
recommendations,13
delegates,10
completely,7
chatham,4
resumed,2
hostile,3
determining,3
route,6
florida,1
times,17
keen,2
timed,1
diminishes,1
housing,6
mankind,7
prospective,4
statesmanly,1
possessing,2
powerful,3
date,4
signify,1
eminence,1
precisely,1
quality,1
maj,1
bears,1
relations,32
attach,1
attack,1
perfectly,7
final,14
paved,1
punish,1
exactly,2
formalities,1
manifestation,2
overwhelming,3
well-established,1
submitted,7
providing,22
distinguished,2
bard,1
exhibit,1
thereto,1
need,41
constrained,1
pursued,4
able,26
purchasing,8
instance,3
laterals,1
mileage,1
axiomatic,2
intentions,1
connected,1
but,337
nuisance,1
expired,1
consequences,2
undeniable,1
astonishing,1
construction,21
undeniably,1
anthracite,1
impression,3
emerging,1
violation,5
well-being,2
reclaiming,1
soldiers,1
shoes,1
envy,1
based,10
unfinished,1
earned,2
noteworthy,1
hopeful,2
employer,1
earner,7
employee,1
employed,3
righteousness,1
commendation,1
wishing,1
maritime,1
joint,10
legitimate,2
leases,1
endless,1
evolution,1
inthis,1
places,5
tobacco,2
impounding,1
incapacity,2
she,4
contain,1
solicitous,9
computed,2
operates,1
differs,1
reinforce,1
accused,3
yugoslavia,1
usefulness,1
operated,3
humane,2
tend,4
written,6
neither,8
sole,5
importance,38
interfere,2
efficiency,27
key,2
police,10
precious,2
distribution,14
diligent,1
career,7
minds,3
admit,1
bearing,5
preparedness,1
accomplishing,3
addition,6
cent,20
outlaws,1
immense,2
slowly,1
treat,2
diversity,1
league,16
replenishment,2
expenditure,27
mail,8
debtor,1
novel,1
soundest,1
surface,3
examined,1
capture,1
recipients,1
began,6
janeiro,1
parts,13
northwest,3
party,13
reactionary,1
absorb,1
effect,20
privations,1
frequently,2
destruction,7
scarcely,4
transaction,3
weld,1
i,203
well,60
jurisconsults,1
restore,4
increasingly,1
mistaken,1
arriving,1
ablest,1
distant,2
skill,5
coordination,2
clashing,1
lures,1
bequests,1
deposits,3
imposes,1
extends,1
maintaining,14
warrant,5
oar,1
sonic,1
ample,5
devised,6
fats,1
historic,3
unseen,1
turbulence,1
amply,1
prominent,1
loss,8
lincoln,2
necessary,91
lost,7
payments,7
lose,1
divest,1
regardless,1
motive,2
redress,1
deliverance,2
home,24
demonstrates,1
objected,1
delaware,2
demonstrated,14
limitations,2
retirements,1
reaching,6
journal,2
monetary,1
expansion,3
prohibited,2
instinct,2
refuge,1
freedom,31
chance,4
recognized,10
revere,2
compatible,1
dominion,3
recognizes,2
eloquently,1
commission's,3
equally,8
contending,4
previously,1
illumined,1
washington,115
restatement,2
additions,1
managing,1
doubtless,1
mississippi,16
rejoice,1
additional,25
lagged,3
prophetic,1
north,11
generalship,1
administrators,1
gain,3
courts,14
preventable,1
ear,1
he,277
annuities,1
commit,1
signed,8
limit,3
inquired,1
piece,1
display,2
diligently,1
reservations,4
universal,8
education,34
authority,56
functions,15
contest,1
disposing,6
inescapable,3
stay,1
foil,1
animosity,1
friends,3
appoint,4
aristocracies,1
portion,5
lives,6
rebuilding,1
indirectly,6
aided,2
trenton,2
dissolution,1
four-year,1
strawn,1
protest,1
consists,3
captain,1
legacies,1
whose,9
disability,1
pensions,4
presents,3
unionized,1
protections,1
teaching,4
promulgated,2
rescue,2
destitution,1
railways,7
misunderstanding,1
govern,2
affect,3
courageous,1
vast,11
hath,1
crops,10
laurels,1
companies,4
solution,14
convenience,1
force,39
across,4
likely,12
subordinate,1
even,26
complexities,1
integrity,7
panama,6
asia,1
lights,2
new,92
net,2
ever,28
reviving,2
deemed,1
never,32
met,20
governing,2
parcel-post,2
active,8
contraction,1
dry,1
rests,7
usurpations,1
economics,2
guide,3
credit,22
permit,10
adopting,4
suitable,5
intrigue,1
intensely,5
campaign,9
schooling,2
county,1
moral,23
drowned,1
north's,2
criminals,1
army,47
arms,6
panacea,1
recommend,21
type,3
tell,2
supporters,1
wars,10
three-power,2
room,2
rights,58
suggestive,2
exceptions,4
root,1
give,25
climax,1
involve,3
surveyor,2
degenerate,2
savers,1
advancing,2
autonomy,1
amazing,1
purnell,2
undesirable,1
undergoing,1
loyalty,5
president,21
purchase,7
stepchildren,1
attempt,14
third,10
maintain,32
inhabitant,3
operate,3
operations,12
foresaw,1
fortify,1
responsive,1
appropriating,1
before,69
personal,3
better,44
encounter,1
confidently,1
combination,7
weakness,3
indulge,1
advise,1
'of,1
victories,1
went,7
side,15
bond,2
interruption,3
principles,55
ministering,1
kanawha,1
taught,1
navy,35
aids,1
dawn,1
decree,1
restricted,1
content,2
revolving,2
aggravated,1
turning,2
resume,5
bestow,3
curtailment,3
struggle,11
inadequately,1
professions,1
messages,2
uses,3
features,10
grade,1
historian,1
dwell,3
solemnly,1
convene,1
somewhat,8
requisite,4
peculiar,2
symptom,1
agriculturist,1
begins,1
anxiety,1
princeton,2
conforms,1
enabled,4
preparation,11
matter,16
enables,2
bidder,1
sees,1
modern,16
mind,17
emphasizing,1
seen,7
seem,12
seek,11
tells,1
intermittence,1
fitting,2
irrigated,1
replenished,2
benefactions,1
regular,4
trusteeship,1
zealand,1
reimbursement,1
mitigate,1
observation,2
medical,4
deliberate,1
m,2
competitors,1
definitely,6
principle,35
breathed,1
reprinted,1
amending,2
visitor,1
jurisdiction,8
treaties,13
attempts,1
chartered,1
poison,1
judges,15
explain,1
debts,12
judged,3
palliative,1
wearing,1
exports,3
reconstruction,3
stop,2
perceive,1
coast,8
humanities,4
futilities,1
earn,4
bar,3
bas,3
fields,5
bay,1
bad,5
architecture,2
crop-moving,1
unworthy,2
questions,10
reference,3
decided,2
subject,32
said,11
exponent,1
artificial,4
adjudged,1
tolerance,1
ignorance,2
vernon,5
suggested,5
maneuvers,2
against,25
distinction,2
contribution,7
confronted,2
appeared,5
height,2
initiative,1
loaded,2
proceeded,1
recur,1
commonplaces,1
three,24
tiny,2
commission,47
detrimental,2
interest,48
basic,5
basin,5
deeper,3
prosperous,7
suppress,1
hulbert,1
generals,1
aviation,7
exception,5
illiteracy,1
originate,1
say,8
near,6
moratorium,2
suppose,4
balance,6
study,11
twenty-four,1
seven,6
changed,5
mexico,7
is,1088
it,880
defeated,1
ii,1
in,1450
disappear,1
if,158
grown,5
entitles,2
man-eating,1
make,63
unfortunate,2
colonies,34
grows,1
entitled,13
militaristic,2
meets,3
governors,4
declaring,6
jealous,1
opportunity,19
thoughts,6
practiced,2
emissary,1
programs,2
unconditionally,1
failing,1
punishment,3
approbation,2
materials,5
qualities,1
claims,19
investments,6
left,10
protocol,4
just,18
sentence,1
reestablishment,1
reformation,2
human,26
facts,9
yet,36
impending,1
legion,5
pecuniary,1
regarded,3
character,27
magistrates,1
defray,1
save,12
background,3
dignity,3
states',1
performing,2
unnecessary,7
arrivals,1
sinking-fund,1
notorious,1
capitals,1
conciliation,7
squander,1
deal,18
repudiate,1
invoice,1
paragraphs,1
strife,1
ignore,1
normal,4
flounder,1
bold,1
unorganized,1
islands,18
managers,5
formerly,1
amounted,1
intellectual,5
chooses,1
down,19
lies,11
doctrine,9
refined,1
initial,1
jealousy,1
approximate,1
victorious,1
handicaps,1
factions,3
form,22
landing,1
idealized,1
failure,10
surrender,1
fort,7
understood,7
attached,1
yorktown,4
stages,1
propaganda,2
strengthening,4
one-third,4
covers,1
sale,8
fatherhood,2
claimants,2
ship,1
widows,1
fraternal,1
locality,4
authoritative,1
generally,10
felt,9
utilities,1
fell,1
exported,1
authorities,11
died,1
billion,1
immemorial,1
assume,15
daily,6
parcels,1
restored,4
managed,4
relieve,4
walking,1
manager,1
abundant,6
anticipation,1
depend,3
disorders,1
striving,2
technique,1
father,3
answered,1
finally,8
marks,3
stabilizing,1
suffered,4
me,13
permissive,1
defying,1
advised,5
join,3
pious,1
governments,31
staples,1
banished,1
excellency,1
proposals,15
item,3
excellence,1
stiffer,1
round,1
dealing,18
entertained,2
water-power,1
arrangedin,1
adds,2
capper-ketcham,1
international,48
filled,4
transportation,25
henry,4
french,20
criticizing,1
congestion,1
earthquake,1
wait,4
box,1
boy,2
comptroller,3
canadian,1
shift,3
suggestion,7
elect,1
merely,6
regeneration,1
patriots,1
licensing,3
sympathetic,6
wealth,12
unfortified,1
visit,1
france,9
peru,1
cooperated,1
lessened,1
rigid,3
orator,1
effort,54
bushels,1
avoiding,4
soul,4
growing,9
making,38
carolina,5
claim,12
confused,1
council,10
inundated,1
sword,3
tile,13
may,114
membership,3
designed,4
destructive,3
man,62
relinquish,1
outline,2
inhabitants,11
talk,1
framing,1
shield,1
gradual,4
pointed,4
seizing,1
stability,12
shake,1
argued,2
group,2
thank,2
months',1
interesting,4
undermined,1
policy,78
ours,4
main,17
finance,14
views,1
sooner,1
touching,2
aspirations,4
killed,1
developments,4
possess,4
attorneys,1
misgivings,1
seacoast,1
conventions,2
preaching,4
summary,1
thoroughness,1
canada,7
living,15
interference,5
nominal,2
imperative,1
reforestation,3
dutch,2
dominate,1
correct,7
assurance,9
canal,13
earlier,4
california,3
ore,1
advance,13
language,1
contented,1
thing,5
think,11
frequent,3
first,62
subterfuges,1
americans,3
fast,5
suspended,1
carry,11
corporations,5
discharged,1
little,34
thoughtless,1
anyone,5
plains,2
participated,3
bloodshed,1
inefficient,1
continuous,2
accurately,2
untried,1
hartford,1
undoubtedly,12
easement,1
protected,8
were,117
gathering,2
marrying,1
occupies,1
exceeded,1
voices,1
conspiracy,1
occupied,1
efficient,7
answering,1
interior,4
performance,1
channel,2
jungle,1
trace,1
investigations,6
decreasing,3
paid,18
assault,2
satisfying,6
coveted,2
cuban,4
especially,27
refunds,1
fills,1
reassurance,1
show,6
supposition,1
moderator,1
corner,3
label,1
treasure,1
behind,4
black,1
treasury,27
enthusiasm,1
get,7
contracts,5
designated,1
employers,2
nearly,25
distinctly,2
gen,3
secondary,4
bearings,2
yield,5
morning,1
miles,15
declared,14
honesty,4
contemplations,1
seas,2
eighteenth,4
seat,2
relative,6
eliminating,1
wonder,5
rigidly,1
steadfast,2
forecast,1
gage,1
enough,19
reading,1
checks,1
nationality,2
according,9
harbor,6
holders,4
among,43
stretches,1
maintained,14
freebooter,1
spans,1
comprehend,9
laudable,1
considering,5
arts,4
capable,6
mark,4
dependable,1
borders,3
mary,1
fiftieth,2
educated,2
derogation,1
offered,4
self-respecting,1
wake,1
declaration,29
those,108
sound,42
divines,1
promising,2
investigating,2
margin,2
conferences,2
eventually,2
endowed,5
sincere,6
dedicate,3
strain,1
sudden,1
wisely,6
movements,2
different,20
vagaries,1
harsh,1
pay,18
same,33
compiling,1
arguments,5
afflicts,1
pan,4
extended,14
assist,16
companion,1
annulled,1
running,6
weave,1
drain,1
largely,9
roughly,1
substantive,1
evils,3
solve,2
amazed,1
consisted,1
outdoor,1
money,26
adjustments,4
aspect,1
pile,1
extensive,6
heavier,1
careers,1
secrecy,1
railroad,14
disappointed,1
distrustful,1
adams,9
lightning,1
chamber,2
either,16
drainage,4
served,8
voluntarily,4
amortizing,1
imprisonment,1
pronounce,1
l,2
organizing,2
gross,3
colonial,7
extensively,2
pioneer,3
critical,1
expressing,1
moderate,14
one-tenth,1
airways,2
obliged,4
manufactured,1
notable,6
notably,1
broken,4
refers,1
manufactures,2
manufacturer,3
regulations,5
conducting,1
stations,8
island,2
violence,5
practical,29
mixed,2
victors,1
road,4
fallacy,1
quietly,1
lands,14
memorials,1
spreading,1
skilled,1
rumania,1
banks',1
aggrandizement,1
one-fifth,2
distracted,1
structure,10
pastured,1
decisive,2
indorsed,1
supposable,1
unsettled,1
arranged,1
powerless,2
affection,2
deep,4
general,77
imagination,2
examine,5
grasped,1
file,1
lifetime,1
deterrent,1
selfish,4
amendments,4
retiring,1
personnel,6
field,25
fruitless,1
equitably,1
academies,2
students,2
actthe,2
equitable,1
prudent,1
conclusive,1
assets,1
resolution,3
caste,1
represent,17
needful,1
forget,1
founder,1
dollar,10
founded,2
cooperative,20
children,1
shattered,1
preserved,2
tranquillity,2
enjoying,3
hideous,1
instigating,1
parcel,4
straightforward,1
returning,1
scout,2
fall,2
difference,7
norfolk,1
mothers,1
applicable,3
reminding,1
economically,3
exemptions,2
neighborhood,3
further,60
cigars,1
stood,3
diaz,1
prostrated,1
tribute,4
everlasting,2
harmonized,1
movement,10
component,1
ranges,1
disastrous,6
operating,4
admits,1
search,4
enmity,1
airport,1
published,4
common-sense,1
narrow,7
authorize,2
alexandria,1
transit,1
arid,2
sanction,8
lion's,1
arrogance,1
armed,4
readily,1
uniformity,4
distinct,2
destination,1
two,41
cultivation,4
restraints,2
achieving,1
purse,1
leonard,2
landed,1
controlling,2
particular,6
disfavor,2
nineteen,1
none,8
hour,3
middle,6
recall,4
roosevelt,2
remain,10
paragraph,1
halts,1
clergy,5
abandon,4
marble,1
purchases,2
expeditiously,1
share,10
sphere,1
minimum,1
attain,1
wished,1
needs,35
needy,1
acts,7
pressing,3
self-control,1
stir,1
slackening,1
advice,5
fast-growing,2
blood,1
accorded,2
acreage,10
response,4
crowded,1
coat,1
coal,17
rebuked,1
responsibility,21
pleasure,2
rounded,1
appeals,7
through,112
existence,16
suffer,3
arrogant,2
boardthe,1
arteries,1
pests,1
energies,1
nonrecurrent,1
late,2
detected,1
misunderstandings,1
resentments,2
good,63
seeking,9
socially,1
prejudices,1
primary,5
inception,1
association,3
mystery,2
easily,6
divested,1
evade,2
conic,1
habits,1
ports,1
harm,3
everyone,11
rule-making,1
house,10
energy,5
hard,2
idea,5
engaging,1
oil,8
countrymen,8
connect,2
hart,1
randolph,1
insurance,4
stands,9
funding,2
acting,7
circumstance,1
enforcing,1
pleasant,1
extraordinary,2
terminals,1
disposition,8
reparations,4
beginning,14
benefits,13
ocean-going,2
prophet,1
finland,2
conducted,5
wither,1
embraces,1
barbarian,1
instances,1
done,35
embraced,1
wages,11
unacquainted,1
trademaine,1
construct,1
regulation,13
assumption,2
statement,3
beloved,1
lease,2
favorably,1
part,53
favorable,8
doctors,2
believe,24
clarifying,1
farming,3
savagery,1
businesslike,1
youth,7
contrary,1
supposed,1
treated,2
declare,4
trifles,1
philippine,7
three-quarters,1
self-sacrificing,1
orders,2
mountain,2
built,6
majority,6
lifts,1
build,5
deepening,1
province,1
equipping,4
conspicuously,1
most,106
significant,2
services,5
extremely,2
humanitarian,4
charitable,2
reflections,1
weigh,1
joining,3
thomas,7
particularly,6
obligations,19
commissions,2
scattered,2
sanctity,2
relation,11
carefully,9
find,24
dividing,1
nervous,1
ruin,1
unhappy,1
intracoastal,2
boulder,1
permission,1
express,5
cheaper,4
courage,8
autobiographic,1
expedite,4
merchandise,3
resolve,1
remove,2
common,22
tended,1
individual,15
surrendered,3
materially,5
repairs,3
degree,12
expert,2
moving,2
vindicated,1
presumption,1
prescribe,1
oppress,1
aircraft,8
journeyed,1
appropriations,22
well-doing,1
solely,10
annual,18
foreign,52
consume,2
point,8
simple,6
tennessee,1
simply,1
asserted,5
volunteered,2
throughout,11
expensive,2
raise,2
apostle,1
create,7
rivals,1
faithfully,2
collaborator,1
meeting,8
gas,2
gap,2
understand,8
prices,17
resisted,2
politician,3
grains,2
solid,2
bill,22
elections,2
deferred,1
denominations,1
birthright,1
century,9
cents,6
itself,15
monroe,3
italy,2
engrossed,1
wherein,1
proved,3
development,56
reversion,1
retrenchment,1
moment,11
purpose,52
aggregate,3
genuine,1
timid,1
task,8
supersede,2
salvation,3
spent,5
morrow,1
unannounced,1
withdraw,1
howe,1
toil,4
organization,16
chemistry,1
spend,1
prevention,3
alluring,1
vindictive,1
profoundly,2
openly,2
foresee,1
injuries,1
timber,2
discipline,3
cut,2
hated,1
excites,1
source,20
overtook,1
impoverished,1
solvable,1
dependability,1
bid,1
matters,7
foreigners,2
bit,1
precipitation,1
mobilized,1
semi,1
retake,1
follows,3
indication,2
valleys,3
often,19
collectors,2
absolutely,6
dawes,1
abundantly,1
back,12
delegation,1
examples,1
beii'forced,1
nicaragua,4
ourselves,23
pronounced,1
acquaintance,1
spillway's,1
decision,8
integration,1
per,22
connecting,2
eliminate,1
patient,1
remembered,1
peculiarly,3
continuing,15
virtues,4
restrictive,5
chargeable,2
goods,5
extensions,1
consequently,1
pollution,1
depose,1
aliens,2
framed,1
neutrality,2
ministrations,1
borer,1
manifested,2
forward,11
translate,3
adjusting,4
immigration,11
hoped,7
directed,8
rejection,1
requesting,3
planes,5
precipitated,1
constant,22
expedition,5
flow,1
engineering,9
dispensation,1
workman's,1
swerved,1
prevail,4
%,1
excused,1
enshrined,2
irreplaceable,1
confine,2
lend,4
impress,3
amended,3
prepared,5
intensified,1
restoration,3
utterly,6
lent,2
desert,1
statesman,5
implies,1
officers,11
speculations,1
responded,1
presenting,2
failures,3
initiating,1
portraying,1
restraining,1
intricate,1
amplified,1
disintegration,1
compose,3
welter,1
intensive,1
preeminently,3
maryland,1
enlightenment,2
presently,1
putting,8
inter-american,1
arrange,2
severely,1
recreation,1
understandings,3
shock,2
disbursements,1
peaceloving,1
crop,9
rivers,9
depression,14
doctrines,1
chicago,1
giving,13
assisted,4
practices,2
lumber,1
exercise,13
body,10
justification,4
exchange,4
jointly,1
outlying,3
objects,2
sink,1
others,55
preamble,1
imperfections,1
extreme,1
talent,4
alaska,1
later,15
honor,10
composed,6
named,1
presidents,3
private,47
extravagance,7
decrease,9
resolutions,1
sermon,1
militarizing,1
themselves,28
endurable,1
trait,1
train,2
debtors,1
harvest,1
account,7
f,1
obvious,5
praise,2
closing,3
disabilities,2
impeded,1
continuity,3
fringe,1
prohibiting,2
proportions,1
effectively,4
reserves,5
maturities,1
varied,1
democracy,5
bushnell,1
holds,10
regions,4
responsibilities,7
attachment,1
stock,3
buildings,8
lordships,1
waters,7
philosophy,2
collection,1
leisure,1
incompetency,1
trifling,2
confiscatory,1
lines,18
liner,1
chief,20
subsequently,2
furnish,9
six,2
disarm,1
wilds,2
agricultural,45
industries,11
bridges,2
industrious,3
la,1
labor,26
lt,1
willing,11
latitude,3
criminal,5
machinations,1
bountiful,1
junction,1
greater,21
dam,2
schoolhouses,1
mention,1
mandate,2
insisting,2
kindness,4
day,22
strive,1
february,3
airports,1
warned,1
identified,2
slipping,1
disregard,5
uninteresting,1
burdened,2
harding,1
defend,4
rev,5
wholly,5
r&eacutegime,1
potomac,4
postpone,1
fondly,1
announced,1
hesitation,3
approached,3
frank,3
clarify,1
approaches,1
receipts,5
deprived,2
allied,3
qualification,1
mortal,1
retain,1
facilitate,1
south,17
tributes,1
reaches,5
strategic,2
embarrassed,1
improvements,15
reached,22
warships,2
reliable,2
covenants,7
ancient,3
intermediate,3
georgetown,1
gear,1
explanation,1
acquire,1
overexpansion,2
self-sustaining,3
negro,7
advocated,4
inestimable,1
discretionary,1
detection,1
treatise,2
calamity,2
loves,1
fluctuation,1
comfortable,1
pitiable,1
have,562
demonstration,6
skillful,1
concerns,4
parke,2
unless,28
truces,1
pausing,1
eight,1
preliminary,2
payment,9
alaskan,1
request,7
disease,1
valuing,1
absurd,1
occasion,9
selection,6
undesirables,1
absorbing,1
text,1
supported,17
rebuke,1
handmaid,1
staff,3
inspiring,3
knowledge,15
partakers,5
hydroelectric,1
regularly,3
czechoslovakia,1
bear,9
accrue,9
perfection,6
humanely,1
areas,6
exportation,1
calling,6
motherhood,1
fixed,12
conform,1
untrue,1
constructing,1
exists,12
national,149
accord,3
enhanced,1
greece,1
phases,4
imposition,2
attempting,8
brunt,1
difficulties,15
deposed,1
progress,57
admiration,5
sorrow,1
deliver,1
firmness,3
armenia,1
freely,1
taking,10
equal,13
attributed,1
fulfilled,1
assure,1
liquidating,1
conquered,1
passing,2
otherwise,10
disarmament,4
commend,6
manhood,3
earning,2
flourishing,1
pouring,1
tremendous,5
seasoned,3
proposal,14
arises,1
overwhelmingly,1
finished,3
angles,1
fellow,11
napoleon,2
divisions,1
welcoming,1
solemnities,1
plain,3
appearance,1
value,23
promoted,4
advisable,1
carved,1
cereals,1
chaotic,1
respected,2
arrangements,2
claimed,1
allocating,1
portray,1
productivity,3
progressing,2
practice,7
again,11
reporting,3
injures,3
judgment,11
scholars,1
insure,6
center,4
nevertheless,5
builder,2
thought,21
exceedingly,15
position,28
muscle,8
arising,2
usual,1
lynching,4
ratify,1
profiteering,3
executive,18
domestic,18
underlying,1
dakota,3
protecting,3
lake,1
add,5
propositions,2
ought,88
resolved,4
molding,1
judiciary,5
elapsed,3
appreciationnicaragua,1
displaced,2
capacities,2
like,31
success,23
admitted,3
heed,2
works,14
accessible,3
alive,2
ideals,15
convey,1
recommendation,7
proper,16
a',1
esq,1
shelter,3
discretion,3
economical,8
assuming,5
manifesting,1
slight,1
expire,3
although,16
worthy,10
unchangeable,1
inconsiderate,1
about,79
actual,9
boards,7
napoleonic,1
withdrew,1
thereforstuing,1
important,50
discard,2
prevailing,2
injuriously,1
rendered,11
billions,1
chronic,1
guard,4
esteem,1
elastic,1
awarded,1
buy,1
insurer,1
amity,2
preparations,3
insured,2
repeated,6
wealthier,1
constitute,2
wise,17
glory,5
wish,23
supreme,14
measure,22
crusade,1
periods,6
relates,1
corporation,7
detail,7
impositions,1
stimulant,1
enlargement,2
stirred,1
prevalent,3
starting,1
accidents,1
limited,9
mid-continental,1
comparatively,6
facilities,13
assembled,4
poorly,2
replacements,3
violate,4
paris,1
crises,1
under,153
pride,4
divergent,2
merchant,15
conjecture,1
risk,1
dispense,1
rise,2
dinwiddie,1
every,63
gratification,1
vastly,4
missionary,1
conceive,3
guiding,2
enjoy,3
leaders,5
infancy,1
construed,2
consistent,2
welfare,29
estimates,6
direct,17
surrounding,1
scrutinize,1
friendships,1
estimated,10
expressive,2
blue,1
solemn,2
selected,1
liberty,25
causes,9
conduct,9
supplies,6
seeks,5
governorship,1
hundreds,3
contentions,1
represented,15
path,1
property,50
leaves,2
ridicule,1
proportioned,2
abolition,3
settled,4
excess-profits,1
ventured,1
erected,2
patience,4
voluminously,1
would,191
appeasing,1
hospital,4
lessening,1
distributing,2
connecticut,1
excellent,4
casualties,1
must,137
abundance,1
philanthropic,1
cheapest,1
tremendously,1
advocacy,3
mr,2
my,42
quarrel,1
prussing,1
estate,10
ingenuity,2
diminished,1
preserving,2
magnificient,1
keep,7
guarantee,6
undisciplined,1
end,26
imbedded,1
adjacent,1
widespread,1
ambassadors,1
inessential,1
predicated,1
amid,3
acknowledged,4
ultimate,9
enter,7
preventive,2
reforming,1
executed,2
interpretation,2
over,78
expects,1
london,4
womanhood,1
expectations,1
exhibits,1
writing,5
destroyed,1
compelling,5
eugene,1
diseases,1
prevented,1
flotation,1
potatoes,2
victory,3
each,45
lasting,2
correctional,1
enormity,1
depress,1
god,7
completetariff,1
laid,13
got,1
newly,1
gov,1
independence,51
arizona,3
merchandising,1
eternal,3
free,30
management,11
formation,3
nonimportation,1
wanted,1
l'enfant,1
laborer,1
days,11
hopeless,2
aspire,2
cooperating,2
industrial,18
encouraging,13
rank,4
hearing,1
adopted,35
reconsecrating,1
discriminates,1
revival,3
top,3
confirming,1
too,31
percentage,1
unbroken,1
reparation,1
centered,1
serve,11
took,12
western,14
injected,1
abated,1
nonpartisan,2
immigrants,1
classes,4
flame,1
prone,1
to',1
bridge,1
fashion,2
raw,2
regulate,4
scriptures,1
thoroughly,12
-,18
thorough,12
localities,6
effectiveness,1
lightninglike,1
though,17
visionary,1
commanding,1
explosives,2
glow,1
rogers,1
prevails,1
metal,1
treaty,26
orderly,12
reputation,4
enterprise,19
levying,1
inspire,1
marveled,1
reductions,7
radio,6
diminish,5
earth,10
'with,1
spite,5
minnesota,1
borrowed,2
hostility,1
criticized,2
tuberculosis,1
despite,1
report,30
haiti,1
considerate,1
countries,43
chesapeake,2
public,148
twice,2
habit,1
liquor,1
beg,1
resist,5
disturbing,1
discriminating,1
capacity,7
temptation,5
continually,2
hopefully,3
approach,2
oxidation,1
confusion,1
weak,5
however,24
news,1
improve,12
protect,21
sanitation,1
fault,2
participating,3
expense,8
vexed,1
comprehension,5
trust,5
conference,37
incomparable,1
beef,1
wright,1
simplification,1
been,367
quickly,2
submarine,1
belongs,6
expected,10
drugs,1
republicans,1
uncommon,1
enterprises,5
deliberations,2
apprehension,1
kentucky,1
n,1
lesser,1
procedure,8
discouragements,1
republic--free,1
expenses,9
experts,6
containing,1
exportable,1
suggest,4
complex,2
several,15
theodore,1
social,15
workings,1
insisted,2
possessed,9
ocean,1
savings,5
hearty,2
greatest,21
mother,3
admiringly,1
hearts,1
seasonal,3
departed,2
proposed,26
unemployment,1
imperialistic,3
proposes,2
transporting,1
sanitary,1
militarists,1
humanity,21
gave,5
casting,1
bands,1
breaks,1
cultural,1
judge,5
incontrovertible,1
scruple,1
advanced,6
gift,1
specific,1
ditty,1
offices,4
officer,3
successfully,13
election,8
escape,6
indirect,4
intellect,2
embodied,3
proceeding,5
establish,12
everything,6
embodies,1
christmas,1
corn,2
disappeared,1
permitted,10
meyer,1
limitation,20
census,1
steadily,4
efforts,18
primitive,1
presence,3
civil,19
accomplishments,2
dissenting,1
existed,3
rely,4
indispensable,3
why,5
outward-bound,1
fought,3
crews,1
intolerance,1
head,5
-year,1
attempted,4
differences,20
discourage,1
heat,1
hear,2
satisfactorily,1
sustained,1
removed,4
counsel,6
portions,2
bids,1
bargain,1
simplifying,1
trim,1
furs,1
estonia,1
despotism,2
acclaimed,1
trip,3
liberalism,1
regime,1
faithful,3
no,214
tit,1
when,92
perfected,3
setting,1
papers,4
erosion,1
unbalanced,2
eternity,2
picture,4
permitting,4
reconsider,1
liquidate,1
preceding,4
miscellaneous,1
discharge,9
to-day,7
longer,3
vigorously,1
withhold,2
serious,6
undoubted,1
neighbors,1
remarkable,14
regulars,4
adjective,1
computation,1
displaying,2
clarification,3
contemplating,1
passage,8
charge,9
promoting,12
determinations,1
federation,1
advantage,18
exalted,2
emphasized,3
roving,1
oftentimes,3
denounced,1
level,5
philippines,1
brother,1
standards,8
encroach,1
quick,1
eroding,1
accumulation,1
slower,1
injunction,1
obsolete,1
inland,9
dried,1
bales,1
port,1
substitute,1
stately,3
contracted,2
goes,7
amounting,3
liquors,1
entertain,3
groups,4
dissipated,1
supplying,4
boast,1
healthy,2
ravaging,1
sharpening,1
law-abiding,2
navigation,19
emerge,1
morals,1
besought,2
morale,1
crisis,4
trinidad,1
handled,2
many-sidedness,1
sports,1
wrongs,1
prey,1
memory,7
negroes,2
today,1
sessions,1
altar,1
fuel,5
dismal,1
cases,17
tribunal,8
local,38
modified,1
districts,3
slightest,2
numbers,4
figure,8
downfall,2
stroke,3
performed,5
counting,1
price-fixing,1
requirements,15
inheritance,1
secured,29
eloquent,2
meager,3
neighborly,1
vital,7
cardinal,1
fourth,2
secures,1
levy,1
paramount,1
impartial,1
birthday,1
eighth,1
branches,4
commodity,2
propriety,1
representation,5
exclusive,5
comfort,3
furnished,1
understandingly,1
constituents,3
mainly,4
worship,3
dreading,1
supplemented,5
civic,2
platform,1
offers,3
amelioration,1
farmer,26
sacred,4
appraised,1
processes,1
warranted,3
qualified,2
hamilton,3
endeavored,1
superlatives,1
term,7
equality,16
name,6
corners,1
advent,1
possibilities,5
receivership,1
importation,1
individually,1
torch,1
farewell,3
begun,6
self-government,16
reckons,1
intended,3
ultimately,7
america's,1
concur,1
intercourse,4
factors,3
profit,5
factory,1
treading,1
abounding,2
vincennes,1
attended,2
theory,11
dispatched,1
accommodation,1
puritanic,1
impose,3
turn,8
place,38
broached,1
origin,5
suspend,1
revenue,29
coming,19
simplified,3
perverting,1
array,3
george,15
engineer,3
disinterested,2
given,34
necessarily,6
district,8
stimulation,1
returns,13
convention,8
white,3
gives,4
wrongdoing,2
releases,1
season,3
ill-advised,1
copy,1
holder,1
population,9
wide,8
unfortunately,3
require,14
diplomatic,5
officials,3
outcome,2
oath,1
and,2147
pro,1
ant,1
medium,1
rent,1
sells,1
any,189
prosperity,47
ideas,6
emphasis,2
urge,3
commonplace,1
embitter,1
adversities,1
betrayal,1
falls,2
considered,18
adopt,9
readjust,1
quantity,1
slope,1
cheap,3
trod,1
gulf,2
favor,29
state,59
crime,12
wood,2
partake,2
lighted,1
broadest,2
expectation,3
installed,1
regarding,2
floods,1
naked,1
reveals,3
imposing,1
connections,2
college,1
insuring,2
fails,2
invoked,2
voluntary,6
farmers,15
ways,17
subsequent,2
review,4
definite,9
commitments,4
monongahela,1
outside,6
charters,4
multiplied,1
hundredth,2
fearless,1
inseparable,1
harshly,1
cities,4
come,46
reaction,1
acquiring,1
possessions,13
successes,2
region,6
scantly,1
railway,3
utterance,1
semijudicial,1
duty,32
afterwards,1
bricks,1
continuation,4
colony,6
period,28
satisfaction,8
colon,1
approval,14
endeavor,4
howard,1
swift,1
subscriber,1
bequeathed,1
peaceful,11
dairymen,1
hardly,5
squatters,1
direction,29
reimburse,2
blessing,3
minister,5
attentive,1
spirit,29
case,15
myself,1
mount,5
embodying,1
cash,2
premature,1
cast,1
unsatisfactory,1
coupled,2
converts,1
revolutions,2
erroneously,1
author,1
granted,12
postwar,2
check,1
moreabundant,1
constructed,3
events,7
status,1
even-handed,2
mockery,1
refusal,4
driven,2
persons,6
statutory,2
unqualified,1
changing,1
implements,2
perennial,1
pennsylvania,3
recital,1
without,76
relief,42
relied,1
inability,2
model,2
reward,3
bodies,1
justify,2
tip,3
guided,1
unconstitutional,1
actions,7
cease,4
announcement,1
widest,1
rose,1
seems,17
except,17
shrine,3
kingdom,1
rushmore,1
porto,2
virginia,17
confines,1
schedules,1
confined,4
accepted,7
acute,6
braddock,4
patrick,1
reduces,2
wrongful,1
waiving,1
reduced,20
burdens,12
royalists,1
pacific,3
provided,35
caribbean,1
teachings,2
highest,14
legal,8
provides,3
compulsion,1
intrusted,3
pastors,1
affording,1
'the,2
on,319
reprisals,1
of,3807
discussed,4
informing,1
mutually,4
stand,9
equalize,1
or,164
instruments,6
deposing,1
accounts,1
determine,10
waterpower,1
refinements,1
strictly,1
there,166
disposed,4
cultured,1
valley,2
forbade,1
municipalities,1
relic,1
fundamentals,2
tranquility,4
regard,13
cabinet,6
promote,19
emancipate,1
applying,1
mortals,1
wholesale,1
preside,1
grasp,2
tuskegee,1
strongly,5
remedies,7
britain,9
governed,6
corresponding,3
discerned,1
orient,1
rubber,2
residence,1
requested,2
releasing,1
separate,7
symbol,1
includes,2
included,2
creditor,1
stocks,2
backward,1
calls,4
wife,1
missouri,2
spoliation,2
migrated,1
all,279
lace,1
chinese,9
lack,6
shipway,1
earners,10
follow,9
settlement,14
decisions,3
synthetic,1
subjected,5
participants,1
opportunities,4
program,22
activities,12
belonging,1
worse,1
far,24
treating,1
leads,1
god-fearing,1
stimulus,2
list,3
renouncing,1
employing,2
spanish-american,1
dalton,1
rate,22
design,3
functioning,2
what,72
imported,1
advantageous,4
deeply,3
sum,10
lawrence,7
anniversary,6
faltered,1
multitude,2
asiatic,1
christian,1
directions,6
observing,1
essentials,2
naval,16
difficulty,9
extremes,1
members,17
devoted,11
airway,2
texts,1
paramaribo,2
proceed,14
markets,6
minor,2
inquisition,1
knows,2
definition,3
problem,38
domination,2
known,17
self-sacrifice,1
irritations,1
forbearance,4
seaports,1
arise,3
cultivate,3
influenced,2
court,55
broadly,1
rather,26
audacity,1
influences,2
extinguished,1
simplicity,1
abdicate,1
reflect,1
indomitable,1
lighting,2
replete,1
liability,1
changes,12
short,7
reestablishing,1
cooperatives,1
departure,1
supervision,6
shore,1
grande,2
september,2
essence,3
mission,3
disabled,4
bigoted,1
resort,6
nonproductive,1
conformist,1
bout,1
might,46
alter,1
somebody,1
generously,4
framework,1
communities,6
irrigable,1
instructions,4
disciple,1
inherent,2
friendship,7
characterized,3
weight,4
needless,3
generation,6
oppressed,1
hawaii,1
expect,12
undertake,15
nature's,1
wondered,1
imploring,1
adhere,6
health,2
hill,1
serfdom,1
boldness,1
exertions,1
attendant,1
fiat,2
tributaries,3
prejudice,4
circuit,3
consequence,3
fallen,3
bushel,1
seeming,1
feel,5
radical,4
traveled,2
feet,1
sympathy,9
enlarged,7
defects,5
traveler,1
whole-hearted,1
story,2
utilization,2
leading,11
financed,3
coasts,1
storm,3
finances,4
recovered,3
temptations,2
mainstay,1
pains,1
relieved,9
inaugurated,1
versatility,1
king,8
kind,5
double,1
instruction,2
aims,1
restful,1
liabilities,3
exert,1
strengthen,6
imports,18
suspicious,1
alike,2
rugs,1
interferes,1
entirety,2
finding,5
interfered,1
buff,1
added,5
electric,1
inconvenience,1
reach,12
nothing,19
measured,2
achievement,1
constitution,35
dealers,1
traditional,4
forerunner,1
scantily,1
reestablished,1
liberate,1
institutions,32
stones,2
expedients,2
barter,2
readjustment,2
shares,1
unbridled,1
costing,1
aggravate,1
securing,12
abiding,4
shepherd,3
his,262
publicity,2
gains,2
capper-volstead,1
compliments,1
banquet,1
commensurate,1
sources,10
investigate,4
activity,5
wrote,3
art,9
arv,1
achieved,2
intelligence,4
defense,37
bare,2
are,476
arm,2
parchment,1
degrading,1
various,27
consecutive,2
numerous,3
latin,2
recently,12
creating,4
'nation,1
sold,9
attention,22
confiscated,1
succeed,3
importers,2
opposition,4
competent,5
relying,3
water,29
c,1
license,3
distinctively,1
became,11
distress,6
reasons,5
improper,1
regulated,2
decline,2
incomes,6
overlook,1
political,55
due,32
strategy,2
whom,7
reduction,54
undebauched,1
locarno,3
flight,3
ages,2
usage,1
demand,7
plants,5
georgia,2
advocating,5
workmen,2
full-rounded,1
indefinitely,2
behavior,1
encumbering,1
engineers,5
canvassed,1
disappointing,2
rio,3
lodged,1
alliances,2
authenticated,1
myth,2
lengths,2
tothe,1
stimulated,1
widely,1
peoples,5
shirk,1
higher,7
literature,3
restraint,3
negotiate,4
flows,1
patriotic,2
impede,1
republics,1
lower,11
anybody,5
analysis,2
machinery,4
extraterritoriality,1
abilities,2
burden,25
scrupulous,2
competitive,6
comprehensively,2
immediately,8
vigilant,3
retired,4
continent,7
profitable,7
tables,1
loading,1
observant,1
advisers,2
workers,1
exclusively,2
speedily,5
governmental,7
exhibition,1
violations,3
profitably,1
associations,14
complaint,1
constitutions,1
advocate,4
unlimited,1
modifications,2
incidental,1
separately,1
collect,1
arthur,2
rearrangement,1
essential,5
traits,1
selfishness,5
gradually,6
constitutionality,2
tends,1
rectitude,1
refused,5
consolation,1
refuses,2
intense,1
mingled,1
completing,1
stricken,1
range,4
militia,2
hatred,1
conserving,1
elasticity,1
drifted,1
washington's,8
impressed,1
question,20
long,42
signified,1
conceivable,1
sections,5
mountains,2
fisheries,1
repeatedly,3
raising,8
consist,2
characteristic,3
gratifying,13
amounts,4
fluctuations,1
called,8
mediation,2
associated,1
warning,1
freight-rate,3
problem',1
rally,1
rains,1
employment,14
peace,82
income,11
users,3
problems,26
helping,1
meaning,2
fertilizer,5
rightful,1
vice,1
departments,16
impatient,1
broad,9
once,12
hasnot,1
issued,2
resistance,1
alien,10
discordant,1
adjustment,14
contributions,7
issues,3
disposal,4
stable,4
include,11
confirmation,1
seized,1
ague,1
wishes,6
materialism,1
polling,1
dealt,3
manifestly,1
friendliness,1
noted,1
concluded,1
smaller,3
malice,1
reclassification,1
concessions,4
waiting,1
capital,24
ammunition,2
outranked,1
chose,1
desires,5
desired,3
separation,3
unremitting,1
settling,3
warehousing,1
distressed,1
larger,17
leaving,5
examinations,1
scales,1
forbid,2
improbable,1
apply,7
segregating,1
use,28
from,259
stream,1
consumption,1
few,18
examination,3
december,2
possession,4
parliament,1
inclined,3
equity,2
heir,2
infection,1
cooperate,10
women,8
instrumentalities,6
accrues,1
anywhere,3
accrued,1
befits,1
distractions,1
patron,1
tax,47
something,10
united,50
sit,1
justifiable,2
fortunate,2
department's,1
unquestionably,1
instead,4
mccoy,1
tension,1
administrator,1
attend,3
tact,1
hazard,1
abuse,3
rutledge,1
readiness,1
inward-bound,1
light,3
arduous,1
interrupted,2
dispositions,1
supplication,1
honestly,1
sanctioned,2
-hour,1
strove,1
celebrations,1
looks,3
superior,2
ships,11
permanent,37
choose,3
pending,17
originator,1
material,17
commended,1
ambition,1
impaired,2
republican,2
investor,1
articles,1
profound,3
latvia,1
transmitted,4
bills,8
unshaken,1
related,2
sectional,2
our,648
out,81
respects,1
acknowledgment,1
sentiment,7
frontier,3
chaos,1
thrifty,1
performs,1
honorable,6
supports,1
disclose,1
promptly,3
york,5
conflicts,4
philip,1
organic,3
waterloo,1
g,1
phrases,1
feasible,4
regaining,2
navies,1
hence,2
alleghenies,2
plainly,1
echo,1
proposing,5
probation,1
continental,13
salutary,1
publication,2
unknown,1
their,309
god's,1
constituent,1
july,9
purposesthe,1
isolation,1
riches,1
limiting,1
armament,6
arouse,2
improvemen,1
sculpture,2
creditors,1
tracts,1
westward,1
sincerity,2
ringed,1
rearranged,1
inform,3
agency,5
supplanted,1
which,585
martha,1
unbearably,1
clash,3
who,112
pronouncement,1
harmful,3
emancipation,2
class,9
statute,9
deny,5
neighboring,2
looked,2
agreed,7
tidings,1
purely,4
planning,3
democrats,1
utter,1
fear,2
debate,1
unanimously,1
studded,1
thousands,3
vigor,4
prosecute,2
monuments,1
silas,1
ones,3
words,1
vied,1
ascertain,2
generations,10
view,18
europe,13
requirement,6
acquired,6
admonition,1
merits,3
churchman,1
despoiled,1
closer,2
puts,1
genius,11
identification,1
closed,1
weighing,1
ability,18
opening,14
agencies,13
uncompleted,1
job,1
withstanding,1
declining,2
commands,1
april,3
grain,2
safely,1
wall,1
walk,1
misapplied,1
respect,15
narrowed,1
withdrawn,1
'want,1
provinces,1
agreements,16
enlarging,5
divinely,1
resultant,1
harshest,1
sufficient,16
scrutiny,3
remedied,1
improved,17
repetition,2
present,103
abandoned,4
fearful,1
means,46
'gram,1
will,289
hovering,1
depreciation,1
thus,7
disapprove,1
encouragement,20
ave,1
erie,1
perhaps,4
privileges,2
cross,3
unite,2
member,6
unity,6
utica,1
largest,8
units,7
privileged,2
grandeur,1
difficult,17
firmament,1
conceived,3
student,1
appropriated,6
undertakes,3
approve,6
fighting,1
english,4
undertaken,7
outgrow,1
excessive,2
heavily,2
obtain,1
happiness,4
reconsidered,1
every-day,2
rapid,3
sublime,1
supply,34
hall,1
adoption,6
attractive,1
cruisers,5
earnestly,3
unprecedented,4
enact,4
identical,1
saturation,1
provisions,14
habana,2
execute,2
oftheir,1
know,23
repute,3
press,1
helpful,12
taxpayers,7
james,1
repressed,1
manned,1
parity,2
exceed,2
because,61
shouldhowever,1
reclamation,13
searching,3
growth,10
export,3
empire,9
neglecting,2
lead,9
mines,2
leader,5
says,1
murderer,1
nationalities,1
throne,1
rare,1
carried,17
extension,14
universe,2
urged,4
carries,3
outset,2
own,109
wilderness,2
owe,2
warrants,3
weather,4
promise,10
brush,1
registration,3
transfer,2
*,12
preferment,1
intention,4
resists,1
breeding,2
appointing,1
funds,11
volume,6
witness,1
made,209
whether,14
record,11
below,1
ruling,1
demonstrate,7
attained,1
inadequate,1
fertilizers,2
goodness,1
mutual,19
percent,1
adequately,2
other,164
sunrise,1
branch,1
long-time,2
hysteria,1
conclusion,17
kinds,2
june,6
income-tax,3
earthly,2
incurred,5
perfections,1
auxiliary,3
fund,4
ranks,3
volumes,3
