all,19
unavoidable,1
allowed,1
remarkable,1
caused,2
dissolution,1
doubts,1
dollar,1
founded,1
facilities,1
thoughtful,2
welfare,1
battle,2
adjustment,1
religious,2
children,3
issues,1
whose,2
certainly,1
suicide,1
depend,1
violate,1
promote,1
to,79
finally,1
refunding,1
present,2
under,6
pay,1
virtuous,1
commerce,2
far,4
reserved,1
end,1
railways,1
connects,1
every,4
fall,1
continued,1
condition,2
governments,1
disturb,2
immediately,1
obstruction,1
did,2
notes,2
sanctions,1
laying,1
solution,1
leave,1
persisted,1
race,4
verdict,1
well-being,1
refer,1
enforce,1
enjoy,2
prevent,2
work,1
force,1
sovereign,2
direct,1
horn,1
past,1
across,2
rate,1
evilwhich,1
further,1
even,1
established,1
educate,1
constitution,14
ecclesiastical,1
irrevocably,1
sum,1
celebrated,1
anniversary,1
liberty,4
find,1
witnesses,1
liberated,1
experiment,1
above,1
conduct,1
new,5
palliation,1
self-preservation,1
preserved,1
harbors,1
full,3
transportation,1
finances,1
degree,1
fathers',1
never,3
commercial,3
one-half,1
here,1
endanger,1
enfeebled,1
let,3
making,3
lands,1
consideration,1
along,1
strong,1
interpret,1
widening,1
great,11
engage,1
redemption,1
healthy,1
grander,1
experience,3
trial,2
accomplished,1
social,1
successors,2
settled,2
intrigue,1
love,1
secure,4
family,2
danger,6
win,1
offends,1
mariners,2
brought,2
patience,1
moral,3
prohibiting,1
glance,1
crime,2
establish,1
voter,1
use,2
from,10
answered,1
reproach,1
voters,3
mormonchurch,1
two,1
permitted,1
employment,3
territories,2
doubt,1
therefore,1
peopleleaving,1
soil,1
negroes,1
themselves,2
markets,1
until,2
minor,1
more,7
supporters,1
on,7
afford,2
thus,1
mankind,1
waterways,1
flag,1
opposing,1
rigid,1
virtue,1
known,1
foundations,2
appointed,1
me,1
states,11
none,1
organization,1
rights,5
this,19
science,1
accomplishment,1
attention,2
instrumentalities,1
entertained,1
itself,3
can,13
freedom,7
already,2
meet,2
compulsory,2
my,8
route,1
history,2
control,1
prompt,1
corrupted,1
indicated,1
give,2
expanding,1
coinage,1
preserving,1
share,1
purposes,1
supremacy,2
currency,2
hides,1
sense,2
honest,2
deplored,1
absolute,1
autonomy,1
united,4
court,1
inheritance,2
inhabitants,1
reconciliation,1
discussion,2
american,1
delay,1
how,1
responsibilities,1
unites,1
pure,1
ordinary,1
if,6
stir,1
pathway,2
economy,1
suffer,1
armies,1
paramount,1
plans,1
may,6
coined,1
after,1
southern,1
triumphs,1
hence,2
wrong,1
blood,1
coming,2
such,3
law,10
grow,1
man,1
a,33
short,1
remember,1
crowded,1
communities,2
light,2
terms,1
appreciate,1
supervision,1
provide,1
chief,1
maintain,2
so,6
keeps,1
truce,1
secured,1
furnish,1
exclusive,1
removals,1
over,1
move,1
soon,2
years,4
wronged,1
through,2
unite,1
committed,1
existence,2
strangle,1
still,2
its,21
before,2
industrious,1
rapidly,2
fit,1
energies,1
fix,2
arrangements,1
labor,2
better,1
permanent,2
compelling,1
founders,1
criminal,1
disfranchised,1
bya,1
then,2
them,9
good,4
greater,3
descendants,1
prevented,1
safe,2
nation,9
guarantees,1
preservation,1
they,8
half,1
front,1
now,9
silver,2
nor,4
articles,1
execute,1
equality,1
intelligent,1
slavery,4
possibilities,1
sufficiently,1
victories,1
sanctioning,1
truth,1
each,2
found,2
conscientious,1
blinded,1
prohibit,1
financial,1
generation,2
beneficent,3
paymentsso,1
joined,1
countrymen,1
thirteen,1
measure,1
our,35
differ,1
agriculture,1
self-government,3
special,1
out,1
living,1
decree,2
opened,1
driving,1
god,2
since,2
convenience,1
lurks,1
increase,1
acting,1
safety,1
emerged,1
proclaimingliberty,1
honorable,1
twenty-five,1
issue,2
independence,1
foundation,1
risen,1
state,1
frank,1
withdrawal,1
threatened,1
little,2
free,3
standard,1
surely,1
violation,1
ask,1
crowned,1
beginning,1
inevitable,1
hasten,1
language,1
created,2
could,1
days,1
times,2
renew,1
fruit,1
place,2
matured,2
unknown,1
fearthey,1
support,2
south,4
first,2
industrial,1
sacredly,1
peculiar,1
national-banknotes,1
thereof,2
traveled,1
industrially,1
will,21
seasons,2
done,2
relations,1
directly,1
self-help,1
vote,1
impossible,1
eminence,1
divided,1
disaster,1
legislative,1
given,2
service,5
twenty,1
coasts,1
system,2
establishment,1
parallel,1
their,18
however,1
master,1
too,1
passed,1
hundred,2
bitter,1
final,1
speaking,1
interests,3
vigorous,1
statement,1
that,34
exactly,1
lower,1
negro,4
wisdom,2
part,1
believe,3
holder,1
than,8
population,2
king,1
accordance,1
sections,1
require,1
enabled,1
richer,1
nations,4
determined,1
venture,1
were,3
powers,2
declare,1
devotion,1
usefulness,1
and,118
enforced,1
sea,1
strengthen,1
constitutional,2
ages,1
oracle,1
tide,1
tender,1
states--the,1
alike,2
have,22
disturbing,1
need,1
justice,1
occupied,1
any,9
necessities,2
prosperity,1
strength,1
smallest,2
latter,1
responsible,2
aside,1
purchasing,1
high,4
subjects,1
which,26
transmit,1
destroy,2
awaits,1
urge,1
added,3
led,1
shall,8
object,1
stifle,1
most,2
fountains,1
position,1
accepting,1
coin,2
fervent,1
grave,2
declares,1
demand,3
especially,1
alarm,1
gather,1
stronger,1
order,2
detriment,1
voting,1
institutions,2
came,1
laws,5
inspirations,1
gold,1
obligations,1
jurisdiction,4
allegations,1
responsibility,1
fifty,2
relation,1
expressed,1
tonnage,1
debate,1
ground,1
one,4
exercise,1
pause,1
lights,2
business,2
true,1
written,1
should,14
only,5
colonists,1
attained,1
circle,1
local,4
hope,2
predecessor,1
do,1
exports,1
sanctities,1
reverently,1
invoke,1
capital,1
bear,1
remedy,2
courage,1
rest,1
compass,1
during,3
appeal,1
circulation,2
sources,1
fields,1
suffrage,6
yield,1
public,2
bad,1
paper,2
stead,1
common,1
allegation,1
forces,2
peasantry,1
counted,1
generations,1
view,1
strengthened,2
set,2
patriotism,1
questions,2
seas,1
intelligence,2
national,7
enjoyed,1
unmake,1
around,2
yorktown,1
relative,1
see,1
are,13
surrendered,2
fail,1
close,1
practices,1
best,3
subject,3
voyage,1
said,2
review,1
appeal--that,1
boundaries,1
behind,2
future,2
various,1
closed,1
between,2
progress,1
neither,1
corruption,1
we,10
men,1
recently,1
extend,1
opening,1
importance,2
confusion,1
sole,1
weak,1
ignorance,3
interfere,1
gratefully,1
death,1
debt,1
isthmus,2
pity,1
both,4
protect,1
last,2
obedience,1
policy,1
career,1
many,2
equal,5
against,5
fulfilled,1
connection,1
protection,5
self-support,1
forgotten,1
conquered,1
holders,1
safely,2
comes,1
grounds,1
duty,5
among,1
interoceanic,1
administrationand,1
promises,1
whatever,1
height,1
alone,1
regulated,1
wider,1
manhood,2
throughout,1
canals,1
basis,1
tremendous,1
political,2
three,1
been,14
mark,1
respecting,2
much,2
change,3
interest,2
privilege,1
waste,1
duties,1
suggested,1
life,1
arises,1
general,2
received,1
fire,1
am,1
concerning,4
remediless,1
enterprises,1
assert,1
savory,1
races,3
metals,2
world's,1
child,1
constructing,1
resisted,1
confidently,1
those,5
volunteer,1
tillers,1
homes,2
save,1
utmost,1
developing,1
these,3
illiteracy,2
say,1
value,3
employ,1
while,1
ought,1
country,2
promoted,1
aid,3
voice,2
guardianship,2
remembering,1
century,4
endowed,1
is,37
binding,1
it,35
encouragement,1
middle,1
obstacle,1
centennial,1
dangerously,1
in,49
elevation,1
amended,1
expenditures,1
education,1
credit,1
perhaps,1
things,1
make,3
administration,6
heirs,1
prescribe,1
battlefields,1
figures,1
struggling,1
several,1
convictions,1
conflict,1
unitedstates,3
development,1
independent,1
material,2
slave,1
enjoyment,1
citizento,1
upon,13
effect,1
evil,1
hand,1
moment,1
fellow-citizens,2
hands,1
purpose,1
judgment,3
predecessors,1
retard,1
narrow,1
kept,1
sacred,1
i,10
makes,2
well,1
ocean,1
without,3
scruples,1
hearts,1
the,315
opinions,4
manifold,1
less,1
money,4
executive,3
repose,2
reviewed,1
beset,1
not,21
fact,1
thorough,1
fullness,1
cape,1
followed,1
purified,1
yet,2
profitable,1
generous,1
disturbance,1
gentleness,1
pecuniary,1
onward,2
had,2
emphasis,1
improvement,1
greatly,1
adoption,2
citizen,1
has,20
warrant,1
confederacy,1
gave,1
resolved,1
march,2
constitutions,2
ample,2
government,20
inordinate,1
possible,3
almightygod,1
interior,1
overlooks,1
life--a,1
populous,1
world,2
overthrown,1
maybe,1
necessary,2
specie,1
seek,1
perpetual,2
admitted,1
strife,1
facing,1
benefit,2
continue,1
offices,2
either,1
always,1
emancipated,1
uttermost,1
satisfactory,1
right,1
incumbents,3
often,1
people,20
fathers,2
successfully,1
authority,9
born,1
manufacturers,1
growth,3
pursuance,1
proper,1
manifest,1
ballot,3
ourselves,1
bless,1
trust,1
for,32
though,1
legal,1
religion,1
does,2
denied,2
enlargedthe,1
resolutely,1
freed,1
limitations,1
be,30
who,5
power,9
tenure,1
continuing,1
monetary,2
intrusted,2
pressure,2
prohibited,1
by,26
gained,1
faith,1
about,1
census,1
extension,1
extending,1
of,182
citizens,3
practical,1
union,11
boldly,1
blessings,5
stand,1
earnest,1
efforts,1
or,8
own,4
variations,1
civil,2
within,4
steady,1
framed,1
promise,2
controversies,3
parties,1
fruitful,1
fraud,1
hang,1
guaranty,1
canal,1
rely,1
america,1
area,1
removing,1
immensely,1
there,5
question,3
alleged,1
long,3
debt-paying,1
overestimate,1
fought,1
authorized,1
forward,1
naught,1
decisive,1
was,7
war,5
leading,1
appointing,1
north,2
continents,1
form,1
offer,1
unsettled,1
registered,1
but,16
partisanship,1
destinies,2
dead,1
usurp,1
sustained,1
highest,1
with,19
made,9
largest,1
places,3
urgent,1
whether,1
prevents,1
vice,2
lawfully,1
up,1
us,6
lead,1
placed,1
shortening,1
prevails,1
supreme,5
citizenship,2
certain,1
universal,1
constitutioninvading,1
influence,2
covers,2
an,6
resumption,1
as,10
at,9
ship,1
appalling,1
functions,1
divine,1
faithful,1
no,12
anticipating,1
deserve,2
peace,2
when,2
lately,1
field,1
other,2
republic,4
you,2
offered,1
poor,1
elements,1
congress,9
perils,1
class,1
time,4
brief,1
meaning,1
important,1
unquestioning,1
metal,1
privileges,1
inspiration,1
ago,1
farms,1
land,2
to-day,1
longer,1
polygamybut,1
practically,1
assume,1
officers,1
required,1
departments,1
sounded,1
mass,1
confederation,1
treason,1
uneducated,1
serious,1
original,1
restored,1
