four,17
woods,11
aggression,1
increase,66
granting,6
eligible,2
brazil-------------------------,1
mistakes,4
refunding,1
portentous,1
sinking,11
oceans,2
stipulate,1
appropriation,45
bringing,12
disturb,4
prize,5
wooden,4
hague,1
succession,2
twenty-second,1
immunities,2
ornamental,2
charter,2
specially,3
rebuilding,1
cordially,2
feasibility,2
second,28
peru---------------------------------------,1
sustaining,2
sailed,1
sterile,1
errors,4
relieving,2
contributed,6
increasing,30
admiral,1
inducement,2
legations,3
possesions,1
offenses,3
here,12
reported,11
china,19
substance,1
pretensions,2
reports,19
controversy,4
military,53
cancellation,3
appropriately,2
classification,1
criticise,1
explained,2
replace,2
brought,23
remnant,1
apportionment,1
impartiality,2
exhort,1
occupying,3
statesmanship,5
therefore,51
until,36
expiring,1
females,1
holy,1
successful,12
georgian,1
hereby,14
midst,2
hold,22
circumstances,27
morally,1
locked,1
pursue,3
self-styled,1
accomplishment,4
revenues,18
example,8
misfortunes,2
unjust,4
organized,23
currency,76
caution,4
want,11
absolute,4
provincial,2
turn,1
travel,4
feature,7
embellishments,1
how,26
significance,1
disgrace,3
legal-tender,8
beauty,1
shores,23
american-owned,1
wrong,12
destined,3
indorsers,1
sioux,2
effective,18
scourge,1
youths,3
sickening,1
lieutenant-general,1
floridas,1
democratic,3
wind,2
restriction,1
reforms,8
fidelity,2
fit,8
heretofore,19
fix,6
occupations,2
survivors,7
colombia----------------------,1
endeavoring,3
wales,1
easier,1
effects,9
schools,4
township,1
sixteen,2
undeveloped,2
silver,11
represents,1
clothed,1
interfering,1
obdurate,1
preceded,2
financial,8
series,5
contracting,2
depositing,1
substantially,3
ring,1
borne,4
toleration,1
misfortune,1
waive,1
excepting,2
encourage,2
possible--mediation,1
engineer,6
exaction,1
outburst,1
foundation,6
assured,4
threatened,9
surveys,5
estimate,6
obstructing,1
universally,1
enormous,1
custom-houses,1
reprimanded,1
disturbed,4
speedy,5
repealed,6
venezuela--------------------------------,1
purpose,42
channels,4
wash,1
antilles,2
seizures,1
service,102
needed,13
master,2
ranging,1
listen,1
danish,2
geneva,8
bounty,3
wisdom,10
peril,3
outlay,4
showed,3
recommendation--that,1
nations,89
project,2
idle,2
endure,2
feeling,13
acquisition,12
boston,4
arts--in,1
affairs,36
tien-tsin,1
responsible,12
recommended,12
causing,4
absorbed,1
appreciates,1
shipments,2
committing,2
shall,144
object,28
diminishing,1
affirmation,1
mouth,3
letter,10
conceded,4
retaining,7
redressing,1
morality,1
detriment,2
nineteenth,2
incomplete,1
saying,3
signatures,1
undue,2
proslavery,1
participate,1
tempted,1
cheaply,1
orleans,5
busy,1
skirmishes,1
appreciated,2
aspinwall,1
rico,11
statehouse,5
specify,2
rich,2
heartily,5
telegrams,1
buchanan,1
rica,1
plata,1
denounce,1
foremost,1
pocket,1
altogether,1
societies,3
openly,1
release,5
hasten,1
respond,1
traverse,1
disaster,2
fair,17
expediency,7
consummation,5
unexpectedly,1
bled,1
result,43
fail,11
best,45
slack-water,1
solicitude,1
stamps,2
score,1
unalterable,1
preserve,6
men,40
extend,10
nature,19
authorizing,11
cut,5
extent,22
defiance,6
debt,50
tyranny,3
accident,4
country,220
heating,1
demanded,15
estates,3
planned,2
installments,2
adapted,5
asked,17
vain,2
postmasters,8
union,35
subsidy,3
extraction,1
much,76
privilege,14
life,21
eastern,5
moneys,3
confinement,1
chile,5
doubts,2
worked,2
nays,1
commerce,73
contemplated,11
contingencies,3
contemn,1
employ,6
contemplates,3
wonted,1
prostrate,2
remembering,1
congratulation,3
long-pending,2
anticipating,2
levied,2
ignoring,2
trusted,1
grants>,1
things,10
shipwrecked,1
enlistment,3
harmony,11
emphatic,2
european,38
voyages,4
equalizing,2
exacting,1
qualifications,3
seamen,4
ownership,2
pioneers,1
intrusion,2
vice-president,3
corporate,1
opinions,9
foreigners,8
distribute,1
disguise,1
financially,1
sovereigns,1
succeeding,2
previous,22
enters,1
ease,4
had,139
advancement,5
disparity,1
innocent,5
east,10
elevation,5
municipal,5
desertions,1
disagreement,1
possible,25
possibly,11
birth,9
imposed,7
shadow,1
usually,8
occurring,4
desire,38
specie,37
steps,19
beneficial,7
right,87
old,17
crowd,1
people,155
santiago,1
creep,1
enemies,3
preeminence,1
repression,3
continue,31
exposition,7
bondsand,1
substituted,1
capacious,2
manufacturing,3
dollars,3
citizens,171
anomalous,1
officeholders,1
disqualified,3
homesteads,3
raised,11
statements,8
facility,2
infraction,2
marshall,1
son,1
administer,1
respectable,1
one-fourth,1
furnishing,3
reducing,9
defendants,1
authorizes,2
mortgagors,1
support,42
constantly,7
knowing,1
avail,4
width,2
authorized,29
greatness,5
resulted,6
halls,1
happy,6
insurrection,23
offer,7
customs$from,1
forming,3
hemisphere,2
safeguard,1
congratulations,2
prosecutions,2
morning,1
complications,8
dues,2
later,5
liberal,17
disclosing,1
proven,4
proves,1
exist,18
accounting,1
negotiations,15
floor,1
crowns,1
republic,43
overturning,1
conferring,2
steamship,15
transported,2
scale,3
intent,14
miranda,2
persecution,1
bondmen,1
warn,2
domingo,28
time,208
moreover,2
conferred,11
irrigation,3
corps,12
resources,23
chair,1
mitigation,1
suspending,3
recurrence,2
cheap,8
navigable,5
republic-----------------------,1
consolidation,3
choice,4
whaleship,1
fullest,2
exact,2
leave,18
settle,6
depository,2
speculation,4
prevent,36
occurrence,4
insignificant,1
hindered,1
city--and,1
current,18
falling,2
botany,1
jury,2
understanding,4
contemplate,1
address,2
alone,6
along,4
unadjusted,1
momentous,1
molestation,2
passengers,9
redemption,11
wherever,11
commonly,3
accomplished,19
omaha--three,1
respite,1
tasks,1
curtailing,1
saints,1
bloody,5
opposes,1
working,11
positive,8
anatomical,1
cherished,2
opposed,6
scope,3
theoretical,1
wicked,1
introducing,3
afford,12
subsistence,5
apparent,12
oregon,1
approving,2
ignorant,2
virtue,4
behalf,15
valued,1
incited,1
originally,3
believer,1
printing,1
values,5
believed,25
remitted,1
allowed,15
offense,2
evidently,2
winter,3
deserves,1
divided,4
vainly,1
revolted,3
undertook,4
absenting,1
spot,1
boilers,1
applications,9
filibusterism,1
date,36
such,332
data,1
disagreeable,2
stress,1
natural,16
conscious,3
ordinarily,2
st,28
inhabiting,3
so,215
subsisting,1
truce,1
years,88
course,36
yearn,2
unfavorable,2
tendency,1
acquiescently,1
constituted,7
troubles,2
suspicion,2
constitutes,3
suspension,3
petition,1
conveying,4
thereby,14
subordinates,1
courageously,1
nation,68
records,6
compelled,5
pretense,1
maintaining,13
establishing,7
uncultivated,1
instability,1
amnesty,2
quarter,7
cordiality,2
square,2
honduras,2
receipt,1
fireproof,2
owing,3
entering,7
disasters,3
assessors,1
collisions,1
contained,11
investigation,5
steamboats,1
bordering,5
demoralization,2
superiors,1
seventh,3
possibility,4
quite,6
disrespect,1
complicated,2
emulation,1
besides,3
remainder,7
liberally,2
training,1
disguised,1
readjusting,2
undisguised,1
disguises,3
undesirable,1
routes,7
neglect,1
saving,4
act--not,1
clause,7
one,167
conscientiously,1
spanish,45
vote,23
open,13
affords,8
city,36
wrath,1
thirdly,1
indicate,7
hirers,1
convene,1
proving,1
mexico-----------------------------------,1
newberry,2
$estimated,2
herds,1
representing,4
depressed,1
favors,1
folly,1
exhibitors,2
imports—the,1
future,34
unburied,1
russia,13
prospect,2
addressing,1
san,29
turned,1
argument,3
sad,2
say,25
suffrages,1
buried,1
persons--to,1
decrees,1
escheators,1
saw,2
overtaxing,2
aside,1
instructed,8
note,2
fictitious,4
take,47
destroy,3
concern,2
altered,1
religious--can,1
opposite,3
printed,1
coroners,1
knowingly,3
creditable,3
commutation,1
average,6
sale,13
defeating,1
ways,3
yucatan,1
laws,117
madison,4
surplus,20
senators,4
definite,6
hustings,2
commissary,2
scarce,3
aggressive,1
transact,4
cloak,1
going,4
equipped,2
outrage,2
congressional,5
dispute,4
guarded,1
assistant,6
condemning,1
d'affaires,1
outlet,1
import,3
awaiting,1
clearest,1
prima,1
that--american,1
liable,6
where,60
grantees,2
overflowed,1
above-named,1
aroused,1
misjudging,1
morocco,1
alarming,2
sites,1
bureau,18
affecting,3
enjoys,1
screen,1
gratefully,2
awards,9
menacing,1
suppressed,2
concentrated,1
fundleaving,1
many,73
polygamy,5
s,19
expended,10
expression,5
allowance,1
yearly,1
compels,1
adjudication,3
panics,1
unconsciousness,1
west,31
vacation,1
concede,4
breath,1
almighty,3
breckenridge,1
combined,4
motives,2
crawford,1
wants,13
enable,20
influence,28
thousand,5
formed,5
rekindled,1
observe,6
unclouded,1
former,21
polls,1
prominence,2
single,5
intimately,2
overcome,3
situation,9
constituency,2
perpetuate,1
brow,1
engaged,18
engages,1
fame,1
expenditures,41
verified,1
threatens,1
preparatory,3
reformatory,1
inoffensive,1
devolves,2
harris,2
devolved,4
america--------------------------,1
costa,2
vacant,1
eighty-five,1
crimean,1
persistently,2
exequaturs,6
summer,6
being,71
rest,5
safeguards,2
steamer,3
disperse,7
summed,1
darien,4
weekly,1
presumption,1
geological,1
instrument,4
contesting,1
overthrow,6
prominently,1
unatoned,1
around,2
colony,8
sums,6
dark,1
traffic,4
preference,2
world,38
postal,22
stranger,1
superiority,2
clay,5
times--to,1
obstruct,3
satisfactory,37
superintendent,2
perpetrators,1
divine,1
congress--the,1
thinks,1
renewals,1
dimensions,1
seaman,2
restoring,4
total--------------------------,3
unsuccessfully,1
scientific,4
power,88
intimate,7
went,2
hence--have,1
industry,10
revolutionists,1
slender,1
stipulations,4
practicable,27
neighbor,1
act,150
mean,2
decreased,3
burning,1
interruption,1
parties,42
accumulated,1
tropical,6
her,62
philadelphia,6
detachments,1
stipulating,1
recommends,4
complete,25
discriminations,1
land,57
survived,1
unreliable,1
with,722
october,15
monopoly,4
fruitfulness,1
abuses,6
semi-monthly,1
politically,1
compromise,1
agree,3
detailed,6
gone,3
citizenship,18
gratuitous,2
exhausted,1
certain,41
am,42
continent--the,1
watches,1
an,357
as,808
ensuing,5
at,465
constabulary,1
drafts,1
abolish,4
tight,1
gunboats,1
ninety-third,2
contend,1
indemnify,1
congress,354
merchants,5
seriousness,1
intimation,1
infirmity,1
impossibility,1
mass,3
nelson,1
dyes,2
original,13
legislatures,9
consider,14
consciences,3
caused,19
landlocked,1
guiana---------------------------,1
welfare,4
oaths,1
improperly,1
attentive,1
caveats,2
hunting,1
riots,1
to,3763
th,87
straitened,1
paying,13
appointment,22
returned,10
disadvantages--i,1
detention,4
blockade,1
encroaching,1
condition,77
cable,24
accompanying,17
laying,3
large,81
desertion,1
$your,1
discriminates,1
penalties,5
past,52
pass,9
canvass,2
destitute,1
situated,4
section,25
post-offices,4
prevailed,1
colonists,1
scientists,1
avenues,2
luxuries,2
method,23
contrast,1
full,36
escaping,1
empower,1
fugitive,1
hours,6
november,8
criminality,1
compliance,4
experience,16
prior,8
scourgings,1
social,8
cessation,4
murdering,1
day's,1
followed,12
reclaimed,1
enactment,7
marriages,2
corti,1
apprised,1
viz,3
select,1
attendance,2
britannic,10
freest,1
more,155
door,2
initiated,2
company,18
corrected,1
tested,2
jealousies,1
objections,2
keeping,5
vicissitudes,1
malt,1
country--those,1
indicating,1
learn,3
prompt,2
stated,8
suggestions,16
accept,9
states,739
sense,21
gallon,1
prostration,5
bonded,3
condemn,1
information,39
respective,19
that--any,1
imminent,2
emancipated,4
enlarge,2
dismissed,4
telegraphic,7
intended,6
sympathize,3
director,1
authentic,2
acquisitions,1
refuse,3
constitutions,3
register,4
inquire,4
fundamental,3
replied,2
passages,1
mexican,9
alike--those,1
wools,1
installed,2
attitude,3
paper,13
signs,1
intelligently,1
brig,1
its,319
rapidly,19
termed,1
deeds,2
expenses$for,1
individuals,6
ally,2
lowell,1
severely,1
propose,1
distilled,1
imperil,1
speculate,2
judgeships,1
hereafter,10
always,20
assemblies,1
courses,1
found,40
energetically,1
status,9
engendered,1
england,3
contiguous,5
reduce,4
reappointed,1
operation,15
evil--the,1
really,7
try,1
blacks,2
mockery,1
reestablishment,3
cognizable,1
occurs,1
salute,1
belief,4
risen,1
reproach,1
driven,6
owners,5
reared,1
retained,5
elective,2
expedient,3
contingency,3
exhibited,2
arose,2
major,2
belligerent,9
number,77
preservation,6
contended,5
exertions,2
heads,10
introduction,3
threatening,3
peaceably,6
justly,8
sympathies,10
immediate,14
consuls,7
appreciation,9
fastnesses,1
rampant,1
grace,1
diffusion,2
determined,9
marriage,1
fishermen,6
servitude,4
sell,4
also,92
recognizing,3
internal,20
equaled,1
append,1
frail,1
samana,2
unused,1
plan,13
accepting,3
unequal,1
seize,3
covet,1
sometimes,6
cover,1
total---------------------------,1
barred,2
attacking,1
gold,45
exterminate,1
affix,1
session,59
freight,1
tranquilized,1
baneful,1
occupation,12
access,7
gambler,2
marauding,1
failed,8
department--the,2
equity,5
indifference,1
atheistic,1
dependent,13
beams,1
proffer,1
farthing,1
remedy,11
preparing,7
closely,3
devising,2
adhered,4
enemy,5
sects,1
progressive,5
incapacitated,1
cry,2
proclaim,6
banking,8
surrendering,1
river,31
rivet,1
approaching,9
bulky,1
army--officers,1
set,26
sequence--each,2
carrying,34
sex,1
see,30
sec,1
sea,17
outward,1
spirits,1
seconded,1
rejecting,2
perilous,1
captured,1
avoidance,2
europe,30
sparsely,5
premises,3
postponement,2
incident,3
death,3
diminution,2
pagan,1
embargoed,1
legislature,23
prospects,1
last,149
thinking,2
connection,24
retarded,1
let,10
whole,58
soundings,1
majesty,27
loan,2
allegiance,11
community,5
adjoining,1
adaptation,1
church,7
belt,3
worthless,1
monthly,11
fifteen,4
acceptance,2
convicted,1
extravagant,1
centennial--commenting,1
firm,7
resting,2
fire,4
fund,14
moderation,1
races,1
representative,15
inclement,1
judicial,9
reliable,3
expanded,1
far-sighted,2
receive,38
pressed,1
error,1
owed,1
pound,1
hoping,1
binding,4
centennial,12
owes,1
renounced,2
mint,4
read,5
virtually,1
survey,8
adequately,1
comprehensive,1
necessity,48
infamous,1
recent,12
alleging,1
person,21
regulating,8
comprise,1
construct,1
boet,1
named,15
arrests,3
christendom,3
conclusions,2
admission,9
republic------------,1
desist,1
parents,4
location,3
semimonthly,3
cordon,1
australia,1
victims,2
emergency,5
demands,12
wives,2
suffering,1
unwearied,2
projects,3
formal,3
pertinent,1
d,26
communications,3
imposes,4
yields,1
tribes,4
disorder,2
noninterference,1
pertaining,1
methods,5
world’s,1
senate,53
spring,1
necessaries,4
sight,2
citizens--might,1
amicable,1
transactions,3
religion,4
prosecuted,5
inclination,1
be,1188
interpreters,6
dictates,2
agreement,7
concealed,1
santo,8
relating,13
by,946
thirty-fourth,1
discontented,1
certificate,5
anything,3
exaggerated,2
melbourne,1
unintentional,1
ambush,2
$since,1
repair,3
clinton,1
colorado,7
into,109
plainest,1
montpelier,1
appropriate,10
controversies,3
contributor,2
submit,20
custom,5
occupy,9
suit,1
redoubled,1
disfranchising,1
elsewhere,5
hawaiian,3
time-honored,1
quartermasters,1
deductions,1
atlantic,20
competition,5
line,41
legation,7
considerable,8
borrowing--upon,1
inducements,2
redeemed,5
up,41
us,78
maturity,2
slander,1
verification,1
mature,1
continuously,1
consumed,6
defined,4
likewise,2
unsafe,3
presided,1
surveying,2
granada,1
fixing,5
invalid,5
preventing,7
forebode,1
points,12
revision,4
depredations,4
elements,12
energetic,1
prosecution,3
shenandoah,1
proclamations,2
suppression,8
sides,4
ago,15
furthest,1
destinies,1
age,5
summit,5
confederation,5
teachings,1
having,69
code,1
partial,1
advisory,6
results,24
existing,37
highways,2
islands--------------,1
broader,2
intercoursefor,1
centers,2
seemed,12
one-half,5
turkish,1
concerned,10
sumter,1
young,4
send,2
sent,13
retire,3
continues,10
continued,23
necessitating,1
timely,1
northwestern,1
harbor,6
experiencing,1
marry,2
anxious,1
race,12
depositories,1
pledge,5
licensed,1
munitions,3
cruikshank,1
index,1
apparatus,1
expressed,14
richmond,2
indian,41
flowing,1
advantageously,2
led,6
eminently,1
respectively,6
delivering,1
poverty,1
consideration,76
gatherer,1
great,199
engage,2
technical,1
involved,5
resulting,5
defeat,4
opinion,33
residents,2
makes,7
maker,1
steamers,9
complying,1
mariners,3
assemble,2
counsels,1
prohibiting,6
tools,2
standing,9
confidence,9
fifty-three,1
illegal,11
encroachments,1
ministers,10
next,35
eleven,4
duplicate,1
doubt,27
professedly,1
occurred,11
bodily,1
dealings,5
opposing,1
cubans,2
charity,1
animals,1
this,668
reproduce,1
fulfill,2
emphatically,1
process,8
lock,1
purposes,44
high,26
martyr,1
educational,5
wares,2
delay,12
establishment,19
remonstrance,2
await,1
preferring,1
efficiently,2
realized,1
element,4
writ,5
allow,2
counted,2
producer,5
unpalatable,1
move,2
doubtful,6
produced,20
operative,3
perfect,9
decay,1
chosen,10
dispose,5
meantime,2
lawlessness,1
therefor,2
perniciously,1
designs,3
realize,1
presidential,12
undertaking,2
traced,2
internal-improvement,1
accompanies,4
sufficiently,9
peking,2
truth,2
rising,1
traces,1
doing,11
society,6
books,3
thirteen,5
irritation,2
agriculture,18
witness,8
populace,1
overproduction,1
lawmaking,1
evacuation,1
annexed,1
progressing,3
shut,1
perish,1
yara--an,1
incalculable,1
adherence,8
surely,2
embarrass,1
assiduously,1
mainland,1
could,48
length,9
ratification,14
removing,1
davis,1
strictly,1
kendall,1
jurists,2
scene,3
owned,3
alleged,7
occurrences,4
owner,2
legislative,11
deceptive,1
system,44
sergeant,1
vetoes,1
guiana----------,1
interests,54
enforcement,13
accompany,1
unoccupied,2
devoutly,2
unexpended,3
coinage,1
warfare,6
result--the,1
dissensions,2
collecting,7
false,3
trusting,1
fourteenth,7
clearly,5
necessities,4
prohibits,1
documents,7
therewith,4
chief,17
korean,1
injunctions,1
accuracy,2
embroiled,1
misrule,1
adopted--with,1
cipher,1
fervent,1
adjutants,1
so-called,5
them--for,1
stronger,2
thanksgiving,1
enlist,1
mechanical,2
wounded,2
subject-matter,1
fact,37
assassinations,1
signally,2
terminate,3
disbanded,1
vacancy,4
bring,23
lloyd,1
attainable,4
unconnected,1
trivial,1
decade,1
principal,19
nominally,1
planter,1
entangling,5
should,209
secretaries,1
hope,29
exchanged,12
antagonism,1
familiar,3
hire,1
impeachment,2
shaping,1
unexecuted,1
denmark,2
taxes,6
summon,1
ohio,6
favoring,3
intervening,3
strengthened,3
temporarily,1
exerted,2
injurya,1
electors,2
destiny,1
insulting,1
single-turreted,1
injustice,1
legitimize,1
wabash,1
ends,4
revived,1
seaboard,7
restrictions,3
invited,15
etc,30
initiatory,2
figures,5
initiators,1
invites,1
adjusted,10
conclude,4
surgeons,1
acres,44
attorney-general,8
steadiness,1
rhode,1
entitle,6
utilizing,2
waste,2
recurring,1
swindling,1
spain,78
garrisons,1
surveyors,1
remorselessly,1
expiration,10
discoveries,1
va,1
landsfrom,1
site,3
vs,3
tenor,1
denial,3
juan,1
gotha,1
glaring,3
conflicting,6
columbia,9
upon,289
britain',1
dust,1
ninety-fourth,2
audit,3
off,9
command,15
drawing,2
lest,1
negligence,1
less,46
effective--that,1
proven--on,1
paul,1
thither,1
commemoration,2
generous,2
soldiers',1
arrest,4
valid,2
combine,1
exempt,4
irresponsible,3
fluctuating,4
increased,49
magnify,1
complicity,2
checking,2
chancellor,1
smithsonian,2
increases,6
five,17
belgium,4
debatable,1
redound,2
become,66
amendment,35
indications,1
guaranty,3
choosing,1
ballot,6
transport,2
contested,1
literally,1
avoid,7
unanswerably,1
salaries,11
raging,1
does,28
passion,1
salaried,1
hoarded,1
schedule,1
unquestionably,1
accompanied,3
posterity,1
residences,1
imaginary,1
loans,1
counties,12
stage,3
gained,7
repaired,2
sister,1
laboring,2
monroe's,1
concession,10
revise,1
registry,1
alliance,3
letters,10
disaffected,1
cultivated,1
roads,3
mere,12
terminated,5
justifying,1
disapproval,1
providential,1
restricts,1
startled,1
terminates,1
venezuelan,3
specimens,1
naturally,5
building,19
delivery,4
construction,18
candidacy,2
valuation,1
basin,1
count,4
disbursement,5
evident,3
deficiency,6
official,35
excitement,4
placed,13
convince,1
monument,1
problem,3
cordial,9
recognize,10
contribute,3
effected,2
planting,2
compared,9
promulgation,1
trials,2
forests,2
lately,6
compares,1
details,7
quantities,3
reckless,2
repeat,10
monday,1
oppression,3
chance,1
arbiter,1
repeal,11
exposure,1
lasted,1
rule,13
compete,3
pension,13
searched,1
practicability,2
consolidated,2
child,1
desirable,26
rapid,18
mansion,1
wholly,11
integrity,8
votes,13
voter,5
effectually,4
unanimity,1
edward,2
voted,2
messenger,2
diverted,2
worth,6
sheridan,2
wagons,1
exporters,1
presidency,1
ways--by,1
shipped,2
abolishing,2
cazabat,1
illiteracy,1
occasioned,3
follow,6
machines,1
established,32
seven-thirty,1
deliberate,2
bounties,2
revolutionize,1
consequent,2
above,16
toll,1
churches,1
officially,6
consisting,1
simultaneously,4
kindred,2
richest,4
protection,70
dyewoods,1
celebration,5
obtained,12
balance,19
items,1
study,4
envoy,3
internal-tax,1
secure,62
charred,1
highly,5
glance,1
total,29
devastation,1
plow,1
indians,30
world's,2
insult,1
seriously,7
indiana,3
administering,2
separated,4
tolerated,1
award,21
aware,5
tariff,14
word,3
work,56
theories,2
indicated,3
cited,1
india,6
antilies,1
indicates,1
indies,2
indifferent,3
inhabitants,13
far,66
boats,1
disappoint,1
ordinary,14
truthful,1
classifying,1
coined,1
after,56
customs,11
lax,1
lay,5
law,155
appreciate,2
greet,1
stimulate,2
order,42
extortions,1
office,88
claimant,3
freights,1
consent,11
satisfied,5
proportionate,2
deducted,1
frequency,1
japan,22
satisfies,2
rebellion,31
mayor,2
befallen,1
interfere,12
production,19
begot,1
precipitate,1
damages,1
then,64
them,212
affected,4
remission,1
safe,6
break,2
band,1
shameful,2
they,255
bank,3
bread,1
rocky,10
reasonably,4
slavery,19
reasonable,11
lifted,1
schemes,5
observance,4
fairly,1
councils,1
crimes,3
forts,3
forty,4
vessels,46
strangers,1
medicine,1
forth,10
forcible,3
veto,1
torpedoes,2
lawless,9
commercially,1
admits,1
appointments,10
disputes,4
people's,2
forcibly,3
enlightened,5
certified,6
ticket,4
created,9
delay--in,1
caprice,1
renew,10
oppose,5
incorporated,2
organize,2
render,9
supposing,1
railroads,11
another,33
war--in,1
illustrate,1
rated,1
protracted,7
rates,13
observations,4
inflate,1
john,9
damaging,1
intestine,1
enhancing,1
happily,6
diversified,3
rejected,5
wastes,1
honolulu,1
navy-yardsfor,1
scenes,2
guilt,1
historical,1
powers,90
manned,3
respecting,7
navigate,1
republicanism,1
manner,36
vigorous,2
contents,3
forced,4
strength,9
genuine,1
misconceived,1
convenient,8
latter,21
self-defense,1
subduing,1
subjects,30
quieted,1
luxury,3
forces,9
transmit,11
completed,24
conducive,2
culminated,1
nobody,1
indemnification,2
exercised,12
extending,9
involving,3
germany,21
exercises,1
assessed,2
manifested,6
calculated,4
inferred,1
swamp,4
accounted,1
sun,2
everything,1
voting,3
repudiation,1
fitted,3
reserve,5
brief,4
religions,1
madeira,1
respectfully,17
protocol,4
enjoyed,2
alluded,5
brazil-------------------------------------,1
guidance,3
opinion's,1
discretionary,1
kellogg's,1
pursuing,4
spartanburg,4
adequate,8
predecessor,1
do,97
explorations,2
de,7
preferred,1
yielded,1
prohibitory,1
sequestration,2
unworthily,1
infrequent,1
covering,2
suffrage,4
acknowledgments,1
stead,2
insurgents,19
steam,4
secretary,90
human,6
observer,1
observed,7
depends,3
discussions,2
diffidence,1
pensionsfor,1
away,10
afloat,1
gentleman,1
compensation,20
unable,5
cooperation,2
contraband,5
drawn,5
misguided,1
accord,1
terms,23
convertible,3
intelligent,2
overestimated,2
electing,2
received,54
essentially,3
ill,2
self-support,1
receives,5
exceeds,1
transmission,7
negotiation,6
tone,1
excess,13
seizure,9
tons,5
wider,3
speak,2
gratitude,2
bondsin,1
unhappily,6
slaveholding,1
condemned,5
duties,80
compound-interest,1
families,5
easy,7
attacked,2
concerning,6
jeopardized,1
imbroglio,1
them--a,1
disarrange,1
applied,5
has,519
reciprocal,1
aim,2
voluminous,1
applies,1
aid,44
property,42
launched,1
mistake,1
partakes,1
simonosaki,1
postmaster-general,22
comparative,7
confirmed,2
drawers,1
perform,7
apparently,7
boasted,1
involuntary,4
descend,1
accumulating,1
indictment,1
convictions,4
independent,24
springing,1
evil,12
hand,20
liberties,1
palpable,2
gunboat,1
prescribed,8
vermont,1
kept,6
whereby,3
contact,2
humbly,1
the,10083
camps,1
stringent,3
traditions,3
quoted,1
thanks,8
stewardship,1
senate's,1
adding,7
hills,5
occupants,1
evidences,2
passive,1
spread,5
board,45
evidenced,1
unfounded,2
retreat,1
disadvantage,1
insurgent,2
securities,1
night,2
security,9
portuguese,3
double-turreted,3
born,9
productions,7
constables,1
unless,12
bore,1
denies,2
treasurers,1
/,4
asking,2
denied,12
participation,3
hayti,1
confer,3
overslaugh,1
substitution,2
post,1
properties,3
proceed,3
rallying,1
newspapers,2
months,18
hostilities,12
considerations,2
revenuefrom,1
pays,1
prisoners,8
profession,1
bound,5
balances,3
rendering,2
formidable,1
hadnot,1
deception,1
legislation,100
sovereign,3
fight,3
accordingly,5
way,29
herdsmen,1
was,345
war,132
lowest,6
diligence,1
becoming,7
sundry,4
ceded,2
peninsula,2
observances,1
true,24
absent,18
generosity,1
anew,1
inquiring,2
mails,17
promises,5
computing,1
umpire,5
evidence,20
promised,2
face,6
inculcated,1
weakened,1
reality,2
revenue--and,1
interested,16
holding,9
test,3
unwilling,3
o'clock,1
acted,8
abridgment,1
for,1089
bestowed,5
interval,2
necessitates,1
together,19
loyal,2
reception,3
precedent,5
tribunals,7
impulse,2
fabricated,1
selection,6
grateful,3
devoted,3
contributing,4
certainly,4
zone,2
alderman,1
aristocratic,1
compensate,1
permanently,7
terror,1
disapproved,1
division,1
protective,1
unfriendliness,1
liability,1
entries,3
trouble,5
feeble,4
presented,23
gun,1
ascertaining,2
p,5
fordable,1
jurisdictional,2
revolution,7
regret,12
agitate,1
cost,31
scarcity,2
forging,1
cargo,2
appear,11
assistance,4
foregoing,4
shares,3
uniform,3
shared,3
commensurate,3
self-preservation,3
satisfy,1
supporting,7
overseers,1
inauguration,3
genet,1
teaches,1
appears,14
change,31
exemption,1
themfor,1
trial,10
burdensome,1
patriotic,5
locomotion,1
chesterfield,2
retired,1
extra,7
marked,17
sufferers,2
rarely,1
market,17
prove,16
subvert,1
beneficence,1
fairfield,2
territories,27
live,5
privateer,2
commissioner,30
missionaries,2
club,1
commissioned,2
hesitated,1
organizations,5
fortified,1
incidents,2
can,179
protects,1
stimulating,1
grievously,1
december,13
subsidies,4
supremacy,1
heard,2
fortunes,1
purity,1
occur,5
forty-ninth,2
productive,12
writs,1
fortunately,2
discussion,8
bonds,27
write,2
freedmen's,1
economy,13
armies,2
product,2
sacrifice,1
southern,18
produce,20
prohibition,1
commit,2
nomination,1
remember,1
whenever,13
sagacity,2
serving,1
nonpayment,1
indeed,7
forfeit,2
displayed,1
aiding,3
ended,5
statistical,5
congregating,1
cold,1
still,42
tending,2
acknowledge,3
reaping,1
inflicted,1
forms,11
codification,1
norway,2
slave-holders,1
emigrants,2
correspondence,23
introduce,2
liberality,5
half,2
not,546
now,179
provision,19
hall,2
nor,41
enacted,7
lineage,1
susceptibility,1
exportation,1
servant,2
james,2
avocations,1
vinous,1
stockholm,1
h,1
entirely,17
naturalization,28
marshals,1
domain,9
of--is,1
prompted,1
directing,2
embargoing,2
yeas,1
year,221
avoided,1
monitors,2
prepayment,1
adduced,1
shown,13
accomplish,4
opened,5
space,1
belligerence,1
lawyers,2
hastily,1
looking,16
belligerency,14
ruinous,1
receiving,9
shows,26
inevitably,1
defenses,2
intruding,1
dependencies,4
advantages,17
taxed,3
obligation,13
marine,12
inevitable,2
care,6
contemplation,1
selections,1
deprivation,1
transition,1
british,42
honest,23
fetters,1
tenure-of-office,1
invitation,3
thankfulness,1
promotion,7
profess,2
suffice,1
smelting,1
benefited,3
striking,1
enjoining,1
directly,16
impossible,17
message,40
xv,1
size,1
twenty-nine,1
checked,1
thankless,1
frame,2
friend,5
that,1114
taxation,15
expanse,1
than,148
rugged,1
accordance,24
transferred,5
monopolies,2
fruits,3
profuse,1
remained,5
correction,1
states--the,1
therefrom,5
nonacquisition,1
recover,1
offering,2
spoliations,2
manufacturers,6
equipment,3
steamers--one,1
berne,1
begin,3
oppressive,3
price,7
successive,5
america,49
saxe-coburg,1
forever,6
attempting,3
steady,4
talents,1
slaves,7
dispersed,2
filing,1
german,11
mains,1
fifty,2
discovered,5
tonnage,4
gratified,1
maine,2
fifth,2
ground,11
ratio,4
title,5
proclamation,48
stained,1
proportion,16
assented,1
only,109
inventions,3
abolished--a,1
bankrupting,1
fortifications,6
effectual,2
husband,1
station,1
elected,22
namely,4
actively,1
america--------------,1
europeans,2
exterminating,2
seekers,1
materials,2
unneighborly,1
between,157
mandarin,1
custodians,1
justified,9
notice,19
blame,1
article,25
emigrant,4
self-interest,1
enabling,3
resided,4
comes,2
dispatch,5
powers--members,1
learning,6
proved,7
actually,7
eads,1
oliver,1
cares,2
informed,6
territorial,20
cared,2
punished,4
dangers,3
partisanship,1
rebuilt,2
observable,2
subjecting,1
wounds,1
suspected,1
scrupulously,1
countless,2
developing,2
these,217
definition,3
tilling,1
soil,24
charge's,1
startling,1
commander,4
canceled,1
austro-hungarian,2
embrace,1
commanded,2
cargothis,1
develop,3
indebtedness,9
catacazy,2
delusive,2
gentlemen,5
food,8
inquiry,4
document,2
noble,3
investigated,2
enjoyment,6
complained,1
theater,1
bondage,2
charges,9
constitutional,18
severe,5
congressmen,2
coordinate,4
charged,8
disbursing,1
transmitting,3
valuable,14
sweeping,1
civilized,19
touch,2
speed,1
renewed,4
canada----------,1
improvement,12
lender,1
allude,1
treatment,13
struck,1
real,16
interests--advantageous,1
rules,35
early,36
earnest,20
commotions,1
using,3
execution,17
reap,2
rear,1
fortune,2
pounds,1
conducts,1
greeting,1
annually,6
benefit,14
t,1
fully,19
downward,1
molested,1
twelve,2
astronomer,1
zealously,1
pursuance,5
duration,5
enacting,1
colfax,2
passions,1
recorded,1
conservative,2
recorder,1
assembly,6
business,51
indestructible,1
equivalent,7
strained,1
inherent,2
sixty,2
exciting,1
throw,2
comparison,1
central,9
boldly,1
fell,1
greatly,11
testimony,10
invested,3
assassin,1
protests,3
shipbuilding,5
elementary,1
garrisoned,1
self-necessity,1
your,91
intervention,6
supervising,1
forwarded,5
prepare,3
area,8
assumed,4
start,1
low,4
lot,1
assumes,1
delayed,3
two-thirds,2
reorganization,3
trying,2
preconcerted,1
indians--has,1
fraud,15
dominican,2
circulation,15
louisiana,28
lawfully,5
retarding,1
solicitor-general,1
intents,1
inflict,2
subdue,2
transporters,1
statesmanlike,1
sales,7
judicially,1
cabinets,1
administered,1
anarchy,4
terminating,1
gambling,1
you,25
forcing,2
poor,2
ineligible,2
perils,1
desolation,1
endeavors,1
massachusetts,1
suited,3
fiscal,54
bulk,1
controlled,4
requisition,3
profits,2
doubted,3
embracing,2
surrounded,2
ceases,2
groundwork,2
month,6
ceased,4
thoughtful,2
settler's,1
religious,9
dreadful,1
chain,1
everywhere,4
pledged,5
wyoming,2
sustain,3
pledges,4
divisions,3
very,53
magistracy,1
laybach,1
decide,3
untaxed,1
concurring,1
--,4
louis,1
colossal,1
streets,3
mikado,1
enjoin,2
casual,2
consumers,8
witnessed,3
witnesses,1
apologized,1
fractional,5
certificates,18
learned,4
repugnant,4
entailing,1
rudimentary,1
modify,1
answers,1
trunk,1
eventful,3
strong,4
colored,13
conviction,7
inspired,3
losses,9
soldier,4
amount,89
indirection,1
successors,4
superintendencies,1
family,9
mediator,1
requiring,18
tendered,2
attendant,1
takes,3
saxony,1
injure,1
contains,11
abstaining,1
taken,82
injury,4
entails,1
authorization,3
commences,1
abridged,1
captors,1
instrumental,1
excuse,1
commenced,10
year$net,1
factories,1
producing,6
suffered,4
nebraska,2
nine,5
spontaneous,2
perceptible,1
history,24
archipelago,1
pushed,1
climates,1
exclude,6
species,3
firmly,5
ratified,9
surpassed,1
vigilance,1
tried,5
communicating,2
derived,5
long,32
thirty-seven,4
invasion,2
horizontal,1
derives,1
compulsory,3
a,1546
renewing,2
dread,1
banks,19
defying,1
remnants,1
help,1
montijo,2
soon,40
held,38
committee,17
committed,24
discloses,1
reluctance,2
fruitful,2
absence,24
systems,1
founders,3
fines,2
indefatigable,1
undergone,1
ye,1
anticipated,4
foot,4
erection,3
occasions,7
referred,31
heavy,4
disseminating,1
thirteenth,1
debaters,1
enemy's,3
national-bank,2
beyond,22
disembogues,1
event,8
unsurpassed,2
presumptuous,1
unnatural,2
since,55
meditating,1
testify,1
trusts,3
safety,11
issue,19
sympathized,2
favored,3
houses,15
reason,29
unsightly,1
overshadowing,1
put,26
earliest,9
revolutionary,4
diffused,2
just,49
tenets,2
terrible,3
american,118
expecting,1
probability,4
arsenal,1
sloops,2
companiesfrom,1
arbitration,9
inure,1
obedience,4
obtainable,1
teamsters,1
hundred,17
passed,39
outgrown,1
translation,1
grew,1
kindly,3
imperiled,1
autumn,2
recovered,1
attorney,2
toward,60
deciding,4
urgently,2
extents,1
substantial,6
sentences,1
concentration,2
option,4
lie,1
evasion,2
unappropriated,1
speculative,1
empowered,1
officers,65
cargoes,1
useless,2
comprehended,1
caliber,1
signal-service,1
frauds,6
quote,1
quota,2
be--the,1
anniversary,5
experiences,2
comparisons,1
barbarism,2
approved,29
auditless,1
salary,11
prolongation,1
clear,7
past--of,1
succor,1
creeks,2
perseverance,1
arming,2
distressing,2
northern,4
justice,35
convinced,7
assertion,1
surveyed,11
appealing,1
dominant,2
meanwhile,2
domestic,15
imparted,1
feels,1
pretending,1
competing,1
combinations,20
during,186
sacrificed,3
sacrifices,1
superintends,1
recommendations,33
switzerland,5
bounty-land,1
patriotism,4
throwing,1
ship's,2
plausible,1
irredeemable,3
close,27
probable,7
aqueduct,1
assistants,2
conditions,11
risks,2
oppression--has,1
both,58
garrison,1
felicitations,1
chastising,1
sensitive,2
comptrollers,1
forgotten,1
rodgers,1
experimental,1
millions,20
complies,1
whatever,18
vessel,22
complied,6
persecuted,1
described,1
debouches,1
inadmissible,1
stamp,1
bolivar,1
maintenance,17
collected,9
threaten,2
territory,84
instructing,1
partly,4
citizen,30
else,1
determination,18
utmost,1
look,12
governor,32
pace,5
while,64
fleet,4
guide,7
depleted,1
costly,5
voters,11
funded,1
rulers,2
thereunder,1
ready,22
riotous,2
clerical,1
shaw,1
grant,22
belong,6
discredit,3
grand,4
modification,13
almost--where,1
conflict,19
used,19
temporary,6
censure,1
arbitrators,6
uses,4
decency,2
brussels,1
herewith,46
older,4
synopsis,2
auditor,4
secession,1
weakest,2
abstain,4
settlements,7
quarters,2
marque,2
useful,14
praying,1
lieutenant-governor,7
retirement,1
$,159
cemetery,1
exercising,5
questioned,3
harmonize,2
ballots,1
remaining,10
march,42
showing,11
dominions,5
wiser,1
damage,1
overthrown,1
defied,1
success,19
submission,4
signal,3
resorted,1
strife,15
popular,5
accountreduction,1
sketch,1
fathers,2
creation,7
some,105
urgent,1
economic,2
delivered,4
describing,1
gratuity,1
exceeding,7
debtfor,1
providence,5
civilization,19
deliverer,1
deducts,1
measures,24
run,3
lakes,4
step,13
exempted,1
abroad,21
wealth,10
faith,23
bureaus,9
silence,1
within,105
unimpaired,2
ensue,2
conscientious,2
convulsion,1
rolls,16
statistics,4
renewal,4
placing,7
accountability,3
consultation,1
heritage,1
disallowed,5
manufacture,8
withholding,3
himself,6
breech-loading,1
duly,10
registered,3
properly,15
alive,1
russian,4
warlike,1
ceremonies,1
vacancies,3
politic,2
accustomed,1
loving,1
similar,15
ordered,2
accessibility,1
metals,8
reopening,1
unwise,2
cotton,1
amounts,13
liquors,2
application,10
recognition,20
department,109
draw,3
kansas,4
visits,1
regulations,17
validity,1
reservation,5
restrained,2
structure,3
urged,5
e,3
practically,5
required,43
depth,2
recreant,1
requires,7
cheerful,2
farms,6
proposition,10
ga,1
go,18
compact,2
excludes,1
birthplace,1
shackles,1
transacted,2
arid,1
expelling,1
excluded,3
friendly,26
schooner,1
virtuous,1
murderous,1
prudence,3
miners,2
post-route,1
discouragement,1
recollected,1
barbary,1
positions,12
informers,1
verdict,2
enforce,22
comforts,1
compensated,1
punishing,4
encroachment,1
ardent,1
honors,2
auspices,3
colonel,2
rotten,1
experiment,4
completion,5
denunciations,1
prescribe,1
fifteenth,8
$by,1
following,23
affidavits,1
canals,5
withdrawing,1
products,44
commendable,1
patents,12
examining,3
nearest,1
worthy,10
thirty-one,2
addressed,5
wit,5
horticultural,1
agreeably,1
remains,13
uruguay,3
blockades,1
subsidized,3
agreeable,1
exhaustive,2
reflects,1
belgian,1
formally,2
started,2
becomes,13
appointee,1
arsenalsfor,1
whisky,2
lapse,3
servants,1
vexatious,3
meet,24
conformity,6
control,27
escapes,2
promptitude,1
sought,10
wonderful,1
hesitate,3
defective,2
arrangement,7
enactments,1
unseated,1
sentiments,3
frontiers,5
fare,1
fostered,2
farm,1
chiefs,1
aborigines,3
amenable,1
indemnifying,1
computations,1
avarice,1
advocates,4
usurpation,2
quotations,1
astronomical,1
states---------------,1
rebellious,2
rendered,7
including,25
mentioned,4
converting,1
exclusion,1
thence,3
guerrilla,1
pensioners,20
nation--capital,1
hands,12
front,3
university,1
adjournment,4
magnitude,6
mode,9
upward,3
commonwealth,1
illy,1
globe,1
pursuits,7
constitute,7
variety,4
measure,36
separating,2
special,39
gallant,1
valmaseda,1
unlawful,12
cause,24
achievements,1
ocmulgee,1
withdrawal,3
humiliating,1
delegates,2
attending,5
completely,2
delegated,3
resumed,3
hostile,5
determining,10
route,4
ask,11
times,10
stride,2
resumes,1
prospective,1
possessing,9
powerful,11
improving,1
eminence,1
precisely,3
quality,2
uruguay----------------------------------,1
durable,1
adopted,36
total-----------------,1
attack,2
perfectly,2
belligerents,11
final,16
paved,1
unpaid-interest,1
exactly,2
lists,1
manufactories,11
chemicals,1
coolies,2
manifestation,2
overwhelming,1
herself,2
aught,1
comity,1
aspiration,1
well-established,2
submitted,42
etcfrom,3
transgression,1
providing,24
distinguished,6
descriptions,1
alleghanies,1
enforced,4
thwarted,1
unchanged,3
horrors,2
thereto,17
need,6
constrained,1
assurances,1
pursued,12
able,27
fees--consular,1
instance,10
relatives,6
issuing,3
medals,1
mileage,2
sewing,1
ships--to,1
intentions,1
montana,1
connected,6
but,286
expired,1
gallery,2
laurens,2
consequences,6
proceedings,27
impression,1
emerging,1
violation,14
well-being,1
soldiers,13
based,4
sheriff,2
arabian,1
reorganizing,1
attained,8
employed,13
soil--still,1
rebuking,1
commendation,1
michigan,5
maritime,9
joint,25
legitimate,8
probably,22
places,11
tobacco,6
hiring,3
conservators,1
she,15
contain,4
widow,1
consulates,3
prayers,2
capitalists,3
operates,2
officials,12
usefulness,2
desperate,1
operated,4
humane,5
danger,15
tend,4
written,2
horrible,1
tens,2
neither,9
prevailing,3
polygamysince,1
importance,44
indiscriminate,1
spared,5
key,1
police,4
precious,6
distribution,5
interpretations,1
limits,20
career,3
minds,2
admit,6
jetties,1
importers,1
bearing,16
tuesday,3
supreme,7
franchise,3
accomplishing,1
addition,15
cent,31
immense,5
slowly,1
treat,2
armistice,2
corresponding,7
league,2
expenditure,11
mail,30
debtor,8
supervened,1
bahama,1
harder,1
alluvial,1
examiner,1
resident,4
resolution--,1
surface,1
sustenance,1
examined,4
capture,7
began,1
janeiro,2
parts,17
northwest,3
party,21
fide,2
departures,2
reactionary,1
rightfully,1
absorb,2
effect,37
privations,3
fierce,2
frequently,8
destruction,5
scarcely,8
transaction,5
reflection,4
i,667
obstacles,7
well,67
consummated,1
restore,4
discord,1
savannah,2
accurate,1
unwhipped,1
filibustering,1
detail,1
sources,8
account$reduction,1
distant,20
skill,9
imparts,1
deposits,2
emblems,1
extends,2
warrant,2
indignation,2
impassable,1
fate,1
devised,5
utah,7
historic,1
burden,11
bottoms,2
immediately,9
amply,2
prominent,1
loss,10
lincoln,1
necessary,106
lost,10
sizes,1
payments,29
congress--and,1
lose,1
therein,23
semblance,1
home,31
proofs,1
competitor,2
broad,1
delaware,1
future--is,1
demonstrated,7
hinder,1
reaching,4
monetary,2
expansion,2
imperfectly,2
prohibited,3
sheriffs,1
refuge,3
freedom,11
recognized,30
dominion,10
persuaded,1
equally,10
contending,6
previously,5
washington,53
relinquishment,2
retrieve,1
additions,1
doubtless,1
mississippi,22
additional,21
museum,1
themthe,1
imperial,7
north,20
hazardous,1
admonish,1
neutral,5
gain,4
courts,25
ordinances,2
highest,13
he,87
annuities,1
signed,27
agricultural-college,2
cruel,1
converted,1
limit,9
display,3
urging,2
mechanics,5
diligently,1
plenipotentiaries,3
devise,10
reservations,10
universal,3
erie,3
cavalry,3
functions,14
rumors,1
contest,28
offensive,2
publicists,1
expositions,1
star,1
stay,2
deter,1
friends,11
appoint,2
pestilence,1
came,9
persistent,3
portion,20
lives,7
commencement,6
aided,3
secondly,2
pardon,3
similarity,1
obstruction,1
captain,2
whose,24
devout,1
calculate,1
tehuantepec,1
disability,1
pensions,20
presents,3
bays,2
teaching,2
sway,1
promulgated,2
cruising,4
rescue,1
void,1
railways,4
govern,3
affect,5
vast,16
reexamination,1
crops,4
companies,4
solution,5
extinguishment,2
pardons,5
enhance,1
inaction,1
deplorable,3
hesse,1
force,50
steamers--namely,1
japanese,3
likely,5
subordinate,1
even,40
desirous,3
saved,1
panama,9
lights,1
unskilled,1
new,101
net,12
ever,29
harbors,5
commingling,1
deemed,20
never,19
disposable,1
drew,1
met,11
governing,3
active,3
yrujo's,1
interpret,1
contraction,7
suitably,1
tolerating,1
credit,20
superstitious,1
permit,8
adopting,2
suitable,8
campaign,3
bayonet,1
county,6
moral,6
credence,6
receivable,1
criminals,3
reflected,1
army,42
spaniards,1
arms,18
call,35
calm,1
recommend,89
tell,1
priestcraft,1
supporters,2
virginius,3
tenacity,1
wars,6
post-office,15
berlin,4
warm,1
inhabited,2
ostracized,1
room,3
rights,58
people--coming,1
interposition,3
suggestive,1
exceptions,2
newfoundland,2
defer,1
give,63
assent,4
considerationcheap,1
involve,4
cushing,1
advancing,1
autonomy,1
answer,8
fellow-man,1
commencing,1
blanks,3
minority,1
undergoing,3
arrearages,1
indignity,1
loyalty,3
long-continued,1
president,94
summarize,1
purchase,15
attempt,11
third,17
maintain,25
waited,2
capitalist,1
fraudulently,2
inhabitant,2
operate,5
operations,19
agriculturists,1
appropriating,1
before,74
personal,13
unprovided,1
crew,3
better,19
enlisted,5
persist,1
weeks,1
confidently,7
combination,1
unemployed,3
entomology,1
intimidation,3
rhetoric,1
arrested,7
disputed,5
ventilation,1
bona,2
piratical,2
side,19
bond,5
afforded,2
calmly,1
habitation,1
principles,19
kanawha,1
taught,2
navy,59
aids,1
thoroughfares,1
decree,1
restricted,2
revolting,1
venezuela,9
guiding,1
resume,2
ascending,1
bestow,2
curtailment,1
struggle,11
professions,2
condemnations,1
messages,11
signature,3
arrived,5
twenty-two,1
features,2
thereon,7
grade,12
thereof,32
enumerate,1
xxxiv,1
witnessing,1
shallowness,1
dissipate,1
invalids,2
solemnly,4
realization,2
years’,1
self-restraint,1
somewhat,3
requisite,6
peculiar,2
agriculturist,2
begins,1
distance,10
anxiety,4
legalize,1
enabled,6
imputation,1
preparation,4
matter,24
deserving,4
extracting,1
modern,5
mind,6
mine,5
elevating,1
industrious,1
seen,6
seem,21
seek,5
tells,1
expeditions,5
thornton,2
accrediting,1
fitting,4
demoralizing,1
salubrious,2
perpetuation,1
cointotal,1
regular,9
inconsistency,1
zealand,2
observation,1
medical,6
m,1
definitely,3
principle,15
consumer,4
amending,1
visitor,1
jurisdiction,30
ending,23
treaties,16
uneasiness,1
supplied,8
nevada,1
parana,1
judges,7
resisting,1
explain,2
debts,9
cripple,1
sugar,3
judged,3
hoard,2
exports,19
reconstruction,9
compounded,2
stop,5
perceive,1
coast,20
comply,6
earn,2
fields,4
bay,6
illegitimate,1
bad,3
traversed,1
rival,3
abodes,1
fertility,1
attest,2
unworthy,2
reference,16
blameless,1
decided,8
incorporating,1
subject,137
brazil,17
voyage,2
said,79
sail,1
artificial,2
adjudged,1
sorts,2
vernon,2
suggested,9
disorderly,2
court-house,3
uncertainty,2
against,103
contribution,2
fillmore,1
appeared,5
guaranteed,4
springs,1
administrations,6
apprehended,2
presumable,1
time--and,1
proceeded,3
recur,2
basis,22
three,23
erect,2
particulars,1
commission,83
detrimental,2
interest,91
entered,11
threw,1
prosperous,4
suppress,4
government,428
locations,1
generals,1
personally,5
regretted,9
exception,7
sly,1
reinstate,1
orinoco,1
earth's,1
spontaneously,1
near,12
suppose,2
unobjectionable,1
murders,5
employees,7
twenty-four,3
associations,1
seven,9
mexico,36
is,868
it,892
iv,5
ii,1
soils,1
in,2114
disappear,2
if,138
grown,5
entitles,2
parish,2
make,75
cooly,1
manufactory,1
colonies,28
capacities,1
entitled,32
meets,2
governors,2
declaring,3
differing,1
jeoparded,1
opportunity,12
practiced,2
changes,10
quartermaster,3
rome,1
qualities,1
claims,102
investments,1
left,15
facto,4
perpetration,1
consciousness,1
vancouvers,1
assigned,2
reformation,2
personages,1
fullness,1
facts,13
yet,37
candidate,2
pecuniary,5
regarded,18
character,26
magistrates,1
jefferson,5
defray,4
justices,3
save,1
chile--------------------------------------,1
designate,2
noticeable,1
seventy-five,2
sailors,4
wanting,2
assessments$less,1
erected,2
reconsidering,1
dignity,15
performing,3
unnecessary,7
navy-yards,1
commanders,4
conciliation,1
deal,5
dead,7
much-desired,1
manifest,3
auditing,1
undisturbed,2
burr,2
islands,28
marshal,10
ores,1
managers,1
formerly,7
amounted,9
intellectual,1
down,1
lies,2
doctrine,9
murderers,1
annoyance,1
preemption,2
illustrious,1
vacated,1
bolivia,5
form,20
immorality,1
landing,7
failure,6
surrender,3
atrocities,3
fort,3
continuance,12
understood,16
prevents,3
attached,9
unvarying,4
stages,1
hewers,1
strengthening,1
one-third,1
covers,1
drive,4
claimants,7
ship,7
widows,10
interferences,1
marking,6
discriminate,1
fosters,1
generally,17
warehouse,1
colombia---------------------------------,1
mediaeval,1
savage,1
felt,8
journey,1
diem,1
authorities,25
died,1
apology,1
assume,9
annuity,1
daily,1
restored,14
overdue,1
customary,1
relieve,10
souls,2
abundant,3
retention,3
anticipation,2
depend,4
disorders,3
striving,2
father,2
finally,12
unpleasant,1
petersburg,1
sovereignty,7
abundance,3
telegraph,10
penniless,1
enslavement,1
advised,2
governments,45
banished,1
did,26
proposals,2
accidentally,1
travels,1
excellence,1
inconsistent,6
unexpected,1
dealing,6
literature,1
entomological,1
corner,1
adds,2
international,31
filled,7
proclaiming,1
transportation,17
clerk,2
availed,1
french,23
wait,3
box,1
comptroller,1
canadian,4
institute,1
pistol-shot,1
spheres,1
convoys,1
simultaneous,1
suggestion,6
negatives,1
elect,5
accumulate,2
merely,2
undersigned,2
subverted,1
rented,1
sympathetic,2
liberal-minded,1
troops,28
sake,1
lieutenants,1
visit,4
france,30
peru,8
unequaled,2
acceptable,3
germs,1
rigid,1
plantations,3
effort,11
avoiding,2
reformaction,1
growing,20
making,42
arrive,4
deceased,4
claim,31
relations--friendly,1
agent,15
council,1
clair,1
pure,1
sworn,2
map,1
long-deferred,1
may,280
forty-first,2
trade-marks,3
designed,2
destructive,2
journals,1
grow,1
man,19
inexpedient,1
tale,1
provide,39
african,4
coushatta,1
shield,1
gradual,4
pointed,1
wishing,1
stability,4
cuts,1
consolidating,1
texan,1
group,7
monitor,2
interesting,12
tillage,1
policy,79
ours,9
main,2
texas,13
finance,4
views,25
sooner,4
touching,4
aspirations,1
killed,6
possess,6
outweigh,1
attorneys,2
assetsin,1
promulgate,1
careless,1
seacoast,2
rock,2
scheme,2
conventions,8
unlock,1
speculators,1
summary,4
canada,12
living,10
jackson,2
hemmed,1
interference,20
nominal,1
imperative,4
emerged,2
dutch,3
correct,10
assurance,7
registries,1
earlier,4
mercantile,1
yeartotal,1
telegraphs,2
miscreants,1
california,3
advance,21
language,18
indorsing,1
received--too,1
thing,2
think,11
frequent,7
first,60
remuneration,3
discharges,1
disburse,1
nativity,2
americans,2
fast,3
suspended,2
carry,28
corporations,5
discharged,8
interchange,3
little,17
anyone,1
plains,1
participated,1
speaking,7
bloodshed,4
adjudicating,1
mining,5
adjourned,2
continuous,2
stipulation,2
undoubtedly,5
cartels,1
sailing,2
vacating,2
framers,2
protected,3
venture,4
were,257
gigantic,4
common-school,1
topics,1
seal,11
calamities--to,1
conspiracy,1
occupied,11
efficient,13
foreigner,1
interior,30
performance,10
channel,3
pain,1
trace,1
investigations,2
paid,51
assault,1
tract,1
complaints,7
coveted,1
well-intentioned,1
hardships,2
cuban,7
especially,21
massacres,1
them--there,1
shot,5
show,16
peoples--beyond,1
accession,1
supposition,1
representatives,59
elevate,1
arrears,1
repudiator,1
probate,1
treasure,1
enough,13
impunity,2
black,5
treasury,59
get,5
contracts,8
designated,5
employers,2
grave,6
hailed,2
nearly,13
conjunction,1
bearings,1
yield,5
requesting,3
miles,15
communicated,12
declared,14
assesments,1
honesty,2
seas,17
seat,21
relative,8
doings,1
what--of,1
misconduct,2
calendar,1
rigidly,1
behind,2
enumerated,2
reading,1
across,3
august,12
parent,3
countenance,1
nationality,7
according,19
disappointment,1
spare,3
holders,8
rehabilitated,1
among,39
maintained,20
grants,4
mortification,1
belongs--in,1
custody,2
considering,2
sensible,1
unusual,4
capable,15
certify,2
fellow-citizens,2
mark,3
attaching,1
judging,1
borders,4
mary,1
educated,4
derogation,3
offered,5
dangerous,5
declaration,11
those,198
sound,7
report--are,1
associates,1
residence,5
investigating,2
margin,2
ulysses,5
conferences,2
interest-bearing,3
characteristics,1
sincere,4
coffee,8
middle,1
sudden,2
obnoxious,2
everyday,3
movements,2
different,12
absences,8
pay,40
same,112
compiling,1
arguments,5
struggling,5
dated,2
exhaust,3
extended,15
assist,1
hulls,1
running,1
creditor,1
territories--the,1
totally,1
largely,19
objection,1
accountable,1
convened,10
consisted,1
money,28
unofficial,1
manipulation,1
aspect,1
arbitrament,1
multiples,1
statesmen,9
sprang,1
trespasser,1
trespasses,1
extensive,3
admitting,3
mob,3
railroad,7
aiming,2
disappointed,3
acquainted,2
adams,14
either,66
robbery,1
served,7
voluntarily,10
moving,1
specified,4
pasture,1
organizing,3
gross,1
colonial,9
footing,10
extensively,1
pioneer,1
critical,2
indies----------------------,1
moderate,3
one-tenth,1
uncreditable,1
manufactured,4
fitness,3
notable,1
arts,8
broken,3
pretended,4
roaming,2
refers,1
manufactures,12
manufacturer,2
william,2
conducting,3
stations,5
island,35
violence,25
practical,8
mixed,6
imitated,1
quietly,3
lands,35
fertile,5
whites,6
skilled,3
blessed,4
banks',1
one-fifth,2
acquiesced,6
distracted,1
passports,4
antecedent,1
proportionately,1
unsettled,2
acre,1
hesitancy,1
arranged,3
session--or,1
indissoluble,1
drills,1
demagogue,1
deliberation,1
deep,2
general,78
examine,4
deem,10
file,4
cables,1
fill,5
again,24
amendments,12
sufferings,2
personnel,1
short-sighted,1
field,9
fruitless,2
equitably,1
shelter,2
deriving,2
important,31
tackle,1
equitable,6
prudent,5
havana,2
remote,6
u,12
resolution,30
represent,1
colleges,1
forbidden,4
dollar,7
light-housesand,1
founded,2
cooperative,1
expressions,1
children,12
reluctant,2
preserved,1
tranquillity,1
enjoying,1
premium,17
returning,7
fall,6
difference,7
disconnected,1
benevolent,2
applicable,8
economically,3
neighborhood,2
withheld,2
abridge,1
grasshopper,1
preposterous,1
titles,2
further,71
residue,2
stood,1
judicious,3
public,158
movement,2
nation's,2
operating,3
standard,6
endured,2
search,6
published,10
formation,2
narrow,3
authorize,11
proscription,1
alexandria,1
transit,10
africa,1
sanction,6
protectorate,1
extinction,1
armed,23
readily,5
uniformity,3
distinct,1
destination,1
two,89
cultivation,8
achieving,1
much-needed,2
formality,1
landed,2
controlling,3
particular,7
town,6
none,13
hour,2
strain,1
recall,1
remain,16
pressing,2
abandon,4
compare,1
gravely,1
share,16
conceding,1
sphere,2
minimum,1
numbers,9
purchased,4
wished,1
deplored,2
creates,1
needs,5
wisely,5
acts,71
maps,4
sacred,1
our,437
advice,3
blacken,1
interpose,2
par,9
blood,4
accorded,3
seventy-one,1
response,1
chastisements,1
entry,5
crippling,1
blunder,1
coal,1
responsibility,10
sect,1
usurped,1
pleasure,8
acheen,1
excepted,2
rounded,1
industrial,4
through,53
existence,29
noncommissioned,1
suffer,1
hundredth,5
possessions,26
energies,1
late,21
detected,1
researches,1
penn,2
clamor,1
well-considered,1
good,72
seeking,3
prejudices,2
encouraging,4
complain,3
association,3
porto,12
divested,1
safe-keeping,1
evade,1
habits,6
insuperable,1
ports,17
haro,1
harm,1
everyone,2
mental,3
house,40
energy,5
hard,1
idea,4
engaging,1
countrymen,1
connect,8
seniority,1
portland,1
insurance,1
funding,3
quincy,8
projected,1
seaport,4
acting,6
lawrence,4
enforcing,3
pleasant,3
extraordinary,11
members,18
beginning,21
benefits,15
conducted,12
indebted,1
embraces,1
waged,1
instances,13
utilized,1
done,37
embraced,2
wages,9
several,51
twenty,8
revive,3
least,19
obligatory,1
regulation,4
assumption,2
pains,1
beloved,1
eighty-two,1
favorably,5
part,134
favorable,20
prodigious,1
believe,31
percentage,6
three-fifths,3
youth,1
contrary,3
supposed,12
sole,1
treated,4
declare,7
swerve,1
ages,1
notwithstanding,10
confirms,1
orders,10
mountain,4
built,6
refute,1
extracted,1
build,5
kuklux,1
province,5
carolina,11
equipping,1
conspicuously,1
depths,1
most,100
services,22
engagements,1
mediation,1
isthmuses,1
chester,2
ku,1
nobility,1
particularly,17
disturbances,4
obligations,31
commissions,16
relation,6
carefully,8
fine,4
find,14
ruin,4
distributed,2
unhappy,9
affiliations,1
coequal,1
express,8
cheaper,6
cheapen,1
breast,1
annexation,9
judiciously,1
merchandise,4
unwarrantable,1
remove,12
overissues,1
common,12
locating,2
tended,5
abetting,1
individual,8
surrendered,1
tender,2
materially,7
repairs,9
desires,2
visiting,3
please,1
smallest,1
burned,2
that--to,1
vindicated,2
iron,6
commercial,43
complement,1
renews,1
drawings,1
floats,1
reverse,3
sultan,1
solely,4
annual,29
foreign,106
telegraphing,2
consume,3
supply,15
simple,3
tennessee,2
simply,4
asserted,6
throughout,16
suppressing,4
civilize,1
expensive,2
patiently,1
raise,1
create,3
faithfully,4
dropping,1
ireland,1
meeting,7
reigns,1
honorary,1
gas,1
cruelty,2
understand,7
prices,7
resisted,1
ninety-ninth,1
unnecessarily,1
pierce,1
foreshadowed,1
bill,23
tolerate,1
elections,9
deferred,1
interposing,1
replaced,3
consular,12
denominations,3
indulging,1
vaults,1
adjusts,1
impracticable,8
portugal,5
century,12
cents,2
violently,1
encountered,1
itself,25
monroe,10
italy,5
dishonor,1
benign,1
conterminous,1
lenient,1
development,15
contravene,1
retrenchment,2
moment,5
appreciable,2
aggregate,14
predecessors,2
task,3
legal-tenders,5
forfeited,1
spent,1
warmoth,3
flags,1
withdraw,2
swiss,1
organization,28
chemistry,1
prevention,1
untrammeled,2
cashthe,1
shape,1
unsought,1
credentials,1
alternative,1
dishonesty,1
injuries,6
timber,5
dynastic,5
upholding,3
marrying,1
alternate,3
source,11
deliberately,1
impoverished,1
administrative,1
habeas,6
valueless,1
adversaries,1
educator,1
displace,1
matters,9
redeem,9
reapportionment,1
follows,6
amalgamating,1
convening,2
forty-four,1
scrip,6
often,5
collectors,3
absolutely,3
obliged,3
abundantly,2
back,8
strongest,1
examples,1
nicaragua,5
ourselves,7
pronounced,1
acquaintance,3
fears,1
affects,3
decision,10
per,58
connecting,8
augmenting,2
inimical,1
patient,2
taxing,1
remembered,3
peculiarly,1
offenders,2
continuing,2
debttotal,2
chargeable,3
assenting,1
goods,9
extensions,1
consequently,2
hudson,2
depose,1
aliens,8
commanding,10
framed,6
neutrality,18
lesson,2
bankruptcy,10
debtors,1
ontario,1
controverted,1
germans,2
forward,4
invite,26
ascend,1
adjusting,5
bitterly,1
immigration,4
hoped,35
hopes,3
directed,16
rejection,4
exploration,2
indefensible,2
precipitated,1
sort,3
constant,11
puget,1
expedition,4
pervading,1
deprive,6
consulted,1
prevail,2
coastwise,3
composing,1
fifty-nine,4
reputation,1
insurrectionary,2
statutes,6
confine,4
lend,2
aggregates,1
amended,4
prepared,11
restoration,11
measure--as,1
utterly,2
fishes,1
statesman,1
implies,4
wards,1
responded,1
ascertained,8
failures,1
restraining,2
hereto,2
$new,1
enjoined,1
appointed,32
tradesmen,1
maryland,1
enlightenment,1
headmen,1
queen,1
agitating,1
putting,3
arrange,3
entire,25
indiansfor,1
respectful,1
disbursements,1
refer,13
educators,2
demonstrations,1
rivers,9
located,8
forfeitures,1
exuberant,1
copenhagen,1
depression,1
contingent,1
reconciliation,1
confided,3
chicago,3
giving,17
assisted,1
practices,2
severalty,1
exercise,24
body,11
justification,1
exchange,16
jointly,5
objects,12
sink,1
others,34
safer,1
irritating,1
extreme,4
alaska,5
crystallize,1
principally,3
honor,22
composed,1
sightly,1
twenty-six,1
presidents,3
private,18
extravagance,1
decrease,13
names,14
sewers,1
resolutions,2
lima,2
reciprocity,6
themselves,33
reissues,2
forays,2
special-improvement,1
emigration,5
train,1
prizes,1
ratifications,7
informally,1
arranging,1
procuring,2
iii,1
account,35
purchased$for,1
tunnel,1
obvious,8
closing,1
disabilities,4
admiralty,1
reserved,3
feebleness,1
proportions,2
effectively,2
reserves,3
contempt,1
native,12
holds,3
hampshire,1
regions,8
trieste,1
responsibilities,8
special-agency,1
stock,4
buildings,15
waters,15
collection,8
multiplication,1
bind,1
lines,29
amazon,4
hesitations,1
subsequently,4
furnish,9
six,14
struggles,1
unofficially,1
flattering,1
agricultural,17
fortunate,3
industries,15
negotiated,4
la,2
whereof,10
accredited,2
labor,44
delay--certainly,1
willing,5
latitude,2
criminal,2
extradition,5
greater,33
schoolhouses,1
mention,4
mandate,1
kindness,1
day,101
applicants,8
february,14
verifying,1
warned,1
preclude,1
correlative,1
disregard,8
thirty-eight,1
experienced,1
abrogation,2
sergeants,1
empires,1
defend,2
repress,3
arkansas,6
announced,3
thereupon,2
hesitation,2
approached,1
lizzie,1
fourteen,1
approaches,3
shreveport,4
purchasedadd,1
semi-independent,1
receipts,34
allies,2
deprived,2
allied,5
qualification,1
mortal,1
retain,6
facilitate,1
south,45
domiciled,1
embarrasses,1
reaches,1
embarrassed,3
improvements,23
facie,1
reached,26
pauper,1
owning,2
humblest,1
ancient,1
establishments,3
lamentable,3
upholder,1
acquiescence,7
averted,1
georgetown,3
unscrupulous,2
explanation,1
acquire,6
self-sustaining,3
negro,5
vouchsafed,2
inestimable,1
completes,1
detection,1
calamity,1
visited,3
abolished,3
neutralize,1
fluctuation,5
deterred,1
tide,3
have,576
dictate,4
demonstration,2
continents,2
gravity,2
incentive,2
concerns,2
reciting,1
crosse,1
alienation,1
procure,3
harborimprovements,1
eight,11
preliminary,5
payment,24
gather,2
request,14
disease,1
absurd,1
rendezvous,2
occasion,10
devolving,3
recess,2
text,3
supported,5
$about,1
staff,7
knowledge,22
concurred,3
ambiguity,1
inferior,1
regularly,1
exceptional,3
bear,9
accrue,1
deputies,4
unauthorized,3
fixes,2
calling,6
fixed,37
pertains,1
enhances,1
omission,1
constructing,1
exists,13
national,82
we,145
enhanced,3
greece,1
liberalization,2
phases,1
precedents,1
reform,21
clearing,2
difficulties,11
routine,1
progress,35
boundary,23
deliver,2
session--an,1
firmness,1
optional,1
instant,5
robberies,1
freely,7
taking,14
equal,32
trips,2
conquered,1
passing,5
masses,3
otherwise,22
comment,3
sixty-three,1
inflammatory,1
abortive,1
fostering,2
commend,18
manhood,1
flourishing,1
packages,1
copies,5
tyler,1
attends,1
copied,1
anomaly,1
define,1
arises,1
stationed,3
climate,7
assert,3
finished,1
paymasters,1
arisen,8
homes,8
plain,2
appearance,2
value,50
promoted,1
advisable,14
cereals,1
diminished,2
almost,27
contiguity,2
respected,2
arrangements,6
claimed,7
administration,34
twelfth,1
injured,2
material,17
consul-general,1
selfish,2
spirituous,1
judgment,31
francisco,6
insure,15
retard,1
superabundant,2
nevertheless,6
antonio,1
thought,12
exceedingly,1
redeemable,4
position,32
arising,14
usual,6
handon,1
stores,3
ratify,2
proximity,4
executive,78
numbering,3
seats,4
dakota,1
protecting,2
discreditable,1
lake,16
recommending,5
add,10
franking,3
propositions,3
ought,8
resolved,3
tests,1
judiciary,1
elapsed,2
insert,1
like,38
excluding,6
admitted,12
heed,2
works,10
professorship,1
authority,49
ostracism,1
legislated,4
recommendation,31
proper,60
small,19
happens,1
congress--by,1
discretion,5
masked,1
economical,3
assuming,6
regain,1
slight,2
expire,1
although,15
hospitable,1
engendering,1
simpler,1
about,45
actual,18
boards,2
blessings,8
america-----------,1
introduced,2
injuriously,1
forests--and,1
obliterated,1
demonstrable,1
guard,4
christianize,1
wheresoever,1
submarine,2
awarded,8
inasmuch,3
buy,2
amity,7
preparations,3
repeated,6
contemptuously,1
tiller,1
monthly--plying,1
partially,4
embargo,1
wise,15
glory,1
wish,8
j,1
tastes,1
penetrating,1
deaths,1
exceeded,5
well-defined,1
periods,5
relates,2
paraguay,5
proceeds,6
revocation,1
corporation,1
blighting,1
claiming,13
fraudulent,10
detain,1
impositions,1
appends,1
ninety-fifth,2
adam,1
insupportable,2
transatlantic,2
christians,1
prevalent,1
starting,1
indies-----------,1
augmented,2
limited,14
comparatively,2
dynasty,2
facilities,16
intercommunication,1
hate,1
assembled,3
violate,2
paris,8
poorest,1
contravention,1
under,228
pride,7
merchant,8
ordnance,6
legislators,1
risk,4
incurs,1
dispense,1
rise,6
every,74
gratification,1
vastly,1
missionary,2
school,7
publicly,1
amendatory,1
conceive,2
admissible,2
relics,1
barracks,1
venus,1
enjoy,3
leaders,1
infancy,2
construed,2
consistent,8
fairness,2
estimates,19
direct,29
surrounding,2
scrutinize,1
estimated,9
expressive,1
solemn,6
selected,5
liberty,11
causes,19
conduct,11
supplies,8
mints,1
law-making,1
ulterior,1
unexhausted,1
hundreds,4
represented,8
voice,3
leaves,3
changed,5
depreciated,3
abolition,11
stipulated,3
settled,14
punishment,7
ventured,1
feelings,6
patience,6
states---------,1
would,244
assessment,1
barbarous,2
acceded,1
equipments,1
connecticut,1
correspondingly,1
excellent,1
supplemental,1
must,66
me,85
join,7
cheapest,1
entertained,6
deficiencies,2
mr,25
my,187
estate,5
ingenuity,1
florida,5
preserving,5
keep,17
oppressing,1
guarantee,1
ceremony,1
legislate,1
end,32
elector,1
topographical,1
sitting,1
writers,2
adjacent,6
widespread,1
$during,3
description,3
insecure,1
demanding,5
parallel,3
amid,1
acknowledged,10
unpunished,2
patent,14
ultimate,3
enter,23
civil-service,7
reforming,2
compassing,1
executed,11
interpretation,2
sovereignties,1
over,57
london,6
mcenery,4
expectations,1
exhibits,8
writing,4
destroyed,5
compelling,1
ceding,1
usurping,3
absolutism,1
iowa,1
prevented,5
absolutist,1
superintendents,2
netherlands,2
each,75
wantonly,1
victors,1
consolidate,1
signing,2
mahogany,1
worded,1
celebrating,1
combining,1
clothe,1
driving,1
god,5
laid,13
newly,2
twenty-five,5
independence,37
arizona,1
free,60
aforesaid,19
management,11
whereupon,2
rain,1
wanted,3
laborer,2
correctness,1
days,29
corrections,1
inspectors,1
already,24
attractions,1
primary,3
rank,1
hearing,2
restrict,1
philosophical,1
relations,85
magnificent,1
pretenses,1
revival,4
attach,1
too,35
inconvenient,1
unbroken,1
consented,4
reparation,4
murder,2
griefs,1
serve,10
took,6
solicitor,3
incur,1
western,5
abandoning,1
quesada,1
classed,1
immigrants,4
classes,12
flame,1
company's,1
bridge,2
protract,1
regulate,5
thoroughly,4
-,2
isolated,1
thorough,4
investment,1
localities,12
englebrecht,1
punish,5
extirpation,1
doomed,1
though,27
moieties,1
hearts,2
coin,28
disarmed,1
inexcusable,1
promotions,7
formalities,3
treats,2
impels,1
devastating,4
flow,15
treaty,109
orderly,4
reflecting,1
enterprise,15
entertaining,3
attested,1
levying,1
inspire,1
reductions,1
arrayed,1
constituent,1
earth,12
departed,1
spite,1
delays,1
pacification,1
minnesota,1
commence,7
hudsons,3
studiously,1
announce,14
hostility,5
watch,2
prostrated,1
guatemala,1
borrower,1
despite,1
report,120
countries,57
chesapeake,3
anxiously,1
twice,5
enfranchised,4
hydrographic,1
assents,1
transporting,1
above-mentioned,1
swept,3
habit,1
beg,1
resist,2
disturbing,3
accede,1
capacity,10
continually,5
mud,1
catalogue,1
hopefully,1
approach,4
discovery,2
weak,3
however,73
fifty-seven,2
news,2
cashiers,3
improve,2
protect,23
store,1
irregular,2
fault,3
variance,1
wranglings,1
expense,19
exhibit,8
self-respect,2
comprehension,2
trust,6
conference,8
been,523
confident,2
trampled,1
expected,12
republicans,5
affixed,9
enterprises,4
irrigating,1
majesty's,10
apprehension,4
legislating,1
kentucky,2
procedure,2
natives,2
expenses,35
exterior,1
punctuality,1
requisites,1
containing,4
suggest,41
prussia,3
infrequently,2
unrecognized,1
repudiating,1
heeded,1
inventors,3
action,57
characters,1
workings,3
insisted,4
shortly,2
embarrassments,2
possessed,14
ocean,15
savings,3
hearty,4
greatest,14
incapable,2
mother,6
mexico-------------------------,1
alabama,6
possesses,4
leagues,5
assembling,1
graded,1
proposed,22
proposes,1
grades,6
purchasing,2
depart,2
piracies,1
exempting,2
pointing,1
humanity,9
gave,5
casting,1
bands,6
quinquennial,1
judge,10
sanitary,1
advanced,7
apart,2
gift,1
zeal,2
dishonest,2
specific,6
offices,38
officer,24
arbitrary,2
amos,1
successfully,2
mete,1
election,43
escape,4
peacemaker,1
precautions,1
contests,3
perfected,1
rapidity,3
embodied,2
rhine,2
establish,8
prejudicial,3
intolerant,1
mosquito,1
ironclad,3
dropped,4
disappeared,1
discount,1
permitted,10
limitation,4
census,17
plying,1
surround,1
steadily,6
rigor,2
efforts,25
duke,1
discharging,2
presence,6
civil,54
custom-house,2
obtaining,9
naturalized,14
accommodate,2
laborers,11
donated,1
emigrate,1
existed,9
rely,1
intrinsic,1
indispensable,4
class,24
fought,1
gin,1
archives,5
questionable,3
head,11
medium,10
attempted,5
visitation,1
differences,5
deny,4
payable,4
hear,2
satisfactorily,4
sustained,5
anydemand,1
removed,11
counsel,5
portions,9
submitting,4
abundant--labor,1
peruvian,1
wealthy,1
despotism,1
check,3
engines,1
faithful,8
pledging,1
no,223
moment's,2
when,121
setting,3
papers,16
tie,1
depot,1
picture,2
permitting,1
liquidate,1
preceding,17
uniformly,2
miscellaneous,2
dullest,1
discharge,21
younger,1
to-day,2
longer,12
bullet,1
vigorously,1
apprehensions,1
withhold,3
serious,11
intimacy,1
undoubted,2
forgeries,2
neighbors,6
remarkable,4
affair,2
varying,1
obviate,2
leads,2
marion,2
divisions--geographical,1
passage,9
charge,8
sequestered,1
promoting,2
advantage,13
decreeing,1
tacitly,1
untenable,1
roving,1
oftentimes,1
denounced,5
posts,4
government--in,1
science,4
quick,1
accumulation,5
says,1
superabundance,1
injunction,1
obsolete,1
inland,1
invaded,1
ottoman,4
port,8
substitute,6
endangering,1
constitution,94
$from,1
contracted,13
agrees,1
goes,6
reply,1
bearers,1
water,21
attainment,3
entertain,4
supplying,2
thirty,1
expressly,4
lancaster,2
guilty,4
proud,1
law-abiding,2
descended,1
hospitality,1
navigation,18
emerge,1
morals,1
paralyzed,1
crisis,1
wrongs,9
negroes,2
australian,2
today,1
sessions,4
states-----------------,1
neglected,1
us--a,1
cases,30
tribunal,21
thousands,10
modified,1
districts,4
unarmed,1
performed,22
counting,1
requirements,14
secured,21
cuba,73
meager,1
antoine,1
vital,5
fourth,8
revenueadd,1
secures,2
paramount,1
impartial,6
miscellaneoustotal,1
levi,1
depriving,2
representations,7
eighth,3
branches,9
reaped,1
succeeded,3
purification,1
propriety,21
representation,3
excessof,1
exclusive,13
comfort,1
furnished,12
understandingly,1
constituents,1
magistrate,5
mainly,2
furnishes,2
worship,1
supplemented,1
offers,3
farmer,1
happened,1
self-control,2
qualified,3
hamilton,11
endeavored,3
wagon,3
execute,6
equality,8
name,14
advent,1
possibilities,1
bullion,1
importation,2
individually,1
populated,2
torch,3
farewell,1
begun,2
tumultuous,1
self-government,3
plans,4
ultimately,9
concur,3
intercourse,21
profit,7
inadequacy,1
attracted,2
abounding,1
collate,1
uruguay-----------------------,1
edifices,1
--the,1
attended,10
theory,5
infidelity,1
dispatched,2
american-built,1
unfriendly,9
commonwealths,1
tranquilize,1
dispatches,1
accommodation,2
discontinues,1
impose,4
unpaid,2
place,54
charleston,1
impost,1
origin,8
suspend,7
revenue,48
coming,14
accruing,2
commissioners,28
them--,1
array,1
george,1
cheerfully,3
disinterested,2
given,56
necessarily,16
district,34
bahamas,2
returns,11
coining,2
convention,51
reappropriation,2
legally,5
white,20
giver,2
gives,13
appointees,3
cope,1
season,8
released,2
copy,17
holder,3
intrinsically,1
population,28
wide,1
unfortunately,4
require,15
diplomatic,19
seminaries,1
cards,2
marines,1
oath,19
and,3357
pro,1
rent,3
nominating,1
exchanging,1
any,272
prosperity,40
ideas,11
sciences,1
urge,7
sure,6
reexports,1
tornado,1
clearer,1
falls,5
visitors,1
donation,1
precludes,1
annum,23
considered,13
adopt,4
unwisely,1
cortes,1
quantity,11
slope,1
perpetrated,1
pursuant,10
inshore,1
woolen,1
gulf,8
genius,1
state,205
crime,9
wood,3
believing,9
wool,1
allotted,2
mortally,1
expectation,2
clerks,2
trade,55
homestead,9
regarding,8
orphans,6
embassy,1
predicted,1
spaniard,1
imposing,1
violated,6
labors,17
connections,1
college,2
encouraged,5
cadets,2
fails,1
invoked,5
voluntary,7
federal,12
subsequent,4
circulating,3
weapons,1
outside,3
fact--that,1
arrival,2
multiplied,1
originated,5
allegations,1
value--for,1
harshly,2
cities,10
come,26
isthmus,10
postage,7
reaction,3
acquiring,2
efficiency,13
region,6
quiet,5
contract,5
forthwith,1
senator,1
railway,5
duty,63
afterwards,1
color,10
sixth,1
hereunto,8
period,45
satisfaction,16
approval,26
endeavor,12
polk,1
turkey,1
scandalous,1
deposited,2
peaceful,16
tittle,1
confessions,1
hardly,3
abstract,4
direction,20
reimburse,1
blessing,5
klans,1
minister,23
careful,15
spirit,14
protocols,2
case,45
myself,7
diligent,1
conjointly,1
amend,2
mount,2
cash,11
premature,1
cast,8
formosa,1
irrespective,2
shops,2
unsatisfactory,3
treacherously,1
revolutions,4
granted,12
injurious,2
manila,1
agitated,3
events,15
week,2
disadvantages,1
refusal,3
producers,3
persons,99
delicate,5
changing,4
implements,3
incendiary's,2
modes,2
pennsylvania,4
without,142
relief,13
relied,4
termination,7
model,2
reward,4
whereas,17
bodies,7
justify,13
desolate,1
conform,1
guided,1
unconstitutional,1
ninth,4
violent,2
cease,5
abstained,1
guides,1
incurring,1
announcement,1
seems,28
except,31
kingdom,3
easily,4
union-loving,1
virginia,10
loaned,1
inflation,6
tanto,1
confined,9
accepted,9
correcting,2
reexported,1
reduces,1
sternly,1
donations,1
subcommittees,1
settler,3
reduced,27
burdens,3
madrid,7
pacific,20
respect,20
oftener,1
danube,1
redeeming,2
provided,41
caribbean,3
undervaluation,1
legal,13
revenuefor,1
imputed,1
provides,9
freed,2
communicate,3
freedmen,2
slaughter,1
intrusted,5
pasturage,2
values—gold—and,1
on,521
subdued,1
demarcation,1
zealous,1
of,7009
discussed,1
inviting,1
mutually,1
whence,2
stand,5
tributary,2
or,547
communication,22
accounts,5
overthrowing,1
determine,14
countenancing,1
councilmen,1
feudal,1
theoretically,1
calamities,2
hoarding,1
there,170
hazards,1
disposed,36
christianity,1
strict,14
disposes,1
valley,2
fish,13
forbade,1
vested,5
regard,42
cabinet,8
strenuous,1
promote,5
emancipate,1
cheated,1
applying,4
artisans,1
extermination,3
preside,2
flats,1
strongly,5
taylor,1
frighten,1
britain,55
governed,1
politics,3
yrujo,2
onerous,2
deserve,2
compel,6
erecting,1
butchery,1
requested,5
conspiracies,10
separate,14
includes,1
included,8
inroads,1
arsenals,6
calls,4
invest,1
exhausting,1
missouri,5
confers,1
premeditated,2
all,415
chinese,7
cuba--------------------------,1
lack,2
executing,5
surgical,1
cementing,1
settlement,23
decisions,7
wanton,1
subjected,3
opportunities,2
removal,11
revengeful,2
aaron,2
presentation,4
belonging,6
worse,2
inhumanly,1
disfranchisement,1
induce,13
sons,1
free-delivery,1
hemp,2
regiments,1
list,6
prolonged,1
undone,2
indemnity,5
ten,6
wolcott,1
tea,5
rico---------------------,2
rate,21
design,2
what,64
imported,3
advantageous,3
deeply,4
sum,22
eminent,5
pulpit,1
thraldom,1
disbursed,2
guns,2
asiatic,1
christian,4
desirable--indispensable,1
eligibility,2
directions,2
naval,21
difficulty,9
allows,1
disposition,16
suddenly,3
refitting,2
appliances,1
florence,1
jurors,2
expendituresthe,1
markets,9
minor,2
horses,1
knows,2
exigency,1
materiel,1
aix-la-chapelle,1
flag,19
known,38
presumed,2
outlie,1
salvador,3
forbearance,3
seaports,3
abandonment,2
niagara,1
arise,12
cultivate,4
offspring,2
influenced,1
court,45
rather,5
occasionally,1
influences,1
extinguished,3
explains,1
acknowledging,1
simplicity,3
absconded,1
sandwich,2
abdicate,2
pertained,1
reflect,3
adventure,1
proclaimed,7
short,9
chiefly,3
departure,6
supervision,7
grande,3
outrages,4
copper,1
september,22
developed,6
mission,2
disabled,2
quarrels,1
avenue,1
inquiries,1
assaulting,1
border,2
resort,3
might,61
alter,1
argentine,6
return,38
generously,1
persecutions,1
disregarded,4
belittle,1
communities,6
instructions,8
frigate,2
inequality,1
accommodated,1
difficult,11
friendship,16
characterized,3
weight,7
needless,2
generation,2
decennial,4
beneficent,2
recapitulate,2
expect,1
undertake,3
oppresses,1
induces,2
adhere,5
health,5
shipment,1
dying,2
congenial,1
induced,4
wisconsin,2
alleviating,1
differ,3
abeyance,1
fuller,1
teach,1
improved,6
thrown,5
tributaries,2
prejudice,4
circuit,6
consequence,6
indemnified,1
fallen,3
feed,2
feel,13
radical,2
entreated,1
feet,3
sympathy,9
enlarged,2
notify,1
colombia,8
fees,3
illustrating,1
passes,3
pensioner,1
impairing,1
leading,6
coasts,4
hangs,1
pensioned,1
storm,1
finances,1
ecuador,7
statement,10
relieved,5
treasurer,6
appropriated,5
vindication,1
inaugurated,7
king,6
kind,6
occasional,4
double,3
instruction,1
dispensed,2
doubly,3
munificence,1
unrelenting,1
liabilities,3
uniforms,3
outstanding,4
strengthen,3
imports,20
unsurveyed,4
alike,6
middlemen,1
finding,4
populous,1
interfered,1
added,18
electric,1
pillage,1
inconvenience,1
reach,9
enduring,1
nothing,18
seasons,1
measured,2
achievement,1
stands,2
stringency,4
mineral,6
corpus,6
traditional,2
dissolved,1
andimprovements,1
institutions,22
lying,2
memorandum,2
avowing,1
securing,14
penalty,1
abiding,1
his,163
long-standing,2
invoke,3
furnaces,1
blank,2
union-supporting,1
revered,1
b,2
debtleaving,1
him,35
medicines,2
usurpers,2
amounting,6
investigate,6
prescribing,1
activity,1
forego,1
art,1
land--the,1
intelligence,7
one-thirtieth,1
defense,6
are,367
arm,4
declined,4
threats,5
klux,1
unpaved,1
various,34
pembina,2
numerous,9
mazes,1
korea,1
recently,5
creating,1
sold,9
attention,107
confiscated,1
denomination,2
succeed,1
terms--i,1
opposition,12
competent,5
trespassers,3
c,2
ignominy,1
license,2
became,10
finds,1
reside,8
$the,8
regulates,1
distress,3
reasons,3
regulated,3
decline,3
incomes,1
political,64
due,49
whom,25
reduction,29
captain-general,3
armory,1
twenty-eight,1
latterly,1
transferring,1
precision,1
cruisers,5
demand,22
chemical--and,1
plants,1
georgia,6
boast,1
workmen,2
courts-martial,1
indefinitely,1
healthy,2
probationary,2
douro,1
engineers,5
canvassed,1
inundation,1
disavow,1
rio,5
obstacle,1
alliances,5
examiners,2
peopled,1
ample,6
nation--it,1
one-quarter,1
stimulated,2
widely,4
peoples,10
advise,1
higher,3
arrives,1
restraint,2
monticello,1
negotiate,1
flows,1
domains,1
impede,1
domingo---------,1
lower,3
cheek,1
machinery,14
stating,2
grievance,1
precedence,3
competitive,4
bancroft,2
repealing,2
intervals,2
questions,57
turbulence,1
inference,2
continent,39
profitable,3
tables,2
majority,19
exclusively,5
speedily,6
governmental,3
exhibition,20
impairs,1
permanency,1
violations,5
profitably,2
incumbrance,1
complaint,6
complains,1
vindicate,1
condemnation,4
clemency,1
modifications,4
shaped,1
systematically,1
incidental,2
separately,2
collect,4
translators,2
obtainment,1
essential,12
embroil,1
pretension,1
gradually,6
tends,3
rectitude,1
refused,3
telegraphed,1
asserting,3
completing,1
firing,2
militia,4
hatred,1
conquest,2
elasticity,5
purporting,1
piteous,1
drifted,1
facilities--and,1
credibly,1
canal,8
impressed,8
question,86
indies--------------,1
signified,1
sections,15
vienna,8
files,3
mountains,11
$independent,1
fisheries,3
repeatedly,1
filed,6
forbidding,1
raising,1
remunerative,2
consist,1
fulfilling,1
characteristic,1
declarations,3
gratifying,13
redress,2
fluctuations,3
called,36
associated,4
entrance,4
warning,4
huron,1
scrutinized,1
evils,8
privateering,1
endurance,1
peace,64
grouped,1
defrauding,1
income,2
sutro,1
breasts,1
meaning,2
allowing,3
bloodthirstiness,1
rightful,1
vice,1
accumulations,1
departments,31
attaining,2
demonstrates,1
nash,1
intentional,1
once,20
issued,41
resistance,6
alien,1
adjustment,14
contributions,1
bank-note,1
cruiser,2
uphold,1
disposal,2
mayence,1
stable,6
include,2
seized,7
guise,1
cemeteries,1
wishes,7
framing,1
notes,18
dealt,1
manifestly,1
settlers,6
noted,1
assemblage,1
concluded,14
limitations,2
smaller,2
interested--those,1
traveling,2
manipulating,1
universities,1
hourly,1
concessions,1
discontinuance,1
man's,1
waiting,1
concisely,1
capital,49
renders,2
ammunition,4
degree,11
pushing,1
desired,13
explore,2
separation,2
confiscating,1
settling,4
distressed,1
larger,12
grander,1
leaving,20
suggests,3
distresses,1
purview,1
examinations,4
deputy,2
egypt,4
apt,1
hardy,2
apply,6
use,39
fee,1
from,492
consumption,2
few,45
examination,12
constitutionally,2
possession,14
parliament,1
inclined,1
impress,1
cooperate,1
women,8
accrued,2
purports,2
proof,6
patron,1
earnestness,2
tax,10
sectarian,1
something,3
sir,2
united,614
adjourns,1
justifiable,2
inaugural,1
unquestionable,2
traders,1
writers--those,1
justifiably,1
instead,3
struggled,1
panic,3
ever-present,1
attend,4
disinterestedness,1
tact,1
abuse,7
expatriation,19
unnaturally,1
readiness,2
majorities,1
light,3
arduous,5
removed--subject,1
dispositions,1
honestly,2
chile---------------------------,1
tenure,4
irregularity,2
bushrod,1
coolly,2
innumerable,1
whilst,1
looks,3
superior,4
inaugurate,4
ships,15
estimating,1
permanent,24
choose,3
orange,1
covered,4
defining,5
sweden,2
pending,25
adornment,1
contracted--gold,1
plenipotentiary,5
flour,2
practice,6
invitations,1
ambition,2
impaired,1
republican,14
successor,2
articles,39
profound,1
transmitted,19
bills,5
eases,3
registration,1
doubled,2
sectional,2
ambassadors,1
indulged,1
out,78
category,1
respects,3
acknowledgment,1
sentiment,1
frontier,9
obstructions,2
honorable,8
war--a,1
plural,2
proviso,1
eighty,3
maintains,2
promptly,5
york,15
conflicts,2
repairing,3
overtake,1
feasible,1
enfranchisement,1
navies,2
barbarity,2
hence,8
wrongfully,1
plainly,2
hitherto,11
proposing,1
probation,2
disbursementsbalance,1
salutary,2
publication,5
intention,8
unknown,3
year--i,2
priority,1
their,422
canvassers,1
misinformed,1
academy,4
reversed,1
genuineness,1
regards,2
diminish,4
july,26
institution,6
commodity,1
objectionable,3
isolation,1
riches,2
limiting,2
armament,3
creditors,8
right-thinking,1
westward,1
sincerity,1
above-cited,1
arraigning,1
angle,1
inform,2
agency,5
which,701
divert,1
who,148
emancipation,6
alarmed,2
germantown,1
why,8
statute,5
discourage,3
neighboring,4
looked,3
vernacular,1
adverted,2
ensued,1
bristish,1
electoral,1
agreed,15
upright,1
purely,2
removals,1
democrats,1
fear,7
eyes,1
pleased,3
nearer,1
unanimously,2
pastoral,1
surroundings,1
candidates,5
out--looking,1
local,12
vigor,3
prosecute,2
monuments,2
massacre,3
ones,7
words,4
penetrate,1
constitution--an,1
enlisting,2
married,1
islands-------------------------,1
ascertain,3
generations,2
view,38
available,12
expel,1
acquired,7
turbulent,3
acquires,1
closer,2
monstrous,1
droughts,1
favor,25
closed,3
torpedo,4
bought,2
jot,1
ability,16
opening,8
agencies,4
uncompleted,1
duane,1
embarrassment,6
ninety-sixth,1
commands,3
broadside,1
april,25
safely,4
grounds,11
narrower,1
subscribe,2
table,1
zinc,1
withdrawn,9
thereon--and,1
three-fourths,3
provinces,4
fishery,1
arbitrator,3
agreements,1
--show,1
remedies,1
liverpool,1
sufficient,35
eighty-one,1
scrutiny,3
remonstrances,2
remedied,2
unmoved,1
present,118
abandoned,8
unlike,1
fearful,1
means,65
appropriations,36
will,386
hovering,1
wild,2
ninety-six,1
thus,72
disapprove,1
encouragement,9
education,35
broke,1
perhaps,7
privileges,16
unite,1
member,5
adverse,1
unity,4
geographical,5
largest,4
grandeur,2
residing,9
slave,10
conceived,1
overpassed,1
whale,1
laborious,3
functionary,1
approve,5
fighting,3
venezuela----------------------,1
english,4
undertaken,4
tendering,1
obtain,7
replenish,2
fishing,4
happiness,6
disturbance,3
point,14
interoceanic,1
adoption,14
usage,1
earnestly,26
unprecedented,1
enact,3
identical,2
sick,2
provisions,52
term,23
republics,30
kellogg,12
know,7
presume,1
press,4
equable,1
countervailing,1
perpetual,4
taxpayers,1
attorneys-general,1
hosts,1
january,13
agents,12
exceed,9
because,34
flagrant,3
reclamation,1
growth,13
export,2
empire,10
employment,12
lead,10
miner,2
mines,5
instantaneous,1
war-making,1
mined,1
obey,1
apportioned,1
forty-seven,1
murdered,2
conveyed,2
nationalities,2
rare,1
carried,17
extension,20
abstinence,1
dependence,2
shipping,1
swear,3
sweat,1
emperor,17
buren,2
own,75
warrants,7
civilizing,1
weather,1
promise,4
lawful,9
ironclads,6
fired,1
van,2
timber-culture,1
transfer,6
continental,4
uniting,2
appointing,4
funds,3
incursions,2
volume,3
made,222
whether,46
record,9
below,7
life--could,1
demonstrate,1
sympathizing,2
breadstuffs,1
inadequate,8
resumption,18
mutual,9
diplomas,1
illinois,10
other,220
branch,25
resumptionunlimited,1
conclusion,13
illegally,1
kinds,4
june,56
money-order,1
incurred,4
auxiliary,1
ranks,1
indirectly,5
volumes,1
