four,35
jihad,2
bodman,1
self-reliant,1
aggression,8
looking,7
self-pity,2
granting,2
eligible,4
electricity,2
unanswered,1
illegally,5
ridgehe,1
oceans,2
bringing,10
basics,3
whitman,1
wednesday,2
implanting,1
steadfastness,2
straight,2
guardsmen,2
charter,5
tired,3
miller,4
mail,3
second,33
valiant,1
quite,1
errors,3
ruthless,3
contributed,1
fingers,1
resilient,2
contributes,1
progrowth,1
shocks,1
specialist,1
hero,2
avert,1
offenses,1
splinter,1
here,143
reported,3
china,10
affiliated,1
confronts,1
borrowers,3
kids,3
pretensions,1
k,1
reports,5
controversy,1
i'd,1
military,104
i'm,75
criticism,5
golden,3
explained,2
replace,7
brought,23
beneficiaries,1
unit,1
opponents,3
dna,1
spoke,4
insecurity,1
music,1
therefore,12
grounding,1
strike,9
until,22
paperwork,1
holy,5
populations,1
successful,18
brings,12
hereby,2
high-wage,1
hurt,2
reversible,1
menaced,1
hole,1
hold,23
circumstances,8
morally,1
pursue,20
accomplishment,3
rulings,1
battlefront,1
revenues,6
example,24
unjust,1
organized,2
reviewing,2
want,119
counseling,2
absolute,1
provincial,5
travel,9
damage,2
how,61
hot,1
significance,1
fanaticism,1
regional,4
shores,1
wrong,17
destined,1
extortion,1
assimilates,1
effective,29
headquarters,1
presiding,1
baggage,1
keeps,2
barnhart,1
democratic,40
frontlines,3
systemically,1
wind,4
restriction,1
welcomed,4
benefited,2
drawdown,4
stockpiles,1
marginalization,1
welcomes,3
fit,1
self-appointed,2
fix,5
occupations,1
discourse,1
courageous,5
survivors,2
rescued,4
fig,1
hidden,5
easier,9
undercut,1
grievous,1
enrich,2
hussein's,7
zoning,1
educating,1
effects,2
schools,51
blink,1
eisenhower,2
prize,4
represents,3
re-processing,1
addicted,6
whim,2
financial,50
intelligence-sharing,1
series,9
allah,1
parasites,1
we'd,2
substantially,2
laboratory,1
truman,5
catch-and-release,1
whip,1
pre-positioned,1
smu,1
freeze,2
rd,1
encourage,28
millions,49
foundation,5
imported,1
assured,2
threatened,4
surveys,1
classso,1
sensors,1
enormous,3
exposing,1
shelves,1
silicon,1
family-friendly,1
speedy,1
today's,6
caught,3
steroids,2
disfigured,1
vitro,2
visited,3
instruct,1
niger,1
clarity,3
service,34
lawsuits,9
engagement,1
needed,24
master,2
livelihoods,1
legs,1
bitter,1
ranging,1
listen,10
rewards,2
collapse,8
prosthetic,1
wisdom,7
predictable,1
defaulted,1
positively,1
peril,6
outlay,1
showed,9
outlaw,8
nations,158
project,6
idle,1
endure,2
feeling,2
willingness,5
dozen,6
affairs,3
responsible,21
eagerly,1
recommended,2
doors,1
responsibly,1
norwood's,1
shipments,4
committing,2
shall,1
thrilled,1
object,3
wells,1
simplify,1
spouses,2
blackmailed,1
letter,7
organization,6
morality,2
singer,1
professor,1
camp,2
leahy,1
panama,3
came,28
marvel,1
saying,13
bomb,3
meetings,7
advisors,2
qaeda,58
ulcer,1
participate,5
lethal,4
hungary,1
lessons,8
orleans,25
touches,1
busy,1
shuffling,1
than,201
bush,12
touched,1
rich,2
rice,4
umbilical,3
foremost,2
lenders,2
tenaciously,1
rugged,1
societies,24
increasing,17
basham,1
dipping,1
admiral,2
three-year,1
release,6
sanctioning,1
hasten,1
respond,8
blew,2
mandatory,2
disaster,14
fair,24
transferred,1
cloning,5
fail,9
hammer,1
best,73
ambitions,15
reporter,2
rings,1
lott,2
pressures,3
scorn,1
ira,1
preserve,6
letting,2
men,113
extend,19
nature,12
affiliates,1
extent,3
defiance,3
carbon,1
debt,10
tyranny,22
accident,1
violators,1
sacrificing,2
country,262
demanded,3
planned,5
normandy,1
logic,1
argue,8
asked,25
temptations,2
irresponsible,1
irresponsibly,1
pregnancy,1
fema,6
penalize,1
angel,2
shouting,1
union,27
much,73
stadium,1
privilege,8
tallest,2
counterattack,1
dots,4
life,136
post-hitler,1
worker,20
dave,1
lift,11
chile,1
child,60
worked,32
commerce,2
presidency,13
employ,2
airmen,2
flooding,1
elaborate,1
vulnerability,1
played,2
player,2
miscalculated,1
anticipating,1
-year-olders,1
expedited,1
specter,1
trusted,2
transformative,2
memorial,2
things,25
rebellion,1
democracies,14
babies,5
european,7
fairly,2
medicare-approved,1
workforce,1
marched,1
ownership,9
registering,2
authoritiesgive,1
mentors,5
academia,1
corporate,5
capitol,7
distribute,1
financially,1
birmingham,1
succeeding,6
previous,2
enters,2
pre-embryo,1
ease,4
had,84
advancement,2
advantages,1
innocent,29
prison,12
falter,4
has,386
hat,1
survival,3
disagreement,2
possible,29
cafta,1
possibly,5
birth,11
shadow,3
unique,10
desire,10
remnant,1
remind,11
steps,25
plebes,1
hitlerism,1
battlefield,4
attorney,1
right,85
old,16
people,479
creed,6
defeatists,1
captive,1
enemies,57
for,1113
bottom,3
creative,4
repression,6
foe,2
continue,90
annan,2
dental,1
brigades,4
shifting,1
defensive,2
losing,8
manufacturing,2
shaken,2
dollars,17
citizens,152
bicentennial,2
despair,10
stoked,1
palestinians,8
match,5
raised,6
watering,1
statements,1
marshall,13
nongovernmental,1
son,7
administer,1
thankful,1
beings,7
raises,3
reducing,7
fabric,2
support,83
constantly,2
knowing,3
one-time,1
authorized,3
greatness,7
jane,4
overhead,1
halls,1
launching,3
happy,5
offer,19
understandably,1
forming,1
manmade,1
talents,1
understandable,2
safeguard,4
delegation,1
congratulations,1
humbled,3
inside,5
unanimous,1
lays,1
accelerate,2
passenger,4
juvenile,2
proud,46
proved,2
textbook,1
proves,1
exist,4
accounting,3
negotiations,2
eventual,1
floor,2
flood,6
warms,1
role,16
ambitious,5
roll,1
ramadi,1
intend,7
models,2
muslims,2
invested,1
persecution,2
explosions,1
abraham,3
reorganization,2
workers',1
time,175
push,1
expeditionary,1
beamer,2
breadth,1
corps,21
activated,1
chair,1
midst,3
adnan,1
william,1
bribed,1
veterans,4
paychecks,4
refinance,1
choice,29
mourn,1
servicing,1
stays,5
minute,6
norwood,3
tear,2
leave,27
solved,4
subway,1
team,15
prevent,30
insignificant,1
sign,15
crescent,2
reaffirmed,3
educate,1
jeopardy,1
melt,1
current,21
all-powerful,1
falling,2
boost,2
hilleary,1
funeral,1
understanding,4
address,19
alone,19
along,31
benson,1
passengers,4
enroll,1
brilliant,1
studied,2
funded,6
accomplished,8
reclaim,3
concealed,3
tasks,5
love,27
prefer,1
bloody,1
betraying,1
opposes,2
working,83
positive,2
angry,3
shortfalls,1
cherished,2
opposed,9
wondering,2
scope,2
loving,3
introducing,1
afford,13
subsistence,1
apparent,1
assimilation,1
approving,4
thompson,5
everywhere,12
behalf,5
valued,2
pretend,1
abortion,1
believes,4
strain,1
values,37
believed,8
admired,1
parishes,1
usns,1
awesome,1
re-establish,1
hides,3
allowed,14
offense,6
listens,1
monitoring,1
winter,1
coyotes,2
divided,2
immune,1
lulac,1
pro-growth,2
spot,1
improving,8
such,39
data,1
natural,9
sectors,2
ss,1
name-calling,2
yielding,1
st,11
so,324
pulled,6
insurgency,1
unacceptable,3
years,158
course,36
yearn,1
experiments,1
tendency,1
shirin,1
constituted,1
internationally,1
lebanon's,1
partial-birth,1
jim,7
amazing,5
hambali,1
bipartisan,17
decades,21
parades,1
petition,1
thereby,2
civilian,10
matches,1
smarter,2
nation,213
records,3
compelled,1
reckoning,1
runners,1
matched,1
amnesty,14
quarter,1
quartet,1
beloved,2
breakthrough,2
sponsor,4
entering,3
sexually,2
disasters,3
rounding,1
contained,2
investigation,2
internet,1
formula,1
learningi,1
disintegrated,1
million,62
incentives,10
governing,5
vicious,2
complicated,6
matchless,3
tamper-proof,1
training,33
collapsing,3
programming,1
modest,1
routed,1
saturday's,1
massive,10
routes,2
emotion,1
saving,7
spoken,5
reprisal,1
one,215
gases,1
vote,23
open,26
city,35
thirdly,1
bite,2
guadalupe,1
draft,3
convene,3
bits,1
cite,1
embezzlers,1
surges,1
proving,2
representing,1
impractical,2
favors,2
o'connor,1
crossroads,1
future,93
russia,7
qaida's,2
prospect,7
addressing,5
illness,3
san,2
sam,2
turned,9
sound-good,1
say,53
uninterrupted,3
allen,3
dismissive,1
harbored,2
warriors,2
aside,10
instructed,2
note,2
intends,1
jefferson,3
take,97
roadside,2
destroy,11
opposite,2
knew,9
israeli,1
knee,1
knowingly,2
winters,1
average,7
infections,2
drive,9
defeating,10
ways,30
backdrop,1
liquidity,2
laws,32
walking,2
surplus,3
senators,4
far-reaching,1
bright,2
aggressive,13
imagined,4
slow,4
unkind,1
reconciling,1
cloak,1
liberation,9
tears,1
going,91
equipped,2
outrage,2
peru*,1
congressional,3
rejoiced,1
condemning,3
battalions,3
simplistic,1
justified,2
prime,12
resource,2
assimilate,3
borrow,1
worried,2
skyline,1
roger,1
bombs,5
uncover,1
surgeries,1
vision,17
surgery,1
jumped,1
sites,2
vaccines,4
bureau,1
affecting,2
jobs,72
dome,2
concentrate,2
spare,8
jets,1
mountaintops,1
undermine,12
concentrated,1
congregations,4
many,188
deduction,3
s,28
workplace,2
grooming,1
expression,1
can't,17
yearly,1
compels,1
twin,1
boomers,1
legislations,1
math,16
caring,7
companionship,1
west,22
airlines,1
concede,2
needlessly,1
defined,4
mutilating,1
combined,3
motives,1
crawford,4
wants,4
enable,2
thousand,6
formed,3
observe,1
dropouts,1
former,15
tribal,5
polls,4
engineering,1
defeatism,3
confidently,2
policies,13
squeezed,1
situation,17
iraqi's,1
engaged,10
technology,34
expenditures,1
missiles,12
ingrained,1
threatens,4
surveillance,5
veterans',1
newfound,1
singapore,2
boosted,1
walesa,1
renewable,5
tracking,2
overtime,1
costs,23
trains,1
highest-ranking,1
persistently,1
scholarship,1
summer,2
being,53
rest,10
safeguards,1
enclaves,1
summed,1
chabot,1
deceiving,3
briefings,2
shrines,1
silver,1
instrument,1
bilirakis,1
overthrow,2
competitiveness,3
joyful,1
skies,3
starving,2
aspects,1
around,51
rejoin,1
sums,1
dark,6
structuring,1
world,329
boycotted,1
postal,1
vague,1
dare,1
intel,2
discarded,3
clay,1
bankruptcies,1
superintendent,1
couldn't,4
lebanon,10
nevirapine,1
racial,2
thinks,1
all-weather,1
scandals,2
scholarships,1
memories,1
exit,1
refundable,2
well-planned,1
restoring,1
destroys,3
scientific,9
power,98
retains,1
doctor's,1
sprung,1
windfalls,1
leadership,32
pluralism,3
thailand,1
package,3
disabilities,1
favorite,1
neighbor,3
act,90
fundraising,2
burning,3
flawed,2
image,5
accumulates,1
homeless,2
parties,28
accumulated,1
her,20
philadelphia,2
meals,1
dictator,10
tireless,1
survives,1
complete,10
child's,2
cloned,1
foreheads,1
deterrence,2
survived,2
technologies,11
with,644
buying,3
abused,1
they're,41
october,2
rage,2
abuses,2
dependents,1
agree,15
regimes,24
detailed,3
gone,13
citizenship,14
general's,1
exhausted,1
certain,20
am,42
al,80
an,271
as,437
at,279
walks,2
watched,6
first-class,1
graduate,6
tight,2
congress,178
enrolled,2
gifts,2
brotherhood,1
saddam's,6
rostrum,4
thorn,1
impossibility,1
mass,49
nelson,2
refused,4
unhonored,1
consider,13
caused,6
debris,3
welfare,5
causes,5
hunting,5
insurgents,10
tv,2
cheney,10
broad-minded,1
spirit,32
to,3563
th,41
ghana,1
paying,4
returned,6
baton,3
candid,2
scapegoats,1
labor,12
condition,2
moines,1
african-american,2
joined,21
large,20
adjust,1
harry,2
small,39
mosul,2
pretenses,1
penalties,1
healed,2
past,39
pass,43
investment,10
clock,3
disruptions,4
section,1
prevailed,1
scientists,27
avenues,3
luxuries,1
contrast,1
full,28
escaping,1
empower,12
hours,11
civilians,11
november,4
compliance,1
brutal,11
prior,2
defectors,1
healthier,1
pick,2
action,30
murdering,1
anbar,8
tax-free,5
followed,15
reclaimed,2
vin,1
byrd,1
apprised,1
estimate,1
casket,1
ridding,1
objectives,4
petroleum,2
pearl,2
afghanistan's,6
more,367
door,4
company,7
competes,1
tested,8
foundations,3
objections,2
cunning,1
keeping,17
science,32
resources,26
learn,21
knocked,1
nagin,1
walling,1
beautiful,2
civilizations,1
prompt,3
scan,2
lives,100
accept,16
states,167
donating,1
marginalized,1
sense,15
recapitalize,1
axis,3
information,28
respective,1
imminent,3
hugh,2
dismissed,1
musicians,1
earnings,2
cling,2
non-negotiable,2
plant,2
intended,1
countryside,2
treatments,12
entrepreneurship,2
mended,1
plane,3
ethics,2
refuse,4
tulane,1
register,1
broadcasting,1
fundamental,14
mexican,2
bowl,1
trade,38
attitude,1
embassy,5
scott,4
signs,3
its,172
roots,4
rapidly,1
termed,1
deeds,1
ally,5
zero-emission,1
tyrants,7
propose,26
petraeus,4
boehner's,1
thereof,1
executions,1
always,50
truths,2
denny,2
courses,4
found,36
status,12
england,2
bends,1
resolute,4
reduce,21
eve,1
doses,1
operation,13
really,13
repressive,1
try,22
missed,1
research,73
occurs,2
highway,2
belief,8
risen,1
drifting,1
like,110
proxy,1
imagine,4
driven,3
owners,6
gahge,1
w,1
unmanned,1
government's,5
major,26
slipped,2
recruiting,3
number,35
protectionism,5
guess,3
heads,1
guest,2
introduction,4
threatening,4
nobly,2
hallowed,1
saint,1
relies,2
relationship,4
immediate,15
consult,1
focusing,3
stairs,1
grace,5
obama,8
determines,1
iranian,9
posada,1
determined,25
marriage,18
remembers,1
fights,3
servitude,2
sell,5
tough,22
destabilizing,1
self,3
jeopardize,2
reliance,1
also,153
recognizing,2
equaled,1
re-entry,1
three-part,1
transparent,2
play,3
firsthand,2
unused,2
virus,3
plan,59
accepting,3
loan,1
singled,1
understands,1
directive,1
seize,6
sometimes,18
cover,5
hamid,1
barred,1
bodies,4
attacking,1
despise,2
defended,7
session,9
overwhelmed,4
occupation,2
impact,4
failed,21
unjustly,1
equity,2
cuba,4
indifference,1
brownback,1
dependent,8
secular,1
ceasing,1
they'd,1
preparing,5
closely,12
self-discipline,1
banner,2
enemy,56
progressive,1
banking,1
kill,18
river,3
approaching,3
set,49
creator,3
carrying,4
byron,3
see,89
sea,3
institutes,3
spirits,1
currently,3
rejecting,1
guides,2
rite,1
thrive,1
available,17
candor,1
hardship,3
targeted,4
death,29
selectively,1
dividend,1
legislature,1
empowering,1
prospects,1
last,87
influential,2
barely,1
forward-looking,1
rose,7
long-term,8
let,42
approve,4
load,1
majesty,1
bell,1
acted,19
allegiance,1
community,25
agents,24
church,3
monthly,3
convicted,1
formations,1
assassinated,1
firm,7
raced,1
fire,17
what's,6
fund,24
moderation,2
races,2
representative,5
systematic,1
towns,1
mournful,1
uncertain,1
judicial,2
reliable,7
expanded,10
budget,28
admire,1
technical,1
pressed,1
properly,2
swim,1
hoping,2
backing,1
binding,1
owes,2
vanish,1
nine-tenths,1
chase,3
barney,1
read,14
forgiveness,2
flooded,2
comprehensive,25
alert,3
levels,9
medicaid,6
necessity,1
implement,3
recent,14
evacuating,2
hatchery,1
person,23
kelly,1
leone,1
rudolph,2
politely,1
arrests,1
sima,1
struggles,4
o'neill,3
conclusions,2
brigade,2
pillars,1
parents,24
location,1
homeland,51
surprised,4
australia,5
victims,14
emergency,16
demands,22
couple,2
wives,3
suffering,27
emergence,1
projects,3
formal,1
imposed,2
d,8
squandered,1
consensus,1
communications,6
individuals,10
suppliers,1
privately,2
methods,14
senate,23
spring,2
bounce,1
limb,1
coward's,1
sight,2
wrongful,1
religion,6
behave,1
prosecuted,2
dating,1
son's,1
be,581
idealistic,3
china's,2
dictates,2
agreement,14
nowhere,1
carol,1
by,503
wildlife,1
anything,8
exaggerated,1
deserves,7
ambush,1
repair,2
clinton,8
reverence,2
terrorists,160
hometown,1
into,103
doubters,1
osama,3
appropriate,5
controversies,2
primarily,1
uncertainties,1
criticisms,1
spending,32
apartments,1
duplicate,1
submit,2
custom,3
u-,1
occupy,1
suit,1
opens,1
fragmented,1
elsewhere,4
hawaiian,1
jewish,1
atop,1
vowing,1
archaic,1
atlantic,4
pacific,2
line,18
considerable,2
posted,2
cia,4
redeemed,1
inhumane,1
up,124
us,256
hezballah,1
morocco,3
preemptive,1
verification,2
uk,1
faded,1
continuously,1
medical,52
aerial,2
raging,3
influence,8
chao,1
diverse,3
graceful,1
defines,2
thugs,4
codes,1
sheryl,1
fixing,2
uranium,8
reimbursed,1
preventing,8
tarp,1
revision,1
elements,8
energetic,1
beginnings,3
sided,1
long-lasting,1
treatable,1
suppression,1
sides,5
ago,49
land,24
methodologies,1
age,14
walked,2
summit,7
confederation,1
teachings,2
fresh,1
minefields,1
having,11
modernizing,2
advisory,1
results,24
existing,4
highways,1
unmatched,1
broader,17
pennsylvania's,1
centers,5
seemed,3
concerned,11
young,36
send,30
citing,1
hiv/aids,11
sent,28
garden,3
torture,7
continues,13
continued,7
timely,2
magic,1
harbor,9
omani,1
they've,8
fewer,12
anxious,3
race,4
logistics,2
pledge,15
grandeas,1
munitions,2
odd,1
graduating,1
apparatus,2
expressed,3
henceforth,1
indian,3
flowing,2
expresses,1
firms,6
harassing,1
proliferation,4
led,13
lee,2
fertilization,2
gathered,6
delivering,5
slogans,1
northeast,1
poverty,20
history's,1
second-rate,1
invented,1
fifteen,1
crocker,1
great,179
engage,1
receive,17
involved,9
titanic,1
rehabilitation,1
resulting,1
insulin,1
defeat,22
opinion,4
residents,2
makes,25
maker,1
involves,5
complying,2
outcomes,1
sixty,2
tools,11
standing,15
confidence,27
cheered,1
illegal,27
ministers,1
next,53
eleven,1
assuring,1
doubt,10
midlothian,1
doubling,4
flexibilities,1
shipwreck,1
occurred,1
disarming,4
finery,1
opposing,1
baby,7
payrolls,1
demerits,1
charity,2
this,853
challenge,43
insists,1
fomenting,1
fulfill,7
wearing,3
weaker,2
process,17
lock,1
purposes,6
pieces,2
high,34
slip,2
martyr,1
weaken,1
educational,1
shuffled,2
destroying,3
delay,2
shuffles,1
escalating,1
animal,1
magnificently,1
establishment,4
singular,1
underway,3
tied,1
halted,2
weighed,1
graveyards,1
fits,2
ties,3
solidarity,1
daring,2
realized,2
manpower,6
counter,3
element,3
nancy,4
volunteers,7
counted,2
pollution-free,2
erasing,1
houston,4
vmi,1
move,31
produced,5
directs,3
operative,1
perfect,5
chosen,9
meantime,1
degrees,1
moutardier,1
hijackers,2
physicians,1
prosper,3
outlined,1
disrupted,2
orphaned,1
presidential,3
establishes,1
undertaking,2
traced,1
merge,1
truth,6
shortage,1
accounts,26
doing,43
society,47
books,2
thirteen,1
qaida,13
agriculture,1
shannon,3
',2
foreign-born,2
bicameral,1
evacuation,2
jamestown,1
shut,5
await,2
regulators,1
surely,2
cutting-edge,1
thrust,1
spill,1
gallons,2
could,92
scars,1
david,5
hindering,1
four-and-a-half,1
hussein,48
receding,1
stimulate,1
blown,1
scene,1
owned,1
owner,1
legislative,4
sharon,1
los,1
ordering,1
system,75
clearinghouses,1
sergeant,12
state-controlled,1
painful,3
evacuated,1
pervasive,1
enforcement,35
vigorous,3
stars,1
gotcha,1
elite,3
haven,10
havel,1
steel,2
colleagues,1
warfare,2
egregious,2
roberto,1
tortured,1
roberts,2
psalm,1
briefing,3
federally,1
stricter,2
steep,1
devotion,1
result,23
hatreds,2
false,4
trusting,3
partnership,2
tonight,112
supercomputing,1
defending,5
clearly,7
viewed,1
amphibious,1
health-related,1
documents,2
awed,1
hangover,1
korean,8
latino,1
persistence,2
toughest,2
worldwide,2
allow,39
visa,1
medal,1
so-called,2
placement,2
sweeping,1
stronger,30
face,43
ignited,1
you'll,11
wounded,7
fact,17
shi'a,9
atmosphere,1
irs,1
assassinations,1
perversion,1
centralized,1
bring,63
bikes,1
greenhouse,1
rouge,3
brink,1
decade,15
principal,6
samarra,2
produces,1
should,125
bombings,2
tape,1
riding,1
secretaries,3
hope,103
meant,5
listened,2
bonds,3
familiar,4
prohibition,1
shaping,1
committees,1
denmark,2
taxes,37
summon,1
extremists,28
stuff,2
ohio,3
intervening,1
temporarily,1
judd's,1
catastrophic,6
tax-preferred,1
generational,3
allit's,1
destiny,5
nuclear,54
partisan,6
unravel,1
injustice,1
nominees,3
email,1
faith-based,18
ends,4
notion,1
historians,6
lawsuit,1
restrictions,2
kofi,1
invited,4
deficits,3
drug,42
fayyad,1
ci,1
conclude,2
acres,1
midland,1
powered,1
rhode,1
genetic,1
willing,22
waste,2
louisiana,13
>,2
qadhafi,1
disorderly,4
hateful,2
spain,2
deductible,1
discoveries,3
agonized,1
compton,1
concerted,3
designs,1
optimistic,4
vx,2
sits,3
conserve,1
terrorist,74
terrorism,25
conflicting,1
unimaginable,1
bali,1
wisest,2
upon,16
dust,1
afghan,8
light-hearted,1
identity,1
diabetes,5
off,32
indonesia,2
patterns,2
command,5
hard-fought,1
diversify,2
drawing,3
lest,1
surest,2
restructure,5
less,21
moments,11
rooms,4
hauled,1
paul,3
afflicted,2
web,2
libertyunites,1
moralities,1
realize,8
arrest,2
exempt,2
strive,5
vain,1
increased,3
government,190
gephardt,1
increases,4
zimbabwe,3
five,29
desk,4
nanotechnology,1
placenta,2
chairs,1
bigotry,2
warned,2
become,12
amendment,1
gaining,6
liquidation,2
habitat,1
choosing,4
karbala,1
ballot,1
cruelest,1
disbelief,1
avoid,9
detainees,1
morris,1
does,25
passion,1
jordanians,1
benefitted,2
schedule,2
selecting,2
maves,1
pressure,13
shortchanging,1
accompanied,1
imaginary,1
loans,17
counties,1
hiding,3
gained,3
sister,1
asks,1
laboring,1
angeles,1
seeds,1
insufficient,1
executives,2
burma,4
cadet,1
alliance,3
letters,1
commitment,42
referendum,1
lung,1
roads,6
charities,9
shoreless,1
housing,14
pairing,1
frustration,1
troubling,1
naturally,1
function,4
fiscal,1
complacency,1
delivery,5
construction,2
convergence,1
count,1
places,21
official,3
smooth,1
strived,1
placed,6
convince,3
problem,32
nurses,5
recognize,14
contribute,7
rubble,2
slowing,1
iverson,1
shepherded,1
ink,2
jesse,1
compared,2
variety,3
deadly,8
eastern,6
forests,2
witness,8
suppress,1
illusion,3
reckless,4
forswear,1
repeat,2
oppression,9
dismantle,1
chance,29
mastermind,2
inspiration,1
searches,1
rule,20
compete,12
pension,6
searched,1
rural,2
high-value,1
unspeakable,1
consolidated,1
doubts,2
khalid,2
controversial,1
saved,9
votes,5
voter,2
edward,1
voted,11
tyrannies,1
worth,13
summarizes,1
compassion,33
women's,2
micromanage,1
we'll,36
relentlessly,1
red,6
c-span,1
reinvent,1
triumph,6
blaspheme,1
rigorous,3
long-standing,1
established,3
incompatible,1
above,15
toll,1
churches,6
told,18
crunch,1
minority-owned,2
redeploy,1
redcross,1
protection,10
pursuit,4
celebration,2
obtained,2
daughter,3
items,2
employees,15
regimentation,1
secure,40
servicemen,3
graders,2
highly,5
regulatory,3
hindsight,1
total,6
experimentation,1
devastation,3
palestinian,16
gloss,1
ploy,1
world's,16
well-trained,1
indiana,1
administering,1
separated,1
tolerated,1
vacuums,1
award,1
aware,1
regrouping,1
allies,55
tariff,1
blocking,1
overrun,1
word,9
permits,1
blood-soaked,1
work,223
refusing,1
era,8
transparency,2
containment,2
criticizing,1
wonder-working,1
india,7
heartless,2
indicates,1
walsh,1
indifferent,1
uae,1
totaled,1
recovery,14
provide,53
verify,7
song,1
recovers,1
cures,9
interview,2
ordinary,9
beach,1
gamble,2
transforming,6
after,77
damaged,5
lab,1
customs,4
tackle,1
lay,8
law,96
meaningful,3
complacent,1
grieving,1
homeowners,2
appreciate,51
encompassing,1
green,3
parish,1
atrocity,3
order,23
greed,1
office,23
devote,2
defenders,2
choose,28
innovative,6
japan,16
mayor,9
bombing,2
appeasement,1
production,9
valor,3
fauci,1
then,44
them,249
affected,12
bans,1
fragment,1
safe,33
break,13
band,4
they,448
bank,9
defected,1
oxygen,1
routines,1
backgrounds,3
slavery,5
stimulus,2
reasonable,4
feeds,1
lifted,3
logs,1
crimes,3
network,8
cameras,2
diesel,2
strangers,5
fellowship,1
daniel,1
medicine,24
forth,7
mullen,1
vetoed,1
veto,6
lawless,2
mourning,4
campaigns,1
disputes,1
drug-free,1
people's,14
spencer,1
staggers,1
recovering,3
created,23
refugee,1
creates,5
lousy,1
renew,9
oppose,13
tauzin,1
human-animal,1
saddling,1
another,51
electronic,1
illustrate,1
gulfport,1
rejects,4
approximately,1
rates,9
thoughts,2
john,20
emissions-free,1
grandchildren,9
albert,1
rejected,2
wastes,1
wasted,1
self-governing,1
mercy,9
target,5
monarchies,1
seated,3
guilt,1
historical,1
rationalization,1
solely,1
interests,16
respecting,1
navigate,1
pessimism,1
manner,3
accompany,2
forced,6
ponder,1
strength,29
laden,7
self-defense,1
subjects,2
forces,97
snowflake,2
nobody,3
usama,2
extending,7
involving,2
germany,7
phase,5
co-payment,1
grave,9
neighborhoods,14
calculated,2
newcomers,2
investments,2
mutombo,2
bracket,1
sun,2
voting,2
responded,8
reserve,5
brief,2
religions,1
implementation,2
guidance,2
wasteful,4
screening,2
pursuing,14
adequate,1
personality,1
predecessor,1
do,212
de,1
dc,2
understaffed,1
happiest,1
dr,5
runs,1
pearson,2
mosques,2
covering,1
children's,5
journeys,1
explanations,1
secretary,44
fullness,1
observer,1
subtractso,1
depends,12
discussions,3
techniques,3
bunting,2
draws,2
away,30
afloat,1
unable,2
cooperation,12
drawn,5
caves,3
misguided,1
shields,2
josefina,1
we,1531
terms,5
handful,2
packaged,1
admirals,1
clues,1
intelligent,1
electing,2
received,13
essentially,1
cot,1
exceeds,1
transmission,4
com,1
negotiation,1
tone,6
condescending,1
tons,3
tony,5
beheaded,1
speak,16
gratitude,8
petty,1
condemned,2
scud-type,1
drafting,1
flexible,2
dozens,3
abuja,1
duties,9
families,70
easy,16
attacked,11
concerning,1
applied,1
east,89
harms,1
conviction,9
publicly,1
air,17
aim,7
micheal,2
applies,1
aid,14
rightness,1
voice,6
launched,6
mistake,11
preeminent,1
straits,2
hebrew,1
exile,2
confirmed,3
perform,4
sailors,2
descend,1
convictions,6
independent,9
nih,1
devalues,1
raid,1
nio,1
prohibits,1
saddam,62
posed,1
blames,1
rail,2
evil,36
hand,13
liberties,1
devalued,1
faiths,4
prescribed,1
kept,8
scenario,2
humble,1
inspires,1
hispanic,3
contact,1
the,5777
camps,16
unified,4
traditions,8
photo,2
repose,1
thanks,32
sabbatical,1
shadegg,1
electronically,1
adding,4
hills,1
ma'am,2
belongs,4
transformed,4
board,7
expelled,1
editorials,1
gregg,2
arab,11
retreat,13
disadvantage,1
eroded,1
insurgent,1
securities,6
night,17
security,219
starvation,4
honored,22
sends,2
born,13
dedicating,1
congratulate,4
purple,2
unavoidable,1
/,5
filming,1
asking,8
denied,6
beating,1
participation,7
pose,2
graduates,3
restructuring,3
al-qaeda's,1
post,1
rallying,3
aguilar,1
theirs,1
newspapers,1
months,31
hostilities,1
horizon,1
cherish,1
dilemma,1
wasting,1
pays,6
prisoners,8
sparing,4
profession,2
bound,6
hastert,3
balanced,4
deception,1
unchanging,2
legislation,36
sovereign,2
fight,77
conservation,4
way,119
was,227
war,157
lowest,1
weldon,1
becoming,6
vitality,3
peninsula,3
needles,1
elderly,4
true,25
nationwide,3
responding,4
affluence,1
generosity,6
plymouth,1
anew,3
emotional,3
emir,1
prayed,1
private-sector,1
hotter,1
inclusive,1
evidence,14
expertise,2
promised,7
prayer,5
physical,5
dying,8
stake,9
handmade,1
reality,7
antidrug,1
interested,3
holding,6
test,16
unwilling,1
shrink,1
brothers,2
welcome,28
update,4
let's,8
scores,4
funerals,1
standoffs,1
truman's,1
domination,1
governed,1
beds,4
loyal,1
uprisings,1
paige,1
precedent,1
basically,3
diplomacy,15
global,47
grateful,21
battle,17
sowed,1
idealism,8
certainly,2
killings,3
zone,4
honoring,1
ever-larger,1
permanently,7
terror,122
division,4
charles,2
liability,9
automobiles,2
responders,4
aggressively,4
respiratory,1
turns,2
fragile,5
p,1
guy,1
pontchartrain,1
brave,15
discover,4
agitate,1
affiliation,1
cost,21
verifiably,1
cargo,1
appear,2
assistance,20
shares,2
uniform,20
shared,9
appeal,4
supporting,9
explosion,1
inauguration,2
muslim,11
hadn't,1
teaches,3
teacher,5
change,47
sending,3
coerced,1
trial,4
burdensome,1
franklin,1
usually,3
country's,3
plotted,1
churchill,1
retired,3
extra,8
lending,2
marked,4
discrediting,1
slave-holding,1
rarely,1
market,27
deceptions,1
caskets,1
remaking,1
prove,2
well-coordinated,1
territories,5
live,59
planted,2
commissioner,3
towers,2
commissioned,2
destinies,1
organizations,15
car,4
cat,2
hardest,6
gathers,1
can,344
social,54
heart,25
dedicated,5
expanding,16
didn't,18
heard,9
posing,1
purity,1
clothing,1
occur,2
unwavering,2
productive,3
bankrupt,1
fortunately,3
discussion,2
means,26
write,5
criterion,1
backsliding,1
economy,115
armies,8
product,1
sacrifice,23
southern,4
brazen,1
produce,14
drastic,1
heroes,4
flourish,4
lifting,4
goal,53
remember,22
whenever,4
candles,1
futures,2
ob-gyn,1
quarter-million,1
embassies,2
serving,14
foreclosure,1
indeed,1
displayed,1
aiding,1
ended,16
ulay,1
cold,8
still,54
ethic,1
ramos',2
acknowledge,2
selves,1
inflicted,1
forms,3
window,1
norway,1
halt,1
refineries,1
taliban,19
litmus,1
half,30
not,584
now,187
hall,5
nor,5
enacted,1
commuters,1
d'alesandro,1
lies,9
servant,1
january,6
prospers,1
entirely,2
naturalization,1
marshals,2
el,5
fired,1
challenged,4
cairo,1
directing,2
americorps,1
bradley,1
fires,2
year,124
eu,1
happen,18
calling,18
pills,1
irons,1
shown,15
medications,5
opened,6
space,4
lawyers,3
increase,34
rational,2
showroom,1
receiving,3
viable,4
shows,3
rebuilding,16
defenses,5
cars,13
unwanted,1
excesses,1
obligation,5
good-hearted,1
marine,12
inevitable,3
card,9
care,96
gibson,2
transition,4
british,5
honest,7
lindsey,1
palaces,1
invitation,1
promotion,1
entrusted,1
blind,3
romania,1
flying,2
striking,3
prevail,9
yourself,4
directly,9
fi,1
impossible,7
message,26
drove,2
tomorrow,7
size,8
sheep,1
sheer,1
silent,1
crossings,4
breed,2
callous,1
tragic,1
friend,16
thaw,4
mostly,2
that,1323
taxation,1
eliminates,2
resulted,1
inmates,1
thad,1
tehran,4
eliminated,1
appreciated,1
professionals,6
television,4
threads,1
recruit,3
optimism,4
fruits,1
extinguish,1
contentious,1
investors,7
remained,1
craig,2
interpretation,2
distorted,1
anger,6
recover,6
offering,4
veteran,1
manufacturers,1
equipment,9
online,1
objective,7
begin,23
oppressive,3
price,11
banks,7
importantly,6
america,438
michelle,1
forever,8
egg,5
reform,75
steady,8
hemisphere,2
mrs,1
slaves,1
professional,2
dispersed,1
duplication,1
typically,1
discovered,4
isolationism,4
remnants,1
ground,16
upgrade,1
title,1
proportion,1
only,106
enriched,2
sierra,1
reauthorize,6
amputee,1
cannon,1
truly,3
baghdad,29
cannot,34
celebrate,3
disabled,2
seldom,1
irritant,1
reorganized,3
husband,5
bulgaria,1
seatedthank,1
physically,1
famine,2
elected,16
namely,1
actively,1
asleep,1
concern,3
suspects,1
incite,1
between,36
import,1
inoculating,1
therapies,1
torturing,1
yuma,5
notice,6
recedes,1
unleashing,1
blame,2
hurts,1
daddy,1
talented,4
resides,1
bahraini,1
embedding,1
reluctantly,2
wheels,1
comes,23
originating,1
madness,1
hybrids,1
learning,12
hamas's,1
cares,3
rebuild,18
classic,1
informed,1
territorial,1
cared,2
government-run,1
punished,1
dangers,19
rebuilt,4
exhaustion,1
systems,21
wonderful,3
wounds,2
observers,2
proven,9
suspected,3
realities,3
countless,3
developing,21
these,304
accommodating,1
scud,1
editorial,1
landslide,1
high-strength,2
soil,6
metric,1
marshaled,1
commander,5
bias,1
embrace,3
eras,1
pipelines,1
return,38
worry,12
teheran,2
unshakable,1
develop,27
media,3
gentlemen,9
ceo,4
followers,2
document,3
noble,15
finish,7
centuries,5
closest,3
anticipated,2
tradition,11
charges,1
constitutional,6
severe,6
congressmen,1
alleviate,1
coordinate,3
laboratories,3
charged,6
generally,1
battleship,1
toby,1
adjusted,2
valuable,1
accumulate,2
civilized,13
storming,1
touch,5
speed,2
renewed,8
legitimately,1
thinking,7
smugglers,4
improvement,1
treatment,19
republic,4
struck,3
momentum,9
real,16
ama,1
ruler,2
selma,1
early,16
listening,6
using,17
execution,2
lady,6
ruled,1
heightened,1
artesia,1
pounds,1
collective,1
miracle,2
annually,1
two-front,1
benefit,11
moreno,1
twelve,2
exposed,1
unraveling,1
duration,3
bless,35
conservative,7
deficit,9
non-profit,1
assembly,6
business,30
sixth,1
equivalent,1
strained,1
tuition,1
credits,2
assemble,1
sadder,1
throw,3
central,9
piety,2
door-to-door,1
ideology,12
boldly,3
journey,10
supervised,1
isn't,2
testimony,2
intent,1
freeing,1
protests,1
inclusion,1
involvement,4
elementary,1
shrinking,1
your,197
intervention,3
prepare,11
area,11
removing,3
umbilical-cord-blood,1
start,26
poured,1
low,10
lot,45
transitioning,1
jones,3
gunnery,2
drains,1
you',2
smuggling,6
delayed,2
recoil,1
two-thirds,3
pitched,1
trying,22
god-given,1
hire,6
fraud,1
embedded,2
stagflation,1
default,1
lawfully,1
pessimists,2
sadness,2
beliefs,5
undertake,2
arabs,1
describe,1
moved,5
sales,1
moves,4
hospitals,8
storage,1
you,613
forcing,1
poor,13
open-ended,2
perils,1
airplanes,3
drift,2
podium,1
massachusetts,1
coverage,41
pelosi,2
building,18
inevitability,2
apathy,2
hard-working,6
repay,1
mobilized,1
doubted,1
embracing,2
overseas,8
overwatch,1
surrounded,1
splitting,1
month,22
thoughtful,1
upholds,5
religious,19
victoriously,1
suz-ahn,1
pledged,6
foster,2
clerics,1
safety,19
pledges,2
resounding,1
homewe,1
lebanese,1
very,53
horror,6
decide,3
laura,11
heaven,3
--,634
reaffirming,2
plain,2
bench,6
i'll,6
streets,13
nearing,3
conscience,19
darkness,1
consumers,8
witnessed,7
investing,2
witnesses,1
learned,16
multinational,1
turmoil,1
iran,33
recruits,4
answers,3
tracks,1
uneven,1
excess,1
depend,12
iraq,273
outcompete,1
ahead,37
inspired,5
losses,4
soldier,3
amount,4
culpepper,1
samar,1
toughness,1
family,25
partnering,1
requiring,1
ask,81
analyzing,1
aimed,3
trained,14
teach,11
flaws,1
takes,13
answered,4
contains,1
taken,39
injury,1
lowering,1
site,4
excuse,6
commenced,1
garza,1
broke,4
factories,2
producing,6
sovereignty,2
helped,25
oversight,1
pataki,2
coalition,47
nine,6
budgets,4
yemen,4
history,86
hhs,2
aldous,1
usthey,1
climates,1
phrase,1
stayed,2
foreseen,1
chopper,1
reject,5
vigilance,2
tried,8
derived,7
sneak,4
triumphs,1
unsung,1
invasion,2
non-religious,1
a,2025
documentation,1
overnight,5
renewing,2
dread,1
wreaking,1
dream,14
materialistic,1
help,220
oil-for-food,1
restored,1
soon,12
held,15
committee,5
committed,15
environmentally,2
taxpayer,7
solving,1
actually,5
absence,1
disclosed,1
founders,5
haven't,1
evening,17
motivated,1
food,15
arsenal,1
grandfathers,1
you've,15
foot,1
desperately,1
imprisoned,1
fully,23
capability,3
stopped,10
lifestyles,1
heavy,4
taft,1
neil,3
enemy's,2
todd,2
inspections,3
beyond,32
event,1
juniors,1
visions,1
robert,1
since,41
testify,1
viability,2
trusts,1
computerizing,1
sustain,5
america*,1
america',1
issue,38
lights,2
labs,1
houses,9
reason,10
base,5
brightest,2
put,34
heroic,3
revolutionary,1
uprooted,1
zarqawi,3
launch,4
persuading,1
terrible,19
americas,1
sheikh,1
american,239
businessmen,1
syria,6
freedom's,11
partnerships,1
consultations,1
reflected,1
unexpected,1
dominating,1
leavitt,1
countrythe,1
miss,4
equating,1
horse,4
guaranteeing,1
obedience,1
parkinson's,1
station,2
gibraltar,1
nigeria,2
hundred,6
jarvis,1
selling,3
storm,15
trapped,2
jordan,6
surprising,1
financing,2
assaulted,1
imperiled,1
morning's,1
anticipate,2
utopia,2
toward,43
procedural,1
urgently,1
alongside,3
ebadi,1
substantial,1
comrades,2
treasured,1
vulnerable,7
lie,5
ba'athist,1
officers,14
lit,1
unconstrained,1
towards,2
resurgence,1
quote,6
freddie,5
hired,1
sponsored,3
eaten,1
kay,3
x's,1
loopholes,1
mobile,5
clear,59
popularity,1
part-time,1
clean,13
intercepting,1
latest,3
tubes,4
perseverance,2
stunned,1
sheik,1
nations',1
multilateral,1
northern,3
justice,51
flights,3
pretty,6
circle,1
meanwhile,1
feels,3
grew,4
pretending,1
basement,1
during,33
sacrificed,2
badge,1
retaliation,3
sacrifices,6
underlying,2
recommendations,9
redefine,2
patriotism,1
culture,18
descriptions,1
plummeted,1
protecting,15
close,6
deploying,5
outrageous,1
revolution,4
pictures,1
consuming,1
won,4
probably,4
conditions,14
doubly,1
stagnation,2
missing,2
advanced-placement,1
generous,5
spray,1
mentoring,2
both,48
passionate,1
secrets,1
wouldn't,2
second-largest,1
minorities,5
sensitive,1
unrelenting,1
rieman,3
good-paying,1
jeff,2
battery,2
whatever,12
unfolded,1
spotting,1
likes,1
complied,1
described,4
instilled,2
describes,2
damn,1
threaten,12
territory,7
instructing,1
empty,3
lived,6
partly,1
regroup,1
crack,1
else,2
recalled,1
mombasa,1
allahthe,1
utmost,1
look,41
governor,18
pace,3
while,44
socialism,1
reformed,1
endanger,1
mitchell,1
guide,8
commandant's,1
costly,1
voters,1
wherever,9
confound,1
rulers,4
ready,14
fannie,5
fairer,1
rotc's,1
clerical,1
anymore,1
grant,7
belong,1
discredit,1
grand,3
conflict,22
used,39
temporary,35
dime,1
blair,1
uses,3
decency,6
kurdish,1
older,7
poland,4
haul,2
obviously,7
cedar,2
president-elect,10
weakest,2
distances,1
bondholders,2
exploits,1
technicians,1
reviewed,4
taiwan,2
praying,4
retirement,30
$,83
cemetery,1
exercising,1
shortcut,2
questioned,2
ballots,2
guarantees,2
transformation,2
march,8
lacking,1
defies,1
evaluate,1
showing,10
tiring,1
genetically,1
game,1
dearly,1
morse>,1
defied,7
overriding,1
inviting,3
submission,1
envisioned,1
signal,4
strife,1
provoking,1
donna,1
translated,1
autrey,2
radicalism,4
fathers,5
creation,5
some,169
pierre,1
urgent,14
economic,72
delivered,10
qatar,1
hazarajat,1
providence,2
sophomores,1
simmer,1
run,25
booklet,1
stem,45
step,22
plebe,2
plots,1
subtract,2
abroad,25
wealth,9
faith,32
lieberman,1
congressman,12
block,3
miracles,1
seeing,9
within,30
pentagon,5
computer,1
bangladesh,1
placing,2
accountability,11
consultation,2
rivalries,3
heritage,1
sinai,1
himself,6
peru,1
collapsed,2
larry,4
segregation,1
russian,1
dull,1
mother-to-,1
anti-retroviral,1
hydrogen-powered,1
wicked,1
similar,11
ordered,5
adults,3
mindful,4
flush,1
reopening,1
ancestors,1
amounts,4
fears,6
politicians,3
naw,1
department,33
manhattan,3
draw,3
spectators,1
visits,1
regulations,4
drag,1
evan,2
restrained,1
structure,3
e,1
required,13
depth,2
requires,36
sounded,1
cabinet-level,4
go,46
compact,2
cdc,2
mosque,4
arrogance,1
attackers,1
excluded,1
friendly,1
murderous,6
kindles,1
wave,3
cataloged,1
chooses,1
telling,2
discouragement,1
positions,1
compassionate,15
michael,5
ryan,2
barbara,2
enforce,6
dilute,1
carter,1
riyadh,1
biology,1
staff's,1
jump,2
picked,1
notwithstanding,1
honors,5
colonel,1
edifice,1
exacerbate,1
cell,29
experiment,3
focuses,1
following,6
focused,5
enterprising,1
convert,1
indivisible,1
chant,1
repel,1
products,8
weren't,4
behead,1
salvation,2
examining,1
foresee,2
addresses,2
terrorizing,1
danger,43
win,20
manage,1
addressed,5
redefining,1
truckloads,2
singing,2
manipulate,1
technologically,1
remains,16
hudson,1
vehicle,1
stage,5
reflects,4
cheeks,1
started,12
becomes,4
benchmark,1
missile,7
israelis,4
huxley,1
crosses,1
announcing,5
sanctions,6
ride,2
recession,11
crossed,3
servants,3
meet,55
drops,1
conformity,1
control,32
denogean,2
links,1
providers,1
admirer,1
job-creating,1
escaped,1
pulling,1
sought,3
hit,5
cots,1
hesitate,2
strongholds,5
defective,1
africans,1
frontiers,2
conquers,1
farm,1
ronald,7
rations,1
advocates,1
agenda,7
speech-maker,1
byproducts,1
sperm,1
higher-paying,1
contractions,1
including,32
cruise,1
mentioned,3
pachachi,1
masses,1
auto,17
adulthood,1
hands,9
front,5
literacy,2
university,3
magnitude,2
gemayel,1
crossing,7
nationals,3
promises,2
upward,1
seniors,61
globe,4
pursuits,2
constitute,2
sands,1
measure,9
special,14
secretly,3
armor,1
islamist,1
critics,9
activist,4
fellowhe,1
calio,1
thriving,1
cause,64
achievements,5
assassin's,1
withdrawal,3
delegates,6
attending,1
completely,3
advisor,2
ridge,4
hostile,5
determining,1
florida,2
mac,2
keep,53
austin,1
berlusconi,1
designed,6
glories,1
evans,2
succeeds,1
powerful,9
date,6
congo,1
precisely,3
quality,7
you're,26
clearinghouse,1
management,8
privacy,1
bears,1
revealed,4
durable,1
adopted,4
misunderestimated,1
attack,46
declines,2
forgers,1
fairest,1
beard,1
hoyer,1
terminates,1
punish,5
exactly,6
lists,2
manipulation,1
overwhelming,1
herself,1
ultimatum,1
ben,1
submitted,2
bee,1
arc,2
coretta,1
providing,27
distinguished,14
bet,2
drunk,1
enforced,4
lightly,1
horrors,7
need,130
border,67
pursued,4
able,40
battles,5
arm,5
ably,1
instance,1
relatives,1
locals,1
skeptics,3
truck,1
pursues,3
deposit,1
fuels,4
deploy,7
african,11
jorge,1
intentions,6
montana,2
accomplish,2
preparations,2
awe,1
expired,3
gallery,1
consequences,15
insured,1
undeniable,3
lowered,2
emerging,5
violation,2
airlift,1
anyway,6
soldiers,16
high-level,2
parkel,1
partners,14
envy,1
based,19
unfinished,4
tire,2
earned,7
winner,1
hopeful,26
won't,8
employer,3
hector,1
bases,3
versatile,1
inherited,1
employee,1
employed,2
achieve,26
overall,1
maritime,1
joint,4
littleton,1
legitimate,2
joins,2
kong,1
procedures,2
endless,2
gray,3
evident,1
trucks,3
hiring,1
wellness,1
mohammed,3
watershed,1
she,16
dangerous,26
embryonic,19
preach,1
spotted,1
albania,1
prayers,8
shake,4
terrain,1
operates,1
legacy,5
reinforcements,4
desperate,1
humane,7
qaeda's,6
nightmare,2
tend,1
state,69
correctly,1
tens,10
neither,5
sole,1
importance,7
efficiency,1
key,18
squads,5
police,26
precious,3
thank,137
limits,6
leveraged,1
career,9
outrank,1
minds,3
strains,3
admit,2
manifestations,1
expand,19
diplomats,4
tuesday,1
leipzig,1
congresses,3
cynicism,2
quit,1
addition,9
discrimination,1
wills,1
sara,1
outlaws,1
immense,1
slowly,4
treat,8
isolating,1
shoulders,1
diversity,1
league,1
disney,1
consequential,3
shortfall,2
abortions,1
hamburg,1
troubled,9
intimidate,7
harder,4
doctor-patient,2
harden,1
reassembling,1
owns,2
evacuees,8
resident,1
capture,1
-year-old,2
began,14
parts,12
speaker,17
party,11
fanatics,1
effect,2
transformational,1
discouraged,2
fierce,2
obama's,1
destruction,46
paycheck,2
ashley,3
reflection,2
i,909
obstacles,2
well,66
safia,2
trials,1
restore,3
brandenburg,1
discord,2
increasingly,12
mistaken,1
dose,2
sources,18
mistakes,6
distant,6
skill,12
headed,3
deposits,2
moynihan,1
nato,6
maintaining,2
ought,3
details,2
fate,6
devised,2
utah,1
crushed,2
historic,23
unseen,1
immediately,11
amply,1
intersection,1
prominent,1
loss,7
lincoln,4
necessary,39
lost,32
exploiting,1
fingerprints,1
lose,7
rotc,7
refugees,1
page,2
adversity,3
francisco,2
home,80
beslan,1
moderates,2
infectious,3
demonstrates,2
overlap,1
appreciative,2
rewarding,1
sponsoring,1
civilization,7
retirements,1
reaching,2
monetary,1
expansion,5
prohibited,2
refuge,4
daschle,1
embryos,28
freedom,215
recognized,5
compatible,1
recognizes,1
stakes,6
equally,4
steeples,1
washington,30
pointless,1
utility,1
mississippi,11
additional,18
daniels,2
imperial,3
inner,1
recruited,1
north,16
hazardous,1
legrow,1
blaming,2
neutral,2
gain,12
courts,7
highest,12
eat,2
he,178
cells,42
grieve,1
signed,9
cruel,1
converted,1
limit,9
piece,8
display,1
urging,1
marketplace,1
universal,4
tissues,2
education,33
functions,1
contest,3
fencing,2
offensive,13
westminster,2
vacation,1
star,3
inescapable,1
stay,13
afghans,2
additionally,1
animosity,1
agonizing,1
friends,50
appoint,3
persistent,5
portion,4
diagnosis,1
determination,11
americaand,1
liver,1
aided,4
secondly,4
four-year,1
dynamic,4
uzbekistan,1
asian,1
whose,17
fronts,4
bayh,1
seriously,4
protections,2
teaching,2
saves,1
rescue,13
misunderstanding,1
homes,14
georgia,5
reforms,28
affect,6
juxtaposing,1
vast,9
patenting,2
demerit,1
skills,12
companies,19
solution,9
frozen,5
convenience,1
pardons,1
enhance,2
inaction,1
heading,1
whirlwind,3
force,33
dogmas,1
japanese,1
mcdade,1
across,74
likely,8
implemented,2
even,68
yemen's,1
preferences,1
prisons,3
integrity,6
tirelessly,1
asia,11
liberated,4
new,306
net,2
ever,24
deemed,1
behavior,2
never,77
met,26
possibility,4
active,11
aren't,5
interpret,1
luther,1
buckled,1
rests,3
oman,1
economics,1
ignoring,1
credit,31
permit,6
adopting,1
suitable,1
fantastic,3
campaign,16
mobility,2
reagan,11
schooling,1
county,3
moral,28
guests,12
counts,1
criminals,13
army,29
ratacheck,1
arms,9
call,36
calm,7
recommend,1
survive,3
type,3
tell,22
supporters,5
expose,2
wars,5
disruption,2
berlin,5
warm,8
adult,10
shelters,3
eternally,2
flotilla,1
room,5
rights,40
gasoline,7
roof,1
root,3
unmarked,1
give,69
involve,2
seoul,1
advancing,5
aging,1
kabul,2
sixties,1
answer,14
aboard,1
commencing,1
minority,6
undergoing,1
replacing,1
plan's,1
loyalty,1
full-leg,1
president,93
shirt,1
purchase,7
lifesaving,2
attempt,4
third,25
loyalists,1
capitalism,4
maintain,3
goodbye,1
uninsured,3
operate,5
operations,24
tribulations,1
fetus,1
deck,2
sheltering,1
wickedness,1
before,84
scoring,1
personal,18
hezbollah,1
blackened,1
crew,1
better,109
damascus,2
baghdad's,2
differently,6
enlisted,1
weeks,10
overcome,12
belarus,2
grassley,2
combination,2
weakness,3
intimidation,1
caterpillar,1
therapy,3
ethicist,2
rhetoric,3
sleepless,1
arrested,5
pakistanis,1
beveridge,1
victories,4
wage,2
went,11
sliver,1
operatives,9
side,36
mean,19
interruption,1
mandates,1
principles,25
milan,1
taught,1
forgot,1
navy,6
aids,32
principled,4
restricted,1
oppressors,1
crucial,9
content,2
surprise,4
taleb,1
turning,9
guiding,2
resume,1
aborting,1
ascending,1
ramos,1
struggle,30
egyptians,1
aisle,2
messages,2
arrived,6
loud,5
second-guessing,1
grade,6
reassure,1
comforted,4
zell,1
disappearing,1
indicate,1
girls,13
witnessing,3
hollywood,1
inflow,1
solemnly,1
measurably,1
villager,1
villages,3
somewhat,1
begins,7
distance,3
anxiety,1
here's,2
structures,3
preparation,1
matter,20
street,8
deserving,1
enables,1
extracting,1
sees,2
palace,2
modern,11
mind,11
mine,1
all-time,1
seed,1
seen,49
seem,7
seek,35
tells,1
chest,1
worsening,1
tunnels,1
panel,2
assisting,1
don,1
alarm,1
deliberate,5
dog,1
blum,1
competitors,1
points,6
principle,15
throwaway,2
consumer,1
urgency,1
hunger,4
retire,1
brilliance,1
ending,9
treaties,3
attempts,3
chartered,1
poison,2
sneaking,2
judges,9
resisting,1
unleashes,1
undignified,1
explain,6
folded,1
sugar,2
unleashed,1
judged,1
folks,17
jailed,4
bahrain,3
exports,4
reconstruction,15
endorse,1
stop,28
coast,29
quarters,1
comply,4
earn,6
fields,5
internationalized,1
bay,1
bad,6
briefed,1
troop,4
ban,1
fertility,1
ears,2
ethical,19
unworthy,1
testing,13
zones,2
decided,8
mres,1
armageddon,1
subject,5
said,56
artificial,2
there's,48
tolerance,9
patients',1
ignorance,1
weary,1
tripled,2
sub-sahara,2
suggested,2
maneuvers,1
genocide,4
uncertainty,7
against,121
distinction,3
contribution,5
confronted,7
malaria-related,1
council's,1
appeared,1
guaranteed,1
hardworking,6
initiative,18
aftermath,1
administrations,1
line-item,1
apprehended,4
sniper's,1
targeting,2
puts,2
basis,4
regenerate,1
frist,4
patrolling,4
three,45
tiny,1
commission,4
interest,16
basic,23
entered,4
lovely,2
sunnis,2
loosely,1
deeper,4
prosperous,4
quantities,2
dismiss,3
personally,3
sad,1
tank,1
affirm,4
illiteracy,1
economies,6
remaining,4
near,6
abuts,1
reconnaissance,1
balance,9
study,4
seven,15
cane,1
doha,2
mexico,8
semper,1
is,1265
it,606
defeated,10
ii,4
in,2188
if,141
grown,4
overstated,2
waging,1
finalize,1
fatherless,1
saw,29
make,202
everybody's,1
colonies,1
confronting,11
grows,6
mentor,1
meets,5
advocate,1
governors,6
opportunity,56
he'll,14
teachingyours,1
practiced,3
programs,33
unconditionally,1
failing,5
inherit,1
materials,11
qualities,3
claims,3
scientifically-based,1
yours,3
left,39
just,117
sentence,1
unfair,6
fighters,5
identify,4
transforms,1
human,109
plug-in,1
facts,6
yes,18
yet,120
buyers,2
candidate,4
agile,1
regarded,1
character,36
leading-edge,1
save,36
designate,1
two-state,2
stockpiling,1
supervisors,1
background,3
wanting,1
dreams,13
shoulder,2
dignity,42
patience,7
performing,6
arrivals,2
capitals,1
deal,20
somehow,5
dead,6
dear,3
short-term,2
untended,1
daytime,1
iwo,1
conquering,1
encourages,3
bold,3
plot,7
burn,1
blackmail,4
popular,6
sift,1
confrontation,1
super,1
outproduce,1
conceal,1
afternoon,1
commit,8
nerve,2
intellectual,1
negative,1
down,60
fumes,1
doctrine,1
frightened,2
murderers,2
initial,7
stalk,1
leon,1
starve,1
form,5
failure,14
surrender,4
analyst,1
protestant,1
builds,2
emboldened,7
prevents,2
benchmarks,3
stages,5
occupiers,1
propaganda,1
diagnose,3
strengthening,9
kwasniewski,1
covert,1
shia,5
one-third,3
sale,1
cure-all,1
revitalize,1
stirrings,1
anthrax,6
ship,1
die',1
marking,1
discriminate,3
excel,2
al-suhail,1
adjourning,1
faction,1
clear-cut,1
felt,14
fell,2
reign,1
authorities,9
weekend,2
unlocking,1
died,9
derail,1
billion,28
happening,6
assume,5
santorum,2
daily,8
premiums,1
profits,3
precise,1
managed,1
relieve,1
souls,2
themes,1
manager,1
mile,4
skin,3
resourceful,1
hijacked,2
suicide,6
praises,1
deceitful,1
outdated,3
technique,1
father,4
iraqi,156
finally,14
praised,2
marks,2
stabilizing,1
suffered,8
inciting,1
defying,3
governments,39
materialize,1
dim,1
did,61
die,5
proposals,7
democrat,2
travels,1
goodlatte,1
excellence,2
round,2
talked,6
fearing,2
dealing,6
measurable,1
high-profile,2
targets,4
afghanistan,78
lennox,2
seventy-four,1
reunite,1
suspect,2
somalia,1
landslided,1
international,32
unrestricted,1
filled,8
transportation,5
slower,1
guardian,1
victimized,1
bioethicists,1
kilometers,1
deceit,1
implanted,1
earthquake,1
wait,7
box,2
boy,1
canadian,1
institute,2
shift,2
jungles,1
exploitation,1
bob,1
genuinely,1
teenage,1
treasure,1
merely,2
undersigned,1
refuses,1
flexibility,4
patriots,1
subverted,2
verge,1
everybody,3
troops,75
sake,5
lieutenants,1
joyous,1
visit,4
france,1
cabals,1
sharpen,1
swagger,1
sharing,6
condescension,1
bioterrorism,3
acceptable,3
effort,48
capturing,5
fly,4
avoiding,1
soul,6
growing,29
making,48
repressing,2
arrive,3
dosage,1
deceased,1
claim,8
classrooms,1
servant's,1
predict,3
winston,1
agent,2
battered,1
council,38
chemical,19
hostage,1
sunday,4
pure,1
sworn,6
staying,4
designer,1
may,66
max,2
membership,1
mae,2
mad,3
destructive,6
guys,2
grow,22
man,35
outline,2
johnson,4
hanukkah,1
long-range,4
maybe,3
borrowing,1
outpouring,1
inhabitants,1
switch,2
jail,1
silence,3
unleash,1
talk,11
shield,5
disclosure,1
gradual,2
stability,13
introductions,1
cuts,12
argued,3
equip,1
setbacks,3
texan,1
group,15
monitor,3
interesting,3
undermined,2
writers,1
policy,37
ours,4
main,6
undermines,1
texas,8
finance,4
views,3
lunch,2
aspirations,5
killed,15
developments,3
possess,4
battlefields,2
boehner,3
rock,1
hijack,1
liberating,4
latin,5
party's,1
conventions,2
tempore,1
girl,3
morning,19
canada,1
living,19
napolitano,1
interference,2
condemns,1
imperative,1
emerged,2
entitlements,3
dominate,7
correct,6
ethicists,1
earlier,4
dominated,1
pumping,1
ever-widening,1
california,4
org,2
regimeit,1
forbids,1
advance,38
language,4
where,85
worrying,1
thing,26
think,29
waited,2
first,105
dwelling,1
fleeing,1
americans,201
long,72
carry,16
corporations,1
sounds,1
little,21
anyone,11
speaking,4
bloodshed,1
eyes,5
broadcast,3
infiltrate,1
automakers,11
mutilation,2
protected,9
venture,1
were,122
baucus,2
gathering,7
taxpayers',3
voices,6
conspiracy,1
occupied,3
efficient,5
answering,1
shocked,1
endangered,1
potential,24
ob/gyns,1
performance,6
registered,2
pain,5
normal,7
track,12
paid,7
assault,2
tracy,1
especially,19
homesteading,1
fills,2
massacres,1
alarming,1
repeatedly,1
shop,2
shot,3
show,52
disunity,1
representatives,14
drawings,1
threshold,1
corner,2
deportation,1
fend,1
specifically,1
dick,1
behind,43
black,2
raising,10
treasury,1
enthusiasm,2
awareness,2
ranking,2
get,78
contracts,1
biodiesel,1
out-of-pocket,3
employers,18
killers,15
nearly,40
dewine,1
unethical,2
blends,1
opining,1
mattis,1
yield,6
summary,1
miles,8
finishing,1
vacancies,1
declared,15
honesty,1
bill's,2
seat,1
relative,2
declares,1
eliminating,5
seal,1
stigma,1
dialectic,1
wonder,1
indicted,2
steadfast,4
klieg,2
boundaries,1
enough,26
house-to-house,1
streaming,1
reading,13
checks,6
affordable,14
infrastructure,11
august,2
parent,3
legitimacy,2
jr,1
killing,8
sandstorms,2
jo,3
dates,1
according,3
tour,2
disappointment,5
among,23
stretches,1
spann,1
maintained,1
grants,9
no-fly,1
custody,2
considering,1
sensible,3
underworld,1
capable,13
mark,1
borders,33
mary,5
educated,4
offered,10
dramatic,9
wake,4
declaration,4
those,152
sound,11
non-profits,1
divisive,1
invigorate,1
associates,1
ongoing,5
promising,7
investigating,1
awakened,1
ulysses,1
conferences,1
eventually,9
endowed,1
coffee,3
sleeping,1
cluster,2
sudden,8
scavenger,1
wisely,7
movements,5
different,51
synagogue,1
harsh,7
doctor,1
pay,33
same,57
theocratic,2
speech,13
hospitablei,1
struggling,4
dishonorable,1
exhaust,1
extended,2
assist,3
incarceration,1
companion,1
running,12
disadvantaged,2
totally,1
largely,5
iraqis,61
roughly,2
mortgages,4
accountable,6
solve,6
bottle,1
gates,1
gangs,2
money,59
fueling,1
sights,2
aspect,4
lifelines,1
nick,1
reentry,1
summer's,1
extensive,3
careers,1
grip,1
administration's,1
jake,3
schwarzenegger,1
admitting,1
grid,1
mom,10
secrecy,1
aiming,2
blankets,1
grim,4
christina,1
illiterates,1
macarthur,1
christine,1
identifying,2
serves,7
facing,12
chamber,13
miraculous,1
either,6
served,9
voluntarily,2
nice,2
jews,2
negroponte,1
imprisonment,1
dole,1
images,5
nazism,1
organizing,1
matching,1
mustard,2
booming,1
confirm,1
sudan,1
colonial,1
footing,1
pioneer,1
critical,13
expressing,1
staffs,2
airways,1
seconds,1
kyoto,1
dictators,7
broken,8
despicable,1
georgewbush,1
squarely,1
roaming,1
untamed,1
conducting,4
stations,1
island,2
violence,53
generated,2
practical,7
airline,2
pockets,1
mounting,3
sadistic,1
provisional,1
road,10
lands,5
fertile,1
spreading,6
skilled,4
blessed,8
out-patient,1
harness,2
einstein,3
jerusalem,2
one-fifth,1
almighty,2
totalitarian,4
fates,1
decisive,11
strikes,4
sophisticated,3
-wheelers,1
gore,1
wasn't,4
drills,1
grudging,1
emissions,1
videos,4
deep,15
general,29
imagination,1
examine,4
lifetime,3
deterrent,1
syrian,4
casualty,1
fill,8
again,43
amendments,1
istanbul,1
personnel,14
drivers,3
hybrid,2
bragging,1
president's,3
shelter,6
important,79
chris,1
breaux,3
de-baathification,1
remote,2
assets,9
recklessness,1
u,35
kuwait,9
resolution,9
adjutant,1
represent,9
colleges,4
forget,19
grassroots,3
forbidden,1
allergy,1
dollar,1
founded,3
commute,1
talks,2
children,129
reluctant,1
shattered,3
modernization,2
captivity,3
mandela,1
premium,4
returning,4
lianna,1
scout,1
fall,13
difference,9
alien,1
dictatorship,5
mothers,12
flyover,1
saudi,14
biological,19
neighborhood,4
portable,1
zero,1
perception,1
perspective,2
unthinkable,1
further,19
residue,1
stood,9
mobilizing,3
abu,3
novelli,1
tribute,3
everlasting,1
public,36
movement,12
malaria,6
nation's,24
ranges,1
beacon,3
operating,6
standard,8
search,14
tempting,3
airport,3
misery,2
narrow,2
regime's,5
authorize,4
buses,1
stave,1
transit,2
africa,25
emptied,1
sanction,1
suits,1
armed,22
readily,1
shareholders,1
eye,1
distinct,1
astrodome,1
codify,1
destination,1
two,74
governance,1
achieving,3
hegemony,1
formality,1
staggering,2
mankind,5
family's,1
landed,1
controlling,4
particular,5
none,7
hour,11
middle,97
recall,1
des,1
roosevelt,3
guards,1
remain,17
pressing,3
clergy,1
pioneered,1
strategies,5
hormuz,1
specialized,1
hovels,1
lingered,1
compare,2
bravely,2
expeditiously,1
approved,4
share,37
confirmation,1
numbers,6
purchased,4
traffickers,3
sharp,1
protectionists,1
needs,48
allawi,1
comfort,6
patton,1
maps,2
sacred,3
portfolios,1
profiting,1
uprising,3
advice,3
ambassador,3
blood,7
faculty,1
response,18
crowded,1
onto,2
crippling,1
mislead,1
coal,3
responsibility,42
playing,8
that's,60
infant,2
heartfelt,1
deploring,1
industrial,1
through,79
heirs,2
existence,2
suffer,7
g-,3
possessions,1
scully,1
late,11
resentments,3
arguments,1
harmed,1
good,155
seeking,7
encouraging,11
obeyed,1
iranians,2
stepped,4
association,7
mystery,1
easily,2
exiles,2
holiest,1
evade,1
habits,4
harboring,3
ports,2
harm,15
everyone,11
mental,1
bankrupted,1
house,40
energy,43
hard,67
idea,8
engaging,3
oil,25
connect,3
insurance,33
initiatives,8
funding,48
discouraging,2
participants,2
they'll,3
fortitude,1
stewards,4
bully,1
pathetic,1
circumstance,1
enforcing,2
difficulty,1
members,86
backed,4
beginning,24
benefits,32
inspection,1
computers,1
conducted,3
harris,1
bullies,1
waged,2
reservists,1
done,56
wages,4
smoother,1
revive,2
least,18
militant,1
regulation,4
statement,1
compromise,1
part,49
doctors,23
believe,82
carnage,2
farming,1
horizons,1
gotten,2
spirited,1
contrary,2
supposed,5
jaish-e-mohammed,1
treated,3
nominee,1
reunion,1
ages,4
three-quarters,2
meltdown,2
confirms,1
orders,10
mountain,3
built,8
depending,1
majority,11
lifts,1
build,68
province,6
most,123
significant,7
services,20
extremely,2
goodwill,3
--helpnow,1
humanitarian,3
charitable,3
joining,5
sector,7
thomas,5
particularly,6
obligations,6
scattered,1
gitmo,1
sanctity,1
businesses,33
malignant,1
carefully,6
fine,13
find,56
giant,2
dividing,1
nervous,1
ruin,2
waiting,3
freedoms,5
generators,1
devastate,1
permission,1
qaeda-iraq,1
express,1
cheaper,1
courage,46
breast,1
expedite,2
restart,1
resolve,32
gunner,1
transitional,3
doubled,7
common,25
doubles,1
scenes,3
lion,1
individual,12
unmistakable,2
`ashley,1
expert,1
multiparty,2
leadershipi,1
please,11
cheney's,1
burned,1
donate,1
ningn,1
responses,1
intimidated,2
complement,1
aircraft,4
premise,1
pull,1
guantanamo,1
reverse,2
radicals,1
powers,5
annual,5
foreign,31
baltimore,1
point,25
simple,5
tennessee,1
simply,4
unsuccessful,1
openness,2
volunteered,2
throughout,25
expensive,3
helms,2
raise,11
create,43
creativity,7
rivals,1
secret,6
dropping,1
kurds,2
gas,6
cruelty,6
gap,3
six-party,1
understand,36
prices,6
politician,2
raw,1
solid,3
bill,64
tolerate,1
elections,29
replaced,2
withdrawing,1
fun,2
portugal,1
century,35
violently,1
itself,16
italy,3
dishonor,1
textile,1
departures,1
development,15
yesterday,5
husbands,3
moment,31
barbour,1
purpose,25
koch,1
timid,1
consulted,1
army's,1
task,19
rules,7
spent,11
flags,1
withdraw,1
landmark,3
entry,4
spend,18
prevention,5
-second,1
profoundly,1
shape,6
openly,2
atomic,2
unesco,1
alternative,11
injuries,2
discipline,3
cut,30
disappointed,6
source,12
deliberately,1
bravery,5
hospitalizations,1
bin,7
big,11
rebound,1
displace,1
clay's,1
matters,5
knock,1
homefront,1
often,18
absolutely,5
extremism,5
back,72
extremist,4
strongest,1
examples,3
mirror,3
weekend's,1
nicaragua,1
ourselves,14
pronounced,1
scale,7
jewelry,1
affects,1
decision,18
integration,1
per,4
pell,5
connecting,1
eliminate,10
epic,1
eyeglass,1
visionary,1
patient,7
krissoff,3
remembered,4
continuing,7
virtues,1
hostages,1
lottery,1
goods,5
consumption,1
graduation,2
drama,2
pollution,2
liberator,1
aliens,3
invading,1
neutrality,1
inhospitable,1
steven,3
lesson,5
bankruptcy,12
chalmette,1
five-day-old,1
infected,5
forward,48
opponent,7
invite,9
hizballah,2
immigration,46
hoped,1
boys,7
hopes,18
directed,11
homeownership,5
fissile,1
casablanca,1
planet,2
planes,2
constant,2
hardest-hit,1
single,27
cure,1
dragging,1
whippings,1
denying,2
gainesville,1
excuses,1
accounted,4
assassinate,1
explaining,1
lend,1
prepared,15
intensified,1
restoration,1
desert,3
rallied,6
statesman,1
healers,2
vehicles,3
oppress,1
failures,6
enrichment,3
dogged,1
restraining,2
disintegration,1
graves,5
appointed,2
intensive,1
breaches,1
helps,5
maryland,1
opponent's,1
huddled,1
putting,7
reverberate,1
surgeon,1
entire,13
moderate,2
respectful,3
shock,3
populism,1
mobilize,1
flex-time,1
havens,8
warheads,1
uncomfortable,1
replicated,1
depression,7
contingent,1
doctrines,2
reconciliation,6
chicago,2
giving,22
anthem,1
assisted,1
inconveniences,1
access,11
industrialized,3
exercise,3
body,10
ration,1
exchange,4
healing,2
others,50
sing,1
safer,20
preamble,1
broad-gauged,1
talent,5
lower-income,1
stalks,1
lujan,1
climb,2
proof,1
honor,51
named,9
presidents,10
private,26
manny,1
decrease,1
names,2
oval,8
resolutions,16
sermon,1
clocking,1
liberty's,1
nobel,1
themselves,14
deepest,8
upcoming,1
trail,1
train,16
harvest,1
account,24
f,1
contagion,2
assumptions,1
praise,1
closing,2
industry,9
fringe,2
effectively,9
reserves,1
fulfillment,3
employs,1
contempt,2
native,1
varied,1
democracy,85
vmi's,1
timetables,1
holds,2
hampshire,4
regions,7
responsibilities,30
winners,2
stock,7
profile,1
buildings,4
highs,1
philosophy,3
leukemia,1
collection,5
legality,1
bombers,4
chasing,2
cratering,1
lines,14
guatemala,1
chief,14
aigner-clark,2
addiction,5
cease-fire,7
alito,2
wedding,1
disarm,14
inaugural,1
hugged,3
decimated,2
agricultural,2
bunch,1
industries,2
bridges,3
negotiated,1
mortar,1
ample,1
winning,6
heroism,1
usaid,1
marsh,1
revives,1
criminal,1
dad,7
greater,45
bolder,1
dan,3
cutting,3
mandate,4
insisting,2
kindness,4
day,106
applicants,1
february,2
airports,2
-percent,3
identified,1
sin,1
arlene,2
slipping,1
experienced,6
waking,1
burdened,2
defend,51
repress,2
mate,2
announced,7
frank,1
payroll,5
fourteen,1
clarify,1
approaches,1
afterward,1
quo,3
chiefs,1
cured,1
automatic,4
ghraib,1
allied,3
mortal,2
barriers,6
retain,1
retail,2
south,14
finest,3
militarism,2
reaches,5
strategic,9
franks,1
improvements,7
lagging,1
reached,7
owning,2
ancient,3
sadly,1
palestine,6
pakistani,1
georgetown,1
gear,1
explanation,1
acquire,3
environmental,3
terroristsfrom,1
unfurling,1
reaffirm,2
discretionary,4
loved,13
shrapnel,1
compensation,1
embody,1
powell's,1
provoke,3
imaginative,1
comfortable,3
tide,3
unlikely,1
have,832
dictate,1
continents,1
colburn,3
incentive,4
mix,1
concerns,5
rediscovered,1
unless,12
disappointments,4
eight,13
preliminary,1
prisoner,2
herman,1
gather,8
request,5
disease,20
occasion,1
supported,7
supporter,2
staff,7
inspiring,1
communism,8
grabbed,1
knowledge,9
madman,1
sarin,1
communist,1
cockpits,1
regularly,2
hijacking,2
exceptional,3
bear,5
swiftest,2
embajador,1
areas,20
teams,9
command-and-control,1
tightening,3
fixed,1
experiences,4
madam,4
exists,2
national,69
zabedah,1
greece,2
phases,1
exploited,3
attempting,4
clearing,4
ralph,2
discounts,1
difficulties,1
phased,1
routine,1
ebola,1
progress,66
boundary,1
admiration,1
janet,3
helicopters,1
weak,9
sorrow,9
deliver,15
jeopardizing,1
implementing,1
instant,5
freely,2
taking,35
equal,12
fulfilled,5
assure,4
passing,12
glorious,1
otherwise,3
disarmament,4
laugh,2
manhood,1
mafia,1
nomination,1
deliberation,1
tremendous,4
it's,102
attends,1
gaza,2
proposal,8
kitchen,1
ramallah,1
define,5
adapting,2
arises,1
aubrey,1
newly-enrolled,1
overwhelmingly,2
climate,2
assert,1
finished,2
tense,1
fellow,59
volunteer,4
kenya,1
divisions,7
welcoming,3
defining,6
excusing,1
value,21
entrepreneurial,3
promoted,1
frustrating,1
almost,18
dissent,4
taxpayer-funded,1
respected,4
arabia,9
partner,6
arabic,3
productivity,1
landmarks,1
administration,41
powell,9
frivolous,5
injured,1
tighten,1
material,8
toil,2
reporting,2
sisters,1
giuliani,2
judgment,1
scholars,3
tighter,1
insure,1
recourse,1
center,13
nevertheless,2
weapon,9
thought,16
procurement,1
sets,2
position,12
creators,1
soviet,8
fetal,1
peacefully,3
arming,4
executive,9
domestic,7
interim,1
comp-time,1
widen,1
field,11
flee,1
onward,1
lake,1
rebate,1
add,16
citizen,13
crops,3
successor,1
smart,3
resolved,3
tests,8
articles,1
deployment,2
displaced,5
lianna's,1
success,31
interrupt,1
vibrant,3
admitted,3
self-reliance,1
journalist,1
heed,2
works,13
soft,1
accessible,2
uplifted,1
authority,12
ideals,17
wider,3
convey,1
recommendation,1
proper,2
supportive,2
happens,3
unpredictable,1
hurricane,9
students,19
assuming,1
rockets,3
chains,1
regain,2
conference,2
lieutenant,2
host,3
expire,6
worthy,5
preventative,1
simpler,1
nonnegotiable,1
seriousness,1
about,151
boards,1
shaking,1
certainty,3
flake,2
blessings,1
prevailing,1
billions,4
chronic,1
guard,27
yorkers,1
rushed,1
firefighter,1
awarded,1
biggest,3
maze,1
conclusive,2
buy,16
brand,2
but,252
reminds,1
plague,3
high-skilled,1
bud,1
wise,6
wish,14
minutes,2
plutonium,1
supreme,2
deaths,4
well-defined,1
periods,1
ambassadors,1
shooting,1
identities,1
hospitalization,1
commander-in-chief,5
corporation,2
detail,1
detain,1
unaccounted,1
dresses,1
dictatorships,3
weaponry,1
christians,2
bioshield,1
starting,9
baker,1
waiver,2
biotechnology,2
yell,1
limited,1
hats,1
facilities,10
earmarks,8
sleep,2
appetite,3
hate,4
poorly,2
feeding,4
violate,4
paris,2
bureaucrats,2
poorest,1
under,47
pride,7
risk,17
legislatures,1
rise,24
every,239
encounter,2
school,53
conceive,1
dilulio,1
civilization's,1
bachus,1
relics,1
enjoy,4
leaders,71
consistent,3
guidelines,3
direct,9
surrounding,4
fabulous,6
infiltration,1
shining,1
blue,1
hide,8
solemn,8
selected,1
liberty,97
conduct,13
supplies,12
seeks,3
kicked,1
york's,1
market-oriented,2
hundreds,13
flores,1
ethanol,4
represented,4
path,46
biloxi,3
aig,1
property,7
forum,2
leaves,2
changed,16
analysts,3
abolition,1
changes,10
punishment,1
york,14
julio,1
straw,1
julie,7
strap,1
visible,4
perpetuates,1
swings,1
would,183
hospital,8
distributing,1
sobered,2
raids,6
assessment,5
naive,1
grief,7
connecticut,1
casualties,2
must,293
me,106
join,34
tissue,1
mr,25
my,203
quarrel,2
ingenuity,2
diminished,2
preserving,1
mayhem,1
times,49
attract,2
guarantee,5
ceremony,2
legislate,2
end,54
conversation,1
sitting,4
regaining,2
toxin,2
gate,2
widespread,2
charging,3
mess,2
demanding,4
wellin,1
mazar-e-sharif,1
amid,2
unpunished,1
ultimate,6
enter,9
preventive,3
harlem,1
reforming,5
executed,3
untold,1
over,95
expects,2
london,4
reformers,4
imf,5
expectations,4
mongolia,1
writing,2
destroyed,18
reprogramming,1
iowa,2
diseases,16
prevented,5
terrorists',4
shadows,3
netherlands,2
shadowy,2
chuck,1
harming,1
filling,2
capricious,1
victory,33
each,32
lasting,7
consolidate,1
prohibit,2
signing,4
genocidal,1
celebrating,1
railed,1
combining,1
saturday,1
overcame,2
ennobled,1
driving,2
god,54
laid,2
millennium,3
banning,1
got,52
newly,4
gov,1
independence,9
arizona,9
free,126
streamline,1
lyndon,1
wanted,7
jubilant,1
grasses,1
days,37
priorities,11
tolerant,1
heck,1
hopeless,3
aspire,1
cooperating,1
inspectors,23
rang,1
already,36
researcher,2
primary,9
rank,1
hearing,3
philosophical,1
relations,5
awoke,1
selfless,2
inmate,1
revival,3
top,7
confirming,1
ballistic,5
too,47
tom,6
percentage,2
urban,3
murder,31
extremists',1
tool,5
serve,46
took,16
western,5
longer-term,1
abandoning,2
nonpartisan,1
frankly,2
nominate,3
bloated,1
immigrants,23
up-or-down,3
final,10
reconstructing,1
classes,1
company's,1
prone,1
ran,2
non-public,1
talking,6
botswana,1
wagered,1
ray,2
protectedand,1
membersand,1
steamboat,1
-,18
isolated,6
thorough,3
predominantly,1
upholding,2
hatch,1
effectiveness,5
rides,2
peoria,1
who've,2
glimpsed,1
though,7
mother,4
rumble,1
innovate,1
plenty,1
disarmed,2
explosives,2
treats,1
tanzania,1
devastating,3
flow,6
treaty,2
orderly,5
non-mexican,2
enterprise,13
sanctuary,4
inspire,4
reductions,3
reorganize,1
random,1
aspires,1
radio,1
solutions,2
earth,16
endowment,5
spite,1
situations,2
delays,1
announce,7
borrowed,1
asbestos,1
hostility,1
watch,14
shutting,1
tuberculosis,2
despite,5
report,19
dejaremos,1
subservience,1
countries,56
twice,4
shots,1
ruins,5
farther,1
large-scale,1
swept,1
proclaims,1
resist,2
pepfar,1
corrupt,1
tommy,5
capacity,4
temptation,5
finger,3
approach,9
discovery,1
badwe,1
however,16
boss,1
southeast,3
wear,6
censorship,1
dedication,1
news,11
pflugerville,1
improve,29
faced,19
protect,63
fault,2
players,2
faces,12
unheeded,1
expense,2
epidemic,1
viruses,1
comprehension,1
trust,40
bureaucratic,1
code,9
faltering,1
been,174
quickly,20
beneficiary,2
confident,20
spread,17
expected,5
captives,3
containers,2
drugs,27
republicans,11
speeches,1
darfur,1
enterprises,2
catch,8
deliberations,2
antiretroviral,1
lessen,1
kentucky,1
n,24
teachers,10
stopping,2
chunked,1
expenses,6
experts,6
experience,12
ramifications,2
containing,5
suggest,1
wound,1
beside,2
complex,6
several,8
forsaking,1
decision-making,1
greeted,1
unyielding,1
cycle,4
shortly,2
charlie,2
possessed,3
ocean,2
savings,20
greatest,20
detained,3
detainee,1
hearts,8
alabama,6
possesses,1
dads,1
assembling,2
appease,1
departed,1
proposed,7
unemployment,5
laptop,1
grades,3
completed,1
bugged,1
purchasing,2
ever-higher,1
steny,1
teenager,1
technological,2
humanity,13
gave,17
fallujah,3
casting,1
tactic,1
low-income,10
advances,10
breaks,2
cultural,1
descending,1
battled,1
judge,1
burns,1
advanced,10
apart,4
melting,2
brutality,5
gift,13
zeal,1
hunt,1
purveyors,1
specific,5
offices,2
officer,3
arbitrary,2
envision,2
superintendent's,1
successfully,1
proudly,1
donald,1
election,9
escape,5
intellect,1
embodied,2
proceeding,1
combat,13
establish,20
ice,1
rio,1
everything,16
musharraf,1
maliki,1
christmas,3
cord,2
core,2
mother-to-child,2
baltics,1
corn,1
truer,1
discount,3
newcomer,1
permitted,3
meyer,1
chapter,4
weapons-of-mass-destruction-related,1
attacks,42
surround,1
undocumented,7
dinner,3
plus,2
steadily,1
efforts,53
outlines,1
demise,1
presence,3
civil,8
worksite,2
obtaining,1
entrepreneur,2
accomplishments,2
donated,1
existed,1
rely,2
outbreaks,1
indispensable,1
transform,4
class,9
stuck,2
fought,17
fairness,3
gil,1
head,6
-year,1
attempted,2
heal,1
differences,13
buckingham,1
heat,2
hear,16
solar,2
sustained,7
removed,6
counsel,4
submitting,1
front-line,2
suspicions,2
despotism,1
reenter,1
check,3
regime,78
willingly,1
faithful,5
inborn,1
no,170
moment's,2
when,223
perfected,1
tim,3
setting,3
stagnant,2
complicit,1
papers,1
tie,1
vanished,1
unbalanced,1
eternity,1
picture,5
permitting,2
cede,1
football,5
uniformly,1
trailers,1
stops,1
younger,8
faster,4
bullet,1
vigorously,1
apprehensions,1
withhold,1
uncovered,6
vietnam,3
unchallenged,1
serious,23
neighbors,17
coach,1
ron,1
alternatives,3
focus,26
leads,13
roy,1
row,1
essentials,1
passage,2
environment,10
charge,9
trustees,1
promoting,5
weakening,2
discovering,1
broadly,2
crate,1
emphasizes,1
tanks,1
feel-good,1
cool,1
clouds,1
level,16
philippines,4
posts,2
standards,30
quick,3
says,10
tougher,1
trend,2
invaded,2
comforting,1
trent,2
port,2
substitute,3
constitution,14
deluded,1
evacuee,1
patrols,5
pleased,10
goes,10
water,18
abandon,9
baseball,2
groups,34
constructive,1
supplying,1
thirty,1
healthy,8
guilty,2
descended,1
exams,2
hospitality,2
giulianias,1
emerge,7
morals,1
chaired,2
morale,3
sanitizing,1
crisis,37
stated,2
sports,4
wrongs,1
andy,1
criteria,1
usafreedomcorps,1
today,118
kerry,1
casey,1
fuel,6
first-hand,1
cases,9
insights,1
local,50
judd,2
districts,3
minimum,1
attain,2
figure,2
kyl,2
accepts,1
dropped,5
counting,1
hydrogen,3
parliamentary,1
requirements,2
coalitions,2
secured,2
eloquent,1
vital,29
fourth,8
endorsement,1
ensure,43
condemn,2
secures,1
unbelievable,1
huge,12
impartial,3
clone,1
logistical,1
eighty,1
islamic,14
birthday,1
eighth,1
classroom,3
branches,4
succeeded,4
enemies',2
inform,1
imagining,1
acts,24
checkpoints,1
midnight,2
worship,2
blocked,2
fedayeen,1
he's,39
civic,6
platform,1
offers,11
farmer,1
coordinated,2
happened,15
lonely,5
moms,2
devastated,1
qualified,2
hamilton,6
campuses,1
term,10
equality,2
name,8
stabilize,1
corners,3
debating,3
possibilities,3
realistic,2
levees,3
community-based,1
persian,4
farewell,2
begun,15
suzanne,2
self-government,6
plans,32
ultimately,4
america's,84
factors,1
profit,1
factory,2
payer,1
someplace,1
attracted,2
shouldn't,3
processed,1
theory,2
skillfully,1
dikembe,3
disillusionment,1
impose,8
pandemic,2
motion,1
turn,20
place,57
retreating,3
unborn,1
deceived,2
childhood,2
suspend,2
surviving,2
coming,52
awfully,1
george,17
engineer,1
given,42
ebb,1
district,4
trillion,1
antibiotics,1
returns,3
convention,1
legally,2
white,12
gives,7
hud,1
exploring,1
hug,1
cope,1
season,3
indoctrinate,1
released,4
immigrant,7
population,7
wide,1
nathan,2
unfortunately,7
require,30
diplomatic,6
officials,27
schooled,1
cards,3
marines,8
outcome,9
oath,6
hydrogen-fueled,1
and,4812
armored,1
hmos,1
pro,1
rent,2
sells,1
iraq's,42
any,65
prosperity,26
mourners,1
ideas,8
sciences,2
ideal,7
restaurant,1
strengths,7
blunt,2
urge,16
sure,54
botulinum,2
clearer,2
falls,1
visitors,1
multiply,1
cleared,4
considered,4
jakarta,1
later,9
unwisely,1
hungry,2
koran,1
trafficking,3
unkept,1
senior,8
drastically,1
applauding,1
dirge,2
'you've,1
gulf,24
favor,3
written,6
crime,10
wood,2
viewpoint,1
jazz,1
expectation,1
treachery,1
homestead,1
reveal,7
aluminum,2
orphans,2
chertoff,4
impolite,1
predicted,2
discussing,4
deterring,1
ignored,1
imposing,2
violated,5
college,14
collects,1
ability,13
cadets,3
fails,4
detect,3
voluntary,2
mortgage,2
farmers,7
federal,89
review,9
commitments,15
weapons,111
outside,9
corridors,1
multiplied,1
ink-stained,1
floundering,1
cities,16
come,113
reaction,3
missions,7
libya,4
spared,2
successes,2
region,56
jericho,1
quiet,8
contract,1
senator,29
deported,1
duty,39
pakistan,7
centralizing,1
provocation,1
pot,2
period,14
insist,3
resentment,11
reagan's,3
white-haired,1
pundits,1
approval,1
endeavor,1
turkey,2
saudis,1
howard,3
jon,1
peaceful,26
helicopter,1
cords,2
confessions,1
engine,1
direction,11
reimburse,1
blessing,1
andrew,1
minister,12
careful,3
irrelevant,1
champions,1
pilot,2
case,18
myself,3
mount,1
cash,4
arnold,1
cast,4
performance-enhancing,1
interconnected,2
fetuses,1
smoot-hawley,1
telephone,1
couples,3
someone,2
at-risk,1
refiners,1
decisively,4
roscoe,2
participant,1
author,7
screeners,1
granted,6
reminded,4
revitalized,1
trip,1
shifts,1
universality,1
hermis,1
reminder,9
events,11
week,13
applaud,1
nest,4
refusal,1
director,9
persons,1
canister,1
changing,9
vowed,1
implements,1
longing,1
weakened,1
pennsylvania,3
without,58
relief,47
relied,2
model,3
reward,7
researchers,7
justify,2
disloyal,1
tip,1
guided,8
actions,21
risking,2
lavish,1
violent,12
cease,3
perilous,2
captured,12
blow,7
announcement,4
speculate,1
liters,4
we've,80
seems,7
except,5
lets,1
bloc,1
samples,1
risk-adverse,1
poised,2
disrupt,7
scheduled,3
virginia,4
traffic,1
inflation,3
schedules,1
accepted,5
acute,1
kennedy,4
patrick,1
reduces,5
sanity,1
donations,1
reduced,3
iran's,1
deduct,1
burdens,5
madrid,2
competition,6
table,5
intact,1
provided,10
caribbean,2
swaps,1
renounce,1
freer,3
legal,25
provides,9
freed,2
slaughter,1
outreach,1
pastors,1
terrified,1
resurrection,1
'the,1
on,635
subdued,1
oh,4
of,3433
discussed,1
medicare,55
stand,47
tariffs,2
discusses,1
or,292
ladies,9
communication,2
spinal,1
rising,14
determine,8
berlin's,1
there,172
hazards,1
racism,1
strict,1
strong,57
dislocated,1
cultures,4
valley,3
fundamentals,1
regard,2
amongst,2
cabinet,7
promote,15
longer,26
applying,4
katrina,4
grasp,1
grass,1
strongly,8
frighten,2
totaling,1
britain,5
together,95
politics,9
orrin,1
deserve,24
compel,1
nonsecurity,1
requested,1
conspiracies,1
separate,1
symbol,6
includes,10
kolbe,1
bullets,2
included,3
al-qaeda,3
assassins,3
arsenals,1
calls,3
wife,7
invest,10
directors,1
expenditure,1
all,446
lack,6
executing,2
follow,12
settlement,1
decisions,43
alcatraz,1
glimpse,2
remarkable,1
lining,1
subjected,2
acting,9
opportunities,9
removal,2
program,51
defuse,1
activities,4
woman,10
worse,7
egyptian,2
far,37
rod,3
unregulated,1
sons,2
worst,8
ticket,1
treating,2
evertz,1
list,1
plotting,7
salute,1
lisa,2
escalation,1
ted,1
rate,5
design,7
settled,2
nba,1
functioning,1
what,140
hesitation,1
deeply,8
anniversary,2
version,1
womb,1
hopelessness,2
tragedy,13
thrift,1
jake's,1
naval,2
extraordinary,4
safia's,1
allows,7
extremes,1
outposts,1
options,13
suddenly,4
screens,1
proceed,3
forcefully,1
branded,1
markets,37
minor,3
israel,17
knows,6
definition,3
flag,6
stick,1
known,18
glad,5
commanded,1
debates,6
salvador,3
self-sacrifice,1
debated,1
perverts,1
seaports,1
challenging,3
brown,1
abandonment,2
ann,2
front-row,1
protective,1
protects,4
arise,4
airplane,2
court,7
advantage,9
desperation,3
rather,5
breaking,2
speeding,1
okay,1
boehnerjohn,1
sponsors,2
reflect,10
lighting,3
proclaimed,2
emergencies,2
shortcomings,1
short,11
supervision,1
shore,1
grande,1
retaliate,1
cruelties,1
tapper,1
turnover,1
don't,49
september,47
developed,5
mission,41
back-to-school,1
flaunt,1
unite,7
per-child,1
islam,9
disagreed,1
style,1
protectionist,3
pray,6
inward,2
might,22
alter,1
somebody,6
generously,1
framework,2
unacceptably,1
milestone,1
communities,30
bigger,2
instructions,2
inequality,1
mastered,1
inherent,1
athletics,1
friendship,3
needless,6
generation,30
oppressed,11
modernized,2
expect,33
inflict,3
theologians,1
clandestine,1
horrifying,1
adhere,1
reverend,1
health,130
hill,2
shipment,2
paradise,1
roofs,4
friday,2
experimenting,1
attendant,1
generate,2
leverage,1
year's,1
prejudice,1
threat,51
consequence,7
fallen,7
feed,7
feel,14
radical,13
traveled,3
feet,3
sympathy,3
obasanjo,1
colombia,4
fees,1
traveler,1
totalitarianism,1
story,20
leading,22
financed,2
coasts,1
rails,2
passed,45
finances,2
recovered,1
headache,1
attendants,1
imperfect,1
option,5
hotel,1
condoleezza,1
convinced,1
king,4
kind,19
vial,1
double,11
instruction,1
colin,4
aims,3
sunni,10
prairie,1
architect,1
risks,6
outdoors,1
undiplomatic,1
tongues,1
cleaner,6
uniforms,1
outstanding,1
strengthen,27
imports,2
higher-level,1
smallpox,1
nights,1
chairman,14
finding,12
donor,1
added,6
electric,6
warnings,2
measures,15
reach,22
screenings,3
shareholder,1
enduring,3
sandra,1
nothing,20
measured,4
achievement,19
stands,8
dealers,3
traditional,1
nationalized,1
medicare/prescription,1
liberate,8
institutions,32
lying,1
kosovo,1
mayors,1
re-defined,1
havoc,2
stoned,1
routinely,1
costing,1
deserts,1
securing,9
apprehending,1
penalty,7
betray,1
unilaterally,1
unsuited,1
ied,1
his,134
founding,10
gains,9
hiv,8
mortgage-backed,1
hid,2
fastest,3
him,37
fallible,1
medicines,7
timeless,1
condolences,1
activity,2
sustainable,6
precaution,1
relentless,3
wrote,8
art,1
achieved,19
intelligence,47
tarps,1
achieves,2
defense,23
are,812
chambers,6
practices,4
declined,4
youth,4
threats,34
unions,4
dismantling,1
various,1
sanctuaries,3
numerous,2
corruption,6
korea,20
recently,10
creating,16
initially,1
sold,4
attention,10
atrs,1
succeed,23
opposition,2
competent,1
prelude,2
c,10
prescription,24
hesitant,1
oversee,5
small-business,2
became,7
finds,2
flies,1
ranchers,1
reasons,8
smith,2
regulated,1
bataan,1
totalitarians,1
bolster,1
decline,4
incomes,1
overlook,1
political,38
strategy,37
whom,4
manhunt,1
extends,1
clean-energy,1
twenty-eight,1
flight,3
firefighters,4
transferring,1
precision,3
demand,19
plants,2
stolen,1
indefinitely,1
civility,4
employer-provided,1
parents',2
engineers,4
enriching,1
disappointing,1
de-moralize,1
awakening,2
rid,5
alliances,3
reprogram,1
lengthy,1
myth,2
lengths,1
ideologies,5
widely,1
peoples,9
triathlons,1
advise,1
daughters,2
higher,20
arrives,2
paths,2
restraint,1
negotiate,1
restrains,1
holidays,1
flown,1
moving,16
bartlett,1
robust,1
lower,9
earmark,3
blanco,1
anybody,2
analysis,2
edge,4
starved,1
bureaucracies,1
dictator's,1
abilities,1
burden,7
networks,5
competitive,13
questions,16
regardless,2
continent,10
tables,1
illusions,1
advisers,2
workers,87
exclusively,1
violations,4
gerberding,1
associations,1
customers,1
joyless,1
condemnation,1
unlimited,2
kass,1
awaken,1
shaped,5
systematically,4
confront,33
commanders,16
ignore,6
collect,1
distrust,1
unstable,3
essential,29
ulcers,1
understood,3
grenades,1
selfishness,1
modernize,5
fbi,9
gradually,2
adoptive,1
ticking,1
innovation,8
anne,2
martin,3
withdrawals,1
uncounted,1
intense,2
powerplants,2
asserting,1
entrepreneurs,11
firing,3
stricken,1
range,3
militia,5
hatred,17
dwight,1
gamma,1
credible,2
-year-olds,1
conquest,3
gavel,1
credibly,2
resilience,7
canal,1
abbas,1
whims,1
entitlement,2
question,28
fast,5
we're,141
prey,2
analyze,6
mountains,1
plunge,2
memory,3
reassurance,2
marshall's,1
junior,1
deployed,9
patriot,6
consist,1
fulfilling,3
characteristic,1
declarations,1
hasn't,4
full-blown,1
diagrams,1
better-equipped,1
highlight,1
called,38
x-ray,1
fiscally,3
worthwhile,1
shortcuts,1
coordinator,2
warning,5
rally,3
independents,1
endurance,1
peace,136
backs,1
democratically,2
income,23
cultivating,1
generates,2
problems,31
medina,1
hideouts,1
helping,35
meaning,6
allowing,11
vice,14
departments,5
departs,1
humvee,1
broad,10
standoff,1
buffalo,1
once,35
issued,4
steve,6
gang,2
adjustment,1
contributions,7
jima,1
issues,20
uphold,7
disposal,1
dissidents,5
stable,5
breach,1
include,7
fences,1
dramatically,11
breathing,1
seized,4
natsios,1
wishes,8
drinking,2
incoherent,1
underscores,2
dealt,2
alltime,1
settlers,1
concluded,5
smaller,1
you'd,1
procession,1
plead,1
acid,1
universities,1
hourly,1
appeased,1
concessions,3
kennedy's,1
relent,2
capital,14
relocate,1
chose,4
desires,1
pushing,1
youngest,3
explore,5
ukraine,4
larger,11
leaving,9
evading,1
dad's,1
up-to-date,1
deputy,3
egypt,8
recasner,1
apply,10
use,51
fee,2
from,400
usa,6
usi,1
germ,1
few,36
uss,2
december,1
timetable,1
grandest,1
parliament,7
journalists,3
porch,1
infection,2
cooperate,5
symbolizing,1
posturing,1
women,116
pastor's,1
ashcroft,1
anywhere,8
performed,1
arlen,1
patrol,22
tax,97
dripping,1
sectarian,16
carrot,1
something,23
rape,5
sir,3
united,185
sit,4
alzheimer's,2
invulnerability,1
six,8
turkomans,1
fortunate,4
traders,1
privatize,1
instead,32
goldsmith,1
panic,1
banned,2
administrator,4
attend,1
abuse,2
ethnic,2
readiness,1
majorities,1
light,11
honestly,1
spreads,1
looks,2
tyrant,3
interpreter,1
unchecked,1
amputated,1
thuggery,1
frightening,1
ships,4
permanent,17
restrain,1
biomedical,4
covered,5
crowds,1
pending,1
eastward,1
violating,4
campaigned,1
crash,2
re-enter,1
richness,1
practice,8
indexing,1
flew,1
ambition,3
republican,5
investor,1
fled,2
gassed,1
discussionbut,1
worlds,1
speaks,2
profound,4
eased,1
billy,1
transmitted,2
bills,14
hong,1
related,2
remove,5
our,1402
out,110
category,1
respects,7
sentiment,2
frontier,2
chaos,18
exporting,1
honorable,10
supports,9
integrated,1
disclose,3
ipod,1
maintains,1
promptly,1
vacations,1
conflicts,2
repairing,4
comrade,1
g,1
fascism,2
illicit,1
depriving,1
homelessness,1
embryo,5
proposing,4
noticed,1
doesn't,6
intention,5
unknown,4
priority,14
their,565
god's,3
academy,5
doomed,2
institution,8
commodity,3
isolation,3
endeavors,1
abetting,1
limiting,3
patients,11
creditors,1
gravest,4
explicit,1
teenagers,1
unelected,1
alerted,1
linked,1
catholic,2
afraid,4
rout,1
agency,10
which,93
funds,18
feared,1
story's,1
clash,2
who,344
de-ba'athification,1
hamas,8
cracking,2
alarmed,1
why,42
statute,2
deny,14
saddest,1
visiting,1
dent,1
looked,4
goals,12
chances,1
agreed,8
chapters,1
senegal,1
planning,7
brutalized,1
democrats,9
utter,1
fear,34
darkest,3
debate,20
leg,1
litigation,1
unanimously,2
surroundings,1
thousands,36
sued,1
topple,1
watching,4
mainly,2
ones,13
words,37
chips,2
enlisting,1
small-busi-ness,1
generations,23
view,13
europe,23
requirement,1
humiliation,1
turbulent,1
unfairly,3
closer,7
closes,1
cole,2
superb,4
genius,3
mexicans,2
identification,1
closed,2
dividends,2
crude,3
stories,7
bought,2
mentor's,1
exam,3
opening,4
joy,3
rescuers,4
agencies,16
job,69
joe,1
swift,4
declining,3
karzai,2
commands,1
april,3
strengthens,2
safely,2
grounds,2
wall,9
walk,8
walt,1
respect,37
narrowed,1
withdrawn,1
provinces,4
decent,14
responds,1
tutor,1
agreements,6
mike,11
penny,1
zabaydah,1
sufficient,2
scrutiny,1
ensuring,2
westernization,1
improved,5
overturn,3
present,5
petroleum-based,1
abandoned,1
unlike,5
fearful,3
appropriations,1
choices,30
will,1139
stunning,1
persevered,1
apprehend,1
non-proliferation,1
thus,4
encouragement,1
snuck,1
timebombs,1
coal-fired,1
perhaps,2
cross,12
mcclellan,1
member,8
unity,9
largest,9
units,7
gets,5
privileged,1
difficult,41
slave,1
coached,1
disagree,8
diploma,2
coaches,2
student,1
recriminations,1
throngs,1
lobby,1
whole,22
fighting,31
english,3
conquer,4
excessive,1
wealthy,2
batteries,1
life-extending,1
happiness,1
rapid,2
supply,13
sky,1
capabilities,5
discuss,6
adoption,1
attractive,1
usage,1
unprecedented,10
enact,4
identical,1
branch,1
provisions,4
republics,1
know,204
press,8
shalala,1
perpetual,1
represses,1
taxpayers,9
james,4
traitors,1
because,160
flagrant,1
searching,2
islam's,1
growth,29
export,2
asserted,1
empire,8
employment,1
cutters,1
lead,59
breakthroughs,5
noose,1
worsen,2
leader,15
ripped,2
murderer,2
obey,1
ensures,1
wesley,3
conveyed,2
analyses,1
perspectives,1
throne,1
rare,2
carried,8
getting,8
abstinence,3
dependence,4
urged,4
surge,12
dependency,1
carries,1
carrier,3
unbelievers,2
fatally,1
warranty,1
own,136
owe,11
warrants,1
weather,5
promise,42
lawful,5
significantly,4
van,1
exciting,2
aarp,2
transfer,2
indictments,1
faithfully,2
trenches,1
kidding,1
uniting,2
triggered,1
i've,52
bosnian,1
volume,2
counterparts,3
challenges,31
made,78
tactics,5
whether,19
meeting,9
embolden,4
polices,1
record,16
below,3
ruling,2
infants,1
demonstrate,6
stirring,1
unfolding,3
horrific,2
---,2
goodness,3
jenna,1
spanky,4
mutual,1
deporting,1
incredible,4
percent,28
illinois,2
other,163
boom,3
sick,5
toured,1
conclusion,3
junk,4
kinds,3
june,4
risked,2
income-tax,2
pumps,1
earthly,1
upwards,1
ranks,1
retirees,3
volumes,1
ideological,6
smoke-filled,1
expands,2
opiners,1
