,2115
four,29
hanging,3
self-reliant,1
towns,6
aggression,1
marching,1
looking,25
eligible,3
electricity,2
lord,2
meadows,1
kent,7
oceans,1
housemaid,1
broward,4
bringing,13
basics,1
whitman,1
wednesday,3
solid,2
persisted,2
andra,1
tired,3
pulse,1
second,23
charted,1
scraped,1
cobbling,1
captain,10
contributed,2
fingers,1
bonuses,1
resilient,2
ibtihaj,1
contributes,1
reporter,3
here,297
reported,1
china,13
hers,2
kids,96
four-month-old,1
reports,1
i'd,7
military,50
i'm,232
criticism,1
golden,1
hillaryclintoncom/calculator,2
divide,4
classification,1
explained,2
replace,4
brought,14
stern,1
unit,6
opponents,4
dna,2
spoke,6
dnc,1
therefore,2
strike,2
sermons,1
until,14
mired,2
successful,10
brings,4
hurt,3
glass,7
hole,6
hold,23
circumstances,1
locked,1
pursue,7
accomplishment,2
locker,4
example,18
grimes,1
owes,5
unjust,1
household,1
organized,2
currency,1
want,488
organizer,1
absolute,3
travel,3
damage,3
how,270
hot,1
dignified,1
gaming,2
beauty,1
wrong,38
unselfish,1
types,1
effective,4
wins,2
cheri,3
headquarters,3
presiding,1
keeps,2
democratic,21
wing,1
wind,5
senators,3
welcomed,2
reforms,4
rewarded,2
fit,2
fix,27
survivors,5
rescued,1
easier,18
zoning,1
effects,1
schools,29
blink,1
competitiveness,2
represents,6
development,2
financial,16
series,1
allah,1
we'd,7
truman,1
encourage,6
for-profit,1
problem-solving,1
foundation,6
threatened,3
enormous,2
jose's,1
ups,2
shipped,1
disturbed,1
today's,3
nigel,1
steroids,4
basketball,5
service,57
engagement,2
needed,16
listed,1
livelihoods,1
euro,1
bitter,1
listen,17
rewards,2
collapse,1
predictable,1
peril,1
showed,6
duckworth,1
nations,6
project,2
pneumonia,1
pre-program,3
bodyguards,1
feeling,4
old-,3
-years-,1
spectrum,1
pandemics,1
dozen,4
affairs,2
responsible,8
recommended,1
causing,2
amusing,1
doors,10
kremlin,3
shall,3
thrilled,13
wells,5
simplify,1
mouth,2
letter,5
singer,1
episode,1
kiya,1
prisons,1
consummate,1
came,48
saying,52
bomb,3
advisors,1
nominated,1
sworn-in,1
cheaply,1
lessons,4
busy,1
clicked,1
than,171
bush,7
touched,2
rich,13
denounce,1
lenders,1
altogether,1
baghdadi,1
increasing,1
piggy,2
release,7
bashar,1
generosity,1
respond,6
blew,2
disaster,9
fair,40
meg,1
result,5
fail,2
resigned,1
best,81
lots,11
hunker,1
pressures,2
preserve,4
wage,30
men,48
nationwide,1
rolled,2
extent,3
debt,54
accident,2
sacrificing,1
lgbt,9
country,319
pits,1
demanded,1
planned,4
argue,3
asked,23
and,4275
great-grandparents,2
pregnancy,3
pastored,1
contestants,2
union,23
much,125
privilege,10
tallest,1
ann,4
deportations,1
life,66
confessed,1
retrospect,2
eastern,4
worker,11
moody's,1
places,32
dave,3
lift,20
child,39
worked,56
diverted,1
commerce,1
presidency,7
contingencies,1
employ,2
airmen,1
flooding,3
remembering,3
played,7
kuwaitis,1
campaigning,2
trusted,6
memorial,1
things,92
split,1
babies,5
european,2
fairly,7
qualifications,1
workforce,3
marched,4
stiffs,4
ownership,1
tune,1
vice-president,1
corporate,2
opinions,1
capitol,2
distribute,4
plight,1
rushing,3
previous,1
small-minded,2
old-fashioned,4
had,217
easy,12
prison,5
has,304
hat,2
casually,2
posed,3
possible,21
possibly,7
gridlock,9
birth,2
poses,4
occurring,1
american's,1
steph,1
remind,2
steps,7
battlefield,1
attorney,5
right,202
old,20
crowd,11
people,652
creed,1
harassment,2
enemies,1
for,1287
bottom,10
creative,4
contributing,3
foe,2
individuals,2
heeley,1
pondered,2
yoke,1
losing,3
memorable,1
manufacturing,32
shaken,1
stokes,1
insinuations,1
dollars,18
citizens,4
despair,3
stoked,1
bannon,3
nixon,1
raised,22
statements,4
facility,1
marshall,4
son,24
undermining,1
beings,4
raises,1
unambiguous,1
fabric,12
support,99
knowing,3
greatness,1
launching,1
happy,20
offer,8
understandably,1
paypal,1
conclusively,10
talents,2
understandable,1
right-,1
humbled,1
else's,2
inside,3
devices,1
epps,2
break-up,1
lays,2
panels,3
adopt,1
proved,1
implications,1
textbook,1
proves,3
exist,1
relay,1
floor,3
flood,2
deep-seated,1
protester,2
overturning,1
roll,8
intend,2
muslims,17
invested,4
persecution,1
cleaver,1
entrust,1
workers',6
packets,1
kgb,1
time,164
push,8
cincinnati,3
finger-pointing,3
corps,6
whoever,4
theaters,1
chair,7
iwillvotecom,14
ballet,1
veterans,33
tenacious,1
paychecks,4
refinance,6
choice,42
exact,1
minute,15
tear,6
lundergan,1
leave,30
team,17
prevent,7
sign,16
educate,2
current,4
falling,2
boost,3
meld,1
grandparents,8
understanding,4
address,8
alone,37
along,11
kuster,2
enroll,1
redemption,1
studied,2
wherever,5
staters,1
accomplished,1
studies,2
durbin,3
love,70
curtailing,1
prefer,1
mccain's,1
overarching,1
clintoncom,1
flagging,1
red,7
working,144
positive,15
angry,10
cherished,3
opposed,1
wondering,2
yusef,1
prosecutor,1
loving,2
high-speed,1
introducing,1
afford,26
everywhere,10
obama-biden,1
cruz's,2
behalf,20
deserved,1
believes,12
printing,8
values,52
albright,1
believed,8
detached,1
admired,3
awesome,3
admires,2
allowed,5
offense,1
silos,1
divided,4
thanking,7
coleman,1
divides,8
t-shirts,1
spot,1
applications,2
such,30
data,1
disagreeable,3
stress,1
natural,4
bluster,5
wheelchair,2
st,19
so,799
pulled,3
tomlin,1
unacceptable,1
years,123
professors,1
hiring,4
episodes,1
tendency,1
disconnect,1
jim,8
troubles,1
suspicion,1
bipartisan,8
decades,15
civilian,1
smarter,1
nation,33
records,2
compelled,1
akron,3
reckoning,4
\,1
maintaining,2
jurcak,1
bowling,1
quarter,1
square,1
honduras,1
low-wage,1
entering,1
disasters,2
actively,1
brags,1
rounding,1
squared,1
seriously,14
investigation,1
trauma,1
internet,13
suggesting,2
formula,1
unifying,7
million,70
incentives,2
possibility,1
quite,2
disrespect,1
complicated,4
besides,1
training,15
councilwoman,2
collapsing,1
kathleen,1
aboard,1
routes,2
neglect,2
saving,3
reveals,1
spoken,3
one,264
spanish,1
vote,204
open,12
city,38
boulevard,1
twenties,1
convene,1
williams,3
on-,1
proving,12
fooled,1
representing,6
crossroads,3
rehab,1
future,107
disrespects,1
cavalier,2
russia,12
prospect,2
addressing,1
san,1
supremacist,2
turned,12
argument,1
alley,1
sad,2
tastes,1
allen,1
saw,46
sat,4
warriors,1
aside,3
note,2
take,134
wanting,2
opposite,6
knew,19
compress,1
buffet,1
detect,1
printed,10
remarks,1
pages,2
average,5
phil,1
drive,12
defeating,1
ways,26
laws,14
walking,3
surplus,2
commitments,1
sherrod,4
bright,1
imagined,1
slow,1
going,551
posted,2
congressional,1
carolina,23
prime,1
settings,1
middle-class,9
worried,1
could've,1
bombs,1
marred,1
where,164
vision,33
no-one,1
rages,1
dexter,1
representatives,8
bureau,4
jobs,213
screen,11
supermarket,2
spark,1
undermine,3
busting,2
congregations,2
many,166
millionaire,1
trumpian,1
s,7
loudly,1
semitic,1
expression,1
can't,108
hurts,3
mccain,6
twin,1
caring,2
stretch,3
west,4
breath,2
combined,1
wants,51
enable,2
thousand,2
former,28
juveniles,1
polls,13
prominence,1
single,56
policies,11
situation,14
endured,1
spotlight,1
hate-filled,3
twists,1
engaged,1
graceful,1
engages,1
technology,10
threatens,1
surveillance,1
trump's,36
putin,26
strategy's,1
harris,1
renewable,22
escorts,1
costs,18
scholarship,2
summer,7
being,67
rest,16
fateful,1
preventing,1
zion,1
around,58
jannie,1
sums,1
dark,23
vacuum,1
world,126
bravery,2
stranger,1
kenney,2
beverly,1
bankruptcies,4
learning,1
demeaning,3
racial,5
divine,1
mail-in,1
thinks,9
scandals,1
scholarships,2
there'll,1
substance,1
memories,2
noon,1
exit,2
full-page,1
scientific,1
power,21
internship,1
doctor's,1
sprung,1
long-lasting,1
leadership,32
path-breaking,1
frenchman,1
cozy,2
industry,21
joyner,1
favorite,2
neighbor,1
act,17
luck,2
stony,1
moonshot,1
image,1
parties,7
legacy,1
how's,3
her,104
philadelphia,23
springsteen,2
survived,1
billionaires,9
technologies,2
with,582
buying,4
they're,56
rush,1
october,8
nearest,2
dirty,1
abuses,1
politically,1
agree,14
regimes,1
gone,16
citizenship,3
certain,4
forgot,1
am,179
al,1
an,244
as,526
at,364
walks,2
watched,5
vocational,5
abolish,3
tight,2
unparalleled,1
pre-kindergarten,3
disgraceful,1
bizarrely,1
congress,20
waving,4
accounts,3
scranton,26
hello,17
mass,4
nelson,2
original,3
consider,5
code,14
fairness,4
causes,5
bassett,1
hunting,1
tv,9
spirit,4
to,4345
tail,3
tm,1
th,35
smile,2
midwest,3
paying,35
appointment,1
returned,1
birthers,1
detention,2
baton,2
trillions,15
scapegoats,1
condition,1
moines,1
recommit,1
misinformation,1
laying,6
joined,7
large,3
sang,2
scrapping,1
small,118
-plus,1
mosul,1
maggie,16
quicker,1
healed,1
past,19
discriminated,1
displays,1
pass,14
canvass,3
investment,26
franco,2
richard,1
clock,3
section,1
schumer,1
curiel,1
nurse,4
luxuries,1
contrast,20
full,17
installations,1
empower,5
hours,25
november,25
experience,17
prior,1
healthier,2
pick,7
action,17
would've,2
day's,1
followed,1
pulls,1
gosh,4
bigness,1
pearl,2
more,352
teen,1
door,10
company,14
tested,6
negativity,2
bedford,2
keeping,3
damien,1
science,7
mall,1
sent,9
learn,16
knocked,11
beautiful,14
stated,1
neglected,3
accept,6
states,96
biden,12
sense,27
condemn,1
hbcus,1
huge,7
hugh,2
dismissed,1
plant,14
plans,50
emts,2
scapegoating,3
treatments,1
mendez,1
soundtrack,1
plane,2
punchier,1
refuse,2
register,20
rowdy,1
fundamental,6
replied,1
mexican,10
bowl,1
installed,3
resorts,2
attitude,1
signs,2
its,30
roots,1
mistreated,2
gerald,1
deeds,2
travelling,1
ally,1
colleague,2
tyrants,1
propose,4
always,44
raygun,2
courses,3
found,5
shocking,1
week,27
reduce,6
grandmothers,1
investigated,2
operation,2
really,238
dapa,2
anxious,1
missed,1
mattered,1
research,9
misses,2
plotting,1
highway,1
belief,2
risen,2
imagine,40
rises,1
definition,3
owners,5
woman's,15
excluding,1
w,2
contingency,2
exhibited,1
major,13
rooted,3
recruiting,1
number,21
sequester,2
guess,9
fuller,1
leverage,1
jet,1
frankel,1
threatening,1
litany,1
hallowed,1
saint,1
crisscrossed,1
relationship,2
consult,2
focusing,2
stairs,1
grace,7
obama,49
annihilation,1
determined,7
marriage,5
remembers,1
fights,8
sell,2
self,1
also,146
recognizing,3
brace,2
play,7
firsthand,2
affordability,2
raucous,1
brooklyn,1
plan,79
parks',1
understands,7
omaha,1
sometimes,31
cover,2
boccieri,1
camo,1
tpp,2
golf,7
gold,17
defended,6
freight,1
mistreating,1
overwhelmed,1
impact,4
failed,7
wayne,1
equity,2
indifference,1
african-americans,10
banned,1
sunny,1
resent,1
they'd,5
preparing,2
closely,3
reporters,2
adhered,2
tuition-free,5
progressive,3
river,3
approaching,1
set,31
activists,5
collectively,4
see,136
sea,4
regulator,1
maggie's,2
movie,1
currently,1
rejecting,2
pickup,1
compliment,1
available,9
targeted,2
incident,3
death,7
leo,1
premised,1
legislature,5
empowering,1
improved,1
barely,2
patti,1
connection,1
improves,1
we've,158
long-term,1
let,83
whole,16
patty,2
load,4
loan,5
allegiance,1
community,43
except,2
church,25
four-minute,1
acceptance,1
convicted,2
unpatriotic,2
widening,1
firm,4
champion,6
unleash,1
fire,9
what's,41
fund,13
races,4
awake,1
representative,6
receive,4
deport,2
handling,1
straight,1
expanded,2
budget,9
admire,5
forgetting,5
budged,1
owed,2
hoping,6
backing,1
calculator,2
comport,1
triple,2
funny,1
grandparents',1
holton,1
aleppo,1
forgiveness,1
nabj,1
flooded,1
comprehensive,10
levels,7
medicaid,2
implement,2
recent,5
person,68
lady,16
eager,1
parents,27
location,3
homeland,3
surprised,4
victims,4
emergency,6
demands,3
couple,2
suffering,4
aerospace,2
projects,3
formal,1
imposed,6
d,2
communications,2
continue,16
suppliers,1
senate,52
spring,1
sight,1
hard-line,1
broadband,6
religion,3
russia's,8
son's,3
be,745
china's,1
agreement,2
carol,5
by,248
wildlife,1
certificate,1
anything,25
deserves,11
repair,5
clinton,6
colorado,2
terrorists,14
hometown,4
into,125
osama,8
appropriate,3
primarily,3
lebron,6
katie,6
span,1
spending,2
bargaining,4
specifically,3
blueprint,3
elsewhere,2
poster,3
pastor,3
t-shirt,1
atlantic,4
pacific,1
line,41
considerable,1
zika,2
cia,2
inhumane,3
up,343
us,294
medical,3
nationalist,1
defined,2
influence,2
e-mails,8
diverse,6
hopefulness,1
nationalism,3
coder,1
codes,5
outsources,1
fixing,2
occasional,1
actors,1
tech,1
livings,1
scapegoat,1
lucie,2
robots,1
sides,7
ago,28
land,5
fighter,4
age,8
holes,1
walked,5
feud,2
walker,1
having,27
rah-rah,1
modernizing,1
results,19
astronauts,1
existing,1
highways,3
stops,1
broader,2
centers,5
seemed,2
one-half,1
pasco,5
longstanding,1
concerned,8
young,132
send,34
resources,4
torture,3
continues,1
continued,2
wipe,1
categories,2
timely,1
harbor,2
they've,31
fewer,1
try,37
race,9
world-class,1
pledge,5
video,1
odd,2
indian,3
firms,1
harassing,2
proliferation,1
led,3
lee,2
alt-right,3
gathered,3
delivering,2
shockwaves,1
poverty,21
invented,1
great,193
engage,2
anger's,1
technical,12
involved,12
casino,3
hughes,1
survey,1
defeat,16
opinion,3
residents,1
makes,45
maker,1
tools,2
standing,25
confidence,14
cheered,1
zip,10
illegal,1
theme,2
next,66
doubt,11
doubling,1
crisscrossing,1
comparison,2
occurred,1
levin,2
dealings,1
opposing,1
baby,7
charity,1
customer,1
balls,1
this,744
challenge,6
pour,6
thin,5
rooney,4
fulfill,4
coffin,2
weaker,1
process,2
discussed,2
purposes,1
high,67
tantrums,1
bend,1
weaken,1
educational,1
destroying,1
escalating,1
mysteries,1
blocks,4
tied,2
pigs,2
ties,7
upstate,1
solidarity,1
realized,5
counter,2
element,2
realizes,1
trumka,1
volunteers,4
counted,6
produces,2
arthenia,2
move,18
produced,4
comma,1
directs,1
warren,6
perfect,6
school-to-prison,2
outlined,2
bat,3
outlines,1
presidential,8
wrangler,1
four-and-a-,1
truth,6
accompanied,1
exacerbated,1
doing,76
society,7
books,1
agriculture,1
fundamentally,1
',3
cromwell,1
shut,1
inhaling,1
regulators,1
embarrass,1
steering,2
log,1
scary,3
could,156
pantsuits,2
david,4
four-and-a-half,6
davis,1
hussein,1
scare,2
blown,1
pines,2
owned,4
jesus,3
muhammad,1
khans,1
owner,4
system,24
painful,7
interests,12
enforcement,8
vigorous,1
barnstorm,1
depressing,1
haven,1
steel,19
colleagues,4
bother,2
roberts,2
appealing,1
decided,6
briefing,1
false,2
partnership,4
tonight,13
defending,3
clearly,10
viewed,1
documents,1
dishes,1
studying,1
awed,1
mills,1
latina,3
linda,1
latino,16
lily,1
toughest,3
allow,2
misogynistic,1
plus,1
joe's,2
segment,1
so-called,6
tasco,1
stronger,70
enlist,1
you'll,17
wounded,2
fact,43
bring,70
manchester,5
economist,2
brink,1
decade,1
principal,2
anti-gay,1
jay,3
zandi,1
should,185
entities,1
bombings,1
tape,9
sylvia,1
mayors,1
hope,90
meant,8
handle,3
listened,6
bonds,2
familiar,1
lucky,2
autos,1
exchanges,1
h,1
taxes,54
jong-un,1
stuff,3
legionnaires,1
ohio,52
rein,1
wire,1
wealth,6
insulting,16
nuclear,73
partisan,3
injustice,2
faith-based,1
ends,5
notion,1
courtyard,3
absentee,1
restrictions,1
figured,2
ethnicities,2
quitter,1
ramp,1
drug,10
trumps,17
conclude,4
labor,16
sharief,1
powered,1
catholicism,1
steadiness,8
rhode,1
kahn,1
poured,1
hottest,1
waste,2
trinity,1
chastised,1
auto-supply,1
hateful,4
laser,1
runway,1
rigged,4
va,5
concerted,1
site,3
optimistic,14
sits,1
terrorist,6
highlighted,1
matthew,1
painstaking,1
verna,1
terrorism,5
conflicting,1
columbia,2
drink,2
upon,2
nationally,1
phd,1
paving,1
supremacists,2
identity,1
audit,2
off,47
pows,4
command,3
hard-fought,1
softening,1
less,30
moments,10
gwen,4
rooms,3
paul,4
generous,3
realize,2
clipped,2
crack,5
government,27
chancellor,1
famously,1
cruz,1
cedar,2
crist,2
chairs,1
bigotry,6
become,13
amendment,6
choosing,2
free-zone,1
ballot,24
recognition,1
literally,7
avoid,3
fascination,1
does,59
passion,4
forgiven,1
deciding,4
pressure,8
adversary,1
hiding,3
gained,2
sister,9
puts,4
donald's,4
churchgoer,1
laboring,1
seeds,1
swimming,1
alliance,1
letters,1
unattractive,1
privatizing,1
catherine,1
commitment,18
referendum,1
joyce,1
roads,10
charities,1
housing,10
spots,1
peters,1
stamina,11
mitigation,1
frustration,1
troubling,3
naturally,1
cosmopolitan,1
complacency,1
overlapping,1
delivery,1
construction,2
anti-immigrant,2
delivers,5
count,9
baptist,9
evident,1
congresswoman,12
excitement,1
placed,1
convince,4
sybrina,4
problem,8
governor's,1
nurses,5
recognize,22
contribute,5
rubble,2
hearers,1
renowned,1
compared,3
lately,1
details,4
reckless,3
dismiss,1
monday,9
oppression,1
dismantle,2
chance,65
repeal,3
draperies,6
rule,5
compete,15
pension,2
rural,8
doubts,1
trickle-down,5
grandparent,1
saved,6
quizzical,1
relationships,6
votes,8
voter,12
edward,1
voted,30
regan,1
worth,15
women's,24
we'll,30
handout,1
casinos,11
delegate,1
c-span,2
reinvent,1
undercover,1
triumph,1
phones,1
preacher,1
tienanmen,1
prekindergarten,1
machines,5
deliberate,1
above,10
toll,1
churches,4
officially,1
told,47
revels,1
richest,3
protection,6
pursuit,1
stresses,1
balance,5
daughter,27
employees,12
smoke,2
trash-talks,1
bunker,5
envious,1
secure,9
highly,1
opportunities,32
total,2
devastation,1
motivate,2
negative,7
insult,9
apprenticeships,2
separated,1
alcee,2
award,1
aware,3
cured,1
striving,3
word,9
wore,1
work,334
refusing,7
worn,1
theories,4
criticizing,3
india,2
uaw,3
woman,30
recovery,3
provide,26
song,1
boats,1
truthful,3
pizza,2
fever,1
ladder,1
after,95
lax,1
lay,10
law,36
meaningful,1
revved,1
las,7
complacent,1
biden's,1
appreciate,5
greet,1
green,1
worst,11
order,19
triggering,1
decide,9
office,35
devote,1
satisfied,5
innovative,2
japan,6
nets,1
mayor,31
bombing,1
defrauded,3
somewhere,5
highlights,1
production,3
then,163
them,235
affected,5
safe,34
break,11
shameful,1
they,469
bank,7
bread,1
oxygen,1
classified,6
backgrounds,3
slavery,1
alexis,1
rocks,1
anastasia,1
reasonable,1
entitled,1
lifted,1
dumping,2
innocent,1
hosted,2
crimea,1
bennettsville,1
network,1
cameras,1
strangers,1
fellowship,2
forth,4
disagreements,4
dishwashers,1
barrier,3
veto,5
standard,3
campaigns,3
vets,4
people's,7
created,13
refugee,1
creates,1
renew,1
oppose,3
baltic,1
organize,6
bloomberg,1
perkins,1
another,44
thoughtfully,1
thick,1
illustrate,1
work-related,1
rejects,1
holten,1
rates,7
john,23
grandchildren,15
rejected,3
tabloids,1
nahj,1
multi-lateral,1
target,2
iron,1
high-cost,2
hacking,1
solely,1
manned,1
rewrite,2
respecting,10
pessimism,1
return,7
praising,1
ponder,1
strength,16
laden,14
convenient,2
mean-spirited,1
materials,1
forces,16
explanation,2
middleclass,5
bruce,15
what,766
extending,1
germany,7
proverb,1
autopsy,1
neighborhoods,7
hanna,1
calculated,1
yours,3
calmness,2
voting,55
responded,1
reserve,3
lewis,2
religions,2
respectfully,2
enjoyed,2
painfully,1
panned,2
gutsy,1
pursuing,1
adequate,1
personality,1
do,595
dj,1
de,2
dc,1
nasty,2
dr,12
runs,5
covering,1
children's,16
squadron,1
steal,1
secretary,33
analytics,1
depends,6
projections,1
discussions,1
away,35
gentleman,3
depasquale,1
cooperation,2
drawn,2
encounters,2
we,1711
terms,4
admirals,2
unfold,1
electing,3
received,6
climate,14
cease-fires,2
cox,1
brag,1
ease,6
tough,13
speak,12
gratitude,4
petty,2
tim's,2
there're,1
dozens,7
families,145
beloved,1
attacked,5
millionth,1
hoist,1
gracious,1
convening,1
east,8
ahead,64
publicly,3
launches,2
air,18
aid,1
property,2
launched,6
mistake,17
uganda,1
dumped,1
chertoff,1
cone,1
uplift,1
confirmed,1
perform,1
convictions,1
independent,16
traffics,2
biles,2
evie,1
saddam,1
nia,1
rail,1
rain,3
hand,13
movie-goers,1
kept,13
humble,2
hispanic,1
contact,1
humbly,3
the,3851
camps,1
musical,2
unified,1
photo,1
dignify,1
quotes,1
thanks,14
victim,1
swears,1
jose,4
unique,4
similarities,1
josh,2
suddenly,2
shout,1
belongs,1
board,6
maya,5
rnc,2
caps,1
arab,1
barge,1
designers,1
cooler,1
night,46
security,37
starvation,1
honored,24
lashes,1
sends,2
born,15
dedicating,1
unless,7
extended,2
congratulate,1
purple,4
/,22
asking,27
denied,2
beating,1
participation,1
columbus,1
home-grown,1
pose,2
graduates,2
graduated,2
flaws,2
theirs,1
months,20
gentler,1
cherish,4
dilemma,1
pays,6
prisoners,3
delighted,7
lois,1
gearing,1
back-to-back,1
balanced,2
medal,1
legislation,2
fight,46
way,134
innovators,1
was,493
war,48
lowest,1
becoming,4
mysterious,1
same-,1
true,29
responding,1
high-quality,2
duggan,1
crystal,1
plymouth,1
emotional,3
mails,1
promises,3
moore,2
inclusive,12
evidence,11
promised,2
prayer,1
allegheny,1
face,23
dying,2
daca,2
stake,25
reality,11
interested,7
holding,14
test,8
shrink,1
mentor,1
brothers,6
welcome,7
outreach,1
let's,73
cheated,1
together,245
stick,2
diplomacy,2
global,6
grateful,37
battle,1
polluted,1
superpower,2
devoted,2
certainly,6
honoring,1
gigs,1
futuramics,1
terror,2
horrigan,1
southwest,1
brown,8
emergencies,2
vegas,7
blast,2
responders,13
presented,2
turns,10
gun,37
guy,13
woven,2
brave,11
detonated,1
discover,1
cost,18
forging,1
migraines,1
appear,1
vigorating,1
assistance,3
havoc,1
uniform,13
shared,5
appeal,4
supporting,20
explosion,1
inauguration,4
muslim,4
demonizing,1
hadn't,4
teacher,8
change,51
sending,9
disavow,1
vibrating,1
lakers,1
trial,1
burdensome,1
patriotic,3
country's,5
retired,9
saunders,1
extra,7
marked,5
suicides,1
fbi,6
market,6
prove,18
angela,2
live,35
towers,3
organizations,3
slogan,7
car,12
secretaries,2
hardest,2
incidents,2
can,493
fulton,1
heart,40
dedicated,2
expanding,6
didn't,59
topic,3
heard,54
gabby,7
spa,1
occur,1
productive,2
bankrupt,1
discussion,3
means,49
write,8
state's,1
nonstop,1
economy,142
product,2
sacrifice,6
sweeney,1
southern,2
produce,6
nomination,1
lifting,8
remember,47
grandson,2
whenever,6
futures,8
morell,3
serving,25
hotly,1
indeed,1
brain,4
cold,1
still,67
ethic,3
acknowledge,4
forms,3
window,2
non,1
disparate,1
introduce,3
flint,6
republicanism,1
not,619
now,343
discuss,1
expedite,1
wont,1
servant,2
james,7
drop,1
domain,1
significantly,1
challenged,2
ed,1
directing,1
yeah,4
challenges,36
year,70
happen,37
avoided,2
shown,7
medications,1
opened,3
space,3
irony,1
increase,5
epistle,1
fargo,4
shows,16
e-,1
rebuilding,2
defenses,1
carr,1
cars,1
advantages,1
carl,1
obligation,4
marine,2
inevitable,3
card,12
care,108
objectified,1
transition,1
vehemently,1
british,1
honest,3
invitation,1
promotion,1
blind,2
benefited,5
striking,2
yourself,15
directly,1
impossible,1
message,14
drove,2
tomorrow,38
size,3
checked,1
friend,34
dolan,1
mostly,6
that,1881
pittsburgh,15
taxation,2
duke's,1
quad,1
eliminated,1
appreciated,3
professionals,2
television,2
massacring,1
accordance,1
optimism,6
youngstown,2
contentious,2
premier,1
slap,1
anger,8
recover,1
offering,4
veteran,3
manufacturers,2
terrific,2
equipment,1
online,10
swelled,1
begin,11
price,5
importantly,2
america,374
michelle,8
election's,1
steady,10
professional,4
abraham,2
filing,1
iowans,2
german,1
fifty,1
discovered,2
fifth,2
ground,27
upgrade,1
only,89
watching,16
welders,1
fast-tracked,1
cannon,8
truly,11
cannot,22
celebrate,5
losers,1
amanda,1
husband,13
derogatory,1
elected,28
unfit,16
mom-and-pop,1
concern,3
lonnie,2
between,52
notice,2
blame,2
clipboards,1
article,3
horrifying,2
talented,5
temper,2
comey,5
comes,32
exploit,1
four-,2
couldn't,27
cares,5
rebuild,13
ledbetter,1
cared,3
partisanship,1
rebuilt,1
wounds,1
proven,5
suspected,3
ruby,1
african-american,8
these,113
resoundingly,1
wealthiest,1
care-,1
consults,2
eskelsen,1
commander,21
canceled,2
embrace,1
commanded,1
worry,5
develop,1
food,9
followers,1
coworkers,4
document,1
frazier,1
finish,7
fetterman,1
respected,12
favorites,1
tradition,1
theater,2
constitutional,4
breeze,1
congressmen,1
heaps,3
indefatigable,2
dancers,2
valuable,5
wrecks,1
touch,1
renewed,1
staging,1
sheldon,1
thinking,33
treatment,4
role,12
struck,3
momentum,1
real,61
ambitious,3
phelps,2
read,13
gonna,33
early,33
listening,20
ramshackle,1
using,10
reap,2
fortune,1
pounds,1
collective,3
benefit,8
t,4
endorsed,7
twelve,1
apartments,3
exposes,1
pursuance,2
's,1
oakland,1
unlocked,1
hepatitis,1
conservative,2
babysitter,2
recorder,1
business,87
tuition,13
credits,3
exciting,16
rodham,1
central,3
intolerable,1
ideology,3
journey,2
underway,1
backup,1
rolling,4
elementary,3
garrisoned,2
your,380
intervention,6
criss-crossing,1
prepare,9
area,2
removing,1
exonerated,1
stark,8
start,65
stealth,1
low,8
lot,153
allergic,3
jones,2
farage,3
two-thirds,1
trying,44
god-given,7
hire,7
fraud,2
builders,3
beliefs,3
describe,1
moved,9
sales,2
trickles,1
reliability,1
moves,3
hospitals,1
administered,1
you,1909
poor,3
carpenter,1
trickle-,1
massachusetts,3
coverage,3
pool,1
building,26
basements,2
hard-working,9
repay,1
doubted,4
overseas,12
since,47
pointing,5
month,5
thoughtful,2
deadline,3
religious,8
disserve,1
-d,2
cradle-to-college,2
foster,2
pledges,2
resounding,1
confidential,1
divisions,1
very,116
horror,3
minded,2
commander-in-,3
pro-russian,1
--,435
hbcu,1
study,2
i'll,60
casual,5
conscience,1
ails,1
consumers,3
witnessed,1
investing,1
apologized,1
learned,18
deborah,1
iran,9
loose,10
answers,5
tracks,1
iraq,11
addictions,1
colored,2
conviction,2
inspired,2
fired,12
amount,2
heroin,1
inspires,1
lackawanna,1
family,132
requiring,1
ask,59
aimed,1
trained,4
heartened,1
khan,28
takes,17
taken,19
injury,1
excuse,2
broke,2
factories,7
producing,7
weighed,1
aspirational,1
coalition,5
nebraska,3
nine,2
budgets,1
history,36
pushes,1
claimed,1
exclude,1
f-,2
clarke,1
warhead,3
jihadi,1
stayed,5
reject,6
schultz,2
rapists,3
tried,12
tries,2
a,1951
criticize,3
anytime,1
bashing,1
roommates,1
banks,11
dream,25
help,184
administration,8
soon,2
held,4
committee,10
committed,9
taxpayer,1
fined,1
actually,79
systems,15
relate,1
founders,9
full-,1
haven't,13
fool,2
evening,2
motivated,7
ceo,2
reflected,1
you've,64
foot,1
feet,2
imprisoned,1
occasions,2
bless,25
stopped,8
make-or-break,2
isn't,18
unquote,1
inspections,1
beyond,8
absurdity,2
event,7
taunted,1
multi-millionaires,3
marcia,5
visions,3
robert,1
surrounded,1
equate,1
safety,11
issue,30
housed,2
darius,1
houses,1
reason,13
base,1
brightest,1
dire,3
put,91
turnout,5
algae,1
heroic,1
double-downs,1
launch,18
terrible,10
americas,2
american,181
expecting,1
leading,6
syria,3
assign,2
partnerships,1
knocking,8
arsenal,4
miss,13
minutes',1
guaranteeing,3
dug,1
station,1
expand,14
kidded,1
jordan,3
flattery,1
apprentice,1
grew,6
performers,1
toward,29
charlotte,3
alongside,4
philly,2
lid,3
lie,4
empowered,1
officers,20
de-funding,1
uninformed,1
lip,1
applauded,1
ibew,2
towards,1
hires,2
quote,32
worker's,3
plunder,1
hired,5
experiences,3
salary,2
loopholes,5
arising,1
clear,36
calling,8
part-time,2
bottom-line,1
wasserman,2
clean,56
stunned,2
scorched,1
nations',1
distressing,1
randi,4
justice,29
paranoia,2
randy,1
pretty,26
circle,1
edelman,1
meanwhile,1
famous,2
feels,3
competing,5
during,25
intensify,1
catches,1
sacrificed,2
badge,1
sacrifices,1
re-tweets,2
abolitionists,1
poisoned,1
seventeen,1
anti-muslim,1
patriotism,1
backtrack,1
throwing,1
lifetimes,13
manning,2
close,26
blankenship,1
pictures,1
wow,16
won,4
probably,11
conditions,3
steelers,4
missing,5
ranked,1
mentoring,1
distinguish,1
league,1
wouldn't,15
minorities,1
legendarily,1
forgotten,1
liked,2
good-paying,7
jeff,2
cuts,14
rodham's,1
whatever,26
cartwright,1
likes,2
described,7
instilled,1
describes,2
maintenance,4
collected,1
threaten,2
territory,2
empty,2
sanders,7
partly,2
deter,1
anthony,2
recalled,1
look,103
governor,13
rope,1
while,31
ought,10
guide,2
loop,6
voters,19
overlooked,1
hoax,1
darrell,1
ready,33
payers,1
fairer,32
shaw,2
anymore,9
grant,3
belong,2
repudiated,1
makeshift,1
grand,3
energizing,1
conflict,3
used,20
classmates,1
bon,2
dime,1
bonus,2
blair,12
uses,1
user,1
decency,1
revitalization,1
skyrocketing,1
kurdish,1
older,7
obviously,6
auditor,1
consistency,1
clears,1
five,12
president-elect,1
ambassador,2
chord,1
bearer,1
overflows,1
technicians,1
praying,3
retirement,5
$,64
guaranteed,1
exercising,2
barack,6
questioned,1
machado,2
ballots,2
remaining,3
cheryl,1
marco,1
march,1
stein,1
evaluate,1
showing,9
game,8
wings,1
overriding,1
success,8
donna,1
popular,1
perked,1
saturdays,1
well-connected,1
fathers,2
creation,1
some,155
urgent,4
experienced,2
plumbers,5
delivered,5
describing,2
slash,1
forgets,1
inconvenience,2
run,31
lakes,1
step,16
abroad,4
johnstown,2
shine,2
faith,26
congressman,20
silence,1
ida,1
seeing,13
within,7
auxiliary's,1
pentagon,3
alison,1
placing,1
heritage,6
cavalierly,1
himself,30
registered,11
larry,1
segregation,1
russian,10
bossy,1
info,1
hair,1
bewilders,1
similar,2
ordered,2
enquirer,1
dashed,1
fears,1
gilead,1
application,1
politicians,1
department,10
manhattan,1
happens,23
draw,1
reportedly,3
kansas,2
regulations,2
drag,1
ruthlessly,1
temperament,6
practically,1
demagogue,1
wellbeing,1
she'd,5
ignorant,1
fayetteville,1
requires,4
go,216
tweeted,1
wizard,1
mosque,1
nose,2
suite,1
friendly,1
bedrock,2
miners,2
facebook,2
chooses,1
underscore,2
telling,19
yourselves,7
exits,1
positions,1
button,2
compassionate,1
michael,7
ryan,9
assignments,2
barbara,2
enforce,2
carter,1
jump,2
picked,3
honors,2
colonel,1
experiment,1
self-defeating,1
upsetting,3
prescribe,1
following,1
focused,10
seniors,3
year-and-a-half,1
micah,1
paranoid,3
products,11
weren't,6
salvation,1
clark,1
danger,11
win,40
classrooms,2
singing,1
strapped,1
remains,3
loans,4
child-care,5
congratulated,1
vehicle,3
stage,20
historically,7
reflects,1
denigrating,2
started,47
becomes,1
testified,1
missile,3
sanctions,3
recession,10
meet,31
control,3
links,1
halloween,1
pulling,2
hickman,1
wonderful,25
voice,12
hesitate,1
jails,1
sentiments,1
somoza,1
fostered,1
farm,1
ronald,3
advocated,2
xenophobic,1
african-,3
agenda,19
healthcare,12
nosecone,1
cruise,1
mentioned,7
helicopters,2
outer,1
auto,22
hands,18
front,17
handy,2
chronic,1
university,21
crossing,1
shaking,2
upward,1
front-end,1
doers,2
investigative,1
measure,2
sandy,2
confess,1
ricky,1
activist,2
thriving,5
cause,11
achievements,1
darkly,1
completely,2
jill,1
advisor,2
farmland,1
route,1
florida,31
times,18
keen,1
e's,1
humphrey,1
evans,2
powerful,14
racialists,1
quality,9
you're,76
privacy,1
adopted,1
attack,16
prouder,3
final,6
exactly,22
lists,9
manipulation,1
that'll,1
overwhelming,1
herself,4
culture,1
submitted,1
providing,5
name-calling,3
bet,7
lightly,1
hermine,1
buy,11
need,185
border,2
able,66
reservist,1
skeptics,1
gunned,1
medals,3
mothe,1
deploy,1
passionately,3
sewing,1
jorge,2
montana,1
connected,1
pembroke,2
consequences,4
tutoring,1
upset,1
astonishing,3
businessman,12
impression,3
emerging,1
join-,1
anyway,2
soldiers,4
shoes,3
partners,6
envy,2
based,11
unfinished,1
sheriff,1
earned,4
winner,1
hopeful,13
degrading,2
won't,24
employer,1
employee,2
employed,1
achieve,15
crumbling,1
michigan,31
joint,3
pope's,1
heart-wrenching,1
course,39
somebody's,3
she,124
contain,1
grab,2
limitations,2
preach,2
accuses,3
prayers,1
shake,3
humans,1
immigrant,6
computer,6
lincoln's,1
joys,1
realign,1
written,3
marsha,1
horrible,4
tens,5
neither,1
comparable,1
sole,3
importance,6
interfere,1
hillaryclintoncom,23
key,5
approval,1
precious,2
pilgrims,1
hits,1
limits,1
career,16
minds,20
strains,1
admit,4
mcginty,4
jersey,2
tuesday,17
invisible,1
cynicism,1
quit,8
thirty-nine,1
addition,10
discrimination,12
slowly,1
treat,8
volunteerism,1
shoulders,1
diversity,4
both,49
consequential,12
mail,1
novel,3
fitzgerald,2
harder,7
dynamism,2
simone,3
profit-sharing,1
hearted,2
-year-old,2
began,7
chants,1
parts,8
speaker,3
underground,1
transformative,1
effect,1
nightly,1
discouraged,2
fierce,1
obama's,6
pull,5
energized,2
paycheck,1
reflection,1
i,2552
well,219
dressed,1
restore,1
taller,1
increasingly,1
dose,1
sources,2
mistakes,4
skill,3
lauren,3
headed,1
ohioans,1
imposes,1
extends,1
kick,3
fate,3
historic,5
unseen,1
racially,1
prominent,2
loss,6
lincoln,4
necessary,7
lost,27
exploiting,1
payments,3
martin,4
page,1
truckee,1
jobsites,1
shea,1
twitter,4
library,1
repeat,1
cleveland,9
home,52
heaven's,2
broad,1
e-mail,4
cradle,1
tides,1
demonstrated,2
mcnulty,1
coders,2
inaccurate,1
reaching,6
journal,1
expansion,1
beach,2
choked,1
freedom,16
sinister,1
recognized,2
nightclub,1
recognizes,3
stakes,14
equally,1
previously,1
cranley,1
washington,28
managing,1
tabernacle,1
mississippi,4
rejoice,1
francis,1
noticed,5
inner,6
north,25
cyberattacks,1
agrees,1
hw,1
blaming,1
hi,1
gain,5
courts,1
hb,2
overflow,2
highest,7
eat,7
he,925
union-busting,2
oligarchs,1
signed,6
cruel,1
stories,8
multiculturalism,1
piece,1
marketplace,1
universal,6
penny,9
maura,1
education,64
eric,1
rumors,1
fencing,1
offensive,3
crummy,1
suspiciously,1
star,22
thirty-six,1
insults,26
backstage,2
additionally,1
else,58
friends,92
dewey,1
appoint,1
portion,2
lives,72
augustine,1
four-year,12
dynamic,5
protest,2
asian,2
aides,1
battleground,2
whose,17
disability,5
contained,1
painters,5
teaching,1
sorry,8
cavaliers,1
void,1
railways,1
connects,2
smack,1
confederate,1
affect,4
courageous,6
vast,8
skills,21
companies,29
solution,1
actually--,1
heading,1
clothes,2
force,14
across,89
likely,1
even,128
spouses,2
liberates,1
wreck,4
tirelessly,1
rafalki,1
asia,4
nea,1
new,182
ever,77
evolving,1
mel,2
never,112
met,29
nanny,1
active,5
aren't,8
dry,1
luther,1
stiffing,5
economics,10
ignoring,1
credit,21
chrysler,1
demagogic,1
adopting,1
grandkids,17
intensely,1
campaign,155
mobility,3
reagan,9
objectively,1
county,24
moral,1
guests,1
counts,7
landscape,2
criminals,4
army,5
arms,6
call,29
calm,1
missileers,1
recommend,1
survive,2
type,1
tell,163
mckinney,1
made-up,1
supporters,8
expose,1
under,39
wars,1
warm,2
adult,5
aligned,1
room,23
rights,75
movies,1
buckhorn,2
guise,1
give,83
honed,1
involve,1
advancing,1
faults,1
amazing,9
ostern,2
answer,20
massive,5
minority,2
bidens,1
president,324
third,8
maintain,2
operate,1
athletes,5
operations,1
deck,1
pianos,3
copters,1
buskirk,1
before,73
silkscreens,2
experientially,1
personal,19
crew,1
better,94
differently,3
enlisted,3
weeks,10
overcome,5
combination,1
downs,2
nightclubs,1
academics,1
rhetoric,10
bono,1
leaned,1
discipline,1
went,47
side,26
mean,42
afforded,2
principles,2
anti-,3
taught,4
trading,2
doug,1
navy,9
lawyers,1
dawn,2
crucial,5
surprise,8
turning,4
resume,1
revenge,1
beatty,1
ramos,1
struggle,1
aisle,4
logging,1
starts,8
messages,1
steward,2
moving,16
cleaning,1
eileen,3
economists,1
grade,5
reassure,1
brazile,1
hook,3
ditch,4
girls,13
gym,1
villages,1
somewhat,1
chef,1
enabled,1
preparation,2
matter,34
persuade,1
deserving,1
divisiveness,2
sees,4
modern,8
mind,13
mine,8
seed,1
childcare,21
emphasizing,1
seen,47
seem,8
seek,2
tells,9
j-o-i-n,13
tunnels,10
regular,4
don,1
alarm,2
m,2
dog,1
points,1
principle,8
consumer,4
retire,1
brilliance,1
ending,1
treaties,1
stepping,1
thirds,1
northeast,1
explain,4
debts,3
judged,1
folks,23
jailed,1
wearing,1
stop,30
coast,3
earn,8
bar,3
fields,1
qaida,1
bag,1
bad,12
briefed,1
ban,4
ears,1
attest,1
decides,1
zones,1
futuramic,2
subject,2
brazil,1
said,289
there'd,1
inappropriate,1
scrap,1
there's,59
olympics,6
bunkers,1
stoking,1
credo,1
weary,3
picking,1
illusions,1
suggested,7
good-,1
against,73
distinction,1
contribution,2
confronted,2
ethel,1
appeared,3
hardworking,7
initiative,2
administrations,1
targeting,1
asks,4
basis,3
three,32
erect,1
commission,3
interest,10
basic,14
silkscreen,2
threw,1
website,10
deeper,2
prosperous,2
penalty,1
suppress,1
sunshine,1
hearkening,1
hollowed,3
personally,13
tank,1
sly,1
say,193
sls,1
ugly,2
near,9
moratorium,3
ceilings,1
reconnaissance,1
murders,1
anchor,1
pessimistic,4
seven,8
bustos,1
mexico,9
is,1095
it,1021
iv,1
ii,22
shame,2
cant,1
in,1734
id,1
disappear,1
if,403
grown,1
waging,1
bottles,1
parish,1
make,373
everybody's,1
colonies,1
sidelines,6
confronting,1
grows,2
bells,1
advocate,4
governors,2
declaring,1
speakers,1
renaissance,3
kim,4
nurtured,1
opportunity,37
he'll,4
thoughts,3
kid,6
programs,18
changes,4
failing,2
practices,2
claims,14
investments,11
left,42
facto,1
just,393
unfair,7
assigned,2
fighters,1
identify,2
human,16
facts,3
yes,43
yet,11
candidate,21
legion,5
agile,1
assassination,1
justices,1
save,25
sailors,3
supervisors,1
nationalists,2
background,4
destroy,1
dreams,23
dignity,16
tormentors,1
co-pays,2
dean,1
deal,30
repudiate,1
deaf,2
somehow,7
dead,2
dear,4
short-term,1
separately,1
bold,2
keeper,1
super,11
something's,1
cadre,1
afternoon,3
commit,6
automatically,1
nerve,1
managers,6
intellectual,1
world's,2
down,124
lies,2
slurs,2
flying,1
trayvon,2
hometowns,1
form,4
non-profit,1
landing,1
ford,1
failure,3
powerfully,2
indiana,3
analyst,1
fort,1
builds,2
economic,26
stages,1
propaganda,1
kaine,29
strengthening,1
one-third,1
covers,6
fashioned,8
ship,1
discriminate,3
handed,1
digital,1
exporter,1
felt,4
parenthood,4
fell,1
exported,5
authorities,1
weekend,2
died,6
babysitting,2
billion,40
happening,8
assume,1
open-minded,1
premiums,2
club-goers,1
profits,10
overdue,5
managed,2
real-time,1
souls,1
invent,2
manager,5
skin,5
mill,3
suicide,1
praises,1
disorders,1
father,21
disgusting,2
countdown,1
answered,1
finally,36
praised,3
marks,1
suffered,1
adviser,3
inciting,1
billionaire,2
advised,2
renewable-energy,1
governments,2
hugest,1
did,142
die,4
stiffed,10
dig,1
proposals,2
democrat,5
travels,1
excellence,3
round,6
olympic,3
talked,23
dealing,2
khizr,4
targets,1
afghanistan,4
adds,2
international,9
filled,2
install,2
earthquake,1
wait,14
box,4
boy,10
shift,3
diagnosed,1
suggestion,1
boo,1
bob,16
here',1
seawall,1
genuinely,1
teenage,1
treasure,3
elect,10
aidan,3
flexibility,1
patriots,1
hotels,4
everybody,129
troops,24
sake,3
visit,5
scenarios,1
sharing,3
validates,1
acceptable,4
olive,1
effort,9
fly,2
pageant,5
tickle-down,1
mmhmm,1
reelected,1
soul,3
drags,1
growing,11
making,82
hiroshima,1
claim,1
crazy,5
longest-lasting,2
confused,2
agent,2
council,2
dennis,3
pink,1
arbor,1
range,3
sunday,9
sworn,1
drapery,7
map,1
staying,6
may,52
designed,4
mocks,4
guys,1
grow,29
man,55
johnson,2
maybe,61
switch,1
jail,1
african,7
hassan,1
interconnectivity,1
talk,88
shield,1
pointed,9
wishing,1
pitch,2
setbacks,2
police,19
thank,216
interesting,2
undermined,1
maid,2
policy,14
ours,6
main,8
undermines,1
transparently,1
finance,1
views,4
impulses,2
sooner,1
lunch,3
touching,1
markings,2
aspirations,2
killed,11
fudge,6
rock,5
cyberspace,3
girl,6
elizabeth,10
living,21
napolitano,1
jackson,4
race-baiting,1
imperative,1
emerged,2
earlier,10
side-by-side,2
felonies,1
california,1
brooke,1
advance,2
disparage,1
thing,49
think,296
waited,2
first,118
fleeing,1
americans,162
long,61
carry,4
corporations,31
sounds,7
little,36
anyone,36
speaking,8
mining,1
hillary,4
winola,2
here's,64
gotta,11
automakers,1
midtown,1
protected,2
swearing-in,1
were,178
voices,3
conspiracy,4
giffords,1
clung,1
castor,1
bailed,2
answering,1
shocked,1
clintons,1
potential,14
performance,2
pain,3
normal,5
track,8
paid,53
assault,3
cuban,3
massacred,1
especially,43
surprising,1
shop,5
rating,1
shot,10
show,25
sites,4
corner,2
deportation,3
dick,6
storms,1
behind,26
black,30
raising,14
enthusiasm,1
get,389
contracts,1
merkel,1
employers,6
nearly,10
businesswoman,1
median,1
morning,13
miles,4
finishing,1
tesoro,1
worrying,3
declared,1
seat,2
relative,1
eliminating,1
stigma,1
calendar,1
wonder,11
registering,4
hand-picked,1
enough,65
gaga,2
reading,1
checks,4
affordable,51
infrastructure,41
august,1
parent,7
jr,4
killing,3
singers,1
signaled,1
chelsea,4
according,4
tour,5
disappointment,1
holders,1
among,10
cancer,4
grants,5
anyplace,2
arts,1
capable,5
mark,21
mars,2
mary,3
shopping,1
offered,8
wake,9
declaration,1
those,176
sound,5
stacked,2
ongoing,2
promising,1
conferences,1
eventually,5
rubbing,1
coffee,3
dedicate,1
middle,46
wisely,1
everyday,12
movements,1
bags,1
different,48
synagogue,1
pat,1
harsh,3
doctor,3
pay,152
same,58
heartbreak,1
speech,15
arguments,2
struggling,13
pan,1
oil,2
running,47
driven,3
assisi,1
climbing,1
totally,15
layup,1
largely,2
accountable,14
solve,7
gates,2
gangs,1
money,36
sights,1
aspect,2
flavor,1
mcdonald,1
astonishment,1
extensive,1
careers,3
grit,1
year-and-a-,1
grid,8
mom,4
credentials,1
disappointed,2
disqualifying,1
facing,12
chamber,1
audience,3
laughing,3
served,27
voluntarily,1
passionate,3
dole,1
organizing,5
confirm,4
footing,1
critical,6
one-tenth,1
fitness,3
unusual,4
dictators,5
broken,3
conducting,1
island,1
violence,15
conyers,1
pockets,1
mounting,1
out-,1
road,7
organizers,6
whites,1
skilled,2
blessed,5
harness,1
ortis,1
distracted,5
passports,1
strikes,1
early-voting,1
gore,1
arranged,1
wasn't,14
emissions,1
manuel,1
required,2
rapids,1
turbines,4
deep,5
general,7
imagination,1
planets,1
lifetime,6
deed,1
fill,4
again,78
personnel,1
field,7
president's,3
academies,2
students,30
important,92
she's,19
chris,1
revolve,1
prudent,1
remote,2
assets,2
casts,1
philadelphia's,1
sewer,5
resembles,1
starting,20
represent,8
colleges,22
forget,20
founder,3
suburban,1
dollar,7
founded,4
full-body,1
talks,13
children,48
shattered,1
anti-semitic,1
returning,3
fall,7
difference,26
dictatorship,1
mothers,10
celebrity,1
saudi,3
neighborhood,5
straighten,1
zero,13
titles,1
perspective,1
lawyer,4
further,3
stood,24
abu,1
public,40
movement,10
outgoing,1
malaria,1
component,2
nation's,2
beacon,2
disastrous,1
operating,1
minyon,1
mourning,1
speeches,2
bible,3
tweets,2
repaying,1
published,5
common-sense,1
narrow,1
transit,1
africa,1
sanction,1
suits,3
establish,1
shareholders,1
eye,2
composure,2
levine,1
wiped,3
texting,3
two,72
megaphone,1
achieving,1
diamond,1
family's,1
macomb,2
landed,1
particular,5
town,3
none,13
hour,9
maniac,1
guards,3
remain,1
clergy,1
abandon,3
strategies,1
marble,4
compare,5
expeditiously,1
share,30
minimum,24
numbers,8
needs,20
nebraskans,1
acts,3
stir,2
suppose,4
advice,4
par,1
questioning,1
coming,44
salaam,1
response,3
bleak,1
hair-trigger,1
brady,2
crowded,1
tweeting,1
coal,8
responsibility,21
pleasure,3
schieve,1
playing,15
that's,264
rounded,1
radar,1
appeals,3
through,63
thrilling,1
late,11
penn,5
hurting,1
someone,56
seeking,4
encouraging,1
walls,9
compound,4
stepped,2
easily,4
exiled,1
ports,10
everyone,117
mental,15
house,50
energy,53
hard,145
idea,28
katrina,1
furtherance,1
connect,2
insurance,20
initiatives,1
funding,5
discouraging,1
acting,4
longtime,4
print,7
bully,2
lawrence,1
geared,1
extraordinary,13
members,26
beginning,12
bragged,1
benefits,10
prophet,1
computers,1
audacity,1
trickle,3
reinforced,1
embraces,2
instances,1
fearmongering,1
done,102
wages,15
bullied,1
twenty,1
least,11
paint,9
statement,2
drapes,2
park,2
draped,2
part,79
favorable,1
doctors,6
believe,240
b,1
gotten,16
youth,3
contrary,4
supposed,11
treated,7
nominee,14
curtains,1
ages,8
harkin,2
aged,1
orders,3
ditched,1
paths,1
built,21
depending,1
couch,1
majority,10
degraded,1
lifts,1
build,68
dayton,1
breadwinner,1
chart,3
pondering,2
depths,1
most,82
significant,1
services,16
extremely,2
humanitarian,1
charitable,1
ku,1
weigh,2
joining,2
sector,5
rodhams,1
particularly,16
obligations,1
businesses,72
carefully,2
hopped,1
kennedy's,2
fine,5
find,44
merger,1
nervous,1
distributed,2
extra-special,1
permission,1
express,1
courage,3
stomachaches,1
theft,1
annexation,1
silk,9
common,26
gospel,3
wrongfully,1
individual,3
autoworkers,2
feared,1
re-brand,1
expert,2
visiting,2
please,30
halves,1
fans,1
smallest,1
toledo,2
distraught,1
burned,1
cordray,1
responses,1
complement,1
mailbox,1
barrack,1
aircraft,1
full-time,15
reverse,1
appropriations,1
powers,1
annual,1
foreign,15
baltimore,1
point,14
simple,6
ravages,1
newborn,1
simply,7
upgrades,1
volunteered,1
ravaged,3
expensive,6
ensures,1
elkton,1
raise,34
create,69
secret,8
dropping,2
ireland,1
intrusive,1
meeting,16
kathy,1
wish,7
gay,6
cuban-american,1
cruelty,1
gap,5
understand,41
prices,1
underdogs,1
pierce,1
internet-savvy,1
unify,6
high-impact,1
bill,21
tolerate,3
elections,10
fun,4
birthright,1
century,19
cents,9
itself,6
stubbornly,2
stoves,2
italy,2
emphasize,5
ruth,1
shortchanged,1
stavridis,1
keys,4
yesterday,14
moment,12
purpose,7
peachy,1
wheelchairs,1
rules,16
spent,31
flags,1
landmark,1
organization,7
spend,10
prevention,1
hastings,2
profoundly,3
atomic,2
injuries,2
letting,2
cut,20
source,2
deliberately,1
excited,30
bin,18
adversaries,5
big,89
pre-school,1
laughed,1
matters,12
bit,6
knock,9
temperamentally,13
ptsd,1
peduto,1
google,1
often,20
collectors,1
absolutely,17
magnificent,1
back,184
extremist,1
strongest,2
examples,3
nicaragua,1
ourselves,18
scale,3
affects,3
decision,12
per,3
pell,7
connecting,1
eliminate,8
invade,1
either,20
patient,3
remembered,3
continuing,4
use,20
goods,2
seriousness,1
deductibles,2
graduation,2
tenants,2
frames,1
lesson,2
bankruptcy,5
forward,40
translate,2
opponent,56
invite,2
murphy,5
immigration,16
hoped,2
boys,8
hopes,3
nutshell,1
rejection,1
enshrines,2
planet,3
tomorrow's,1
planes,1
constant,1
deprive,1
engineering,2
cure,2
prevail,1
denying,1
cohesive,1
excuses,6
explaining,3
intensifies,1
wiggins,1
prepared,16
restoration,1
prepares,1
rallied,1
appalling,1
rallies,3
breaches,1
record-breaking,1
helps,3
staffing,1
opponent's,4
putting,24
entire,18
respectful,3
shock,1
laden's,4
mobilize,1
bernie,9
educators,13
crow,2
depression,8
contingent,1
reconciliation,1
staffers,2
chicago,14
giving,19
anthem,1
access,22
exercise,3
body,4
peggy,1
healing,1
others,32
safer,12
imperfections,1
extreme,4
birther,1
talent,6
military's,1
first-grade,1
climb,1
proof,2
honor,29
named,8
presidents,13
private,11
gordon,1
names,3
oval,9
belittling,1
stabenow,3
clyburn's,3
nobel,1
debbie,11
butler,1
themselves,15
payne,1
trail,3
train,4
ashamed,1
tearing,4
iii,1
account,3
gruff,1
obvious,2
bratak,1
praise,3
industrial,2
closing,2
disabilities,18
fringe,6
effectively,1
reserves,3
high-,1
employs,1
native,3
democracy,23
holds,4
hampshire,30
regions,3
responsibilities,2
forest,1
reeking,1
aft,1
stock,4
buildings,4
waters,2
leukemia,1
bothered,1
mexico's,1
klan,1
bombers,1
lines,13
chief,22
furious,1
addiction,12
meter,1
struggles,1
non-pell,1
charting,1
onboard,1
bunch,5
industries,3
bridges,18
negotiated,3
winning,7
kindergarten,1
two-day,1
willing,27
black-owned,2
criminal,8
antidote,1
dad,37
greater,16
installers,4
dan,4
mention,5
cutting,4
insisting,1
kindness,11
day,116
preschool,1
airports,10
thrill,1
disregard,2
warner,1
fare,2
apologize,1
re-enforcements,1
salesman,2
matt,5
mid-,1
defend,25
mate,5
arkansas,4
announced,3
frank,3
jones',1
fourteen,1
clarify,2
quo,2
chiefs,4
backwards,2
allies,33
teleprompter,2
allied,1
barriers,14
grieving,1
south,9
finest,2
braced,1
reaches,3
hey,14
puppet,1
reached,5
pakistani,2
strongman,2
nobody,20
environmental,1
loved,14
loves,2
lurching,1
visited,3
half,26
tide,3
have,980
apparently,5
dallas,1
parks,2
montgomery,1
concerns,3
provoked,1
business',1
sky's,1
where's,1
eight,16
prisoner,1
payment,2
enthusiastic,1
gather,1
disease,1
valuing,1
absurd,1
occasion,1
squeegee,7
text,17
supported,8
big-hearted,9
rebuke,1
supporter,2
staff,6
inspiring,1
knowledge,3
controls,2
breitbart,3
regularly,1
exceptional,9
beat,1
beau,1
coworker,1
perfection,1
thrives,15
areas,6
putin's,2
teams,1
including,26
shapiro,1
untrue,1
dillon,1
national,76
dial-up,1
yearning,1
maynard,1
exploited,4
reform,25
pattern,3
ebola,1
progress,21
janet,1
sorrow,1
deliver,12
taking,29
equal,32
swim,1
glorious,1
comment,4
vent,1
ad,4
tremendous,3
it's,293
muddy,2
teamwork,2
elects,1
proposal,1
define,1
pre-k,2
essentially,1
finished,4
fellow,3
napoleon,1
volunteer,26
homes,10
welcoming,3
value,10
promotes,1
entrepreneurial,1
bighearted,1
promoted,1
frustrating,2
almost,5
helped,17
arabia,3
partner,11
progressing,1
movement's,1
injured,2
material,5
reporting,2
bullying,4
discredited,2
sisters,1
judgment,1
center,10
weapon,3
antonio,1
thought,22
govern,1
sets,1
position,5
soviet,2
latest,7
stores,1
executive,16
domestic,1
trans-pacific,1
seats,1
protecting,14
graduate,1
ads,3
bragging,2
lake,3
recommending,2
add,12
citizen,5
smart,15
tests,4
miscalculate,1
doyle,1
displaced,1
like,192
inviting,1
vibrant,1
journalism,2
admitted,1
journalist,2
heed,1
works,35
alive,2
ezell,1
ideals,1
convey,2
supportive,1
shrug,1
hurricane,1
assuming,1
conservatism,2
noise,1
lieutenant,1
host,2
kristin,1
although,6
hospitable,1
periodically,1
christened,1
gifts,1
about,573
actual,3
stephenson,1
blessings,4
introduced,11
commonwealth,3
childrens,2
preexisting,1
billions,5
tackle,5
guard,3
yorkers,1
rushed,1
firefighter,1
awarded,3
biggest,32
barnett,1
insures,2
bus,11
brand,1
but,545
reminds,3
repeated,1
wise,1
dangerous,16
minutes,12
supreme,4
deaths,1
pit,2
campus,1
commander-in-chief,18
automaters,1
corporation,3
detail,2
dontre,1
special,19
granite,1
traumatic,2
misgauged,1
breakthrough's,1
hats,1
daughter's,1
facilities,1
sleep,2
hate,22
crises,5
tweet,6
tenacity,1
pride,7
risk,11
rise,7
every,247
missionary,1
shae-porter,1
bravest,1
school,66
guiding,1
half-hours,1
enjoy,2
leaders,37
consistent,3
direct,3
electricians,2
street,29
friendships,3
shining,1
blue,4
hide,2
christ,1
ruben,1
solemn,1
selected,1
liberty,2
sung,1
re-training,1
endorse,2
supplies,2
seeks,1
kicked,1
governorship,2
york's,2
hundreds,16
humility,2
represented,5
path,13
caregivers,2
generals,16
leaves,15
changed,6
museums,1
analysts,3
mecklenburg,1
visible,1
swings,1
would,222
hospital,3
distributing,1
asset,1
preview,1
breathe,3
phony,1
grief,1
phone,10
excellent,1
tampa,6
must,29
me,320
join,48
advocacy,1
boldest,1
oldsmobile,1
mr,21
entertainer,1
machinist,3
my,503
estate,5
ingenuity,1
keep,88
attract,2
guarantee,12
undisciplined,1
end,45
sitting,7
accusations,1
toxic,1
badly,1
description,1
mess,1
jumping,1
nagasaki,1
acknowledged,2
amic,1
ultimate,3
enter,1
reforming,1
over,74
counterterrorism,2
polluters,1
expectations,2
writing,2
destroyed,1
eugene,1
iowa,29
diseases,2
terrorists',2
radicalizing,1
reenactment,1
shadows,2
alex,1
chuck,1
detroit,12
explode,3
steelworkers,6
victory,4
each,76
lasting,1
signing,1
shoulder-to-shoulder,1
gymnasium,1
group,16
celebrating,1
railed,1
raid,1
saturday,1
clothe,1
driving,3
god,32
washed,1
laid,17
banning,1
got,282
twenty-five,1
independence,1
arizona,1
associate,1
free,17
fred,1
evil,1
wanted,15
jubilant,1
biggest-recorded,1
days,72
priorities,4
tolerant,2
machining,2
hopeless,1
onto,1
angelou,5
already,52
coding,2
primary,9
hearing,11
restrict,3
rant,1
dysfunction,1
kinded,1
top,52
fiction,1
kinder,1
too,91
tom,5
percentage,3
toe,2
urban,1
ceiling,2
murder,2
tool,4
serve,34
took,33
negotiating,5
incur,1
western,6
abandoning,2
frankly,4
immigrants,21
bridge,4
ran,25
talking,64
advising,3
ray,1
founding,1
-,75
brandon,1
educator,1
isolates,1
who've,12
though,9
enablers,1
plenty,1
evangelism,1
nonprofits,1
treaty,3
reputation,1
enterprise,1
bait,4
pope,2
colors,1
radio,4
solutions,9
earth,5
whitehouse,1
commandment,2
scripture,3
criticizes,2
watch,14
criticized,5
tammy,4
despite,1
report,2
haiti,1
hard-to-define,1
fabrics,11
countries,32
twice,1
shots,1
blackwell,1
swept,1
proclaims,1
bed,5
disturbing,3
campaign's,1
capacity,1
machinists,2
grandmother,2
mud,1
finger,2
hopefully,2
approach,9
discovery,1
adding,1
weak,2
however,5
boss,2
wear,3
news,8
improve,7
faced,2
protect,27
gamed,1
accused,2
fault,1
distinguished,13
players,3
games,1
faces,2
expense,1
epidemic,7
karen,1
trust,13
conference,2
wright,1
ma'am,1
been,214
quickly,9
confident,7
spread,5
life-and-death,3
expected,6
drugs,17
republicans,62
search,2
catch,2
kentucky,1
ugliest,1
teachers,35
stopping,3
expenses,1
experts,8
wound,1
latinas,1
complex,2
several,6
commonsense,1
social,14
suburb,2
insisted,1
shortly,3
mother's,1
dade,2
charlie,2
savings,1
greatest,21
incapable,1
mother,41
hearts,5
alabama,4
dads,2
assembling,1
proposed,16
unemployment,4
teenager,5
humanity,1
gave,9
casting,1
low-income,3
advances,1
breaks,10
right-wing,2
judge,12
burns,1
advanced,22
apart,10
gift,5
hunt,1
orlando,2
specific,5
offices,4
mosquito,1
arbitrary,2
frustrations,1
successfully,2
proudly,1
jennifer,1
clubs,2
election,186
op-ed,1
cooper,1
armed,13
harm's,2
everything,102
christmas,1
officer,13
core,14
olsen,4
running-mate,1
attacks,16
surround,3
plunging,2
undocumented,7
dinner,2
misleading,1
ensure,7
efforts,11
duke,2
civic,1
civil,12
[],2
accomplishments,1
tribune,1
coastal,3
rely,5
indispensable,2
transform,2
class,33
stuck,2
fought,12
head,9
-year,2
heal,9
differences,12
heat,2
hear,47
solar,4
sustained,4
admiration,2
muster,1
donald,245
submitting,1
sometime,1
trip,4
outstretched,1
faithful,1
no,167
nd,4
tim,48
setting,3
tie,1
picture,10
football,7
younger,1
longer,10
vigorously,1
elizabeth's,1
vietnam,1
serious,14
neighbors,9
coach,1
remarkable,4
focus,11
leads,6
roy,1
latinos,13
comments,3
environment,4
charge,10
federation,1
advantage,7
congregation,3
cook,3
cool,3
vladimir,12
level,10
brother,1
standards,1
genshaft,1
quick,2
des,1
says,77
bakr,1
obsolete,2
cyber,1
colin,8
port,1
stressful,2
constitution,14
debate,21
goes,20
water,24
baseball,1
groups,7
healthy,3
proud,52
exams,1
hospitality,2
weird,1
chaired,1
paralyzed,1
crisis,19
emmys,1
handles,1
prey,1
gravely,1
candidates,8
today,76
tocqueville,1
lawns,1
casey,3
demonizes,1
cases,1
local,8
unruly,3
slightest,2
trump,328
stream,1
millionaires,13
debt-free,9
performed,1
bigot,1
requirements,1
reece,1
eloquent,1
rubio,1
vital,2
fourth,6
endorsement,3
genocide,1
speaks,4
unbelievable,2
flirting,1
crashes,1
information,12
insecurities,1
islamic,1
birthday,1
apprenticeship,9
nannies,2
classroom,1
branches,2
gerard,1
imagining,2
comfort,1
constituents,2
al-assad,1
worship,1
blocked,2
demeans,4
wallace,1
he's,123
he'd,23
platform,2
offers,1
loophole,11
happened,27
moms,2
underneath,1
cowering,1
feature,1
campuses,1
term,6
equality,7
name,29
stabilize,1
corners,1
individually,1
ailment,1
begun,4
ultimately,2
america's,32
profit,1
oklahoma,1
factory,9
someplace,1
attracted,1
shouldn't,16
hacked,3
theory,1
sophistication,1
impose,5
motion,1
turn,24
place,56
raleigh,2
charleston,2
childhood,8
teammates,1
faculty,1
commissioners,2
george,6
millions,53
in-state,1
given,24
district,3
trillion,1
returns,10
convention,44
white,48
gives,7
wrongdoing,1
season,5
released,3
copy,4
population,9
wide,1
unfortunately,3
require,8
officials,12
poisoning,1
marines,2
outcome,9
oath,4
rena,1
pro,1
bennie,1
reno,3
suspense,1
rent,5
sells,1
any,109
prosperity,4
ideas,22
emphasis,4
resembling,1
strengths,2
sure,140
closes,1
clearer,9
falls,1
freshman,1
vibrancy,3
icon,1
later,8
hungry,1
senior,2
cheap,3
gulf,1
genius,3
state,101
crime,6
believing,3
madeline,1
lighten,1
dye,3
hedge,2
trade,18
underinvestment,1
aluminum,9
naked,1
predicted,2
ignored,3
p-l-a-n,1
closures,2
bargain,14
connections,1
college,104
slashing,1
ignores,1
parking,1
violates,1
encouraged,1
fails,1
invoked,2
mortgage,1
farmers,4
federal,23
review,1
outsourcing,1
weapons,48
rendell,1
outside,6
radicalize,1
who're,1
cities,15
come,77
grieved,1
reaction,1
acquiring,1
missions,1
successes,2
region,4
quiet,1
contract,13
senator,55
deported,1
duty,5
pakistan,2
provocation,2
color,8
robotics,1
period,3
pop,1
resentment,2
reagan's,1
one-stop,1
poll,1
turkey,1
howard,1
peaceful,3
helicopter,11
engine,1
direction,2
blessing,3
andrew,2
mocking,1
minister,4
andrea,1
champions,2
case,16
myself,8
amend,1
mount,2
dingell,1
cast,5
good,172
decisively,1
party,24
granted,9
reminded,7
check,4
shifts,1
buys,2
reminder,4
events,3
status,2
disadvantages,1
director,8
submarines,1
unqualified,16
changing,2
high-paying,1
pennsylvania,27
buy-,1
without,27
relief,3
relied,1
model,4
reward,3
bodies,1
when,361
guided,2
actions,5
entrusting,1
violent,1
kill,5
blow,1
rose,1
everyone's,2
seems,6
rosa,3
lets,6
rosy,1
poised,1
disrupt,1
feminism,1
ross,1
kills,1
virginia,5
betty's,1
accepted,1
furniture,2
braddock,1
kennedy,6
patrick,6
reduced,5
iran's,3
burdens,2
overheated,1
competition,2
respect,36
provided,6
mood,1
legal,9
provides,3
porter,1
inspect,1
pastors,4
stereotypes,1
on,645
ok,17
oh,21
jeep,1
of,2219
paralysis,1
denigrates,1
reinforcing,1
medicare,2
stand,67
de-feed,1
tariffs,1
denigrated,2
or,305
op,1
garner,1
rising,26
determine,9
gary,1
there,238
racism,5
racist,9
strong,32
valley,2
multi-millionaire,1
regard,1
cabinet,3
promote,1
faster,2
gun-free,1
preside,1
strongly,4
taylor,1
circuited,1
britain,1
politics,14
spends,3
stumbled,1
deserve,24
trash,2
dismayed,1
requested,1
briefly,1
separate,2
includes,10
included,6
spouse,2
applause,2
calls,16
wife,20
invest,24
odds,1
websites,1
songs,1
all,564
lace,8
chinese,14
ali,1
lack,2
seals,8
ladders,1
surgical,1
systemic,4
follow,10
decisions,12
apartment,1
thursday,2
program,30
siblings,1
presentation,1
problem-solver,1
activities,2
al-,1
worse,6
anti-woman,1
far,23
fat,1
sons,3
fan,2
awful,1
ticket,1
treating,1
list,14
grandfather,9
fearful,1
budish,2
ten,4
haas,1
ted,12
translating,1
rate,18
design,6
settled,1
nba,1
sue,5
deeply,12
sum,2
anniversary,4
desegregate,1
madam,1
version,3
racing,3
guns,12
christian,5
theresa,3
tragedy,2
peitersen,1
underhanded,2
thankfully,5
tablecloths,1
screens,4
demeaned,2
markets,4
flat,1
israel,1
knows,29
grabbing,2
flag,5
basically,15
known,21
who'll,1
glad,10
debates,25
grand-godfather,1
embarrassing,2
challenging,1
division,9
methodist,5
headlines,1
protects,1
methodism,1
airplane,1
chores,2
court,13
goal,11
rather,3
breaking,5
untied,1
occasionally,2
okay,1
reflect,6
khan's,1
jovi,2
short,10
prefers,2
trevor,1
underserved,3
retaliate,1
public-private,1
turnover,1
don't,217
developed,2
mission,15
depriving,1
disabled,6
outraged,1
bigoted,2
reconnect,1
milwaukee,2
avenue,4
disagreed,3
unleashing,1
pray,1
assaulting,1
beyonce,5
resort,1
disagrees,1
stephen,3
might,18
somebody,47
milestone,4
communities,43
alternative-right,1
bigger,11
impressive,1
inequality,5
friendship,3
weight,1
generation,13
expect,9
alcohol,1
wondered,1
nepal,1
reverend,7
health,75
hill,1
wisconsin,1
causally,1
friday,2
forgive,2
heads,3
teach,3
thrown,1
introduction,7
prejudice,4
threat,11
delegitimize,1
fallen,2
feed,1
feel,50
radical,1
traveled,7
well-known,1
sympathy,2
revolution,3
fees,1
regret,4
passes,1
story,28
automobile,2
passed,7
on-site,1
destruction,1
recovered,2
imperfect,1
option,1
relieved,1
exploded,2
hotel,11
everglades,1
treasurer,2
convinced,3
insulter,1
king,7
kind,110
houghton,1
double,2
instruction,1
outrageous,7
risks,2
insulted,10
salazar,1
cleaner,1
motivation,1
skyscrapers,1
outstanding,1
strengthen,7
suspicious,4
alike,5
cleaned,2
gall,1
wilson,1
chairman,1
finding,3
added,1
electric,7
pillage,1
measures,4
reach,16
architects,1
enduring,1
nothing,46
seasons,1
achievement,3
stands,10
dealers,1
windows,3
liberate,2
institutions,3
kosovo,1
costing,1
starters,1
abiding,1
unsuited,1
his,347
hit,6
gains,3
alicia,4
whistle,1
social-justice,1
fastest,1
him,144
adulthood,1
investigate,1
vincent,1
retaliated,1
wrote,7
art,1
dump,1
achieved,3
intelligence,17
defense,8
dumb,1
are,718
weingarten,3
al-baghdadi,2
threats,13
deutch,2
klux,1
strickland,6
unions,17
various,1
sanctuaries,1
grandparenthood,1
numerous,1
korea,6
recently,3
creating,21
sold,5
attention,11
succeed,7
opposition,1
bronze,6
c,6
prescription,14
small-business,2
became,10
annie,5
finds,2
flies,2
reasons,17
sweet,1
rave,1
slots,1
bolster,1
decline,1
hillaryclintoncom/makeithere,1
incomes,16
political,14
due,2
strategy,4
whom,5
pa,3
nato,7
clean-energy,2
whoa,3
pm,6
flight,1
firefighters,7
precision,7
demand,1
plants,2
advocating,6
evaluated,1
house's,1
homework,5
behavior,3
engineers,1
shortened,1
rip,4
rio,1
rid,5
alliances,6
anguish,1
lengthy,1
confirms,1
myth,1
peoples,1
daughters,4
higher,12
holidays,1
usually,2
arrived,3
contractors,7
lower,14
anybody,40
analysis,4
edge,3
machinery,1
magnifies,1
burden,6
competitive,4
alisha,2
questions,7
immediately,4
profitable,1
tables,6
loading,1
acapella,1
advisers,7
workers,60
governmental,1
customers,3
constitutions,1
discriminatory,1
marian,2
confront,1
ignore,3
collect,2
yorker,1
essential,1
impassioned,1
understood,6
modernize,1
innovation,7
anne,3
apathetic,1
breitbartcom,1
lose,19
refused,9
refuses,4
roundup,1
pipeline,6
housekeeping,2
volunteering,4
entrepreneurs,9
firing,1
pro-,1
hatred,2
wanna,7
dwight,1
credible,5
heedless,1
resilience,2
impressed,5
defaming,1
question,30
fast,2
we're,364
trainees,1
repeatedly,7
junior,1
deployed,3
remunerative,1
fulfilling,2
hasn't,12
highlight,1
z,4
called,48
associated,3
divisive,19
associates,1
undertones,1
rally,5
independents,20
tone,1
peace,11
backs,6
club,2
income,27
nice,6
backbone,1
problems,32
helping,26
inflame,1
meaning,2
allowing,1
happier,1
vice,11
nasa,1
demonstrates,2
weighty,1
once,36
contributions,1
issues,35
floss,1
stable,1
breach,1
include,3
dramatically,2
mainstream,2
wishes,2
drinking,2
posture,1
deals,5
week's,1
polling,4
concluded,2
someday,1
smaller,1
you'd,17
wrestling,1
free-fall,1
fold,1
traveling,5
manipulating,1
makers,5
universities,15
networks,4
waiting,10
capitan,1
capital,2
jesuits,1
chose,3
degree,12
pushing,2
youngest,1
ukraine,1
larger,3
leaving,8
suggests,3
helpers,1
dad's,2
hardy,2
apply,3
usf,3
fed,1
fee,1
from,331
figure,15
usa,4
few,34
december,1
sort,8
journalists,2
porch,1
opiates,1
women,101
midterm,2
anywhere,14
dropped,2
distractions,1
tap,1
pad,1
tax,90
something,100
surge,2
sir,1
united,84
syndrome,1
sit,9
six,6
sakes,2
fortunate,12
privatize,3
unites,1
instead,25
exemplify,1
hurdles,1
attend,2
babysat,1
abuse,4
ethnic,2
readiness,1
light,1
honestly,8
stamped,1
dearest,1
looks,9
frailties,1
glee,1
ships,1
nostalgic,2
choose,8
orange,1
covered,2
holiday,1
campaigned,1
crash,6
practice,7
republican,41
articles,1
profound,1
unpredictable,2
rockets,1
interview,3
bills,8
redeployed,1
related,1
lobbied,1
our,1018
out,370
respects,2
frontier,1
bi-partisan,1
chaos,1
exporting,1
honorable,1
supports,3
integrated,1
disclose,1
granddaughter,6
york,36
segregated,2
conversation,8
outlandish,1
restaurants,1
proposing,6
doesn't,88
priority,6
their,266
god's,1
wendell,3
academy,1
reflecting,1
july,1
discriminating,2
patients,2
encore,1
unaccountable,1
afraid,10
russians,2
agency,4
which,77
funds,3
combat,1
knees,2
who,585
harmful,1
why,119
deny,5
neighboring,1
looked,11
goals,13
inspirations,1
brenda,1
chances,6
agreed,1
chapters,1
planning,2
democrats,43
tampa's,1
dorothy,2
fear,9
eyes,6
pleased,4
reign,2
thousands,16
sued,5
fabulous,2
cuba,2
massacre,2
ones,5
cubs,1
words,31
chips,1
ended,5
married,2
thrive,3
generations,10
view,11
europe,4
requirement,1
inventive,1
colicchio,1
hosting,4
unfairly,1
closer,2
kremlin's,1
televised,1
closet,1
superb,1
favor,3
closed,3
limit,2
frustrated,9
class-life,1
bought,7
weighing,1
exam,1
opening,6
joy,4
agencies,3
embarrassment,1
job,86
joe,18
jon,3
epidemics,1
april,4
wall,28
walk,10
table,27
decent,2
-odd,1
mike,4
proudest,1
painted,5
nicked,1
scrutiny,1
pageants,1
last,114
overturn,2
present,3
abandoned,5
unlike,8
ledecky,1
restaurant,5
choices,4
will,503
wild,1
nobody's,1
supply,2
pews,1
audiences,1
blount,1
perhaps,1
privileges,3
cross,5
unite,1
member,7
unity,7
largest,2
inch,1
gets,34
privileged,5
difficult,9
disagree,6
automation,1
coaches,1
student,40
lobby,6
diplomas,1
fighting,30
theses,1
english,2
hamilton,1
rocket,3
wealthy,32
temerity,1
rapid,1
guts,1
smith,2
capabilities,1
hall,4
armond,1
clyde,1
other,151
adoption,2
attractive,1
hilgersom,1
unprecedented,3
enact,1
virulently,1
seven-and-a-half,1
provisions,1
who's,20
protesters,1
know,607
press,7
hollow,1
racists,1
helpful,1
miami,4
loses,6
taxpayers,1
january,7
because,488
scared,2
growth,7
export,1
wellesley,1
throughout,12
lead,33
breakthroughs,1
miner,1
markers,1
leap,1
leader,10
obey,2
pasts,1
ability,4
wesley,2
murdered,1
double-take,1
stay,28
rare,1
carried,8
extension,1
getting,53
universe,5
urged,2
kaine's,1
carries,1
loebsack,2
sweat,2
isis,34
own,67
owe,3
weather,2
promise,14
registration,5
brilliantly,1
cut-off,1
van,3
transfer,2
kidding,1
intention,1
appointing,1
i've,155
tinged,1
americorps,11
third-world,2
automated,1
made,72
tactics,2
whether,44
distract,2
record,18
below,2
demonstrate,6
broadly,1
stirring,1
slips,2
humbling,1
goodness,8
deporting,3
incredible,3
percent,34
uniters,1
illinois,4
book,23
sick,12
long-time,3
incredibly,5
contacting,1
conclusion,4
illegally,1
kinds,13
door-to-,1
june,1
ceos,1
exceptionalism,3
auxiliary,1
britain's,1
volumes,1
sleeves,7
