deferment,1
four,9
woods,1
candidates',1
hanging,1
aggression,2
marching,1
looking,4
granting,2
electricity,1
refunding,1
impoverishment,1
lord,1
co-operation,10
regional,1
stipulate,1
appropriation,7
bringing,8
disturb,1
piling,3
succession,1
deferments,1
inheritances,1
commented,1
specially,1
mirage,1
second,12
valiant,1
sustaining,6
errors,2
relieving,3
ruthless,1
contributed,14
increasing,25
shocks,11
pioneering,1
avert,1
here,19
reported,5
china,6
hers,1
borrowers,4
deferring,1
reports,1
controversy,2
military,5
i'm,1
cancellation,5
criticism,5
projection,1
replace,5
brought,36
associations--all,1
unit,5
opponents,37
impartiality,1
statesmanship,2
kettles,1
music,3
therefore,31
strike,5
until,32
unprofitable,1
populations,1
detracts,1
brings,8
glass,5
countryit,1
midst,4
hold,14
circumstances,6
pursue,3
accomplishment,8
plunged,1
imperialism,2
concepts,1
centralization,2
example,5
frictions,1
unjust,2
organized,27
currency,19
malign,1
caution,1
reviewing,1
want,10
absolute,4
livened,1
travel,1
damage,1
machine,1
how,9
significance,1
beauty,1
minimized,1
shores,1
wrong,8
destined,1
minimizes,1
types,7
entrusted,2
effective,36
keeps,1
democratic,117
wing,1
restriction,4
welcomed,1
unworthiness,1
fidelity,2
fit,1
unforeseen,1
heretofore,2
fix,5
&frac,2
rescued,1
narrowest,1
endeavoring,4
true--but,1
nobler,1
admirable,2
grievous,1
renunciation,3
effects,6
schools,4
township,1
sixteen,2
silver,5
represents,6
crops,2
preceded,1
financial,50
series,3
contracting,5
substantially,4
ameliorate,3
ring,1
borne,6
self-,3
excepting,1
rd,1
encourage,2
millions,36
foundation,12
stamping,2
view--that,1
assured,13
threatened,2
strata,1
assures,2
estimate,9
knit,1
universally,1
enormous,8
disturbed,4
speedy,1
repealed,1
purpose,65
carryover,1
channels,7
instruct,1
service,73
needed,9
master,6
listed,2
bitter,5
ranging,1
listen,1
rewards,1
collapse,25
geneva,7
-ton,2
wisdom,5
defaulted,1
positively,3
recognized--that,1
outlay,4
showed,3
nations,67
project,8
idle,4
readjusted,2
endure,1
tion,1
feeling,5
acquisition,1
entail,1
willingness,2
dozen,1
affairs,9
appointees,1
person,6
responsible,5
factor--that,1
recommended,38
absorbed,3
doors,3
lakes-st,2
greenback,2
committing,1
shall,154
circulated,3
unmindful,1
diminishing,2
looming,1
simplify,1
mouth,1
letter,3
organization,52
drought,21
expound,1
antitrust,5
state-directed,1
complexities,1
detriment,1
incomplete,1
advisory,5
bureaucratizing,1
centers--for,1
undue,3
participate,5
hungary,1
tempted,1
lessons,2
orleans,1
touches,1
ment,2
than,180
rico,1
rich,7
foolishly,1
emphatically,1
war-demoralized,1
remotest,2
inoperative,3
denounce,2
foremost,1
cushion,2
altogether,1
societies,1
contributes,1
run-off,1
respond,3
leasing,1
disaster,11
fair,2
consummation,2
result,52
fail,14
resigned,1
best,10
unalterably,2
pressures,11
score,12
preserve,19
wage,4
never,36
nationwide,3
nature,10
invigorated,1
authorizing,3
extent,17
debt,21
tyranny,7
country,193
demanded,2
planned,2
logic,1
argue,2
adapted,4
asked,5
fearlessly,1
vain,2
postmasters,1
reconsideration,2
union,7
subsidy,1
much,48
privilege,8
counterattack,1
life,91
retrospect,1
worker,7
wish,43
moneys,1
lift,5
chile,2
child,5
evasions,1
worked,8
diverted,1
commerce,36
presidency,3
animosities,1
employ,2
contemplates,1
played,1
player,1
eighteen,2
campaigning,2
commission--that,1
severity,1
things,14
cumulative,1
haphazard,1
visitations,1
woolley,1
european,16
fairly,1
boiled,1
equalizing,1
typhoid,1
qualifications,1
marched,2
ownership,14
saidi,1
tune,1
populationin,1
furlough,3
intrusion,1
take-the-hindermost,1
echoed,1
academic,2
misrepresents,1
corporate,1
opinions,3
foreigners,1
distribute,3
self-liquidating,5
succeeding,1
previous,22
authorizations,2
ease,1
had,94
advancement,20
disparity,1
collections,1
prison,3
has,505
municipal,9
disagreement,1
possible,23
possibly,4
least--of,1
birth,1
unique,3
desire,20
psychological,2
new-found,1
remind,6
misled,1
steps,11
beneficial,4
right,14
old,17
crowd,1
people,296
begin,1
sure,8
insistence,5
fiduciary,1
harassment,1
for,782
bottom,1
creative,3
contributing,2
individuals,15
exposition,2
economics--it,1
summoned,1
shifting,7
defensive,3
manufacturing,8
dollars,8
citizens,60
o,1
despair,3
slightly,2
raised,5
statements,14
son,3
administer,3
undermining,4
consummated,1
pairs,1
reducing,10
fabric,6
support,48
constantly,15
avail,3
joseph,1
authorized,20
greatness,2
resulted,12
happy,3
insurrection,2
manufacturers,7
forming,1
hemisphere,3
safeguard,10
prosecutions,2
devices,1
unanimous,1
smashed,1
non-war-connected,1
passenger,1
adopt,2
liberal,2
palo,1
steady,11
proven,2
crumble,1
exist,4
negotiations,4
slurring,1
floor,1
relax,1
uttered,1
flood,6
republic,14
ambitious,1
steamship,1
intend,2
transported,1
eminent,1
acquaintance,1
invested,1
rolling,3
reorganization,26
time,130
conferred,2
disorganization,1
breadth,1
irrigation,1
chain,2
whoever,1
canalization,1
revisory,1
amplification,1
recurrence,2
prolonging,1
platitudes,1
veterans,43
tenacious,1
consolidation,14
choice,2
embark,2
fullest,3
exact,1
deranging,1
tear,1
leave,2
solved,4
depositors,12
settle,1
ramseyer,1
speculation,12
prevent,19
spiritual,19
rents,1
lengthened,1
goes,4
kindliness,1
educate,1
jeopardy,2
realizing,1
current,13
drafted,1
understanding,11
contemplate,2
yards,2
address,9
alone,20
along,6
revenues,13
funded,1
accomplished,12
studies,1
logical,1
red,9
working,12
positive,4
opposed,15
wondering,1
scope,1
wicked,2
afford,2
subsistence,1
apparent,4
validity,3
everywhere,2
virtue,1
behalf,2
originally,5
pretend,3
believer,1
believes,3
values,22
believed,3
detached,1
unequalled,1
unanticipated,1
allowed,1
winter,21
divided,4
undertook,2
five-year,1
rigors,2
spot,1
rehabilitate,2
applications,1
date,4
such,250
amendmentpart,1
revealed,4
stress,6
natural,15
conscious,1
ordinarily,1
st,5
subdivisions,1
so,112
definitions,1
privation,5
years,154
course,34
incapacity,2
omitting,1
unfavorable,1
tendency,10
constituted,3
derive,1
torn,1
troubles,2
decreases,4
suspicion,3
constitutes,1
decreased,12
troubled,3
instantly,3
thereby,18
civilian,1
nation,112
compelled,11
maintaining,7
revert,2
establishing,6
battleships,7
instability,7
quarter,4
cordiality,1
honduras,2
revised,7
owing,5
entering,3
prudently,1
disasters,4
abide,1
seriously,5
investigation,10
suggesting,2
bordering,1
demoralization,4
million,61
seventh,1
criticisms,1
possibility,2
quite,2
disrespect,1
complicated,3
matchless,1
besides,1
hydroelectric-power,1
remainder,3
seventy,1
liberally,1
patronage,1
training,3
readjusting,1
snell,1
routes,1
neglect,2
emotion,2
saving,4
clause,1
one,122
reopen,2
chide,1
habitation,1
vote,8
open,14
city,23
indicate,11
draft,1
realization,12
cite,1
proving,1
representing,4
rightfulness,1
translate,1
depressed,2
folly,1
future,68
russia,5
addressing,1
illness,2
san,1
turned,3
argument,3
alley,1
say,18
rained,1
horsepower,1
sap,1
sat,1
aside,3
instructed,3
note,2
fictitious,1
take,36
destroy,31
resummon,1
altered,1
knew,2
pages,1
average,25
sale,6
federal,221
&#-inch,1
reenforce,1
laws,57
surplus,14
unassailable,2
senators,8
friction,3
far-reaching,2
bright,1
aggressive,1
calumnies,4
slow,3
unkind,1
dairying,1
liberation,2
going,17
equipped,2
congressional,9
dispute,2
rejoiced,1
assistant,2
condemning,1
awaiting,2
resource,2
borrow,4
farmer-controlled,2
where,54
vision,16
attenuated,1
arouses,1
intoxicating,1
inequalities,8
sites,1
bureau,15
affecting,2
jobs,12
concentrate,2
awards,2
menacing,1
spark,2
undermine,8
concentrated,7
o&#,1
inseparably,1
many,149
place--to,1
expended,5
expression,8
allowance,1
yearly,2
dislocation,4
considers,1
panics,3
caring,1
booms,1
stretch,1
west,5
almighty,3
combined,5
reflex,1
wants,3
enable,10
thousand,12
observe,3
former,3
polls,2
single,8
invoking,1
confidently,1
policies,67
newspaper,1
situation,65
engaged,16
regularity,1
expenditures,47
verified,1
threatens,1
veterans',13
breakdown,2
sickness,4
harris,1
profiteer,1
by-product,5
vacant,1
costs,16
persistently,1
summer,2
being,55
rest,15
safeguards,7
weekly,1
exceptions,2
instrument,12
aspects,3
around,3
sums,14
dark,2
traffic,8
preference,1
world,184
postal,4
vague,2
dare,2
meaning,2
preventive,2
discarded,1
superiority,1
offenders,1
grouping,2
bankruptcies,1
laissez,2
conditional,1
racial,1
dimensions,2
congeries,1
memories,2
restoring,1
refer,8
destroys,3
scientific,12
power,91
intimate,1
sprung,1
leadership,46
ratios,1
standpoint,2
reversing,1
origins,6
industry,79
favorite,1
practicable,2
neighbor,5
act,54
mean,13
afforded,1
parties,30
accumulated,2
her,4
ever-increasing,1
sealed,1
convertibility,1
punished,3
fordney-mccumber,2
recommends,1
complete,20
discriminations,2
land,34
elimination,5
with,519
buying,11
amplify,1
october,9
monopoly,4
nearest,1
abuses,13
dependents,7
agree,4
detailed,6
gone,7
citizenship,4
exhausted,3
certain,26
am,62
wartime,1
an,245
as,474
at,276
clauses,1
appalling,1
constabulary,1
sympathetically,2
abolish,2
unparalleled,15
congress,182
misfortune,3
seriousness,2
brotherhood,2
omnibus,1
mass,3
original,11
legislatures,2
period--the,1
consider,18
caused,8
instincts,1
co-operatively,1
upkeep,1
welfare,26
causes,27
content,1
riots,1
to,2743
th,7
degeneration,10
paying,3
appointment,3
returned,7
hughes,1
soften,1
condition,13
illustrated,1
moines,2
misinformation,3
laying,1
joined,2
large,96
sane,3
harry,1
small,12
garner-rainey,1
penalties,2
healed,2
past,69
displays,1
pass,5
under-nourishment,1
destitute,2
investment,5
quicken,1
trick,1
section,2
miles--more,1
prevailed,1
nurse,2
luxuries,3
method,21
contrast,6
full,53
hours,7
november,3
criminality,1
reactionaries,2
compliance,1
experience,34
prior,3
healthier,1
social,55
action,143
day's,1
via,1
depart,1
enactment,6
select,2
attendance,2
more,181
door,1
initiated,4
company,3
government-national,1
corrected,3
tested,1
foundations,22
objections,1
keeping,4
canceled,1
science,12
resources,59
evolved,2
learn,1
beautiful,2
prompt,6
stated,34
lives,8
suggestions,4
accept,12
states,220
sense,29
condemn,2
information,8
respective,2
deterred,1
imminent,2
fruition,1
enlarge,2
earnings,4
dismisses,2
creature,1
plant,3
plans,7
countryside,1
unsound,1
director,1
waves,1
appealed,1
plank,1
refuse,6
denude,1
indebtedness,3
broadcasting,1
fundamental,40
pans,1
mexican,2
radios,1
distortion,1
attitude,11
paper,3
re-enforced,1
signs,1
its,280
roots,6
rapidly,9
shifts,2
deeds,1
isaac,1
tentatively,1
senator--we,1
entire,11
universality,1
weeds,1
seventy-first,1
hereafter,1
designation,1
always,17
courses,5
repayment,2
aggrieved,1
found,24
flaxseed,1
disorganized,1
investigators,1
week,6
england,6
resolute,3
reduce,30
exorbitant,2
measurement,2
operation,22
really,2
psychology,1
research,9
armaments,7
reich,1
occurs,1
highway,7
belief,12
risen,2
airway,1
definition,4
owners,3
retained,1
elective,1
w,3
expedient,3
major,44
rooted,2
thereafter,1
number,49
preservation,8
glitter,1
contended,1
heads,1
nobly,1
calculations,1
exponents,1
justly,2
sympathies,1
warmly,1
relationship,3
immediate,27
appreciation,3
depressingly,1
consult,2
stifle,5
grace,1
thawing,1
diffusion,3
critically,1
pennsylvania,2
determined,10
remembers,1
fireside,4
vitally,2
sell,1
permanence,1
jeopardize,4
reliance,1
also,62
internal,1
conscription,1
immeasurable,1
play,3
departmental,1
effecting,1
plan,22
accepting,1
unequal,1
menaced,1
covet,1
sometimes,1
cover,7
cruiser,5
session,35
freight,3
dockets,2
occupation,1
indicator,1
stockholders,1
competently,1
failed,13
indifference,1
dependent,10
beams,1
impregnable,2
adheres,1
remedy,10
preparing,1
closely,3
devising,1
adhered,2
enemy,2
devoured,1
progressive,4
disregarding,1
banking,41
surrendering,1
obscure,3
river,4
prospectus,2
delicately,1
set,24
instituted,3
potent,2
see,21
safeguarded,6
overboard,1
institutes,1
outward,1
citizenship--in,1
insidiously,1
rejecting,1
quasi-legislative,1
receiverships,1
avoidance,3
viciousness,1
acutely,2
available,24
deserving,3
postponement,3
condones,1
untouched,2
incident,4
renewed,2
diminution,1
prospects,2
last,99
timorous,1
connection,4
retarded,2
long-term,2
poverty,14
approve,6
loaf,1
majesty,4
loan,38
community,38
ley,1
indefinite,1
devil,1
monthly,2
acceptance,10
convicted,1
suburbs,1
initiation,1
contained,1
extreme,3
firm,1
repayments,2
question--that,1
fire,2
low-priced,1
wheeler,1
surfacing,1
mine,1
overloading,1
moderation,1
awake,1
representative,10
systematic,3
towns,1
connally,2
handling,3
uncertain,1
judicial,11
expanded,15
budget,33
receive,7
pressed,1
owed,2
pound,5
agitation,5
backing,2
averaging,2
binding,1
germany's,1
evidence--an,1
actuaries,1
country-the,1
shorter,1
read,4
survey,7
expediting,1
alert,1
unweakened,1
levels,10
necessity,32
recent,23
briefest,1
expend,1
concrete,3
regulating,1
inflations,1
redistribution,1
oft-repeated,1
comprise,2
decentralized,2
exports--was,1
conclusions,11
eager,3
-have,1
huey,1
australia,3
emergency,60
demands,14
goal--the,1
wives,1
suffering,30
cataclysm,1
projects,13
imposed,10
d,1
communications,2
continue,26
disorder,3
privately,2
irresistibly,2
methods,34
senate,40
spring,2
mighty,3
sight,4
irresistible,1
transactions,2
reenforcement,1
religion,1
efficiencies,1
prosecuted,1
be,683
object,1
agreement,20
nowhere,1
animating,1
relating,3
obscured,1
dictated,1
by,738
anything,7
exaggerated,2
semi-necessities,1
helpfulness,3
repair,2
stampeded,1
into,137
appropriate,4
controversies,10
primarily,3
uncertainties,2
striven,2
span,1
spending,2
bargaining,2
assuring,3
submit,7
occupy,3
pestilences,1
considerably,2
elsewhere,3
time-honored,1
slump,1
competition,32
line,4
legation,1
considerable,13
inhumane,1
up,70
us,88
maturity,1
mature,1
continuously,2
alarm,2
pursuance,2
aerial,1
defined,1
likewise,6
influence,14
haunt,1
gompers,2
intrepid,1
fixing,2
idleness,1
preventing,5
conceptions,2
definitely,6
bacharach,1
scraps,3
revision,32
elements,8
beginnings,1
prosecution,3
sides,3
ago,49
destinies,1
scotch,1
age,2
walked,1
habitually,1
came,10
retardation,2
body--the,1
menace,1
having,18
partial,2
saying,1
results,24
existing,22
highways,6
refurnishing,1
legal,1
centers,1
seemed,2
one-half,7
concerned,8
young,1
send,2
expeditious,4
sent,3
jurisdiction,1
continues,3
bureau--especially,1
continued,31
minerals,1
categories,6
timely,1
harbor,4
experiencing,1
anxious,2
race,9
discounting,1
pledge,7
licensed,1
imply,6
pour,2
incidentally,3
wheat,8
index,3
expressed,5
consistently,1
indian,1
expresses,2
advantageously,1
led,7
apace,1
respectively,1
delivering,1
slogans,1
let,9
consideration,42
invented,1
fifteen,2
great,174
engage,5
technical,6
involved,13
rehabilitation,4
resulting,3
defeat,3
opinion,14
residents,1
makes,7
involves,4
complying,1
nationalism,1
tools,4
confidence,48
certificate,4
illegal,6
next,31
eleven,1
duplicate,2
doubt,13
bonds,19
forefathers,2
debauched,1
occurred,2
carrying,7
sharply,2
gladly,3
charity,9
entangle,1
animals,1
this,712
challenge,1
clients,1
insists,1
benefitting,1
fulfill,1
weaker,2
process,4
overexpanded,1
purposes,48
high,52
weaken,3
educational,5
negation,2
delay,6
american--and,1
insistent,1
establishment,17
especial,1
await,1
halted,2
demonstrating,2
ties,1
referring,2
solidarity,3
efficiently,3
realized,2
counter,1
element,1
commodities,32
allow,3
lenders,1
producer,1
produces,1
unpalatable,1
move,4
doubtful,1
produced,11
perfect,14
decay,1
chosen,4
procured,1
meantime,6
all--simply,1
depression-that,1
designs,1
repercussions,1
mitigated,1
rotation,1
realize,14
presidential,4
liberia,1
fallaciously,2
installment,1
undertaking,5
truth,5
shortage,1
persia,1
accompanied,1
doing,4
o—ö,1
society,8
books,1
covenanted,1
agriculture,70
witness,1
fundamentally,2
',1
valve,1
foreign-born,1
overproduction,6
products--in,1
annexed,1
incalculable,2
adherence,9
surely,3
thrust,2
log,3
could,53
david,2
length,4
ratification,6
repeats,1
strictly,3
scene,2
self-help,10
blows,2
legislative,16
vetoed,4
festival,1
system,196
state-controlled,1
iota,2
painful,1
interests,9
enforcement,35
vigorous,6
recurrences,1
unexpended,1
steel,1
colleagues,1
reacted,1
appealing,1
misunderstand,1
accusing,1
false,4
partnership,1
poisons,3
tonight,4
clearly,5
necessities,6
therewith,2
mills,1
mechanism,4
souled,1
accuracy,1
worldwide,9
courtesy,1
device,1
segment,2
so-called,7
socialistic,1
stronger,8
thanksgiving,3
face,25
fact,48
atmosphere,4
unconvertible,2
perversion,1
centralized,1
bring,32
decade,1
principal,7
pause,3
of--,1
should,274
flinch,1
mayors,1
hope,35
meant,3
handle,1
distressful,1
listened,1
means,28
familiar,3
prohibition,13
exchanges,1
committees,22
circulation,4
h,5
comprising,4
taxes,38
summon,1
ohio,5
barest,1
strengthened,12
temporarily,13
exerted,2
bidders,1
textiles,2
extend,17
partisan,1
injustice,3
soil--in,1
ends,1
revived,1
self-interested,1
weary,1
restrictions,3
invited,1
deficits,5
etc,8
figures,4
adjusted,8
conclude,1
allocated,1
acres,2
quotas,2
entitle,1
waste,5
altruism,1
spain,1
expiration,2
discoveries,2
playgrounds,2
ripe,1
retarding,1
denial,2
justiciable,1
painstaking,1
soundness,1
covenant,1
conflicting,1
columbia,7
upon,341
sixty-one,1
infinite,4
expand,14
off,6
officethe,1
unceasingly,3
command,3
diversify,1
lest,1
less,50
moments,1
day-to-day,1
commemoration,1
afflicted,1
web,3
generous,14
residential,3
soldiers',1
combine,1
exempt,1
strive,3
increased,75
government,412
increases,14
five,7
desk,3
belgium,1
crisp,1
chairs,1
garage,1
become,29
replacement,1
amendment,12
gaining,3
indications,2
liquidation,7
recognition,1
literally,2
avoid,8
salaries,7
sustain,6
passion,1
salaried,1
hoarded,1
schedule,1
selecting,1
pressure,7
loans,51
counties,5
stage,3
gained,7
repaired,1
sister,1
debentures,1
merited,1
insufficient,3
stratification,1
roads,8
mere,8
terminated,1
housing,3
spots,1
stamina,1
mitigation,2
naturally,15
function,17
fiscal,35
construction,84
nation-wide,3
count,1
evident,7
deficiency,1
official,10
smooth,1
placed,17
convince,1
monument,1
nominations,1
bearing,7
irish,1
rightly,5
governor's,4
recognize,8
contribute,9
dissemination,1
ins,1
consumed,2
abroad--but,1
unsavory,1
deeper,2
effected,2
planting,1
compared,13
readjustments,4
variety,1
forests,1
lately,5
compares,4
details,4
reckless,3
repeat,4
factional,1
recreationeducation,1
tides,2
chance,5
repeal,5
inspiration,1
rule,2
compete,3
pension,2
rural,3
tax-exempt,1
unspeakable,1
consolidated,1
doubts,1
desirable,13
rapid,2
aviation,7
oldest,2
integrity,11
relationships,4
votes,2
voter,1
effectually,3
voted,10
tyrannies,1
worth,1
women's,1
mania,1
contemplated,1
ceased,6
nonaction,1
delegate,3
stifled,1
indices,1
triumph,1
aeronautics,1
horn,1
machines,1
established,22
deliberate,1
consequent,8
establishes,2
churches,2
consisting,1
told,2
notions,2
richest,1
protection,38
pursuit,3
celebration,1
obtained,5
affairs--the,1
items,23
study,13
postponed,2
glittering,1
regimentation,4
secure,36
inequitable,1
highly,6
regulatory,6
total,36
experimentation,2
gloss,1
world's,6
program,57
indiana,3
administering,2
separated,1
inchoate,1
reign,1
continual,1
cured,4
tariff,130
word,1
permits,5
work,77
refusing,2
resents,1
grover,1
era,2
elbow,2
indicated,11
india,4
impair,1
indicates,12
walsh,2
present-day,1
recovery,68
carriers,3
provide,21
ordinary,7
resignation,1
transforming,1
after,57
lax,1
lay,10
law,79
homeowners,3
retort,1
stimulate,11
deprives,3
order,62
greed,2
office,21
devote,3
consent,4
satisfied,1
proportionate,1
deducted,1
japan,17
patronized,1
somewhere,4
recreational,1
production,38
workable,1
then,24
them,131
affected,25
safe,6
break,10
shameful,1
they,304
livesthe,1
bank,13
bread,2
tampering,1
backgrounds,1
slavery,1
--,32
reasonable,5
hard-won,1
lifted,3
schemes,3
observance,1
dumping,1
afield,1
gladdened,1
vessels,10
forth,5
veto,5
standard,16
campaigns,1
appointments,2
disputes,6
people's,3
created,22
creates,4
renew,3
oppose,5
incorporated,4
generalizations,1
organize,6
suspension,2
render,6
railroads,4
blossomed,1
another,25
illustrate,2
approximately,13
rates,43
observations,1
john,2
efface,1
decentralize,1
hawley-smoot,10
rejected,7
wastes,1
tithe,1
stupendous,5
contrasted,1
powers,25
pessimism,4
shoals,3
sportsmen,1
manner,9
impelled,1
forced,10
strength,39
realm,1
laden,1
convenient,1
latter,4
indexes,2
-=],1
subjects,9
luxury,2
forces,40
transmit,3
completed,11
gompers',1
culminated,1
iceland,1
prohibitive,1
extending,5
involving,2
germany,8
phase,3
imported,3
grave,7
calculated,3
demoralized,2
responded,2
fitted,1
reserve,39
decidedly,1
anniversary,1
intergovernmental,4
just,22
guidance,2
blighted,1
deepest,1
adequate,19
artificialities,1
do,100
explorations,1
loved,3
child-not,1
leisure,5
yielded,1
watson,2
haunted,1
covering,1
children's,7
unquestioned,1
one-hundredth,1
implication,3
secretary,16
observed,2
checks,2
depends,3
discussions,2
started-as,1
draws,2
away,10
gentleman,2
calamity,8
unable,8
cooperation,53
drawn,2
mortgage-discount,1
disavowed,5
accord,8
terms,6
sickens,1
intelligent,2
liabilities,1
received,8
essentially,3
ill,7
paralyzing,1
self-support,1
devotion,9
exceeds,1
transmission,2
department-store,1
negotiation,3
moved--an,1
widen,1
tons,43
wider,11
speak,7
gratitude,2
broadening,1
petty,1
mobilization,5
condemned,2
accentuate,1
flexible,15
duties,19
repelled,1
families,19
hospitalization,2
concerning,2
fess,1
jeopardizes,1
applied,8
physician,1
east,4
ahead,2
reciprocal,8
air,7
aid,53
property,14
weakens,1
world-wide,6
comparative,1
stint,1
confirmed,2
perform,2
recurrent,3
federating,1
descend,1
avoids,1
convictions,2
wheel,1
independent,11
traffics,1
springing,1
closings,1
evil,3
hand,16
liberties,3
producers,4
faiths,2
kept,6
whereby,1
immaterial,1
taint,1
ofttimes,2
the,7004
stringent,1
traditions,5
quoted,2
gods,1
dignify,1
farther,3
senate's,1
adding,1
fared,1
evidences,5
spread,17
board,40
evidenced,3
emphasis,3
barge,1
retreat,4
disadvantage,1
securities,24
night,10
security,28
starvation,5
honored,1
born,2
bore,1
congratulate,1
unavoidable,1
/,5
asking,3
denied,2
participation,3
deflation,3
marketing,10
confer,1
illustration,3
constructive,15
outlays,3
architectural,1
substitution,2
post,7
properties,1
theirs,2
months,48
accepts,1
banker,4
horizon,1
single-line,1
naval-defense,1
considerations,1
capper,1
prisoners,6
float,1
profession,1
bound,7
balances,5
rendering,1
balanced,5
co-operations,1
amidst,1
legislation,49
liquidated,1
fight,2
accordingly,1
conservation,10
way,24
accords,1
was,206
war,95
lowest,2
becoming,2
vitality,3
taken,47
true,15
again,47
responding,1
veiled,1
reproductive,7
undefeated,1
maximum,11
generosity,5
complaint,1
emotional,1
promises,13
umpire,1
evidence,14
conserved,1
promised,5
prayer,1
enlist,1
physical,3
weakened,2
liberalized,1
reality,4
semi-necessity,1
interested,8
holding,4
test,7
unwilling,1
well--that,1
welcome,2
complains,1
concurrent,3
scores,2
reflexes,1
pork-barrel,2
together,31
reception,1
precedent,3
tribunals,1
impulse,6
indicating,1
supplement,1
grateful,1
battle,9
idealism,4
certainly,8
zone,1
shrinkage,4
compensate,2
permanently,4
division,2
protective,24
emergencies,18
automobiles,3
trouble,2
feeble,1
presented,12
turns,1
gun,3
ascertaining,1
p,1
upper,2
revolution,5
legalized,1
regret,2
penetrates,1
discover,1
cost,35
helpless,2
michener,1
free-for-all,2
appear,4
assistance,21
prairies,1
shares,1
uniform,6
appeal,15
consolidations,1
satisfy,1
supporting,2
inauguration,6
logrolling,3
combatant,2
appears,4
change,31
exemption,1
flames,2
twenty-seven,1
disavow,2
trial,3
usually,1
country's,1
montreal,1
retired,1
extra,1
lending,3
marked,5
sincerely,1
sufferers,3
slackens,1
market,30
prove,10
live,4
slough,1
commissioner,1
hesitated,1
industry--the,1
organizations,20
slogan,1
defeats,2
car,1
secretaries,1
armamentthe,1
incidents,1
can,197
lubricant,1
stimulating,7
heart,11
dedicated,3
expanding,1
subsidies,4
heard,5
fortunes,1
recollect,1
produc-,1
clothing,3
occur,1
productive,4
bankrupt,1
fortunately,7
discussion,23
spreads,1
economy,21
product,2
sacrifice,9
southern,2
produce,16
bear,5
restate,1
drastic,7
nomination,1
lifting,1
goal,2
remember,2
explicit,1
rather,16
accelerated,1
typical,1
serving,2
foreclosure,3
indeed,10
ended,5
nitrogen,1
cold,13
still,36
forms,9
winnipeg,1
norway,1
inefficiency,2
correspondence,1
halt,2
introduce,1
half,22
not,434
now,146
provision,28
discuss,5
nor,15
enacted,18
fumes,1
james,3
drop,1
slurs,1
denmark,1
entirely,12
marshals,1
domain,3
challenged,1
directing,2
supplant,1
times--whether,1
year,127
counteract,1
avoided,2
adduced,1
shown,10
accomplish,4
opened,3
space,2
furthermore,9
increase,83
race--a,1
ruinous,4
receiving,4
shows,10
inevitably,4
defenses,1
cars,1
divergence,1
hiram,1
advantages,3
carl,2
obligation,12
marine,7
inevitable,10
care,30
vestige,1
british,15
honest,6
fetters,1
promotion,4
profess,1
blind,2
benefited,1
occupations,1
omitted,1
caldron,1
municipality,2
comprised,2
violences,1
directly,15
comprises,4
impossible,7
message,15
forwarding,1
size,5
sheer,2
inconceivable,1
checked,1
subsidizing,2
friend,1
mostly,3
that,1251
pittsburgh,1
taxation,11
disabuse,1
eliminated,2
appreciated,1
rugged,1
tangible,3
accordance,13
transferred,3
optimism,2
discernment,1
monopolies,1
fruits,1
extinguish,2
investors,2
remained,1
correction,1
roosevelt's,2
tense--they,1
recover,3
form,31
veteran,4
offer,3
terrific,1
equipment,3
objective,8
impairment,2
telephones,2
postmaster,3
price,14
tax-supported,1
undertakings,7
america,34
destiny,2
appraisals,1
attempting,2
implications,2
talents,1
professional,1
duplication,1
quasi-judicial,1
german,10
speakeasy,1
sible,1
fifty,5
discovered,4
fletcher,1
tonnage,12
gratified,2
fifth,1
ground,5
ratio,3
title,1
proportion,9
self-supporting,1
only,113
developed,19
interstate,11
recuperation,9
samuel,3
truly,3
cannot,32
celebrate,1
leather,1
reorganized,3
inside,1
bulgaria,1
yorktown,2
actively,4
concern,16
materials,10
between,52
import,1
justified,8
psychology--both,1
blame,3
article,1
receded,2
installation,1
banks--that,1
enabling,2
wheels,1
comes,5
dispatch,1
exploit,1
learning,3
moreover,10
renewals,1
informed,5
territorial,2
cared,2
dictator,1
dangers,13
partisanship,1
systems,14
cesspool,1
wounds,4
observers,1
external,3
scrupulously,2
realities,1
countless,3
these,454
handicapped,2
haven't,2
implacable,1
zenith,1
soil,3
know--and,1
startling,1
commander,1
anxieties,2
embrace,1
waterway,6
ship,2
fatalist,1
develop,17
inquire,2
inquiry,9
hauls,1
document,2
investigated,2
centuries,1
farmers',9
fruit,1
validate,1
tradition,2
day--one-fourth,1
patchwork,1
immeasurably,1
constitutional,5
severe,4
congressmen,2
restorations,1
charged,2
livestock,4
valuable,3
civilized,1
maternity,1
touch,2
speed,4
tirade,1
death,4
thinking,1
improvement,23
treatment,3
versa,1
deep-seated,1
struck,2
real,21
conferees,3
rules,3
early,17
earnest,7
listening,1
execution,3
reap,1
rear,2
fortune,2
heightened,1
utterances,1
pounds,2
collective,1
annually,6
benefit,6
t,1
fully,18
output,2
downward,1
evidencing,1
twelve,2
verbal,1
exposed,4
tragedies,2
zealously,2
refresh,3
strangulation,2
willis,1
requisites,1
deficit,9
necessitating,2
assembly,4
business,195
sixth,3
equivalent,1
strained,1
credits,8
emasculate,1
comparison,2
central,7
friendship,1
boldly,1
greatly,20
testimony,1
deranged,1
outlook,1
inclusion,1
unbounded,1
variable,2
operator,1
shrinking,1
your,37
fast,2
jowl,1
forwarded,1
prepare,2
area,7
assumed,8
start,4
low,8
lot,4
enlivens,1
drains,1
smuggling,2
delayed,5
two-thirds,3
trying,3
dominican,1
embedded,5
lawfully,1
pessimists,1
momentarily,1
moved,1
sales,5
hospitals,4
followswhereas,1
completeness,1
administered,2
selfishly,1
storage,1
anarchy,1
terminating,1
you,78
poor,2
perils,1
drift,1
coverage,1
tendencies,2
pool,2
building,54
bulk,1
hard-working,1
repay,1
profits,9
scare,1
embracing,3
surrounded,1
codification,1
alleviation,1
month,20
unrest,3
thoughtful,3
religious,3
dreadful,1
corps,2
pledged,2
foster,1
workpeople,1
safety,9
pledges,3
very,68
balancing,5
minded,1
decide,1
deficient,1
louis,2
i'll,1
streets,1
nearing,1
self-contained,3
promoter,1
wisconsin,1
attributable,1
conscience,9
consumers,1
witnessed,6
bituminous,2
emotions,1
steadying,1
certificates,13
nullification,1
repugnant,1
recruits,1
selective,2
excess,4
strong,6
conviction,4
outgrowth,2
inspired,2
losses,19
reason,12
soldier,1
amount,28
advertising,1
inspires,1
shuffle,3
family,9
mediator,1
requiring,2
tendered,1
income-producing,1
takes,3
injure,1
probabilities,1
contains,2
girds,1
mysterious,1
injury,3
authorization,6
lowering,5
overbuilt,1
broke,1
factories,1
producing,2
sovereignty,1
weighed,1
sweeps,1
nine,3
budgets,2
propounded,1
re-corded,1
history,43
brazenly,1
pushed,1
four-fifths,1
exclude,1
weakening,1
firmly,8
orators,4
ratified,5
surpassed,1
hampered,1
vigilance,1
threat,3
triumphs,2
progressives,1
invasion,1
twenty-nine,1
compulsory,1
a,1273
criticize,1
prerequisites,1
overnight,2
sittings,1
deterioration,1
banks,92
help,21
soon,8
held,29
committee,35
committed,2
taxpayer,8
betterment,1
solving,2
actually,5
absence,3
disclosed,5
fines,1
finer,1
evening,3
motivated,1
groping,1
food,3
treasury-,1
traveled,1
industrially,1
erection,1
faire,2
occasions,5
stopped,9
obligated,2
referred,6
heavy,4
taft,2
beyond,44
event,6
item,3
miss,1
robert,1
since,42
trusts,2
dominated,1
issue,19
sympathized,1
housed,1
favored,4
houses,1
untiring,1
base,7
put,22
curtailed,2
revolutionary,4
diffused,1
launch,1
tenets,1
terrible,2
fifty-four,1
american,239
businessmen,1
automobile,1
reflected,4
moorings,1
loadings,1
visions,1
arbitration,4
generalities,1
obedience,1
vice-presidential,2
hundred,11
bowed,1
selling,4
passed,39
blindly,1
translation,1
financing,4
grew,6
tariffs--the,1
kindly,1
imperiled,1
miseries,1
anticipate,2
autumn,1
store,2
attorney,2
toward,35
mainstay,1
war--the,1
urgently,2
substantial,19
concentration,3
lie,9
evasion,1
speculative,6
officers,13
relieved,2
useless,2
towards,3
quote,2
approves,1
quota,1
sponsored,2
aires,2
diametrically,1
approved,8
salary,1
sturdy,1
builded,10
clear,7
part-time,1
interlocked,1
perseverance,1
phenomenon,5
flood-control,1
nations',1
consonant,1
stimson,1
completion,11
duncan,1
justice,37
convinced,4
inadvisable,1
dominant,3
domestic,14
trees,2
consecration,1
competing,1
combinations,1
during,120
intensify,3
aristide,1
exhibiting,1
sacrificed,3
sacrifices,1
withdrawal,5
switzerland,1
poisoned,3
cramp,1
patriotism,4
culture,2
prosper,1
localize,1
close,5
embarking,1
probable,1
probably,4
lowered,7
conditions,31
stagnation,2
poorer,1
invisible,3
both,60
cashing,1
minorities,1
sensitive,3
forgotten,4
president--that,1
deciding,1
complies,1
bill--changing,1
whatever,8
vessel,1
dams,1
exert,1
maintenance,26
collected,3
threaten,4
territory,2
instructing,2
empty,1
walter,1
budgeted,1
compromises,2
partly,3
else,5
recalled,1
pact,8
utmost,7
look,12
governor,41
pace,1
while,31
socialism,3
ought,3
endanger,2
fleet,14
guide,2
depleted,1
usthe,1
wherever,1
overlooked,4
herein,2
reads,1
loosened,1
ready,1
grant,3
estep,1
conflict,11
used,5
temporary,31
bonus,5
transitory,1
uses,1
herewith,2
older,2
poland,2
obviously,3
overgrazing,2
docket,2
settlements,5
reviewed,2
useful,3
panaceas,1
retirement,5
$,196
exhilarate,1
ballots,1
guarantees,3
remaining,5
applauded,1
march,15
lacking,1
showing,5
dominions,1
game,1
wiser,1
defied,1
overriding,2
success,16
submission,4
stagnate,1
resorted,2
strife,2
translated,2
mathematical,2
radicalism,1
fathers,2
creation,19
some,174
urgent,12
trends,2
caliber,2
impoverish,2
lingers,1
delivered,3
distributable,1
all--of,1
co-operatives,1
providence,3
civilization,13
installed,2
run,5
lakes,2
stem,1
step,20
assists,2
abroad,41
troops,1
faith,22
bureaus,7
whittled,1
congressman,1
block,1
within,41
nonsense,1
unimpaired,6
ensue,1
federal-highway,1
/-inch,1
rolls,3
statistics,3
placing,2
accountability,1
insincerities,1
visas,4
heritage,1
present-year,1
calumny,1
manufacture,2
himself,5
duly,2
reiterated,2
properly,7
reed,1
authority,52
dull,1
public-building,1
regularized,1
accustomed,1
loving,1
similar,8
ordered,11
adults,1
mindful,1
metals,2
reopening,2
unwise,3
croats,1
cotton,8
objection,3
fears,11
application,15
electrical,7
department,29
wished,1
draw,2
kansas,4
washingtonand,1
william,5
oregon,1
reservation,3
restrained,1
structure,28
urged,6
independently,1
correlated,1
e,4
practically,14
sounder,4
depth,2
ignorant,3
requires,18
aggregating,1
laborsaving,1
cheerful,2
farms,9
proposition,1
go,24
excludes,1
vacuous,1
arid,1
true--that,1
does,40
keystone,1
friendly,1
enslaves,1
bedrock,1
prudence,1
wave,3
convoked,1
discouragement,1
recollected,1
positions,2
inflexible,1
beautyfilled,1
enforce,7
comforts,3
facilitating,1
carter,1
encroachment,3
boots,1
women--they,1
auspices,1
plays,2
colonel,1
experiment,3
distressing,2
commercial,25
following,14
quell,1
enterprising,1
convert,2
withdrawing,1
repel,1
products,37
virility,3
examining,1
foresee,1
addresses,1
danger,12
juries,1
thirty-one,1
austria,3
surpluses,2
remains,4
class-minded,1
adequacy,1
predict,1
subsidized,1
exhaustive,8
reflects,1
bureaucracy,16
started,2
becomes,6
rivalry,1
appointed,16
announcing,1
recession,1
servants,1
meet,63
averages,3
certainty,3
control,42
escaped,1
sought,15
gains,3
stemmed,1
hesitate,1
arrangement,1
sentiments,1
reestablish,7
immoral,1
circular,1
farm,62
chiefs,1
sheppard-towner,1
advocated,4
advocates,1
quotations,2
facilitated,1
including,19
mentioned,5
brook,1
demoralize,1
demonstrable,1
hands,9
front,5
pre-war,2
mastery,2
adjournment,2
magnitude,2
upward,6
globe,2
constitute,4
measure,31
margins,2
special,36
offsetting,1
entertainment,1
cause,16
reacts,1
recommendations,31
completely,3
unquenchable,1
conservatives,1
delegated,2
tilden,1
resumed,1
determining,2
ask,17
times,53
keen,2
shred,1
designed,4
prospective,1
evans,1
powerful,4
improving,2
precisely,1
quality,2
management,1
data,1
durable,1
adopted,12
attack,6
perfectly,5
final,7
exactly,2
floodway,1
chemicals,1
overwhelming,1
breadwinners,1
beg,1
submitted,5
farmer-managed,1
providing,16
distinguished,8
exhibit,1
enforced,3
thwarted,1
unchanged,1
yielding,1
thereto,2
need,72
border,4
microphone,1
pursued,8
physique,1
purchasing,3
instance,7
relatives,2
issuing,1
pivotal,1
declined,1
mileage,1
intentions,2
montana,2
connected,2
but,277
nuisance,1
consequences,6
government-improved,1
scrambled,1
sweated-labor,1
businessman,2
lawbreaker,1
impression,3
violation,10
halting,1
well-being,4
soldiers,3
shoes,1
based,16
earned,1
valuation,1
hopeful,3
employer,3
brighter,1
bases,1
reorganizing,1
attained,12
employed,4
mortality,5
commendation,1
michigan,1
self-disciplined,1
joint,6
legitimate,2
leases,2
processes,5
places,3
expansions,1
she,1
contain,2
proponents,3
albania,1
operates,1
argued,1
reinforce,3
officials,21
usefulness,4
desperate,4
operated,4
humane,2
nightmare,1
tend,5
written,3
raises,1
prevailing,2
indebted,2
single-headed,1
comparable,1
sole,6
sorely,4
solitary,2
importance,26
wrongdoings,1
efficiency,10
police,1
precious,2
problem,50
undetermined,1
interpretations,2
limits,3
minds,5
strains,7
manifestations,1
lofty,1
jersey,2
cordial,2
tuesday,2
penetrating,1
preparedness,2
cynicism,1
accomplishing,2
addition,19
cent,59
immense,1
liberals,3
slowly,3
shoulders,1
controlled,6
league,2
consequential,1
expenditure,33
ours,11
quotation,2
debtor,5
bipartisan,6
soundest,1
surface,1
examined,4
began,9
parts,19
northwest,2
blight,1
party,80
effect,57
discouraged,2
frequently,2
scourges,1
destruction,18
scarcely,1
transaction,2
reflection,1
i,710
obstacles,1
well,33
insurmountable,1
restore,13
increasingly,3
mistaken,2
sources,4
distant,1
skill,9
coordination,4
deposits,14
imposes,5
extends,5
warrant,1
definitive,2
ample,5
devised,4
utah,1
handbills,1
fats,1
historic,4
contingents,1
burden,15
immediately,7
loss,9
lincoln,2
necessary,61
lost,3
alternatively,3
payments,14
lose,4
adversity,2
therein,2
phenomena,2
francisco,1
cleveland,5
home,49
proofs,1
competitor,3
charges,1
broad,12
overlap,5
demonstrated,17
limitations,3
retirements,1
reaching,2
witch's,1
monetary,7
expansion,42
narrowness,1
industrious,2
offset,3
misrepresentation,4
refuge,1
individualism,7
freedom,45
sinister,1
meansthat,1
recognized,1
eloquently,1
readjusts,1
equally,10
previously,3
department's,1
washington,19
relinquishment,1
additions,1
utility,1
mississippi,7
accused,1
additional,17
lagged,4
growths,1
north,3
revalue,1
three-quarters,1
neutral,3
gain,7
courts,6
conventions,1
eat,3
he,129
cells,1
signed,6
cruel,3
chairmanship,1
limit,8
display,1
strengthens,1
plenipotentiaries,1
devise,2
reservations,7
universal,3
penny,1
weak-kneed,1
education,22
functions,19
-day,2
contest,4
offensive,1
expositions,1
animosity,1
friends,4
appoint,2
fertilize,1
portion,11
determination,11
indirectly,5
aided,1
dynamic,1
protest,7
consists,2
whose,31
fronts,1
segments,1
disability,1
pensions,2
presents,5
collaborate,1
destitution,1
railways,20
reforms,3
affect,8
courageous,3
vast,20
clothed,1
companies,7
solution,24
herbert,1
indefinitely,1
convenience,1
enhance,1
force,23
japanese,1
likely,5
subordinate,2
even,66
preferences,1
prisons,6
desirous,3
saved,16
panama,3
asia,2
new,132
net,4
ever,43
harbors,5
deemed,2
chindblom,1
men,100
met,15
replacements,1
active,3
dry,2
inefficiently,1
rests,8
economics,2
expedited,7
credit,95
permit,10
demagogic,1
adopting,1
suitable,1
fantastic,1
intensely,1
campaign,49
mobility,1
county,11
decried,1
moral,18
guests,1
credence,1
criminals,4
army,13
arms,26
call,23
calm,2
recommend,37
survive,3
type,7
tell,3
expose,1
wars,3
pacts,1
room,11
rights,7
setup,1
guise,2
frantic,1
defer,1
give,62
assent,1
envisaging,1
involve,2
degenerate,1
advancing,3
faults,1
amazing,1
answer,5
minority,4
replacing,1
loyalty,2
long-continued,2
president,41
summarize,2
purchase,5
attempt,11
third,11
action--could,1
maintain,31
operate,1
operations,4
ghastly,2
responsive,1
appropriating,1
shipbuilders,1
before,79
personal,12
better,35
enlisted,1
persist,5
weeks,8
overcome,11
combination,2
weakness,6
unemployed,17
arrested,1
went,4
side,8
briand,2
instrumentality,4
interruption,1
enthusiasts,1
mandates,2
principles,55
indianapolis,3
trading,1
navy,15
aids,7
dawn,1
extract,1
contend,3
merchants,1
restricted,4
particles,2
sturdiness,2
revolving,1
venezuela,1
turning,1
struggle,2
professions,1
messages,7
trebled,1
signature,1
moving,3
participates,1
twenty-two,1
features,2
economists,1
grade,1
thereof,1
dwelt,1
acquaint,1
girls,1
dwell,2
solemnly,2
convene,1
somewhat,2
peculiar,3
begins,2
anxiety,4
conforms,1
enabled,5
preparation,3
matter,21
multiple-line,1
enables,1
bidder,1
modern,6
mind,22
reassert,1
seed,1
seen,10
seem,5
seek,10
jealously,1
fitting,1
demoralizing,1
catastrophe,1
regular,4
trusteeship,1
zealand,2
mitigate,2
observation,2
medical,2
m,1
digress,1
points,4
principle,16
consumer,3
urgency,1
discontent,4
hunger,11
withstand,1
armament,6
ending,5
treaties,8
attempts,5
supplied,1
judges,3
explain,2
debts,23
cripple,3
sugar,4
judged,1
folks,2
hoard,2
exports,14
reconstruction,30
compounded,1
stop,3
coast,2
quarters,3
comply,1
earl,1
earn,1
bar,1
fields,8
followsarticle,1
bad,4
fertility,1
humanly,2
unworthy,1
inventionwe,1
reference,1
testing,1
zones,1
interruptions,2
subject,42
brazil,3
said,24
artificial,1
tantamount,1
sorts,1
tolerance,3
ignorance,1
equals,1
suggested,6
uncertainty,4
against,57
distinction,5
contribution,15
confronted,7
appeared,1
height,3
initiative,37
aftermath,6
springs,3
administrations,1
speedily,3
proceeded,1
eradication,1
basis,57
futility,1
three,26
particulars,1
commission,60
stock-market,1
interest,68
basic,6
entered,3
stresses,2
tacna-arica,1
prosperous,7
suppress,2
sunshine,2
rainey,1
personally,2
deepen,2
misquoted,1
demonetization,1
illiteracy,3
economies,13
ugly,2
near,3
moratorium,3
suppose,3
balance,10
employees,16
seven,12
well-balanced,1
metropolitan,2
mexico,6
payne-aldrich,2
is,951
it,704
defeated,5
uninterrupted,1
jest,2
in,2284
if,164
grown,15
waging,1
make,76
unfortunate,5
colonies,1
confronting,2
entitled,3
meets,2
discriminatory,2
governors,9
unlimited,1
declaring,1
undaunted,1
impelling,1
unfetter,1
opportunity,61
thoughts,3
butter,4
practiced,1
programs,15
settled,2
failing,1
practices,9
qualities,1
virile,1
claims,7
investments,6
left,5
entanglements,1
protocol,1
consciousness,3
wasteful,6
hearst,1
unfair,2
assigned,3
human,40
facts,11
yet,54
candidate,47
infinitely,3
satisfactions,2
character,36
jefferson,1
defray,1
save,14
sapped,2
sailors,1
auspicious,1
background,7
dignity,2
visible,2
unnecessary,5
criminal-law,1
confront,1
commanders,1
conciliation,5
squander,1
deal,25
overhung,1
ohio--the,1
dear,1
manifest,1
normal,55
distrust,1
distress--that,1
subscriptions,1
ago-passed,1
popular,3
woodrow,1
keeper,2
conceal,1
commit,1
automatically,1
amounted,3
intellectual,4
negative,1
down,18
lies,11
shippers,1
doctrine,4
frightened,2
initial,4
approximate,2
winters,3
fraction,1
handicaps,1
bolivia,3
offering,2
failure,23
surrender,4
continuance,2
prevents,1
bounds,4
economic,173
stages,1
temper,2
originating,1
strengthening,19
one-third,5
covers,1
drive,1
life--that,1
adversely,1
fraternal,1
locality,3
generally,5
misinterpreted,3
felt,6
utilities,10
journey,1
authorities,18
died,1
billion,10
under-consumption,1
assume,8
daily,10
liquidity,2
affirmed,1
restored,8
relieve,22
souls,3
manages,1
submarines--the,1
abundant,5
retention,1
anticipation,5
depend,7
disorders,2
striving,7
father,5
finally,5
unpleasant,1
marks,1
stabilizing,2
suffered,9
farmer-owned,3
misstatements,1
advises,3
adviser,2
governmenti,1
will--who,1
merit,1
advised,3
governments,46
banished,1
did,19
die,2
proposals,27
democrat,1
thereofin,1
attracting,1
unexpected,1
dealing,11
inconsequential,1
theories,2
afghanistan,1
adds,3
norris,1
annals,1
international,35
unrestricted,1
filled,1
transportation,17
mr,15
french,1
congestion,7
withdrawals,7
wait,1
alto,1
boy,3
canadian,1
institute,1
shift,5
dominantly,1
exploitation,5
suggestion,2
freedomlet,1
elect,1
merely,4
sympathetic,8
wealth,13
france,7
peru,5
francs,1
cooperated,7
lessened,5
sharing,1
parks,5
labyrinth,1
distribution,15
rigid,5
savior,1
effort,27
government-owned,1
bushels,3
avoiding,1
soul,2
growing,8
making,13
supportable,1
arrive,1
bites,1
claim,2
portals,1
lobbying,1
confused,2
agent,2
wrongdoing,6
smoot-haw,1
coincident,1
indifferent,1
chemical,2
may,151
these-and,1
fed,2
membership,5
mankind,3
destructive,26
grow,3
man,33
outline,1
borrowing,9
deposit,2
talk,2
shield,1
gradual,3
pointed,7
stability,48
cuts,1
differs,4
equip,1
consolidating,1
setbacks,3
group,23
thank,2
months',1
interesting,1
undermined,2
semi-judicial,1
policy,44
mail,9
main,5
undermines,2
texas,3
organization--the,1
truest,1
finance,25
views,16
impulses,2
undisclosed,1
sooner,2
aspirations,8
possess,1
battlefields,1
lockouts,1
attorneys,2
optimistic--all,1
promulgate,2
enlargements,1
peasant,1
vogue,1
successful,11
abnormal,4
manifests,1
speculators,1
girl,1
summary,1
canada,6
living,38
jackson,2
interference,3
imperative,2
emerged,3
dominate,3
correct,9
assurance,13
washington's,1
earlier,2
mechanisms,1
ever-widening,1
california,4
bootlegger,1
advance,25
language,2
contented,1
thing,14
think,7
frequent,2
first,68
remuneration,1
americans,4
intrastate,1
carry,15
corporations,4
discharged,1
little,16
personalities,1
unduly,3
anyone,2
plains,1
consultation,2
participated,2
speaking,1
continuous,6
accurately,1
broadcast,3
undoubtedly,5
protected,9
were,110
gigantic,14
gathering,1
taxpayers',1
counteraction,1
occupied,2
speakers,4
efficient,6
endangered,2
potential,1
interior,12
performance,5
channel,1
pail,1
investigations,1
enter,14
paid,7
complaints,1
hardships,7
especially,22
disavows,1
show,15
representatives,31
interpretation,4
deportation,2
father's,1
stormy,1
treasure,1
storms,6
behind,8
travesty,2
treasury,35
enthusiasm,1
get,10
contracts,22
designated,1
employers,10
nearly,20
distinctly,2
conjunction,2
unethical,1
secondary,5
bearings,1
yield,1
morning,1
miles,8
declared,2
honesty,2
seas,1
eighteenth,5
relative,8
declares,1
seal,2
unaltered,1
calendar,9
wonder,3
rigidly,2
steadfast,2
forecast,1
boundaries,2
enough,15
enumerated,4
across,4
august,5
foreword,1
trades,3
according,5
uneconomic,1
holders,3
among,32
inexactitude,1
dislocations,4
innovations,1
maintained,26
grants,1
stretched,1
technicalities,1
considering,1
sensible,1
unusual,5
capable,5
mark,4
compensatory,1
borders,8
mary,1
offered,5
gripped,1
dramatic,2
declaration,2
those,128
sound,28
vote-seeking,1
residence,1
cancelled,1
margin,2
philosophies,2
conferences,4
eventually,1
endowed,1
sincere,3
coffee,3
strain,2
pressing,11
dangerously,1
wisely,2
everyday,1
movements,6
different,16
pat,1
pay,18
same,32
speech,15
extended,17
assist,17
companion,1
running,3
totally,1
drain,7
businesslike,1
oppositions,2
roughly,1
mortgages,4
amounts,11
solve,10
overcrowding,1
outdoor,2
freight-,1
money,34
adjustments,2
surrenders,1
aspect,5
flavor,1
statesmen,4
borah,2
extensive,9
decentralization,3
forge,1
mob,5
disappointed,1
grim,1
adams,1
serves,2
lightning,1
facing,1
audience,2
either,32
served,9
dole,1
specified,1
organizing,2
gross,6
outs,1
confirm,2
footing,1
extensively,1
disciplinary,1
pioneer,1
patriotically,1
critical,2
inject,1
moderate,4
measuring,1
ratifications,1
times--may,1
airways,2
problems,50
fitness,2
notable,4
arts,2
notably,1
squarely,5
manufactures,2
manufacturer,1
preoccupied,1
contagion,1
violence,3
develops,1
practical,14
pockets,2
mounting,1
mixed,1
provisional,1
road,9
organizers,1
purported,1
lands,6
spreading,2
blessed,1
rumania,1
references,1
preachment,1
cordell,1
pretends,1
indorsed,2
deepened,2
unsettled,1
strikes,2
poison,2
brother's,2
purpose--on,1
required,17
deep,7
general,45
examine,7
file,1
lifetime,1
deterrent,1
selfish,4
amendments,1
sufferings,2
personnel,4
narcotics,2
field,10
supplementing,2
clothe,1
president's,5
equitably,2
demobilize,1
progressiveness,1
important,40
equitable,2
revolve,1
prudent,2
sequent,1
remote,2
assets,7
u,1
starting,1
represent,13
forget,1
dollar,10
founded,12
well-maintained,1
cooperative,14
talks,1
expressions,2
allowances,7
children,28
reluctant,1
shattered,1
preserves,1
coolidge,4
destroyers,1
preserved,4
tranquillity,1
premium,1
sitting,1
fall,13
difference,4
dampen,1
dictatorship,1
benevolent,2
applicable,3
intricately,1
products-inasmuch,1
economically,1
exemptions,1
titles,1
perspective,1
further,132
misrepresent,1
stood,5
mobilizing,3
wrecked,1
tribute,5
everlasting,1
public,186
movement,27
-inch,16
component,1
nation's,6
ranges,1
beacon,1
disastrous,2
operating,4
search,4
prosecutors,1
stretching,1
airport,1
misery,5
mentions,1
narrow,2
authorize,3
africa,1
extinction,2
armed,7
deprival,1
distinct,2
wiped,1
two,32
nations--that,1
restraints,3
staggering,1
apprehensions,1
controlling,1
particular,18
coincidently,2
town,4
none,8
hour,3
middle,1
recall,4
des,2
roosevelt,18
remain,8
sudden,2
subterfuge,1
abandon,7
specialized,1
purchases,1
compare,2
buttress,1
rejuvenated,2
gravely,1
share,7
minimum,3
attain,4
purchased,3
sharp,2
needs,21
comfort,13
[monthly,1
sacred,4
stir,1
slackening,2
long-view,5
inflationary,2
blood,2
coming,6
response,9
crowded,1
onto,1
mislead,1
coal,4
responsibility,68
pleasure,1
nonagricultural,2
playing,2
infant,4
rounded,5
ashurst,1
appeals,4
through,168
existence,3
suffer,10
hundredth,1
possessions,1
energies,6
late,4
resentments,2
--and,1
release,5
good,22
seeking,6
primary,11
walls,3
compound,2
inception,2
association,7
porto,1
pregnant,1
repeating,1
sterling,1
harm,1
everyone,7
mental,6
desirability,4
energy,4
hard,5
idea,7
oil,5
furtherance,1
connect,1
insurance,20
creditor,1
projected,1
acting,7
fortitude,4
three-quarter,1
disobedience,1
lawrence,4
extraordinary,5
members,27
backed,1
reparations,8
beginning,11
benefits,13
eventuality,1
finland,1
diversion,3
conducted,3
cullen,1
pilots,1
reinforced,1
copper,4
embraces,1
waged,1
juncture,2
instances,5
done,24
embraced,3
wages,36
fiction,1
revive,1
least,11
characterize,1
regulation,28
assumption,2
statement,28
compromise,1
lease,4
citizens',1
favorably,2
part,78
favorable,2
believe,29
mclaughlin,1
b,1
horizons,2
largely,24
youth,8
contrary,6
treated,1
declare,2
reparation,1
creased,1
orders,4
built,15
majority,17
build,16
commentary,1
province,2
depths,4
most,89
peace-time,1
services,30
engagements,1
extremely,4
humanitarian,1
charitable,2
reechoing,1
organism,1
joining,1
thomas,2
particularly,19
disturbances,4
obligations,13
commissions,12
scattered,3
sanctity,3
businesses,9
co-operative,2
carefully,1
fine,3
find,38
affixeddone,1
ruin,6
distributed,5
unhappy,1
intracoastal,1
defiled,1
override,2
citizenship--than,1
coequal,1
permission,1
cholera,1
express,7
cheaper,1
courage,25
elapse,1
contagious,2
remove,3
safeguarding,1
common,17
unfettered,3
tended,1
individual,59
manly,1
gravest,1
forthcoming,3
materially,5
feared,1
degree,34
debar,1
please,2
interrelated,1
dividends,1
complement,1
aircraft,1
premise,1
full-time,1
reverse,2
appropriations,34
solely,5
annual,8
foreign,86
consume,3
point,31
simple,5
prosecuting,1
tennessee,2
simply,3
asserted,2
throughout,20
expensive,1
consuming,1
transformations,1
create,19
dropping,1
ireland,1
meeting,7
undiminished,3
gas,2
gap,1
understand,4
prices,48
resisted,4
unnecessarily,1
classifications,1
interlocking,1
raw,10
solid,2
bill,56
tolerate,2
elections,2
replaced,3
elucidation,1
portugal,1
century,15
cents,3
encountered,1
itself,47
confining,1
monroe,1
italy,4
engrossed,1
textile,2
emphasize,8
bristle,1
proved,11
development,41
currencies,8
reversion,1
yesterday,3
desks,1
retrenchment,1
moment,14
appreciable,2
aggregate,4
genuine,2
timid,1
predecessors,1
gestures,1
task,14
percentages,1
spent,1
morrow,1
withdraw,9
toil,4
entry,9
chemistry,1
spend,2
prevention,9
destructions,1
profoundly,1
openly,1
stabilization,1
alternative,2
injuries,2
letting,1
superficial,1
cut,1
impoverishes,1
source,3
regimented,2
deliberately,2
impoverished,1
administrative,19
hates,2
big,4
matters,14
redeem,2
reapportionment,1
degenerated,1
follows,4
addressed,1
indication,5
valleys,1
often,3
absolutely,10
magnificent,10
back,19
delegation,2
strongest,1
accelerate,2
nicaragua,4
ourselves,15
pronounced,1
scale,9
over-speculation,1
defamation,2
affects,5
decision,4
overspeculation,2
per,77
connecting,1
eliminate,5
pronounces,1
resolutely,3
depressions,14
remembered,2
peculiarly,4
continuing,7
ill-considered,3
goods,26
drama,1
extensions,2
canvassing,1
consequently,2
aliens,3
satisfactory,6
invading,1
framed,2
overoptimism,1
exercises,1
lesson,1
bankruptcy,5
forward,20
mapes,1
opponent,1
invite,3
immigration,13
hoped,3
boys,1
committee's,1
hopes,6
subsidiary,2
byrns,1
directed,13
homeownership,1
acquirements,1
requesting,1
planes,2
sort,6
constant,15
expedition,3
metal,1
deprive,4
engineering,1
cure,2
dispensations,1
tends,3
coastwise,1
%,17
bracket,1
dutiable,7
statutes,3
explaining,1
aggregates,1
prepared,5
restoration,16
aggregated,1
statesman,1
implies,5
sore,1
bankers,16
notion,2
implied,1
failures,17
enrichment,1
debenture,1
intricate,5
amplified,1
disintegration,1
graver,1
intensive,2
breaches,3
helps,1
enlightenment,1
subservient,1
surgeon,1
severely,1
recreation,4
staffs,1
shock,7
rearing,1
mobilize,3
government's,1
vistas,2
vacillation,2
grooved,1
crop,4
rivers,6
one-tenth,1
substituting,1
copenhagen,1
depression,90
contingent,1
doctrines,3
chicago,4
giving,17
assisted,3
enjoyed,2
access,1
lumber,3
manufactured,5
one-eighteenth,2
exercise,2
body,14
justification,1
exchange,7
strangles,1
healing,3
others,25
safer,2
widening,2
talent,1
war-risk,1
conformity,1
leavenworth,1
later,14
implement,1
honor,6
composed,1
named,1
formulated,3
presidents,7
private,45
extravagance,1
decrease,29
names,2
patrol,3
twenty-fourth,2
oils,1
themselves,37
impotence,1
insufficiency,1
train,1
announce,2
debtors,1
harvest,3
subscription,1
account,6
f,3
dingley,2
obvious,4
industrial,27
closing,3
disabilities,6
something,7
continuity,2
reserved,1
proportions,4
effectively,2
reserves,6
fulfillment,2
pyramided,1
magnificently,1
varied,3
democracy,11
holds,2
regions,1
responsibilities,22
stock,13
buildings,8
employ-,1
incompetence,3
philosophy,9
collection,1
preferred,2
multiplication,1
god-imposed,1
bind,1
lines,9
chief,4
subsequently,2
furnish,8
institutional,2
circumscribed,1
agricultural,64
patronize,1
industries,44
negotiated,2
whereof,1
accredited,1
labor,47
resorting,1
heroism,1
willing,4
criminal,12
greater,51
spell,1
schoolhouses,1
mention,5
cutting,1
mandate,2
day,24
applicants,2
february,6
airports,1
slacken,1
warned,2
identified,1
disregard,3
experienced,6
resistless,1
part--not,1
apologize,2
abrogation,1
instrumentalities,10
harding,1
announces,1
defend,6
wholly,8
potomac,1
arkansas,1
postpone,1
announced,5
frank,4
clarify,2
currency--that,1
receipts,6
backwards,2
allies,5
buenos,2
deprived,4
allied,1
barriers,3
betterments,1
retail,1
facilitate,2
south,10
reaches,2
embarrassed,1
improvements,10
reached,11
warships,3
pauper,1
instill,1
long-extended,1
establishments,1
intermediate,1
explanation,2
overexpansion,4
self-sustaining,1
negro,1
completes,1
detection,2
plan--that,1
compensation,7
abolished,2
comfortable,1
tide,8
unlikely,1
have,937
dictate,1
demonstration,3
acceleration,2
gravity,1
incentive,1
concerns,7
autocratic,2
unless,11
capital--we,1
procure,2
eight,7
preliminary,1
payment,10
inexorable,1
request,7
disease,8
capita,1
occasion,25
normally,1
selection,3
charles,2
hamlet,1
inspiring,1
knowledge,10
housewives,2
controls,1
prolong,3
exceptional,1
czechoslovakia,1
pave,1
accrue,1
perfection,3
humanely,1
areas,10
devil-take-the-hind-most,1
calling,2
excesses,1
fixed,9
experiences,1
conform,2
untrue,1
farthest,2
exists,6
racked,1
national,159
we,677
intensity,1
enhanced,1
greece,2
awaits,1
phases,6
imposition,1
reform,11
difficulties,26
progress,109
boundary,2
armenia,1
instant,3
taking,8
equal,21
fulfilled,2
assure,20
insidious,3
passing,3
glorious,2
otherwise,23
comment,1
lithuania,1
disarmament,5
commend,2
benevolences,1
manhood,1
unrepented,1
earning,2
gaze,1
indicators,1
proposal,17
curtail,1
define,1
adapting,1
arises,12
overwhelmingly,1
assert,1
fellow,9
arisen,6
volunteer,2
homes,35
plaid,1
plain,2
appearance,1
value,28
promotes,1
promoted,3
advisable,3
streams,2
almost,12
formulation,1
respected,3
arrangements,5
tampered,1
productivity,2
allurements,1
administration,65
frivolous,1
practice,3
cubic,1
judgment,6
numbered,1
retard,6
recourse,1
center,3
nevertheless,6
thought,11
sets,4
position,34
muscle,3
arising,4
usual,7
excise,8
executive,31
wagner,1
underlying,2
protecting,2
recommending,3
bench,3
add,10
citizen,12
match,1
resolved,1
judiciary,4
swanson,2
like,15
excluding,3
admitted,1
self-reliance,2
works,49
alive,1
ideals,34
constructively,1
convey,2
recommendation,10
proper,21
happens,2
jurisprudence,1
hurricane,1
economical,1
assuming,1
regain,1
slight,2
lessens,1
host,2
although,14
worthy,2
retribution,2
about,128
actual,17
boards,7
withdrew,3
blessings,4
introduced,6
baseless,1
ways,4
billions,5
guard,4
confident,11
awarded,3
inasmuch,1
buy,6
bus,1
preparations,1
repeated,2
partially,5
embargo,2
wise,10
dangerous,3
j,3
variations,1
supreme,14
periods,1
our,950
paraguay,1
collier,2
misstated,1
right-minded,1
corporation,30
detail,2
interdepartmental,1
stimulant,1
dictatorships,1
enlargement,8
prevalent,1
bulwark,2
resolution,2
parole,4
augmented,2
limited,21
comparatively,5
facilities,12
hate,2
feeding,1
violate,2
paris,1
crises,7
supported,13
whatsoever,1
under,152
pride,5
divergent,2
merchant,9
legislators,2
risk,1
rise,19
every,144
vastly,3
reiterating,1
school,2
greenbacks,1
conceive,1
guiding,1
barracks,1
enjoy,3
leaders,29
consistent,3
estimates,7
direct,20
surrounding,1
fabulous,1
borrowings,2
estimated,16
third-class,1
solemn,1
selected,4
revolves,2
liberty,26
conduct,24
supplies,4
seeks,3
governorship,1
orgies,2
hundreds,6
humility,2
represented,10
path,3
voice,4
ventures,1
changed,4
proportioned,1
depreciated,6
abolition,7
stipulated,1
changes,27
punishment,1
perpetuated,1
erected,2
patience,1
would,256
lessening,3
distributing,2
raids,7
fainting,1
equipments,2
correspondingly,1
diatribes,1
supplemental,1
must,187
me,42
join,2
cheapest,2
advocacy,1
henry,1
my,126
quarrel,1
estate,2
diminished,5
preserving,2
loaning,1
keep,6
attract,1
guarantee,4
end,27
bunk,1
returning,5
widespread,10
night-flying,1
mess,1
insecure,3
interreaction,1
cement,2
parallel,3
splendid,1
amid,1
acknowledged,2
summing,1
know--that,1
patent,1
ultimate,6
innuendoes,1
decreasing,6
civil-service,1
no--or,1
executed,2
untold,2
over,122
expects,1
london,8
log-rolling,1
destroyer,2
womanhood,2
expectations,1
comprehend,1
destroyed,4
signatory,3
compelling,1
stifling,2
bingham,1
diseases,5
prevented,15
revelations,1
netherlands,1
detroit,3
victory,3
each,42
lasting,1
consolidate,2
wholehearted,1
revisions,2
militarized,1
driving,2
god,6
thousandfold,1
laid,8
adjust,1
newly,3
twenty-five,2
independence,13
arizona,1
merchandising,1
eternal,1
free,42
untruth,3
formation,1
wanted,1
days,21
priorities,1
aspire,1
cooperating,6
tinkering,1
recite,1
already,36
encouraging,1
rank,2
fantasy,1
philosophical,1
relations,18
sober,2
rewritten,1
revival,2
degenerations,1
heights,1
too,15
tom,1
percentage,4
duress,1
urban,1
serve,9
took,9
formulate,4
incur,1
western,7
injected,1
longer-term,1
abandoning,1
nonpartisan,2
frankly,2
immigrants,4
classes,3
forceful,1
fashion,11
ran,1
talking,1
regulate,2
relatively,2
thoroughly,2
-,7
isolated,4
localities,8
democratic-controlled,1
effectiveness,5
candidate's,1
though,7
plenty,1
commanding,1
glow,1
potency,1
prevails,1
devastating,1
flow,7
treaty,62
orderly,7
enterprise,31
potence,1
inspire,1
reductions,14
reorganize,4
radio,7
solutions,9
earth,3
endowment,4
availability,1
spite,3
claude,1
situations,4
delays,7
eleventh-hour,1
enslave,2
borrowed,1
hostility,1
fluid,1
guatemala,2
despite,11
report,5
haiti,5
demagogues,1
countries,63
towner,1
twice,2
pacifist,1
ruins,1
aspiration,2
swept,3
habit,3
liquor,7
well-established,1
resist,3
disturbing,3
capacity,17
temptation,1
paternal,1
catalogue,1
approach,3
discovery,8
reiterate,2
confusion,3
weal,1
weak,1
however,46
wear,1
dedication,1
news,1
improve,1
faced,7
protect,24
sanitation,1
fault,3
fifty-fourth,1
participating,2
games,1
poorhouse,1
expense,4
semi-luxury,1
majestic,1
trust,5
conference,26
incomparable,1
simplification,1
been,449
quickly,2
beneficiary,1
submarine,2
belongs,3
expected,1
refuted,1
republicans,1
speeches,4
affixed,1
enterprises,2
apprehension,2
lessen,2
inviolable,1
lesser,2
adamses,1
procedure,9
inventions,2
expenses,12
experts,2
ramifications,2
suggest,4
wound,1
complex,7
firesides,2
several,16
commonsense,1
theodore,3
published,2
workings,4
amortization,1
insisted,8
shortly,4
possessed,2
ocean,2
savings,35
greatest,18
incapable,3
hearts,2
alabama,1
possesses,1
seasonal,5
proposed,44
unemployment,65
able,20
proposes,5
grades,1
transporting,1
followed,4
vices,1
forfeiture,1
exempting,1
interprets,2
humanity,6
gave,11
advances,9
breaks,1
descending,1
judge,1
sanitary,2
advanced,16
apart,2
broadcasted,1
gift,1
zeal,2
specific,8
over-optimism,1
officer,1
successfully,7
chests,1
election,13
escape,1
indirect,6
rapidity,3
proceeding,4
establish,7
totals,3
intolerant,1
convict,1
commodities--grain,1
corn,2
disappeared,1
discount,10
permitted,3
chapter,1
limitation,16
census,1
attacks,1
surround,2
dinner,1
misleading,1
ensure,1
steadily,9
efforts,12
discharging,3
presence,5
civil,10
uncontrolled,2
laborers,1
accomplishments,6
electorate,1
fruitful,1
existed,1
periodic,1
attainments,2
class,12
fought,1
purposely,1
head,2
medium,1
attempted,6
differences,7
discourage,2
payable,2
hear,1
satisfactorily,2
sustained,5
removed,4
counsel,3
portions,2
bargain,2
ruined,1
simplifying,1
neighboring,2
felicitation,1
penal,1
estonia,1
despotism,2
check,4
liberalism,14
regime,2
willingly,2
radically,1
pledging,1
no,208
whereas,3
when,73
setting,5
soundly,2
tie,1
vanished,2
unbalanced,2
picture,3
grasps,1
reconsider,1
waterways,4
miscellaneous,1
discharge,1
parities,1
younger,1
to-day,12
longer,13
vigorously,2
withhold,1
unchallenged,1
serious,10
intimacy,1
undoubted,1
neighbors,11
remarkable,4
omits,1
varying,3
alternatives,1
unregulated,1
livelihood,3
leads,9
remarkably,1
row,1
passage,8
charge,10
promoting,3
determinations,1
discovering,1
advantage,5
untenable,1
denounced,2
impressive,2
level,5
posts,1
standards,28
denounces,1
encroach,2
quick,2
accumulation,3
says,5
trend,4
obsolete,1
inland,3
widened,1
slowed,1
substitute,1
simeon,1
constitution,11
long-standing,1
amounting,2
water,5
unanimously,1
groups,20
crippled,2
supplying,1
thirty,4
healthy,4
guilty,1
furnishing,2
law-abiding,2
hospitality,1
navigation,3
emerge,3
paralyzes,1
modifying,1
morale,1
crisis,25
handled,1
earner,1
wrongs,2
upheld,1
today,61
unwarranted,3
riot,1
employee,2
cases,11
tribunal,5
local,68
modified,1
districts,4
achieve,2
laughter,1
slightest,1
numbers,9
stream,2
distillation,1
-foot,1
stroke,1
requirements,5
inheritance,2
secured,20
mismanagement,2
vital,24
cardinal,1
fourth,3
endorsement,1
speaks,2
springfield,1
paramount,2
crashes,2
huge,3
crashed,3
belgians,1
eighth,1
time-an,1
disheartening,2
branches,3
commodity,6
inform,4
representation,2
acts,15
furnished,2
constituents,1
mainly,2
furnishes,4
paternalism,1
platform,20
offers,2
amelioration,2
farmer,26
mckinley,4
coordinated,7
happened,4
self-control,1
appraised,1
radicals,2
warranted,4
endeavored,6
feature,1
above,19
execute,1
equality,27
name,1
stabilize,6
possibilities,5
lower-paid,1
individually,1
gaps,1
begun,4
authenticity,1
adequately,2
intended,2
ultimately,7
america's,1
factors,1
coincidentally,1
darrow,1
oklahoma,2
factory,2
abounding,2
maneuver,1
--the,2
attended,2
theory,4
hull,1
accommodation,1
blotted,2
impose,6
motion,4
turn,16
place,34
view,35
discontinued,1
origin,8
suspend,2
revenue,16
commissioners,5
self-denial,2
george,5
engineer,1
rented,2
given,59
necessarily,10
molded,1
district,17
europe,21
prices--all,1
stimulation,9
returns,3
convention,4
legally,1
white,8
gives,8
tempers,1
unobtainable,1
season,1
men's,1
lafollette,1
released,2
immigrant,2
population,7
wide,5
unfortunately,2
require,15
diplomatic,5
r,4
marines,4
oath,3
and,2863
mated,1
generalization,1
-year,1
rent,4
nominating,1
sells,1
any,140
prosperity,44
conversion,3
farmer's,1
ideas,11
ideal,5
urge,4
hoover,2
sherman,1
clearer,1
falls,4
visitors,1
indelibly,1
multiply,1
cleared,1
annum,13
considered,14
proud,4
hungry,3
readjust,2
senior,1
gulf,2
genius,3
state,103
crime,10
believing,3
wool,2
lighted,2
lighten,1
expectation,1
clerks,2
trade,12
reveal,1
braver,1
floods,3
workman,1
dough,1
discussing,1
ignored,1
imposing,3
ignores,6
apologies,2
violates,1
insuring,1
fails,3
voluntary,21
mortgage,9
farmers,31
unabated,1
subsequent,5
review,14
definite,16
commitments,2
weapons,3
outside,15
charters,2
surfaced,1
unfitness,1
multiplied,5
originated,2
fearless,1
offices,4
cities,8
come,48
originates,1
reaction,2
acquiring,1
missions,2
reliefs,1
contract,5
forthwith,1
senator,12
railway,7
duty,28
construction-all,1
afterwards,1
continuation,7
hereunto,1
period,36
insist,7
resentment,1
satisfaction,4
approval,9
endeavor,7
turkey,1
deposited,5
peaceful,4
dairymen,1
hardly,1
abstract,1
direction,21
blessing,1
minister,3
careful,6
spirit,49
protocols,1
case,15
myself,10
advocating,1
cash,6
cast,3
irrespective,2
interconnected,1
recounted,1
someone,6
unreserved,1
revolutions,6
participant,1
reshape,1
granted,1
ethiopia,1
propose,25
constructed,1
events,4
status,1
even-handed,1
refusal,2
weed,1
driven,4
persons,11
statutory,5
delicate,3
changing,6
perennial,1
minimize,4
recital,1
without,60
relief,82
relied,1
inability,2
model,1
reward,1
bodies,6
clog,1
guided,1
actions,4
violent,2
cease,2
harrison,1
differentiation,1
blow,2
widest,1
rose,3
seems,8
except,26
disrupt,1
kingdom,1
easily,3
virginia,2
loaned,3
inflation,12
schedules,6
confined,4
accepted,9
correcting,1
acute,5
standstill,3
subcommittees,1
recalls,1
reduced,25
burdens,22
pacific,7
table,1
intact,1
provided,28
caribbean,1
prolific,1
renounce,2
freer,1
over-expansions,1
provides,11
liquidate,1
government--executive,1
freed,4
pasturage,1
prattle,1
affording,3
on,263
reprisals,1
of,5061
paralysis,4
discussed,3
informing,1
mutually,2
stand,4
equalize,1
concentrations,1
tariffs,40
or,282
accredit,1
instruments,5
garner,3
rising,2
determine,9
theoretically,1
gulden,1
calamities,5
distinctions,1
hoarding,10
there,217
disposed,3
house,58
dislocated,2
valley,2
municipalities,11
fundamentals,4
tranquility,1
regard,3
amongst,22
cabinet,3
promote,11
faster,1
wholesale,5
countrymen,14
life-insurance,1
strongly,4
czechoslovak,1
taste,1
contributory,1
minneapolis,1
britain,23
accentuates,1
politics,10
spends,1
abyss,1
deserve,2
compel,1
erecting,1
rubber,4
dismayed,1
preoccupation,1
requested,3
briefly,1
conspiracies,1
separate,3
includes,1
included,9
stocks,4
backward,3
calls,4
directors,5
missouri,1
all,261
lack,12
executing,1
follow,5
settlement,20
decisions,1
synthetic,1
insensate,1
subjected,2
opportunities,6
removal,3
reestablishment,2
dairy,1
presentation,3
activities,34
woman,14
worse,5
chameleon,1
far,40
sons,2
worst,2
ticket,1
stimulus,1
list,6
hard-pressed,1
ten,2
reins,1
byrnes,1
rate,29
invention,7
publicly,1
functioning,10
what,55
hesitation,2
advantageous,4
deeply,7
sum,20
brief,1
crush,1
-point,1
guns,9
multitude,8
devoted,16
eligibility,1
communicable,1
drudgery,4
directions,12
untarnished,1
naval,28
difficulty,9
extremes,1
suddenly,3
pervades,1
proceed,3
drought--have,1
markets,21
minor,9
flat,1
knows,5
operators,1
flax,2
domination,8
outlawry,2
stick,1
known,11
glad,2
presumed,1
hawley,1
atrocious,1
searchlight,1
abandonment,6
protects,1
arise,9
court,27
upbuilding,4
acrimony,1
breaking,1
influences,8
speeding,4
crowther,1
phenomenon--we,1
prepayment,2
weaknesses,6
reflect,4
adventure,3
proclaimed,2
profited,1
shortcomings,1
short,10
chiefly,1
cooperatives,9
departure,4
supervision,2
don't,2
september,2
essence,7
mission,1
disabled,3
quarrels,1
inquiries,1
pray,1
inward,1
fate,3
resort,2
nonproductive,4
argentina,2
might,29
alter,4
argentine,4
return,20
generously,4
atchafalaya,1
disregarded,1
communities,11
bigger,3
instructions,6
policyholders,2
inherent,2
intolerable,1
characterized,4
neglects,1
weighs,1
bolstering,1
permeation,1
weight,2
generation,4
gifford,1
expect,2
undertake,7
consonance,1
divide,1
alcohol,1
adhere,3
health,37
shipment,2
postponements,2
induced,2
banker's,3
fiber,1
solvent,1
fuller,4
lag,2
improved,7
thrown,4
year's,3
circuit,1
consequence,10
fallen,6
solidly,1
feed,2
feel,12
radical,1
anotherarticle,1
well-known,1
sympathy,8
enlarged,9
brave,1
construct,2
colombia,1
story,4
impairing,3
touchstones,1
utilization,2
leading,10
financed,1
storm,10
finances,4
recovered,3
recreations,1
option,2
vandenberg,1
inaugurated,7
relieves,1
king,4
kind,8
double,4
instruction,2
japan's,1
prairie,2
silence,2
motivation,1
foresighted,1
outstanding,7
strengthen,14
imports,22
alike,3
cleaned,1
smallpox,1
defects,1
wilson,4
chairman,4
finding,2
interfered,1
added,13
electric,3
warnings,3
measures,92
reach,11
react,1
enduring,1
nothing,14
measured,3
stands,2
stringency,2
mineral,1
one-ninth,2
traditional,3
dissolved,1
reestablished,1
saloon,4
liberate,3
institutions,57
barter,1
readjustment,8
rush-bagot,1
delinquent,1
securing,8
sheppard,1
penalty,1
abiding,1
moses,1
his,100
triangle,1
poverty--is,1
categories--battleships,1
him,21
grievances,1
investigate,3
activity,12
engraved,1
wrote,2
consciously,2
bars,1
art,6
collateral,1
intelligence,6
defense,19
injecting,1
are,517
arm,4
one-sixth,2
crushing,1
distinctive,2
unions,1
various,21
numerous,4
corruption,7
latin,1
recently,10
creating,4
sold,1
attention,23
succeed,10
opposition,16
competent,3
days',3
liquors,1
c,4
became,6
bond,8
finds,3
distress,54
reasons,7
sweep,1
improper,1
regulated,2
village,2
decline,6
java,1
incomes,4
bertrand,1
political,77
due,41
strategy,3
whom,7
reduction,59
flight,3
demand,17
plants,8
supermen,2
conception,25
workmen,2
frozen,2
earthquakes,1
engineers,2
shortened,2
canvassed,3
unafraid,3
awakening,2
headway,1
lodged,1
rid,1
alliances,1
currents,1
stimulates,1
one-quarter,1
stimulated,3
widely,4
peoples,5
advise,2
higher,35
literature,4
exigencies,1
restraint,2
negotiate,2
flows,1
patriotic,2
flown,1
impede,1
strangling,1
lower,14
solemnity,1
cheek,1
analysis,4
machinery,12
starved,1
stating,3
abilities,6
mobilized,10
competitive,20
intervals,1
questions,21
vigilant,1
nations--its,1
continent,1
tables,1
workers,8
resourcefulness,1
governmental,24
associations,18
customers,2
amended,3
advocate,1
conscript,1
systematically,4
farm-to-market,1
incidental,1
ignore,6
collect,1
arthur,2
essential,11
understood,3
selfishness,1
gradually,4
innovation,1
refused,6
vivid,1
cautious,1
mingled,1
stricken,2
range,1
dwight,1
youthful,2
commissions--congressional,1
fleets,7
exhaustively,2
purporting,1
drifted,1
inventories,1
canal,2
conceivably,1
question,37
long,35
we're,1
signified,1
conceivable,2
analyze,1
sections,9
files,1
mountains,1
repeatedly,10
encourages,2
raising,1
prey,1
declarations,1
gratifying,1
called,20
individuality,2
associated,1
long-established,1
reservoirs,1
evils,10
inequities,3
peace,55
depart-,1
backs,5
grouped,2
income,25
backbone,1
thefts,1
generated,2
allowing,3
weigh,2
fertilizes,1
rightful,1
pottery,1
suffers,1
vice,3
departments,23
departs,1
demonstrates,2
once,34
issued,8
resistance,2
grinding,1
adjustment,11
contributions,2
issues,19
gold,29
uphold,3
disposal,8
languages,1
vicious,1
stable,7
breach,1
include,7
confirmation,3
seized,2
wishes,1
seaway,3
materialism,2
deals,2
week's,1
dealt,4
manifestly,1
relation,15
friendliness,3
slowed-down,1
concluded,5
smaller,7
adjusted-service,1
procession,1
fold,3
traveling,1
growers,2
impregnability,1
unavailable,1
concessions,4
man's,1
capital,50
renders,2
desires,2
underwood,2
explore,1
separation,3
scrapped,1
distressed,3
larger,24
calvin,1
leaving,4
scales,1
egypt,1
confession,1
apply,2
use,40
from,449
figure,2
consumption,16
few,32
examination,4
december,12
possession,2
cooperate,8
steadfastly,1
recount,1
women,52
critic,1
anywhere,1
proof,5
indulgence,1
tax,32
impeded,1
united,154
sit,3
tamper,1
six,10
struggles,1
fortunate,3
actualities,1
unquestionably,2
instead,18
panic,7
administrator,4
attend,1
militarist,1
abuse,12
resent,3
readiness,1
reassurances,1
light,4
interrupted,2
demobilized,1
-hour,2
unjustified,2
looks,1
unchecked,1
assurances,5
ships,9
permanent,7
covered,2
defining,3
sweden,1
pending,9
crash,14
contention,3
richness,2
material,9
negligent,1
ambition,1
impaired,3
republican,50
successor,1
articles,2
profound,13
latvia,1
transmitted,2
bills,6
lobbies,1
unshaken,1
related,4
doubled,1
sectional,9
relates,1
out,89
respects,1
sentiment,5
frontier,1
chaos,6
obstructions,1
exporting,1
supports,2
disclose,1
averted,2
pleas,1
maintains,2
promptly,4
york,21
conflicts,3
age-old,1
organic,1
kellogg-briand,3
phrases,2
enfranchisement,2
navies,3
unclarified,1
hence,1
cain,1
plainly,4
hitherto,7
proposing,4
probation,3
publication,1
unknown,1
their,392
siam,1
misinformed,1
misunderstood,2
well-organized,1
diminish,2
july,8
institution,3
accelerates,1
hearings,2
succeeded,8
objectionable,3
isolation,2
endeavors,2
richer,2
limiting,3
arouse,1
dynamo,1
creditors,5
sincerity,1
unremittingly,1
recuperative,1
agency,4
which,644
divert,3
collaboration,1
who,132
pronouncement,1
emancipation,1
alarmed,2
why,6
spirits,1
statute,1
deny,4
system--which,1
looked,1
chances,1
agreed,3
purely,3
planning,1
democrats,2
superimposed,1
utter,1
fear,31
debate,6
nearer,3
highest,18
surroundings,3
beautification,1
candidates,3
thousands,20
vigor,2
cuba,3
ones,3
words,8
penetrate,2
spur,3
home-loan,1
manufacturers',2
generations,7
truer,1
knowing,2
requirement,7
statistical,3
ebb,1
nonferrous,1
merits,2
hardship,9
closer,1
favor,15
exerts,1
closed,12
stories,1
weighing,1
ability,31
reexamining,1
opening,5
beverages,1
agencies,70
job,7
slovenes,1
swift,2
learningthat,1
april,7
grain,2
safely,5
grounds,1
wall,4
walk,3
subscribe,1
respect,25
zinc,3
withdrawn,6
agreements,12
enlarging,2
remedies,4
resultant,1
sufficient,8
meritorious,1
injustices,3
saner,1
remedied,7
unmoved,2
repetition,2
present,75
abandoned,5
will,303
depreciation,3
wild,1
ringing,1
thus,64
encouragement,5
dual,3
perhaps,16
privileges,1
cross,9
unite,1
member,5
adverse,1
unity,10
largest,5
units,9
privileged,1
difficult,8
one-twelfth,1
boom--began,1
conceived,2
disagree,1
overcrowded,1
issuance,4
fiat,1
appropriated,2
undertakes,3
whole,104
fighting,2
undertaken,13
excessive,2
heavily,2
obtain,3
recollection,1
fishing,1
illinois,2
happiness,8
disturbance,6
serbs,1
supply,6
adoption,6
expedite,4
cruisers,9
earnestly,7
unprecedented,11
enact,1
identical,1
provisions,14
term,3
republics,1
kellogg,6
know,25
presume,1
press,7
helpful,7
perpetual,1
loses,1
taxpayers,8
vortex,1
january,10
parity,5
exceed,6
because,51
sequence,1
scared,1
reclamation,6
searching,4
platforms,2
growth,15
export,5
empire,1
employment,107
lead,9
mines,2
philosopher,1
leap,1
leader,2
obey,1
slur,2
death's,1
conveyed,1
raise,2
carried,18
extension,20
dependence,2
shipping,8
sweat,2
urges,1
emperor,2
outset,1
own,92
owe,5
warrants,1
promise,10
transfer,8
intention,3
uncontrollable,3
funds,16
volume,16
made,106
tactics,1
whether,44
distract,1
record,12
below,6
iterated,1
infants,1
demonstrate,2
broadly,2
inadequate,7
resumption,1
happen,2
mutual,6
incredible,1
percent,38
self-government,26
other,207
boom,3
branch,4
cutthroat,1
conclusion,8
withstood,1
kinds,4
june,13
income-tax,1
incurred,2
upwards,5
fund,8
ranks,3
profit,3
britain's,1
volumes,1
expands,1
[p],6
