writings,1
four,14
aegis,1
aggression,5
looking,3
granting,6
withernam,1
refunding,2
sinking,6
treasuries,1
stipulate,1
appropriation,44
bringing,8
advices,5
disturb,9
recollections,3
prize,1
wooden,1
turpitude,1
antecedently,1
succession,2
immunities,1
charter,61
infringed,1
rebuilding,1
cordially,2
appropriated,6
second,14
sustaining,6
sailed,1
inanimate,1
errors,5
ruthless,1
contributed,5
designing,6
increasing,23
inducement,3
misjudged,1
over-balance,2
offenses,3
here,36
reported,5
china,1
hers,1
substance,4
pretensions,7
reports,8
controversy,17
military,43
cheerfully,10
appropriately,1
divide,2
classification,2
explained,6
brought,37
remnant,5
debased,1
apportionment,3
dispatches,3
impartiality,2
exhort,1
occupying,1
reverenced,1
therefore,133
strike,3
until,74
menaces,1
successful,18
brings,2
hereby,9
midst,6
hold,12
circumstances,64
morally,1
pursue,14
famed,1
accomplishment,5
re-eligibility,1
revenues,8
example,12
triple,1
unjust,12
artillery,4
organized,20
frown,1
currency,55
caution,10
kingdoms,2
want,14
absolute,10
provincial,1
unpaid,1
travel,1
feature,4
[--]i,1
machine,1
how,27
louisville,3
hos,1
disgrace,4
beauty,1
misunderstanding,1
shores,1
wrong,12
destined,4
effective,4
scourge,1
revolt,1
headquarters,1
presiding,1
orally,1
wind,1
restriction,13
concurrence,9
govern,9
prohibition,1
fidelity,8
fit,7
unforeseen,1
heretofore,43
fix,5
auditors,1
secede,5
anticipations,4
endeavoring,2
admirable,1
enrich,1
vouchers,2
renunciation,1
effects,26
interrupt,5
over-rated,1
sixteen,2
silver,11
represents,1
crops,1
averse,1
beforehand,1
simplified,1
uninfluenced,2
preceded,2
financial,5
concord,2
series,3
unlawfully,1
contracting,1
depositing,1
substantially,8
liberty--free,1
borne,5
misfortune,1
convenience,11
encourage,7
adapt,2
engineer,4
exaction,3
misrepresentations,1
foundation,5
assured,2
threatened,6
surveys,5
faculties,3
crowned,9
estimate,7
obstructing,2
universally,3
silent,5
enormous,1
star-spangled,1
absolved,2
disturbed,3
speedy,16
repealed,9
subtlety,1
channels,5
instruct,2
re-issue,3
specially,3
seizures,6
service,79
replevin,7
engagement,4
needed,3
master,1
recent,19
bitter,1
listen,1
danish,2
rewards,4
bounty,6
wisdom,27
rectified,1
freemen,4
expanding,2
peril,2
showed,1
nations,100
project,3
friend,8
feeling,13
acquisition,5
willingness,3
resignations,1
rechartering,3
affairs,51
wholesome,2
responsible,36
metallic,1
recommended,25
causing,1
doors,4
concedes,2
committing,1
shall,292
object,74
diminishing,3
affirmation,4
reverence,5
conceded,19
redressing,1
morality,1
confederation,11
nineteenth,2
incomplete,1
incorporate,2
departing,3
nominated,2
undue,4
participate,6
tempted,6
cheaply,1
effo,1
lessons,6
busy,1
vexations,1
liberated,1
than,257
rico,2
touched,1
rich,10
heartily,1
rice,4
emphatically,2
remotest,2
inoperative,2
terrors,2
reversal,1
altogether,9
contributes,2
adherence,5
sanctioning,1
hasten,3
respond,2
fair,22
expediency,16
consummation,3
transferred,18
unexpectedly,2
bled,1
result,67
fail,22
resigned,1
best,70
avert,4
solicitude,16
stealthy,1
stamps,2
score,1
unalterable,2
preserve,43
men,37
extend,25
nature,52
ask,9
abstains,2
authorizing,18
extent,58
defiance,3
debt,86
tyranny,2
accident,1
sacrificing,1
country,301
adventurer,1
demanded,13
estates,1
sublime,7
installments,13
argue,2
adapted,6
asked,15
fearlessly,1
eradicate,1
twenty-three,1
vain,16
unprotected,3
union,193
advert,2
much,118
privilege,17
ascribing,1
incompetent,4
life,23
co-states,1
eastern,14
freehold,1
wish,19
moneys,27
chile,2
doubts,3
evasions,1
worked,1
unsold,1
impoverished,2
contemplated,10
administrative,1
contingencies,5
employ,14
contemplates,2
unfelt,2
wonted,1
prostrate,2
sea-board,4
congratulation,2
equator,1
actuated,6
characterize,3
levied,8
trusted,1
memorial,1
severity,2
tranquillized,1
things,23
enlistment,1
harmony,26
principals,1
european,6
exertion,4
voyages,2
qualifications,2
dexterous,1
marched,1
intrusion,3
peremptory,1
vice-president,5
maxims,2
corporate,6
redeliver,1
opinions,31
capitol,1
misconstruction,2
distribute,6
subjoined,1
beset,1
disguise,3
sovereigns,1
rushing,1
succeeding,5
previous,12
enters,1
subtracts,1
over-issues,1
ease,4
had,273
advancement,4
disparity,1
obedient,2
beloved,11
has,723
elevation,1
municipal,1
disagreement,1
possible,39
firmer,1
unequivocally,1
indicative,3
birth,3
shadow,1
occurring,2
desire,50
elude,1
specie,8
remind,3
misled,3
steps,22
misdemeanors,3
effusion,1
beneficial,24
right,164
old,19
creek,4
crowd,1
people,378
creed,3
crown,2
begin,1
choctaw,5
animate,2
enemies,5
for,1217
fox,2
contributing,4
foe,3
continue,47
exposition,6
ever-living,1
substitutes,2
substituted,7
losing,2
capacious,1
manufacturing,6
shaken,1
dollars,3
citizens,192
anomalous,3
recollect,2
despair,1
meddle,1
raised,15
statements,3
facility,10
infraction,2
son,1
administer,4
thankful,1
one-fourth,2
magazines,2
consummated,2
sow,1
stockholder,1
reducing,6
authorizes,5
fabric,2
support,74
constantly,13
knowing,5
common-law,1
avail,4
impracticability,3
authorized,42
resulted,9
halls,2
happy,37
therefrom,4
offer,16
magnificent,1
conclusively,2
remarking,1
talents,8
incorporation,7
safeguard,3
humbled,1
extremity,1
prosecutions,3
considered,54
unanimous,2
lays,1
dues,5
examples,4
adopt,12
liberal,55
extenuated,1
unwisely,1
disclosing,2
proves,4
exist,28
accounting,1
negotiations,13
protested,2
solicitation,1
floor,2
crowns,2
uttered,2
flood,1
view--the,1
republic,40
ambitious,3
conferring,4
irresistible,1
superfluous,2
intend,2
demonstrative,1
acquaintance,1
invested,9
rolling,1
reorganization,3
time,212
conferred,33
cincinnati,1
corps,7
vitiating,1
coextensive,1
minister's,1
recurrence,4
gratulation,2
veterans,1
tenacious,1
pursuant,3
navigable,9
consolidation,3
choice,19
embark,3
gloomy,1
fullest,8
fifty,2
exact,2
minute,3
coeval,3
unhallowed,1
inscribes,1
leave,39
settle,2
depository,7
speculation,13
prevent,35
occurrence,3
convoking,1
opposers,1
convulse,1
jeopardy,2
realizing,2
current,13
falling,1
understanding,21
contemplate,1
yards,5
address,13
alone,19
ratio,5
unadjusted,2
momentous,3
molestation,1
redemption,2
studied,2
wherever,3
commonly,2
accomplished,11
ill-fated,1
reclaim,1
departures,1
tasks,1
love,10
prefer,9
bloody,3
coinciding,1
undergone,2
obscured,1
positive,6
angry,2
predictions,1
cherished,4
opposed,7
scope,10
conciliating,2
bitterest,1
mclane,1
consoled,1
afford,13
subsistence,5
apparent,17
refrain,7
odious,3
ignorant,1
virtue,19
behalf,11
contemporaneous,3
originally,19
facilitating,3
believes,4
harmonious,5
believed,39
detached,1
reviewing,1
providently,1
re-examination,1
re-establish,1
unveiled,1
allowed,26
offense,16
evidently,5
winter,1
divided,4
allowances,9
divides,1
undertook,1
cavil,1
agricultural,12
rigors,1
spot,1
applications,2
improving,3
such,447
data,1
temperate,1
natural,13
conscious,3
applicant,1
sw,1
yielding,3
st,30
inhabiting,2
so,350
subsisting,1
unsolicited,1
unfavorably,2
unacceptable,1
years,81
course,90
omitting,1
unfavorable,6
tendency,24
constituted,15
derive,10
despotic,2
imperishable,2
paraded,1
torn,1
troubles,1
attraction,2
suspicion,9
constitutes,5
suspension,4
petition,1
conveying,2
retributive,1
thereby,19
subordinates,2
nation,70
records,5
overpowering,1
compelled,10
subscribers,1
arriving,5
epithets,1
maintaining,6
establishing,11
veins,1
quarter,34
repaired,3
square,1
revised,1
owing,9
entering,9
prudently,1
long-staple,1
disasters,1
canvas,1
actively,5
two-fold,1
abide,5
profanation,1
collisions,6
contained,17
investigation,12
bordering,1
demoralization,1
million,8
governing,2
quite,7
disrespect,1
lucrative,1
besides,16
remainder,2
liberally,1
patronage,7
training,2
disguised,5
undisguised,1
livingston,1
recompense,1
routes,2
neglect,7
emotion,1
saving,3
symmetry,1
spoken,3
clause,6
one,239
conscientiously,4
punishable,1
periodical,1
spanish,11
vote,15
open,23
affords,16
partook,1
city,9
indicate,6
stifled,1
structures,1
perpetuation,2
gratuities,5
snatch,1
ridiculous,1
representing,1
storehouses,1
depressed,1
favors,13
folly,1
husband-man,1
tabular,1
future,52
wandering,5
russia,8
prospect,12
addressing,1
illness,1
sac,2
turned,2
argument,8
say,24
suffrages,4
lurking,1
uninterrupted,4
decrees,2
sap,1
saw,2
aside,8
instructed,15
note,5
jefferson,2
take,63
destroy,14
coincide,1
appellation,1
altered,3
opposite,2
syllable,1
knew,2
printed,2
remarks,3
inserted,2
creditable,3
average,1
sale,9
federal,99
link,1
salt,1
affirmed,4
laws,264
madison,2
surplus,48
senators,19
circulating,12
merit,4
inconsistent,12
scarce,2
imagined,3
reconciling,1
going,4
equipped,1
outrage,3
invokes,1
congressional,2
dispute,10
guarded,5
assistant,1
d'affaires,14
awaiting,1
clearest,1
prime,1
resource,2
liable,24
where,59
expiate,1
impressions,4
purest,2
inequalities,1
wielding,1
alarming,2
representatives,98
navigated,1
bureau,1
affecting,7
enjoys,2
illiberal,1
presage,1
ascribed,4
concentrate,5
spare,3
menacing,2
ballotings,1
suppressed,1
undermine,2
concentrated,2
many,93
deduction,1
loudly,1
expended,8
expression,18
allowance,3
yearly,1
offense--,1
extinct,3
considers,3
handing,1
combines,1
west,27
[-],2
concede,3
breath,1
almighty,5
distinguishing,1
combined,4
motives,39
crawford,1
wants,28
enable,33
unsafe,2
thousand,3
formed,43
depreciations,1
observe,6
singly,1
former,40
lawgivers,1
single,29
intimately,3
overcome,7
situation,22
endured,4
perpetuate,8
prevalence,3
engaged,21
regularity,2
engages,2
fame,6
mercies,1
expenditures,42
threatens,3
preparatory,1
paper-money,2
maturely,3
sickness,2
devolves,3
advertisement,1
devolved,9
recapture,3
odium,2
escorts,1
undefined,2
vacant,1
peculiarities,1
summer,4
being,94
rest,20
judiciously,1
omissions,3
occasional,7
grounded,1
silent--not,1
instrument,30
overthrow,1
aspects,2
around,3
unerring,1
colony,1
sums,13
preference,4
transcended,1
world,43
vague,4
dare,3
partaking,1
expunge,1
discarded,1
clay,1
obstruct,6
satisfactory,42
superintendent,2
conditional,3
supplementary,2
perpetrators,1
divine,6
thinks,5
countenanced,2
restoring,1
refer,15
destroys,1
scientific,2
power,433
intimate,4
retains,4
ration,13
sprung,5
biases,1
retraced,1
piratical,1
industry,26
favorite,1
stipulations,24
practicable,15
neighbor,2
act,258
lofty,3
fervently,2
burning,1
interruption,6
inculcate,3
lively,3
parties,28
accumulated,4
technically,1
her,108
philadelphia,4
brazilian,1
bubble,1
recommends,4
complete,12
imbibed,1
land,31
with,1114
abused,2
october,7
rescuing,1
monopoly,21
impute,1
dispensing,2
abuses,16
severally,4
dependents,3
agree,4
detailed,8
gone,5
ad,1
brotherly,1
invigorating,1
exhausted,3
certain,41
am,58
fifty-fifth,1
watches,1
an,630
as,1246
ensuing,6
at,513
watched,2
appalling,2
tremble,1
minstry,1
drafts,1
sanguine,2
abolish,3
unparalleled,2
intention,11
ection,1
congress,435
annex,1
merchants,9
gifts,1
intimation,2
infirmity,1
mask,1
fraudulent,4
mass,9
sensibility,2
original,25
legislatures,15
consider,34
consciences,1
caused,12
beware,1
attestations,1
welfare,13
reasoning,8
oaths,2
improperly,1
hunting,1
spirit,79
riots,1
to,6246
th,57
paying,2
appointment,27
returned,6
detention,2
blockade,5
candid,2
interpreting,2
condition,92
illustrated,6
accompanying,23
laying,6
large,54
sand,3
adjust,4
small,23
confederated,3
involves--whether,1
pretenses,4
guaranteed,1
penalties,6
past,27
pass,22
assaults,2
destitute,1
investment,1
section,24
prevailed,7
imperceptibly,1
method,2
full,49
hours,1
concluding,5
november,11
compliance,6
aboriginal,3
experience,57
prior,7
averring,1
social,11
action,72
encountering,1
day's,2
depart,3
reclaimed,1
enactment,3
apprised,3
regiment,1
beheld,1
coercion,1
select,3
attendance,2
britannic,4
ridding,1
implore,1
archives,6
more,255
door,1
befitting,1
company,8
corrected,2
emission,1
tested,4
jealousies,2
foundations,4
objections,26
doom,1
keeping,6
pleasing,5
apportion,1
canceled,1
science,5
sent,12
learn,4
ingredient,1
scramble,3
prompt,18
stated,24
neglected,5
accept,7
states,907
unbiased,2
sense,31
transcendent,1
condemn,1
information,35
respective,20
imminent,1
enlarge,9
dismissed,1
earnings,3
cling,1
intended,36
sympathize,1
waves,1
restrains,1
appealed,3
authentic,1
balearic,1
refuse,10
organization,22
premonitions,1
register,1
fundamental,9
functionaries,7
counter-balanced,1
passages,2
mexican,11
chargyy,1
incessantly,2
trade,53
resorts,2
attitude,5
paper,33
scott,1
signs,1
cheerfulness,1
roots,1
rapidly,7
followers,1
ally,3
abandons,1
entire,22
propose,8
deliberating,2
speculate,1
hereafter,17
designation,1
always,49
assemblies,1
loosely,1
courses,2
aggrieved,2
found,67
engendered,1
england,7
contiguous,1
reduce,10
exorbitant,1
operation,70
really,7
inquired,1
disadvantages,2
armaments,1
ministerial,2
occurs,2
salute,1
belief,9
qualify,2
murmur,1
imagine,1
reproach,2
owners,1
reared,1
retained,7
excluding,3
elective,1
expedient,19
contingency,4
exhibited,6
arose,2
major,2
rooted,1
purport,1
belligerent,1
number,30
preservation,25
contended,4
differ,3
peaceable,4
fuller,1
probity,2
threatening,3
philanthropy,5
calculations,4
peaceably,5
justly,24
sympathies,2
immediate,33
appreciation,2
consult,5
diffusion,1
annihilation,3
determined,13
navigators,2
caicos,2
detract,1
defect,4
guarding,5
vitally,2
revisal,1
sell,7
tarnish,1
commotion,1
reliance,9
also,99
recognizing,4
internal,67
equaled,2
effecting,5
plan,22
accepting,1
loan,1
understands,1
unequal,12
seize,7
sometimes,5
cover,4
barred,2
cultivating,2
assisted,1
croix,1
gold,15
affix,2
accommodations,11
defended,2
session,109
surpassed,1
overwhelmed,1
occupation,3
stockholders,27
failed,8
unjustly,3
removable,5
equity,9
cuba,3
indifference,1
ordained,4
dependent,8
resent,2
remedy,25
preparing,5
closely,1
devising,3
adhered,3
banner,1
enemy,8
progressive,6
disregarding,1
proclaim,4
banking,25
surrendering,3
river,12
rivet,1
approaching,7
set,24
instituted,9
potent,1
collectively,4
see,31
migration,2
sea,11
conjuncture,4
outward,1
shower,1
seconded,1
guides,1
captured,6
avoidance,1
available,4
milder,1
candor,4
hardship,1
buoys,8
postponement,2
untouched,1
incident,8
renewed,21
mitigating,1
diminution,9
legislature,56
prospects,4
last,157
barely,2
connection,31
retarded,5
let,25
whole,108
majesty,12
acted,6
northeastern,1
allegiance,1
community,25
adjoining,2
adaptation,5
consideration,84
indefinite,5
worthless,1
acceptance,2
irritating,1
convicted,2
extravagant,8
unpracticed,1
firm,11
resting,1
repayments,1
fire,2
fund,13
moderation,7
awake,1
representative,13
systematic,1
towns,2
consulate,1
presses,2
uncertain,3
judicial,39
expanded,1
admire,1
pressed,7
error,10
painfully,1
owed,1
impeaching,4
agitation,3
binding,8
comport,3
owes,4
vanish,1
chase,1
mint,3
elevated,5
severest,1
virtually,5
resulting,8
displeased,1
comprehensive,3
viewing,3
necessity,50
confines,1
infamous,1
annunciation,2
expend,4
rechartered,2
person,21
regulating,6
watching,2
construct,6
paymaster,1
twenty-six,3
countervail,1
struggles,2
relaxations,2
unto,2
defenders,1
conclusions,4
admission,5
eager,1
location,1
influencing,1
surprised,3
attributes,1
victims,2
emergency,15
demands,22
in-land,2
emanating,1
suffering,11
abound,1
projects,3
formal,3
imposed,37
d,8
squandered,1
communications,8
individuals,30
latitudinarian,1
tribes,50
disorder,1
reelection,2
amicably,1
senate,137
spring,3
necessaries,4
sight,1
pale,1
amicable,10
emigrating,1
engross,1
transactions,8
cheapness,1
religion,4
prosecuted,7
convulsions,1
muscat,1
inclination,1
be,2271
unmindful,1
dictates,7
agreement,5
concealed,6
santa,1
relating,12
crime--one,1
dictated,6
by,1636
discontented,1
anything,12
exaggerated,5
deserves,4
repair,7
letter,7
into,193
plainest,1
awaited,1
appropriate,22
controversies,3
submit,25
custom,3
occupy,9
suit,8
considerably,3
elsewhere,6
assisting,1
devolving,1
deductions,2
atlantic,4
competition,14
line,19
legation,2
considerable,23
inducements,3
redeemed,6
up,50
us,157
morocco,3
intermitted,1
mature,8
retaliatory,1
genial,1
reconcile,3
enjoins,3
defined,5
likewise,1
influence,78
surveying,3
presides,1
concealment,1
codes,3
granada,2
retrace,4
idleness,1
pinckneys,1
preventing,9
actors,1
tars,1
revision,6
nacogdoches,3
depredations,3
elements,3
energetic,2
besiege,1
oblige,1
prosecution,18
suppression,4
sides,5
ago,4
destinies,4
rescued,1
consumes,1
revenue--that,1
habitually,1
came,8
fresh,2
menace,6
having,82
code,3
partial,14
dawning,1
saying,3
results,18
existing,53
highways,1
renown,1
broader,1
contravening,1
seemed,3
one-half,1
turkish,1
concerned,9
young,2
send,6
resources,23
retire,3
continues,12
mixing,1
continued,33
chilian,1
timely,2
discernment,1
transmission,2
fewer,1
anxious,14
race,13
depositories,2
severed,3
pledge,6
mediterranean,1
unprofitable,2
munitions,3
primeval,1
graduating,1
index,1
expressed,36
hereditary,1
henceforth,1
consistently,14
indian,45
sequestrations,1
proffer,1
expresses,1
harassing,1
advantageously,5
led,17
eminently,4
respectively,8
straight-forward,1
cultivators,1
poverty,1
ghent,3
fifteen,7
deduced,1
great,215
engage,7
credits,10
receive,52
involved,17
survey,5
defeat,10
opinion,93
residents,2
makes,11
involves,4
rive,1
jailer,1
complying,1
disobey,2
extricate,1
perfecting,2
counsels,9
reserved,21
tools,1
desiring,5
standing,14
confidence,57
illegal,6
encroachments,6
ministers,10
next,31
choctaws,5
doubt,46
lock,1
bonds,7
forefathers,3
occurred,23
dealings,1
carrying,14
gladly,2
delegating,1
entangle,1
practicing,1
this,975
challenge,2
reprisals,3
publications,1
fulfill,9
scatter,1
penobscot,1
wedge,1
~~to,1
woolens,1
process,26
professedly,2
purposes,61
high,65
bend,1
wielded,1
weaken,4
destroying,2
negation,1
delay,26
procured,4
aristocratical,1
establishment,35
greatly,24
especial,1
equalize,2
singular,1
await,3
preferring,1
ties,5
daring,2
realized,12
revising,1
counter,1
element,4
commodities,7
acquitted,1
asserts,2
volunteers,10
counted,1
ingress,2
produces,7
move,2
doubtful,17
produced,38
directs,1
perfect,19
decay,5
chosen,9
dispose,5
imperfection,1
degrees,1
misapprehension,1
instruments,3
puerto,2
forest,1
acquit,3
designs,13
dock,1
rotation,1
realize,4
installment,14
intelligent,8
traced,3
accompanies,1
sufficiently,20
truth,16
accompanied,5
doing,10
verily,1
deficiency,1
frequency,1
thirteen,2
irritation,3
agriculture,9
benefiting,1
tiem,1
overproduction,1
--set,1
thirty-first,1
shut,3
incalculable,1
incalculably,2
surely,7
thrust,1
embarrass,6
shortest,2
reposed,2
could,127
length,13
ratification,7
assumed,20
receding,3
stimulate,2
dockyards,3
blown,1
rescinding,1
jesup,2
scene,2
owned,3
alleged,17
occurrences,2
owner,1
legislative,60
deceptive,1
ordering,2
system,149
courted,1
efficiently,1
painful,10
malady,1
enforcement,6
accompany,3
devoutly,2
unexpended,7
coinage,3
warfare,5
harmonizing,1
commandant,1
appealing,1
dissensions,6
torrent,1
devotion,8
collecting,5
false,1
chivalrous,1
lines,2
trusting,2
partnership,3
defending,4
mischief,7
clearly,21
viewed,5
necessities,6
documents,28
studying,1
therewith,1
apprise,2
infractions,1
seductive,1
accuracy,1
misrule,2
allow,11
courtesy,1
device,1
fervent,4
unsparing,1
metaphysical,1
face,6
perceiving,2
mechanical,2
innocent,2
independence--a,1
subject-matter,2
fact,26
magnanimously,1
circumscribes,1
signally,3
terminate,2
vacancy,2
bring,31
uncommitted,1
inviolability,1
unconnected,1
asylum,1
trivial,1
brink,1
principal,18
nominally,1
pause,2
planter,1
conciliate,1
entangling,1
should,346
planted,2
secretaries,5
hope,70
exchanged,9
justice--full,1
listened,2
means,149
succeeded,5
impeachment,25
molasses,1
exchanges,6
committees,6
unexecuted,1
denmark,9
taxes,26
summon,2
disapprobation,2
allegation,5
taxed,2
strengthened,7
temporarily,4
wars--the,1
exerted,8
edition,1
electors,3
bidders,1
destiny,3
partisan,3
posse,3
injustice,19
invigorated,1
wabash,2
derogatory,3
way--by,1
negotiated,7
specious,3
seaboard,1
restrictions,10
invited,10
etc,2
streams,1
invites,2
adjusted,7
conclude,2
coercive,1
quotas,1
poured,1
entitle,1
feather,1
waste,1
louisiana,7
adopted,51
spain,36
garrisons,2
surveyors,1
expiration,7
fallacious,3
discoveries,1
westerly,1
concerted,3
ripe,1
investigation--a,1
delaying,1
politics,2
temprary,1
denial,2
soundness,4
glaring,2
conflicting,7
columbia,13
miniter,1
upon,549
contribution,2
identity,1
off,15
command,11
onerously,1
drawing,2
enunciation,2
negligence,1
less,79
afflicted,1
generous,7
associations--monopoly,1
arrest,5
combine,1
exempt,8
calamity,1
increased,32
government,801
increases,3
five,8
supervise,1
belgium,5
congress--one,1
incessant,1
undertaking,2
become,53
amendment,26
poor,4
indications,1
liquidation,5
guaranty,7
choosing,1
loaded,1
recognition,5
ascertainment,1
chickasaw,1
avoid,36
salaries,2
raging,1
does,53
passion,1
government--a,1
salaried,1
manifest,12
prerequisites,1
selecting,2
pressure,7
posterity,6
imaginary,2
loans,12
stage,2
gained,5
sister,2
asks,3
sagacity,1
laboring,11
merited,1
religionthe,1
seeds,1
gaines,2
nucleus,2
concession,11
revise,2
cultivates,1
contractions,1
letters,1
rectify,1
disaffected,1
roads,12
mere,19
terminated,6
justifying,1
providential,1
terminates,1
riflemen,1
naturally,7
function,4
building,11
complacency,1
delivery,9
lowered,1
compromitted,2
arsenals,7
count,2
disbursement,4
evident,7
society,16
shrunk,1
official,43
excitement,9
placed,51
books,8
distribution,28
profusion,1
cordial,5
reciprocated,1
rightly,1
recognize,4
contribute,12
denote,1
queen's,1
effected,23
planting,1
compared,6
efficacy,1
promulgation,1
dilatory,1
deadly,1
forests,2
lately,7
requisition,3
details,11
behold,3
reckless,3
repeat,3
oppression,14
missouri,5
chance,1
arbiter,3
repeal,4
exposure,1
much-injured,1
rule,33
compete,1
pension,6
practicability,4
brevet,3
consolidated,2
desirable,17
integrity,22
chili,2
defraud,1
votes,12
effectually,14
unanimity,6
voted,6
messenger,2
worth,6
adverting,3
commerce,100
replication,1
wagons,1
presidency,3
delegate,2
abolishing,4
triumph,3
occasioned,6
approximation,1
rigorous,2
subaltern,1
machines,1
established,57
incompatible,8
bounties,2
fellowmen,1
consequent,8
above,18
officially,11
consisting,4
told,8
proportionably,1
sinks,1
kindred,2
richest,1
inferiority,1
protection,53
pursuit,5
obtained,24
items,1
study,1
envoy,1
cogent,1
lest,4
postponed,4
secure,46
representatives--to,1
highly,21
shun,1
opportunities,1
total,3
indians,72
negative,3
insult,4
seriously,7
indiana,4
administering,2
separated,6
tolerated,1
award,1
aware,9
tolerates,1
separates,1
continual,2
tariff,35
word,4
err,3
permits,4
work,21
refusing,3
theories,1
ere,2
era,2
mechanic,4
piers,7
indicated,2
india,4
impair,5
mingling,1
indies,5
indifferent,2
carriers,1
provide,23
far,80
sever,2
boats,1
disappoint,1
ordinary,27
attnetion,1
coined,1
after,105
customs,14
lay,21
suing,1
law,154
correctives,1
repeats,1
alienate,1
hasty,1
appreciate,3
haste,1
atrocity,1
order,56
office,65
devote,3
consent,26
satisfied,17
proportionate,4
deducted,1
misconduct,3
estrange,1
somewhere,1
clearances,2
production,1
valor,1
bespeak,1
ceases,1
damages,7
then,82
them,403
affected,5
thei,1
safe,25
bane,2
band,5
squadrons,3
they,567
ther,1
bank,332
moneyed,11
reasonably,7
alternately,1
l,1
reasonable,26
confiscations,3
schemes,4
observance,10
fairly,2
councils,13
transient,2
crimes,4
prohibitions,1
forts,2
forty,1
vessels,78
remorse,1
forth,12
forcible,6
here-after,1
veto,11
lawless,1
depots,1
admits,1
appointments,5
disputes,3
forcibly,5
enlightened,17
unfulfilled,1
recovering,2
created,28
creates,1
renew,9
disuse,1
oppose,10
incorporated,8
conclave,1
organize,3
render,35
supposing,3
synonymous,1
another,58
illustrate,1
overt,1
protracted,5
plentiful,1
compromise,9
observations,8
long-,1
airy,1
farming,2
intestine,2
happily,10
diversified,7
rejected,5
wasted,3
mercy,1
admonitions,1
scenes,6
seated,1
guilt,2
foretelling,1
contrasted,2
powers,163
rescinded,1
interests,141
manned,1
encumbered,1
respecting,10
manner,55
impelled,1
vigorous,2
contents,2
forced,6
ponder,1
strength,19
genuine,1
laden,1
convenient,8
latter,17
self-defense,4
subjects,41
forces,10
transmit,9
explanation,6
conducive,4
indemnification,4
exercised,32
extending,11
involving,6
germany,1
exercises,1
manifested,7
neighborhoods,1
calculated,42
treaty-making,2
inferred,1
yours,1
unsophisticated,1
voting,1
oppress,1
fitted,3
reserve,2
decidedly,2
disturbs,1
respectfully,11
subtle,1
enjoyed,13
alluded,9
guidance,1
appended,1
deepest,6
pursuing,2
adequate,23
nullified,1
predecessor,7
do,115
de,1
preferred,7
yielded,2
frowning,1
disbursed,1
mis-lead,1
happiest,3
unworthily,1
wrested,1
covering,1
nullification,2
suffrage,1
lexington,3
irregularities,2
stead,1
implication,6
squadron,1
explanations,8
steam,3
secretary,120
erroneous,5
observes,1
observed,11
checks,13
depends,11
cattle,1
discussions,12
miserable,3
diffidence,2
away,19
afloat,3
gentleman,2
compensation,11
overgrown,1
unable,4
cooperation,8
felicitating,1
contraband,1
drawn,24
encounters,1
shields,1
disavowed,3
accord,6
terms,58
confessedly,2
supports,1
electing,4
received,79
climate,2
avowals,1
ill,4
receives,1
negotiation,32
ingenious,1
tone,3
royal,6
seizure,7
supplid,1
tons,4
infirm,1
wider,3
speak,9
gratitude,15
petty,1
unhappily,3
engines,1
condemned,3
fluctuation,1
duties,202
repelled,4
easy,11
attacked,1
concerning,9
excite,12
transshipments,1
deterred,3
secured--if,1
gracious,1
applied,36
east,9
thenceforth,2
reciprocal,10
aim,5
applies,1
aid,44
voice,7
overtaking,1
mistake,2
dictate,2
postmaster-general,1
comparative,2
confirmed,8
perform,23
apparently,4
imbued,1
inreference,1
descend,1
accumulating,6
monarch,4
convictions,7
imperiously,5
disciplining,1
independent,39
palpably,7
springing,1
swell,3
rail,1
evil,25
hand,16
liberties,21
confiding,1
palpable,7
prescribed,22
kept,16
whereby,1
humble,6
taint,1
tho,1
contact,2
prescribes,5
the,15554
jurisdictions,2
mingle,3
quoted,2
repose,2
thanks,3
victim,1
swears,1
adding,3
occupants,1
evidences,6
exalt,1
belongs,12
board,20
expelled,3
injuring,1
cape,1
unmolested,1
unfounded,9
disadvantage,3
securities,3
invaluable,2
security,44
portuguese,3
honored,6
flatter,2
productions,12
bore,3
disavowal,2
denies,2
cede,2
treasurers,1
unavoidable,5
asking,6
unavoidably,8
beating,1
participation,3
confer,6
illustration,5
graduates,1
substitution,1
post,12
properties,1
governments--is,1
obj,1
impenetrable,1
theirs,3
newspapers,4
months,10
hostilities,8
constituting,4
banker,1
cherish,15
considerations,37
pays,1
prisoners,1
float,2
profession,5
bound,22
balances,5
rendering,11
formidable,6
amidst,1
legislation,69
sovereign,25
liquidated,2
fight,1
accordingly,9
dews,1
way,20
was,594
war,94
lowest,3
diligence,1
becoming,11
sundry,1
ceded,3
true,57
comprehending,1
absent,1
algiers,1
injury,22
invincible,1
maximum,1
overruled,2
executive--should,1
inquiring,3
mails,2
promises,13
inclusive,1
stronger,10
abstract,3
evidence,23
subsist,1
promised,8
prayer,3
enlist,3
affixing,1
knows,2
weakened,2
stake,4
reality,1
negotiators,1
falsely,1
holding,9
inculcates,2
test,4
unwilling,4
shrink,3
brothers,1
convincing,1
polity,1
wounded,1
iniquities,1
bestowed,13
painting,1
interval,2
domination,1
together,21
reception,5
precedent,10
tribunals,15
consul,3
indicating,1
fabricated,2
selection,5
grateful,9
battle,3
devoted,3
certainly,28
pretense,7
aristocratic,1
compensate,1
permanently,3
perversion,3
southwest,1
division,4
protective,4
stinting,1
liability,4
feeble,1
perceived,15
presented,45
ascertaining,2
brave,1
regret,18
discover,2
agitate,2
prepossessions,1
cost,5
helpless,1
cargo,1
purchasers,2
curse,1
emolument--those,1
assistance,4
foregoing,3
shares,1
uniform,17
illustrations,1
shared,1
appeal,24
self-preservation,1
satisfy,11
supporting,2
efficacious,1
disclaim,1
teaches,2
appears,36
change,38
sending,1
exemption,5
trial,11
burdensome,1
brigades,1
patriotic,21
petitioned,1
country's,2
lighthouses,1
inference,4
transcend,1
ages,5
marked,7
sincerely,15
sufferers,3
memorable,1
embarrassing,4
rarely,2
market,8
prove,19
subvert,1
beneficence,2
territories,10
live,4
meliorate,1
commissioner,4
commissioned,2
animadversions,1
crimination,1
renders,3
can,399
heart,5
dedicated,1
hears,1
december,12
supremacy,7
heard,2
fortunes,2
purity,13
clothing,2
occur,5
restitution,1
unwavering,1
productive,11
bankrupt,1
fortunately,4
allege,1
discussion,16
undivided,8
flourishes,1
nowhere,1
familiar,4
economy,20
armies,6
superintend,2
sacrifice,8
southern,10
produce,34
deviates,1
commit,5
land--are,1
flourish,3
compatibility,1
remember,1
whenever,20
explicit,3
rather,15
offend,2
serving,1
nonpayment,3
indeed,23
displayed,5
consulting,1
aiding,2
ended,1
itss,1
cold,1
still,60
tending,2
assiduity,1
acknowledge,7
conquerors,2
vicinity,4
inflicted,2
forms,13
showered,1
emigrants,3
correspondence,9
buenos,5
introduce,3
liberality,8
half,9
not,1116
now,215
provision,73
discuss,3
nor,103
enacted,2
susceptibility,1
organ,3
respectable,1
servant,2
january,17
entirely,18
vexation,1
furnishing,5
el,1
domain,1
en,1
prompted,2
directing,5
hurried,1
ex,1
year,121
counteract,4
avoided,6
tried,6
shown,17
accomplish,16
opened,10
space,1
thirst,2
increase,56
rational,2
ruinous,4
receiving,7
shows,5
inevitably,12
dependencies,2
advantages,44
counteracted,1
obligation,26
marine,3
inevitable,7
care,37
contemplation,6
selections,1
disappointments,1
transition,1
british,35
honest,17
thankfulness,3
promotion,1
profess,2
benefited,4
striking,3
omitted,1
enjoining,2
comprised,1
directly,20
impossible,19
message,65
drove,1
inconceivable,1
nonintercourse,1
monopolizing,2
consignee,1
lightened,2
victorious,2
frame,2
unconstitutionality,4
pomp,1
mostly,1
that,2352
taxation,38
laws--a,1
appreciated,1
factions,1
accordance,15
off-spring,1
disavowing,1
monopolies,7
fruits,8
extinguish,6
profuse,3
respectability,1
remained,5
correction,1
punctually,1
insurrection,3
artful,2
recover,2
offering,3
spoliations,4
veteran,1
equipment,3
forming,6
swelled,1
postmaster,10
supplications,2
oppressive,10
price,18
address--but,1
successive,3
undertakings,2
america,17
],2
imposition,1
forever,6
attempting,10
steady,6
hemisphere,6
professional,3
dispersed,2
erred,1
narragansett,1
in-roads,1
discovered,9
tonnage,15
gratified,4
maine,6
fifth,2
ground,42
busily,1
title,10
proclamation,12
stained,1
proportion,14
only,205
developed,2
stain,3
stoppage,1
truly,6
fortifications,8
'til,2
revulsion,1
poinsett,2
seldom,3
colombian,1
effectual,4
concert,3
burst,1
ends,10
elected,7
unfit,1
concern,7
feuds,1
materials,8
between,130
import,12
justified,12
notice,21
ground-work,1
article,25
emigrant,1
resides,1
pertain,1
self-interest,2
enabling,5
resided,3
prorogued,3
comes,4
impediments,6
madness,1
dispatch,9
exploit,1
moreover,11
harmless,1
informed,12
territorial,5
punished,6
dangers,23
disclosed,7
impugn,1
aggressions,9
favoritism,1
subjecting,2
wounds,1
external,4
suspected,2
scrupulously,4
countless,1
developing,1
these,335
accommodating,2
$there,1
country--men,1
determination,23
soil,6
consults,1
commander,4
anxieties,1
bias,2
embrace,8
commanded,1
property,68
inquire,6
gentlemen,3
epoch,1
inquiry,16
document,5
charge',2
noble,1
closest,1
enjoyment,10
fruit,3
conquered,2
complained,5
purer,1
theater,2
charges,10
charger,1
constitutional,105
severe,6
state--a,1
coordinate,6
charged,19
conformably,1
valuable,11
accumulate,4
civilized,13
greetings,1
touch,2
speed,1
death,4
thinking,1
improvement,60
subversion,3
allude,5
treatment,2
deep-seated,1
struck,3
disproportionate,2
overruling,2
real,24
northeast,2
taney,2
rules,9
ruler,5
discontinue,3
usefully,6
early,45
earnest,16
commotions,4
culprits,1
using,2
execution,66
reap,1
fortune,2
heightened,1
annually,3
benefit,27
fully,34
twelve,1
falsehood,1
experiment--and,1
exposed,19
exposes,2
zealously,1
pursuance,9
duration,7
passions,1
recorded,2
conservative,1
deficit,2
hamilton's,1
assembly,5
business,46
sixth,1
equivalent,7
strained,1
burthens,10
inherent,1
assemble,1
exciting,3
throw,3
comparison,6
central,8
intolerable,1
remonstrance,4
testimony,5
intent,12
predatory,1
deranged,1
exported,2
unbounded,1
steadiness,1
defraying,1
magnificence,1
your,197
intervention,5
supervising,1
forwarded,1
prepare,3
fifty-second,1
removing,11
low,5
lot,2
burnings,1
assumes,3
smuggling,1
delayed,9
recoil,1
two-thirds,7
cottage,1
attainable,3
trying,3
irreversible,1
hire,1
fraud,11
circulation,14
condemnatory,1
lawfully,1
undertake,5
sales,10
mover,1
judicially,1
finishes,1
beyond,61
administered,5
anarchy,3
valid,2
you,251
surest,2
ineligible,1
perils,1
desolation,1
endeavors,5
massachusetts,1
suited,2
tendencies,4
fiscal,16
apathy,1
situational,1
profits,6
doubted,14
embracing,10
since,74
exhibitions,1
pointing,3
alleviation,2
month,6
ceased,1
managed,3
religious,1
dreadful,1
referring,3
pledged,5
foster,6
solicit,2
sustain,12
pledges,4
subtleties,1
convention--a,1
confidential,2
divisions,4
very,57
horror,2
decide,26
circumspection,1
instigates,1
heaven,8
--,111
louis,5
disrepute,1
impeachments,2
plain,13
libeled,1
nullity,1
unheard,1
enfeeble,1
enhancement,1
excitements,1
enjoin,3
savage,7
attributable,1
conscience,3
witnessed,2
emotions,1
witnesses,4
certificates,5
learned,1
overrule,2
repugnant,3
ferocious,1
modify,5
incapble,1
excess,3
eventful,1
strong,25
interposed,2
deceitful,2
conviction,28
inspired,2
losses,8
soldier,1
amount,79
advertising,1
successors,10
inspires,2
family,7
requiring,5
tendered,1
slavish,1
teach,5
conventional,2
takes,4
useless--the,1
contains,6
abstaining,2
inflicts,1
heroic,2
seminole,1
taken,99
brunswick,1
commences,1
instrumental,4
excuse,3
commenced,16
impulse,3
hurry,1
producing,10
suffered,9
weighed,1
offender,5
oversight,1
offended,1
nine,5
spontaneous,1
history,30
persevere,2
pushed,1
exclude,3
species,4
firmly,6
ratified,13
foreseen,6
vigilance,6
well-understood,1
well-settled,2
threat,4
rude,1
communicating,5
derived,24
fe,1
invasion,6
derives,5
explantion,1
fo,3
a,2215
contrived,1
deluge,2
read,2
renewing,4
dread,1
deterioration,2
banks,87
dream,2
remnants,3
soon,67
held,30
committee,15
committed,40
postages,6
enlarges,1
discloses,1
fined,2
reluctance,1
actually,8
absence,8
faithlessness,2
systems,8
radical,3
founders,2
fines,1
forbear,1
anticipated,16
commodore,1
erection,6
imprisoned,4
occasions,12
intervene,1
stopped,1
referred,34
heavy,11
deride,1
cemented,3
absurdity,5
event,22
veneration,3
unnatural,2
surrounded,6
trusts,8
howsoever,1
safety,38
issue,19
appertaining,2
favored,17
pub,1
houses,26
reason,58
brightest,1
put,30
earliest,6
curtailed,1
revolutionary,12
persists,1
terrible,1
cheering,3
american,84
corrupting,1
devolve,8
assign,2
consultations,1
probability,7
unfeigned,3
fire-proof,1
antiquity,1
misapprehended,1
arbitration,3
generalities,1
obedience,15
station,9
scheme,6
condemns,2
authors,3
discounted,1
imposing,11
hundred,2
kindly,1
miseries,1
anticipate,11
ecuador,1
attorney,9
toward,35
deciding,7
texans,1
urgently,2
substantial,3
sheet,1
concentration,2
null,8
organs,1
constructions,4
cherokee,3
empowered,2
officers,93
cargoes,19
useless,8
aggravating,1
depredation,1
unconstrained,1
assiduous,1
experienced,1
hires,1
frauds,8
approves,1
quota,2
exempted,3
plunder,1
aires,3
barbarism,1
approved,17
salary,1
mobile,1
clear,13
unreasonable,3
treasures,1
creeks,2
latest,3
antwerp,1
perseverance,6
capias,1
'an,1
registers,1
arming,2
consonant,1
distressing,2
reenacted,1
northern,1
justice,93
unwillingly,1
annals,1
surveyed,1
circle,1
legible,1
dominant,1
feels,3
grew,1
combinations,8
during,85
exhibiting,2
gelt,1
sacrificed,2
adhering,1
alteration,7
sacrifices,7
superintends,1
withdrawal,2
cramp,1
patriotism,21
throwing,1
plausible,1
descriptions,1
close,27
embarking,2
probable,14
pictures,1
tolls,2
won,1
incompatibility,1
probably,22
conditions,13
years',1
notoriously,1
intending,1
philanthropist,2
distinguish,1
both,82
secrets,1
minorities,1
comptrollers,1
forgotten,5
protector,1
intriguers,1
manners,1
whatever,28
likes,1
vessel,6
vindicating,2
complied,12
described,4
stamp,1
exert,8
reciprocate,2
maintenance,17
collected,13
threaten,2
territory,26
compromises,1
lived,4
partly,1
propositions,8
deter,2
recalled,1
assigning,1
utmost,11
look,36
governor,27
stattes,1
while,66
confederacy,16
fortifying,1
endanger,9
fleet,1
animated,2
guide,12
long-subsisting,1
uncompromising,1
voters,2
funded,3
overlooked,3
confound,1
rulers,2
ready,21
payers,1
grant,24
belong,10
repudiated,1
discredit,3
madly,2
modification,10
composition,1
conflict,11
used,29
temporary,22
bonus,7
censure,7
uses,2
brussels,2
herewith,10
obviously,7
unappropriated,1
auditor,1
consistency,1
secession,6
authoritatively,1
abstain,2
judgments,1
settlements,12
quarters,4
inlets,1
useful,23
uselessly,1
retirement,1
$,127
disseminate,1
possessors,1
exercising,6
questioned,6
harmonize,1
remaining,14
empaneled,1
march,20
capacities,2
dominions,10
dearly,1
damage,1
sumpters,1
overthrown,3
defied,4
vests,1
inviting,1
submission,12
signal,2
resorted,9
strife,2
$--at,1
popular,8
sketch,1
fathers,11
creation,7
some,182
urgent,5
impoverish,1
incorporationbefore,1
delivered,3
beneficially,6
gratuity,3
exceeding,10
conditionally,1
providence,21
civilization,8
negatived,2
inconvenience,11
run,6
lakes,3
colonization,1
step,18
abroad,14
wealth,17
faith,22
bureaus,1
country--a,1
shewing,1
entailed,1
bureaux,2
pains,1
silence,4
disclosure,1
within,157
unimpaired,6
dissatisfaction,5
treason--not,1
conscientious,2
presupposes,2
renewal,16
placing,10
accountability,3
consultation,1
calumny,1
manufacture,7
withholding,4
himself,24
russias,1
duly,4
healthful,3
reiterated,2
properly,14
authority,139
branch,52
russian,1
comports,1
circuits,2
lords,1
politic,2
cautiously,1
triers,1
similar,32
vassalage,2
ordered,1
legislated,1
corrective,3
willed,1
metals,7
estrangement,1
unwise,2
federative,1
cotton,4
ancestors,5
objection,14
prerogative,1
fears,5
application,44
politicians,3
department,129
draw,3
venerable,1
fewest,1
constitutions,5
regulations,19
rested,3
validity,10
reservation,2
approving,1
restrained,3
structure,1
antecedent,2
independently,15
e,1
indissoluble,1
required,68
orbit,1
pamphlets,1
banishing,1
underrated,1
infringing,1
requires,22
degrade,1
bartered,1
eradicated,1
cheerful,3
farms,1
proposition,15
go,9
compact,36
excludes,1
shackles,1
baron,1
transacted,1
power--that,1
planted--principles,1
suits,4
excluded,4
friendly,50
virtuous,2
reconcilement,1
summoning,1
prudence,7
rebuked,2
yourselves,12
recollected,1
barbary,4
positions,3
verdict,1
inspection,7
enforce,24
comforts,3
pretend,1
compensated,2
punishing,3
encroachment,2
notwithstanding,8
honors,2
mischiefs,4
auspices,1
reviews,2
recur,3
colonel,1
guaranties,1
experiment,8
infuse,1
completion,5
melancholy,1
prescribe,12
following,20
canals,9
enterprising,2
convert,4
withdrawing,3
referable,1
benevolence,1
repel,4
products,9
commendable,1
patents,2
examining,5
foresee,2
addresses,1
well-digested,2
manage,3
apprehensive,1
assertion,7
addressed,5
wit,1
maysville,6
cloud,1
announced,9
agreeably,1
aspirants,2
remains,18
that--,2
contentment,2
agreeable,3
indefensible,2
belgian,4
formally,1
becomes,19
felicitate,1
unfaithful,2
rivalry,1
appointed,23
announcing,4
sanctions,1
meed,1
lapse,2
disorganizing,3
vexatious,1
meet,34
conformity,14
control,68
cheapens,1
inviolate,3
dictation,2
sought,6
wonderful,1
corruptions,3
hesitate,4
defective,4
arrangement,26
enactments,9
located,2
sentiments,16
frontiers,5
embellished,1
fostered,2
aborigines,3
insufficient,4
foment,2
amenable,3
advocated,1
indemnifying,2
avarice,1
advocates,12
alienation,1
facilitated,1
alliance,1
including,10
mentioned,14
converting,1
subversive,8
self-aggrandizement,1
exclusion,7
thence,3
masses,2
pensioners,2
stock-holders,1
sword,3
hands,56
front,2
masters,1
adjournment,9
chillicothe,1
magnitude,6
mode,43
legions,1
upward,8
commonwealth,1
attachments,1
pursuits,11
retaliation,1
constitute,12
variety,2
exceeded,2
special,17
gallant,7
secretly,2
relate,4
amendatory,1
wines,6
recommendations,3
delegates,3
attending,2
completely,4
delegated,16
resumed,7
hostile,9
determining,4
florida,8
times,40
benediction,1
mad,1
prospective,5
succeeds,1
seasonably,4
possessing,7
powerful,33
unsupported,1
date,18
themselves--in,1
flows,2
precisely,1
management,11
bears,1
durable,2
unequivocal,1
avowed,9
relations,86
sumatra,2
gainful,1
perfectly,5
final,23
prone,1
punish,4
lists,1
formalities,3
manifestation,1
overwhelming,1
herself,11
hardihood,1
comity,1
distinguishes,1
beg,11
bed,1
providing,22
distinguished,18
exhibit,8
enforced,8
recesses,1
unchanged,2
horrors,1
thereto,6
need,15
constrained,2
assurances,26
pursued,22
able,32
purchasing,3
instance,20
issuing,5
sufficiency,1
expires,3
intentions,9
vengeance,1
rigor,2
awe,1
intrinsic,2
consequences,38
undeniable,1
proceedings,44
construction,49
enjoyments,1
deface,1
impression,5
unsettle,1
violation,31
well-being,1
reclaiming,1
soldiers,3
molest,1
appeal--makes,1
envy,1
based,7
unfinished,2
sheriff,8
rash,1
bases,1
attained,5
employed,40
frittered,1
dodge,1
gratify,3
doubting,4
improvident,6
commendation,1
maritime,6
joint,11
legitimate,15
magistrate,21
gray,1
places,10
hiring,1
imperious,2
oppressively,1
she,27
contain,3
solicitous,4
unfrequently,1
multiplying,1
computed,2
capitalists,1
operates,4
argued,1
accused,7
usefulness,9
desperate,1
operated,3
humane,3
irrefutable,1
illusory,1
tend,9
written,5
convince,1
correctly,4
tens,1
neither,43
prevailing,5
attention,120
importance,59
remitting,1
interfere,13
efficiency,20
dwell,1
ameliorations,1
disproportionately,1
precious,5
nominations,2
limits,72
career,9
minds,9
admit,18
estimation,3
jersey,4
disqualification,5
bearing,9
habitual,2
supreme,28
competent,9
agreed,10
congresses,1
instituting,1
attests,1
accomplishing,1
tread,3
addition,19
discrimination,4
cent,9
immense,9
treat,6
corresponding,17
retrospective,1
league,10
releasing,1
mohegan,1
expenditure,24
ours,10
debtor,2
intimidate,1
bahama,2
natchez,1
owns,1
soundest,5
resident,4
surface,1
examined,2
disclosures,1
parte,1
fortification,1
began,3
janeiro,1
tripoli,1
strange,2
incumbent,5
party,20
rightfully,7
absorb,2
appearances,1
effect,126
contravened,1
discouraged,1
frequently,20
destruction,11
scarcely,22
transaction,2
reflection,20
i,666
obstacles,4
well,124
insurmountable,2
drone,1
trials,1
restore,4
discord,4
accurate,2
mistaken,7
sources,14
mistakes,2
distant,19
skill,5
deposits,53
imposes,5
extends,1
ought,66
warrant,3
indignation,1
intimated,3
definitive,3
fate,6
disappearance,2
devised,8
solvency,1
acceding,1
cupidity,3
burden,10
bottoms,1
equador,2
immediately,28
amply,3
prominent,8
loss,12
necessary,205
lost,9
sages,5
payments,4
lose,3
divest,1
appurtenant,1
sophistical,1
therein,8
belonged,3
motive,8
shew,2
redress,23
deliverance,1
home,21
proofs,7
demonstrates,1
objected,3
delaware,2
grinding,1
demonstrated,4
limitations,7
journal,7
expansion,3
industrious,3
prohibited,7
sheriffs,2
misrepresentation,1
tempering,1
refuge,1
indented,2
freedom,20
consciousness,2
sinister,3
recognized,9
compatible,7
dominion,8
recognizes,1
persuaded,5
equally,33
contending,4
enacts,2
previously,12
washington,22
cocoa,2
relinquishment,1
utility,1
doubtless,18
mississippi,20
rejoice,2
additional,28
noticed,2
notices,1
receipt,6
north,18
hazardous,1
admonish,2
neutral,4
gain,5
courts,33
highest,29
he,203
signed,6
carriage,1
converted,4
limit,6
display,1
urging,3
mechanics,3
plenipotentiaries,1
devise,3
reservations,4
universal,2
resented,1
education,5
cavalry,1
functions,16
homes--a,1
contest,13
importations,6
offensive,4
misconceptions,1
expositions,1
thereafter,4
else,1
friends,15
appoint,4
re-issued,1
pestilence,1
portion,63
overleap,1
lives,7
indirectly,8
aided,8
wound,1
dissolution,8
obstruction,6
protest,7
perverted,1
consists,3
bestowing,1
whose,73
calculate,2
pensions,2
sinew,1
presents,11
bays,3
contemned,1
sway,1
translation,1
void,13
connects,1
compacts,5
agitations,2
confederate,2
affect,11
vast,7
*direct*,1
clothed,5
companies,8
solution,1
extinguishment,10
force,92
likely,19
indirections,1
subordinate,12
even,81
pace,2
desirous,11
saved,3
asia,1
lights,7
new,125
ever,82
harbors,11
deemed,54
repugnance,3
never,68
met,16
possibility,1
active,8
eliciting,1
contraction,3
dry,1
rests,6
tolerating,1
credit,22
harass,3
permit,19
complicated,6
adopting,3
suitable,11
campaign,1
bayonet,1
county,6
moral,10
particularity,1
receivable,1
criminals,1
army,22
arms,14
call,39
calm,2
intrust,1
recommend,42
survive,1
tell,2
expose,5
wars,7
warn,9
disruption,1
self-destroying,1
inhabited,1
phraseology,1
room,5
rights,87
interposition,7
exceptions,6
root,1
newfoundland,1
defer,1
give,69
assent,19
conjecture,2
involve,5
surveyor,1
degenerate,1
advancing,3
elicited,3
answer,10
construe,2
rise,11
minority,4
indignity,2
vicious,1
president,231
reconciles,1
inactivity,1
purchase,23
attempt,46
third,5
claimant,2
assuredly,1
maintain,33
waited,2
capitalist,1
fraudulently,1
operate,15
operations,48
cession,5
petitioners,1
disaffection,1
appropriating,4
partisans,2
before,146
rewardbut,1
rest--is,1
personal,24
crew,1
better,27
differently,1
accusatory,1
persist,2
subsisted,1
weeks,3
confidently,12
combination,3
weakness,4
unemployed,3
intimidation,1
indulge,9
sleepless,2
arrested,3
victories,1
went,4
operatives,1
side,10
bone,1
mean,12
afforded,20
successively,2
mandates,2
principles,95
ministering,1
taught,3
trading,2
navy,35
cherokees,4
collector,6
contend,1
decree,6
redressed,1
restricted,4
lurks,1
content,3
surprise,2
venezuela,5
turning,2
resume,1
bestow,6
curtailment,3
struggle,16
professions,6
condemnations,1
messages,8
deems,2
prodigal,1
signature,3
impede,1
twenty-two,1
features,8
thereon,3
grade,2
thereof,36
dwelt,2
acquaint,2
disqualifications,1
lieutenant-colonels,1
draft,6
solemnly,23
somewhat,3
requisite,12
peculiar,24
distance,1
anxiety,6
legalize,1
enabled,7
imputation,9
preparation,7
matter,24
deserving,1
knights,1
enables,2
superadded,1
modern,3
mind,27
mine,3
extorting,1
seen,30
seem,32
seek,10
tells,5
demoralizing,2
inconsistence,1
regular,10
exonerate,1
mitigate,2
observation,8
alarm,9
deliberate,7
reassertion,1
points,30
principle,80
consumer,2
annoyed,1
discontent,8
amending,3
over-looked,2
jurisdiction,38
ending,3
treaties,24
attempts,13
chartered,4
supplied,6
judges,22
resisting,7
cumberland,5
explain,2
debts,10
sugar,1
francs,7
judged,1
edict,1
exports,5
stop,4
perceive,18
coast,8
reviewed,1
bar,2
fields,5
bay,1
bad,9
traversed,1
mints,1
exacted,5
attest,3
unworthy,8
reference,22
testing,1
alterations,2
decided,26
interruptions,1
incorporating,4
subject,247
brazil,8
said,70
sail,1
artificial,1
tantamount,1
simplest,2
adjudged,1
sorts,1
restricting,1
ignorance,2
dismembered,1
suggested,19
prudential,1
uncertainty,4
against,118
ascendancy,1
distinction,4
monopolize,1
instrumentality,1
rapidly',1
appeared,5
burthen,5
height,1
springs,2
administrations,3
apprehended,17
accustom,1
proceeded,7
eradication,1
basis,15
three,15
erect,2
particulars,6
commission,12
detrimental,1
interest,118
entered,20
threw,1
deeper,1
prosperous,16
suppress,3
inattention,2
dismiss,1
strictures,1
personally,1
regretted,11
exception,15
persisted,3
near,20
melted,1
suppose,10
imperatively,1
balance,16
anchor,1
guardianship,2
seven,2
mexico,29
is,1484
it,2037
defeated,7
inclosing,1
in,3285
disappear,3
if,386
grown,4
bottles,1
make,123
unfortunate,11
colonies,21
showing,5
entitled,29
meets,1
people--from,1
governors,1
declaring,15
differing,1
opulent,1
delight,1
jeoparded,1
jealous,5
unfetter,1
opportunity,20
thoughts,1
practiced,2
changes,11
failing,1
approbation,25
practices,1
resuming,2
qualities,1
claims,79
investments,2
left,27
just,99
sentence,5
sporting,1
sequestration,1
assigned,14
human,19
facts,18
yet,117
candidate,3
pecuniary,12
regarded,38
character,156
magistrates,2
copyrights,1
defray,1
save,8
designate,2
auspicious,4
discreet,2
wanting,5
supervisory,1
erected,5
dignity,6
performing,2
manual,2
unnecessary,23
notorious,1
capitals,3
conciliation,4
squander,2
deal,1
repudiate,2
maxim,5
dead,3
dear,5
repelling,2
dense,2
undisturbed,2
notification,1
deleterious,1
beget,2
bold,1
subscriptions,3
super-intending,1
wept,1
conceal,5
magazine,1
islands,17
marshal,3
coins,2
managers,2
formerly,7
amounted,5
intellectual,1
chooses,1
down,14
lies,5
doctrine,15
lieu,3
jealousy,4
pages,2
authorizings,1
fraction,1
vacated,1
bolivia,2
form,54
evinces,2
retaking,1
failure,8
surrender,8
evinced,9
continuance,20
pretension,2
attached,5
bounds,4
stages,2
temper,3
originating,2
seneca,1
strengthening,1
one-third,1
covers,1
fashioned,1
claimants,7
ship,6
fraternal,2
marking,2
authoritative,2
generally,32
merchant-men,1
insolvency,2
faction,2
felt,29
partiality,3
fell,4
reign,1
authorities,35
transfers,8
adrianople,2
unlocking,1
died,1
forty-two,1
apology,4
assume,18
annuity,1
daily,14
pertinaciously,1
parcels,1
restored,7
undeviating,1
customary,2
relieve,7
abundant,10
retention,2
anticipation,6
depend,9
disorders,1
striving,1
father,4
editors,1
answered,1
finally,22
unpleasant,4
petersburg,3
marks,1
sovereignty,19
abundance,2
palliated,1
congratulating,3
defying,1
advised,6
philanthropic,1
governments,72
banished,1
did,41
die,2
proposals,1
accidentally,1
keepers,2
item,2
excellence,1
round,1
unexpected,9
dealing,2
measurably,2
bombardment,2
sordid,1
adds,3
deficiencies,2
suspect,1
dishonored,3
international,2
unrestricted,2
filled,10
transportation,6
clerk,2
availed,1
french,72
dragoons,1
signalized,1
conversant,1
wait,1
institute,2
shift,1
simultaneous,1
suggestion,12
conveniently,2
elect,2
merely,17
uncorrupted,2
patriots,3
troops,13
sake,2
france,75
peru,7
conformable,3
lessened,1
unequaled,1
acceptable,3
germs,1
cautious,2
rigid,5
effort,22
indicates,1
avoiding,5
unimproved,1
impel,3
tracing,1
growing,12
making,51
repressing,1
arrive,1
claim,32
agent,29
sphere,11
council,7
justness,5
strikingly,2
till,2
pure,4
persuasion,3
sworn,9
mar,1
may,559
misrepresented,1
perfidy,1
designed,12
destructive,9
journals,7
grow,4
man,28
outline,1
inexpedient,8
inhabitants,9
jail,1
deposit,32
deceive,5
framing,1
recrimination,1
shield,6
seeing,2
gradual,12
pointed,3
stability,11
shake,2
differs,1
consolidating,1
texan,1
thank,1
interesting,20
undermined,1
policy,109
mail,9
deducting,2
main,2
texas,14
finance,4
views,78
sooner,6
touching,2
contravenes,1
ensue,3
developments,2
possess,17
attorneys,2
promulgate,2
obviated,5
seacoast,1
impeachable,6
liberating,1
artifice,1
conventions,5
shewn,4
yield,11
speculators,3
aloof,3
summary,3
canada,2
living,7
jackson,8
impurity,1
interference,16
nominal,4
imperative,10
emerged,1
correct,11
assurance,7
earlier,5
mercantile,2
advance,11
language,21
ministry,12
contented,5
communicated,26
thing,11
sufferance,1
think,28
frequent,8
first,91
dwelling,1
disburse,1
americans,3
long,78
suspended,16
carry,24
corporations,13
discharged,8
interchange,2
little,37
anyone,3
trampled,1
escort,1
participated,5
speaking,2
eyes,9
inefficient,1
accurately,2
untried,2
interdict,1
seat,5
undoubtedly,14
serves,1
yourselves--from,1
illegality,2
sailing,1
framers,14
protected,12
were,299
topics,5
occupies,2
counteraction,2
incontestable,1
conspiracy,1
spectacle,3
occupied,10
efficient,15
centimes,1
endangered,1
interior,6
performance,33
trace,2
paid,52
rigidly,2
complaints,5
conspicuous,1
especially,20
surprising,2
fills,1
diversity,5
pernicious,4
precise,9
show,24
supposition,4
elevate,4
arrears,1
specifically,2
stormy,1
treasure,9
soliciting,1
impunity,2
black,5
beaufort,1
treasury,170
sanguinary,3
get,1
contracts,11
designated,10
hailed,2
nearly,14
distinctly,7
conjunction,3
secondary,1
bearings,6
diversities,4
requesting,4
encroaches,1
miles,4
executes,1
audited,1
silently,1
declared,25
honesty,2
seas,13
stipulation,4
relative,12
declares,23
seal,3
stigma,1
emulating,1
foresight,2
indicted,1
satisfying,4
steadfast,1
boundaries,9
enough,15
enumerated,10
reading,1
across,1
august,3
parent,4
killing,1
countenance,6
pinckney,1
according,38
dated,4
cognizance,4
reigns,1
guardians,3
holders,8
franchise,1
among,61
accusation,9
maintained,17
grants,9
perpetuating,4
laudable,2
considering,6
sensible,19
unusual,11
capable,7
fellow-citizens,24
mark,5
attaching,1
borders,5
sensibly,1
allayed,1
derogation,7
offered,15
regency,1
declaration,13
directionafter,1
those,385
sound,17
disconnected,1
associates,1
residence,5
investigating,1
awakened,3
superintendence,5
conferences,1
eventually,2
characteristics,3
sincere,11
coffee,3
middle,2
pressing,2
dangerously,1
obnoxious,7
movements,4
different,58
pay,58
same,163
pac,1
speech,2
arguments,2
struggling,2
intermediary,1
disappointment,1
extended,33
assist,5
annulled,2
running,2
scorned,1
adjure,1
break,3
drain,2
largely,8
substantive,3
amounts,8
accountable,3
convened,2
overseeing,1
suitor,1
money,134
surrenders,1
aspect,8
arbitrament,1
statesmen,3
extensive,23
allege--but,1
admitting,2
secrecy,1
credentials,1
railroad,3
aiming,1
disappointed,6
acquainted,3
adams,1
disqualifying,2
indisputable,1
chamber,4
either,63
served,1
voluntarily,6
specifies,1
non-arrival,1
imprisonment,5
pronounce,3
rutledges,1
absolve,3
specified,5
organizing,8
accomplice,1
gross,6
confirm,6
colonial,16
footing,29
extensively,8
patriotically,1
critical,2
custody,21
expressing,6
moderate,3
ratifications,16
manufactured,4
each,84
arts,14
broken,7
pretended,5
refers,1
manufactures,19
manufacturer,1
conducting,2
stations,3
island,1
violence,9
practical,18
pockets,3
concentered,1
mixed,3
provisional,1
road,10
fallacy,3
cautions,1
superintending,3
fertile,1
whites,6
spreading,2
actuate,1
blessed,6
taxgatherer,1
harness,1
needlessly,2
acquiesced,7
distracted,3
oppressions,1
decisive,4
passports,2
unsettled,5
sstates,1
arranged,2
practically,4
drills,1
indisposition,4
brother's,1
october],1
powerless,2
affection,4
sounder,1
deliberation,11
hanseatic,1
deep,14
general,254
examine,9
deem,23
departments,42
file,1
importing,3
deed,1
fill,5
selfish,5
amendments,4
retiring,1
designating,1
short-sighted,1
field,9
weights,3
president's,6
fruitless,2
shelter,2
deriving,2
important,125
equitable,14
prudent,8
conclusive,3
indissolubly,1
remote,9
recapitulation,2
refutation,2
starting,2
represent,4
colleges,2
forget,3
vile,2
forbidden,2
bosoms,1
founded,32
sunk,1
invariably,1
expressions,3
behooves,2
children,6
unobstructed,1
reluctant,2
preserves,1
destroyers,1
preserved,18
tranquillity,10
enjoying,2
hideous,1
premium,2
sitting,5
plausibility,1
fall,15
difference,20
vouchsafe,1
benevolent,3
applicable,6
economically,1
exemptions,1
withheld,10
censuring,2
titles,3
ordains--,4
disputed,4
appreciating,1
residue,5
repeals,1
stood,5
diffusing,2
judicious,6
havannah,1
movement,7
ranged,1
promising,3
component,1
inconsiderable,3
operating,4
standard,8
search,1
misery,1
whereupon,2
narrow,1
authorize,16
prejudge,1
usurpation,8
sanction,38
extinction,6
establish,24
readily,9
eye,3
uniformity,5
distinct,9
two,111
dispatching,1
cultivation,3
unchastened,1
restraints,3
awards,1
mankind,6
apprehensions,7
controlling,9
varying,3
adulteration,1
nineteen,1
town,1
none,32
hour,6
recall,8
remain,37
sudden,4
abandon,8
vary,1
purchaser,1
purchases,1
gravely,1
share,14
days,6
contradicts,2
numbers,6
purchased,2
despot,1
seized,7
deplored,1
needs,3
wisely,4
comfort,6
commercial,51
sacred,20
mutable,1
advice,8
interpose,5
par,2
questioning,1
blood,9
coming,9
entry,12
mislead,3
responsibility,37
usurped,2
turnpike,3
pleasure,25
excepted,1
infant,2
rounded,2
heartfelt,1
already,70
through,87
heirs,1
existence,32
arrogant,1
arteries,1
possessions,19
forthwith,9
bosom,2
late,32
detected,1
resentments,1
release,5
triumphantly,1
wharves,1
good,104
seeking,7
males,1
prejudices,11
pursers,1
obeyed,4
inception,1
intermeddling,1
complain,7
association,2
easily,4
celerity,1
divested,1
pregnant,1
safe-keeping,9
porte,10
evade,1
habits,14
insuperable,2
repeating,1
eventuated,1
ports,53
harm,2
everyone,7
litigations,1
house,69
energy,5
idea,8
engaging,1
deluged,1
countrymen,11
connect,1
portland,2
allusions,1
assigns,1
stands,4
creditor,1
projected,1
acting,17
avenge,1
henceforward,1
disobedience,3
lawrence,1
enforcing,6
extraordinary,11
under-gone,1
contrivance,1
members,41
retrenched,1
exportation,1
benefits,25
omit,3
diversion,1
conducted,12
indebted,3
embraces,1
disregarded,4
juncture,1
instances,8
done,48
embraced,8
wages,7
betwe,1
indulgent,2
twenty,6
revive,4
least,36
obligatory,5
bogota,2
regulation,8
assumption,13
statement,7
rates,10
uninvestigated,1
part,167
favorable,32
obstructed,5
believe,25
inconvenient,1
supposes,1
three-fifths,1
recording,1
contrary,30
supposed,36
treated,3
declare,13
pre-existing,1
disunion,8
concludes,1
discountenanced,2
sawyers,3
ardent,1
orders,12
mountain,3
built,1
depending,2
climes,1
majority,29
appellate,2
commentary,1
province,2
carolina,70
equipping,1
conspicuously,1
most,201
services,27
engagements,12
extremely,2
charg,8
corrupts,1
faithless,1
reflections,5
directness,1
weigh,2
ever-active,1
comitatus,3
particularly,27
disturbances,2
obligations,33
commissions,1
scattered,1
noblest,1
corresponded,1
relation,81
malignant,1
carefully,9
fine,5
find,38
depended,2
dividing,5
ruin,11
distributed,7
unhappy,4
merged,5
coequal,2
permission,1
cholera,1
express,30
high-handed,1
courage,3
breast,1
laws--this,1
merchandise,8
forty-five,3
unwarrantable,1
mcculloch,1
testifying,1
remove,29
common,45
unfettered,1
severing,1
wrongfully,1
tended,3
individual,41
gravest,2
surrendered,9
tender,4
excusable,1
materially,5
feared,2
repairs,2
degree,42
superseded,2
electoral,1
smallest,2
marshals,3
vindicated,1
presumption,3
dividends,9
lightness,1
reverse,2
appropriations,76
solely,4
annual,43
foreign,116
consume,2
canadas,1
point,32
simple,12
prosecuting,1
ravages,1
tennessee,3
simply,2
unsuccessful,3
asserted,9
throughout,24
civilize,1
expensive,2
raise,12
create,12
rivals,1
faithfully,25
intrusive,1
meeting,18
undiminished,2
dissension,4
understand,5
prices,11
resisted,2
unnecessarily,1
strictest,1
solid,2
bill,64
tolerate,2
elections,15
deferred,2
interposing,3
consular,3
denominations,2
vaults,5
elucidation,1
impracticable,11
portugal,13
century,7
cents,6
encountered,4
itself,66
confining,4
over-burdened,1
all-important,1
monroe,2
counteracting,1
counterfeited,1
seduce,1
dishonor,2
engrossed,1
wherein,2
benign,3
proved,20
development,4
contravene,1
delinquencies,1
moment,23
purpose,85
aggregate,5
infused,3
predecessors,5
task,10
supersede,2
spent,2
somer,2
withdraw,4
toil,2
functionary,5
absolving,1
spend,1
profoundly,1
matured,1
shape,2
openly,8
alternative,9
injuries,15
timber,1
discipline,5
cut,5
cup,1
excites,1
danger,34
source,29
deliberately,5
bravery,2
tone--one,1
animosities,1
excited,4
habeas,1
adversaries,1
bid,3
matters,21
messengers,1
foreigners,10
subserve,2
improbable,3
retake,4
follows,3
austria,11
forty-four,1
indication,2
grossest,1
often,16
collectors,3
absolutely,12
obliged,5
abundantly,5
back,13
impeach,2
delegation,1
strongest,16
insincere,1
accelerate,1
ourselves,24
obliges,1
pronounced,4
scale,9
culprit,1
affects,1
decision,46
infliction,1
per,12
connecting,1
verbally,1
pronounces,1
invade,1
patient,1
taxing,8
remembered,1
peculiarly,2
continuing,3
fed,1
chargeable,2
defrayed,2
goods,12
inhumanity,1
conciliatory,1
extensions,2
consequently,11
misplaced,1
harassed,1
aliens,5
invading,1
framed,11
neutrality,2
congratulated,1
remembrance,2
proportional,1
lesson,3
bankruptcy,1
grave,2
forward,10
weaker,1
invite,18
adjusting,4
constitutionally,10
exterminated,1
hoped,35
boys,1
hopes,19
'reform',1
mcduffie,1
directed,23
rejection,4
bosphorus,1
precipitated,1
sort,1
constant,15
expedition,5
stripped,1
pervading,1
possessor,1
deprive,6
consulted,5
location--a,1
checked,5
dragging,1
prevail,4
denying,2
brethren,7
%,3
excused,2
composing,4
dimmed,1
emanated,1
confine,5
explaining,2
accidental,2
lend,1
printing,2
amended,1
prepared,16
restoration,9
utterly,5
lent,3
statesman,1
implies,2
vehicles,1
bankers,2
concernment,1
dispassionate,5
ascertained,17
implied,9
presenting,7
debenture,1
man-kind,2
hereto,1
compose,3
graves,4
graver,1
integral,1
enjoined,7
literary,1
quarterly,1
maryland,3
fatal,10
brigade,1
queen,2
presently,1
confounding,1
putting,5
subservient,2
surgeon,1
arrange,1
severely,3
respectful,1
profligacy,2
shock,1
disbursements,3
government's,1
unsatisfied,3
rivers,10
forfeitures,1
earth,5
depression,2
doctrines,2
confided,13
giving,27
harvests,2
inconveniences,5
access,1
exercise,81
mortifications,1
body,49
justification,3
servants,4
exchange,30
beasts,1
jointly,2
objects,81
others,59
safer,3
preamble,7
imperfections,1
extreme,5
remark,7
talent,1
leavenworth,1
contradiction,1
later,2
principally,7
honor,46
copes,1
composed,7
named,1
presidents,2
private,44
extravagance,1
egress,2
decrease,2
names,8
resolutions,17
staple,1
earnestness,2
reciprocity,6
themselves,80
assailed,3
engender,2
emigration,5
insufficiency,2
train,4
magnanimous,2
debtors,10
procuring,4
afflicting,1
subscription,6
account,32
obvious,35
praise,1
promptitude,5
closing,5
disabilities,1
impeded,1
prohibiting,3
proportions,5
infantry,4
effectively,1
reserves,1
fulfillment,6
employs,1
contempt,4
native,4
varied,5
holds,6
regions,5
responsibilities,10
attachment,7
meditated,3
stock,57
buildings,4
relates,8
annexed,6
collection,25
nullify,2
legality,3
mexico's,1
multiplication,3
degradation,4
trifling,1
bind,4
separations,1
correspond,1
chief,31
appraisement,1
sentible,1
subsequently,11
furnish,9
animadversion,1
justifiable,2
disarm,1
stewardship,1
alacrity,1
lands,58
circumscribed,1
flattering,6
memorials,3
fortunate,5
revived,2
whereof,2
accredited,3
labor,19
resorting,3
beacons,8
willing,16
criminal,8
machinations,1
ly,1
greater,34
descendants,1
mention,2
cutting,1
kindness,4
day,59
february,9
warned,2
preclude,2
freshness,1
identified,3
correlative,1
disregard,12
accusers,3
thwart,3
abrogation,1
burdened,1
scrutinies,1
extinguishing,2
defend,6
wholly,26
potomac,2
arkansas,1
insolvent,3
postpone,2
red,3
thereupon,5
frank,7
approaches,4
jurors,3
receipts,19
republic--if,1
yard,1
deprived,6
allied,1
qualification,2
barriers,2
retain,10
debtthose,1
facilitate,13
south,81
finest,2
tributes,1
embarrassed,3
improvements,52
reached,8
humblest,2
ancient,7
establishments,10
sensitiveness,1
intermediate,5
acquiescence,12
georgetown,1
completed,8
acquire,6
consecrated,1
inestimable,1
discretionary,9
detection,1
sweden,5
self-elected,1
loves,1
embody,2
visited,1
abolished,6
dwellers,1
neutralize,1
regenerated,1
comfortable,1
tide,1
have,1050
discontents,2
demonstration,1
skillful,1
gravity,1
provokes,1
concerns,28
discriminations,1
savages,2
unless,43
procure,15
eight,1
preliminary,5
wounding,2
payment,84
collateral,1
request,10
reconcilable,1
absurd,2
rendezvous,4
occasion,50
recess,4
supported,8
rebuke,1
continually,6
gasping,1
incorruptible,1
staff,1
knowledge,31
concurred,2
controls,2
prolong,2
inferior,2
equilibrium,1
regularly,5
bear,22
accrue,1
perfection,2
aforementioned,2
deputies,3
unprejudiced,2
unauthorized,10
misguided,1
calling,10
excesses,3
fixed,18
conform,4
omission,11
constructing,2
exists,14
national,114
sedulously,1
we,323
enhanced,1
watchfulness,1
awaits,3
precedents,3
reform,10
discounts,2
difficulties,27
routine,1
progress,31
boundary,14
admiration,2
deliver,1
firmness,6
commenting,1
instant,5
asunder,1
freely,7
taking,15
equal,42
attributed,3
fulfilled,8
assure,3
insidious,2
allaying,1
passing,2
glorious,5
otherwise,28
comment,2
fostering,5
commend,2
chickasaws,1
manhood,1
nomination,1
flourishing,10
instigators,1
tremendous,2
general's,1
copies,5
attends,3
proposal,1
curtail,3
anomaly,4
define,6
arises,2
reasonings,1
foes,1
essentially,4
assert,4
finished,1
fellow,40
arisen,15
volunteer,1
homes,6
solemnities,3
defining,2
nd,1
appearance,3
value,40
promotes,1
promoted,14
advisable,5
almost,25
dissent,1
delusion,2
respected,11
arrangements,15
claimed,11
partner,1
inspector,1
privateers,1
watchful,6
administration,54
society--and,1
infer,3
injured,8
material,9
consul-general,1
again,45
sisters,1
judgment,32
insure,6
retard,1
recourse,2
center,1
nevertheless,5
weapon,1
chastisement,1
thought,21
sufferings,3
redeemable,3
position,21
arising,24
usual,16
peacefully,2
stores,1
excise,2
ratify,3
one--by,1
executive,171
domestic,38
evince,5
interim,1
seats,1
protecting,8
discreditable,2
passively,1
recommending,5
add,23
franking,2
incorporations,1
citizen,34
reformed,2
resolved,25
worlds,1
punctual,2
judiciary,15
elapsed,2
resolves,1
like,40
success,38
admitted,32
works,26
accessible,2
decease,1
alive,1
convey,2
recommendation,16
proper,145
happens,2
encouraging,1
jurisprudence,3
fifty-seventh,1
discretion,21
economical,7
assuming,10
pepper,1
slight,2
curtails,1
expire,6
although,84
worthy,18
well-informed,1
retribution,1
about,36
actual,19
certainty,12
intimations,1
blessings,26
discard,1
tomb,1
introduced,9
injuriously,3
rendered,30
preexisting,1
guard,16
esteem,1
king's,2
exactions,1
inasmuch,2
seminoles,2
brand,1
amity,10
but,513
repeated,6
havana,2
heedlessly,1
partially,6
embargo,1
aggravated,3
wise,21
glory,5
dangerous,28
minutes,1
penetrating,1
measure,55
enlists,1
well-defined,1
periods,6
our,1080
admonitory,1
proceeds,10
revocation,1
corporation,26
blighting,1
claiming,6
detail,6
non-resident,1
detain,3
impositions,3
cashed,1
self-tormented,1
convicts,1
conveys,1
enlargement,7
augmentation,2
insupportably,1
honorably,3
considerateness,1
prevalent,1
bulwark,1
resolution,71
accidents,2
augmented,1
limited,28
unlawful,20
comparatively,5
needful,4
facilities,10
intercommunication,1
assembled,11
violate,3
paris,22
contravention,2
charles,1
whatsoever,6
under,286
reforms,1
pride,12
regrets,2
merchant,5
ordnance,2
lure,1
risk,2
incurs,1
despondency,2
every,204
gratification,6
encounter,3
publicly,1
cause,69
conceive,5
superadding,1
relics,1
revolted,1
enjoy,16
parted,2
leaders,8
infancy,6
construed,3
consistent,24
estimates,10
direct,39
scrutinize,1
persuade,3
friendships,1
estimated,17
inexpediency,1
conduce,4
solemn,22
specification,2
selected,6
liberty,44
insinuate,1
mischievous,4
causes,40
limits--a,1
conduct,46
ebbs,2
supplies,8
excises,3
seeks,2
obviating,2
ulterior,2
hundreds,2
contentions,1
represented,13
path,8
lieutenant-colonel,1
generals,1
leaves,2
changed,7
proportioned,1
disclaims,1
abolition,1
stipulated,11
settled,24
punishment,7
perpetuated,2
feelings,24
patience,1
actions,2
would,454
unfunded,2
lessening,3
distributing,3
acceded,1
ardently,1
recharter,4
excellent,1
adjourn,2
casualties,1
must,192
me,156
join,2
cheapest,1
entertained,24
rains,1
mr,12
grenada,3
my,390
quarrel,1
estate,4
ingenuity,1
diminished,7
preserving,11
keep,16
attract,1
ceremony,1
legislate,1
end,56
conversation,1
topographical,2
returning,3
writers,2
adjacent,2
widespread,1
charging,3
description,10
ambassadors,1
insecure,1
delicacy,5
demanding,1
predicated,2
splendid,2
amid,2
acknowledged,21
complexity,1
ultimate,9
enter,12
roused,1
acknowledges,1
unsteady,1
executed,26
interpretation,2
sovereignties,4
over,90
london,3
digest,1
expectations,11
exhibits,6
writing,2
destroyed,7
compelling,3
re-transfer,1
prevented,13
attentively,1
unexampled,7
gloom,1
superintendents,1
netherlands,2
rockville,1
victory,2
fitness,2
wantonly,2
lasting,4
consolidate,1
prohibit,6
combining,1
clothe,1
fraught,1
god,5
laid,28
got,1
newly,3
twenty-five,1
independence,44
perception,1
associate,1
eternal,4
free,69
aforesaid,9
formation,7
wanted,3
laborer,2
correctness,1
conceding,2
labored,2
hopeless,1
aspire,1
inspectors,4
appeals,10
primary,2
rank,11
hearing,2
restrict,6
occupancy,2
sober,2
difficulty,21
portable,1
revival,1
attack,5
ton,2
too,79
corpus,1
unbroken,3
consented,3
reparation,6
indiscreet,2
serve,7
took,8
negotiating,3
solicitor,1
kindest,1
incur,8
western,18
assistants,1
mercifully,1
frankly,6
nominate,2
fairest,1
classes,19
circulate,1
raw,1
further,81
regulate,19
thoroughly,2
-,2
isolated,1
thorough,7
situated,3
usurpers,2
degenerated,1
propitious,1
detained,1
though,36
visionary,2
plenty,4
commanding,2
coin,4
disarmed,1
parting,3
constancy,1
prevails,5
flow,7
treaty,120
reputation,3
enterprise,17
whomsoever,1
entertaining,5
attested,2
levying,2
ific,1
pardoned,1
inspire,6
reductions,3
arrayed,2
aspires,1
tacitly,1
substituting,2
$in,1
situations,1
delays,3
commence,3
studiously,2
announce,8
axiom,1
undecided,3
hostility,3
watch,5
baffle,1
despite,1
report,68
interrogated,1
considerate,2
countries,49
legionary,1
anxiously,7
public,467
twice,1
ruins,1
aspiration,1
farther,5
above-mentioned,1
swept,1
habit,1
resist,8
submitted,34
corrupt,5
disturbing,6
discriminating,12
accede,3
capacity,17
temptation,6
paternal,4
approach,8
discovery,1
execution--two,1
confusion,3
weal,4
weak,3
however,105
devout,3
dedication,1
news,3
blasted,1
improve,5
protect,20
irregular,5
fault,3
extracts,1
fifty-fourth,1
faces,1
expense,35
self-respect,4
vexed,1
confide,2
subscribing,2
trust,51
conference,1
[march,1
warehouses,1
deprecated,3
been,878
confident,8
spread,7
expected,49
affirmance,2
refuted,1
short-staple,1
republicans,1
speeches,4
affixed,1
majesty's,1
super-added,1
palladium,2
deliberations,11
apprehension,14
legislating,1
lessen,6
kentucky,1
inviolably,2
precede,1
procedure,4
delineated,1
expenses,18
desideratum,2
ramifications,1
punctuality,1
containing,10
suggest,14
prussia,4
overstep,1
usurping,1
bands,2
several,73
inventors,1
published,8
characters,1
insisted,4
censures,3
shortly,1
embarrassments,10
possessed,20
ocean,3
hearty,1
greatest,16
incapable,5
mother,3
alarms,1
hearts,4
alabama,12
possesses,2
leagues,1
assembling,2
appease,1
departed,3
proposed,42
proposes,12
grades,2
followed,12
strenuously,2
propitiate,1
forfeiture,2
explanatory,2
humanity,12
gave,14
advances,5
judge,9
incontrovertible,1
burnt,1
advanced,8
apart,8
gift,5
zeal,10
dishonest,1
specific,11
offices,26
officer,43
arbitrary,5
successfully,3
proudly,1
viz,7
election,24
escape,5
precautions,2
contests,4
perfected,3
rapidity,3
embodied,6
proceeding,22
armed,12
prejudicial,1
overrated,1
disappeared,2
discount,3
decatur,1
limitation,12
census,2
attacks,2
surround,2
steadily,8
connected,30
efforts,22
discharging,7
presence,6
civil,35
custom-house,3
obtaining,7
[],2
uncontrolled,3
accommodate,1
twenty-four,1
emigrate,1
existed,8
rely,8
expired,6
indispensable,13
sicilies,5
why,16
fought,1
indispensably,2
questionable,3
petitioning,1
head,15
medium,15
attempted,18
visitation,1
differences,7
removes,1
discourage,1
payable,10
hear,2
satisfactorily,6
liveliest,1
sustained,20
removed,19
forborne,1
luxuriant,1
counsel,4
portions,23
dissevered,1
ruined,2
encumber,2
submitting,3
mustering,1
[-,1
penal,4
impropriety,3
suspicions,3
despotism,3
injurious,19
constructed,2
willingly,1
radically,1
faithful,17
pledging,2
no,380
whereas,18
when,196
intellect,1
tin,1
setting,3
papers,12
tie,1
falkland,2
ungracious,1
permitting,5
congratulate,8
preceding,10
uniformly,5
miscellaneous,1
discharge,36
longer,42
withhold,8
remarked,1
serious,32
undoubted,7
neighbors,5
dispirit,1
affair,2
particular,55
alternatives,2
obviate,4
leads,1
injure,2
everything,2
passage,36
charge,25
trustees,1
promoting,10
chartering,1
weakening,1
reassemble,2
federation,1
advantage,24
impend,1
exalted,1
denied,10
convoke,1
untenable,2
annihilated,5
impressive,2
posts,3
invidious,1
vicissitudes,4
accumulation,9
says,3
injunction,2
inland,5
invaded,1
voucher,3
ottoman,1
port,11
substitute,12
constitution,319
deluded,3
$from,1
contracted,3
debate,8
paragraph,1
long-standing,2
reply,2
amounting,1
hairs,1
water,2
attainment,6
entertain,9
[,1
constructive,1
supplying,1
thirty,2
expressly,21
guilty,14
splendor,1
denunciation,2
navigation,31
morals,2
inducing,2
modifying,2
bribery,1
crisis,15
permitted,18
wrongs,6
upheld,4
memory,6
dismay,1
sessions,1
suggestions,25
cashier,3
fuel,1
rallying,1
cases,55
tribunal,11
collision,8
local,46
modified,9
districts,3
slightest,4
attain,6
deservedly,1
auxiliaries,3
performed,8
gallon,1
provoke,1
intelligible,1
inheritance,1
secured,47
eloquent,1
vital,6
cardinal,1
fourth,4
dealth,1
speaks,3
secures,5
levy,3
paramount,7
professing,1
impartial,5
belgians,1
representations,7
curing,1
branches,44
commodity,4
propriety,21
representation,15
lamented,1
exclusive,32
acts,104
furnished,8
constituents,22
mainly,4
canary,1
furnishes,6
privileges--have,1
offers,6
pervade,2
farmer,2
cutter,1
conversations,1
warranted,10
qualified,4
endeavored,7
rescind,1
execute,30
equality,11
name,21
sensibilities,2
importation,4
subjection,2
well-regulated,2
farewell,2
begun,7
approximated,1
self-government,7
plans,2
abdication,1
ultimately,15
concur,8
intercourse,64
profit,13
inadequacy,3
payer,1
attracted,2
abounding,2
overflowing,3
virtues,1
attended,13
theory,6
variant,1
dispatched,5
unfriendly,3
nothing--a,1
accommodation,1
delude,1
irresponsible,4
impose,12
motion,6
turn,8
place,76
attainments,1
charleston,4
impost,11
deceived,4
discontinued,4
origin,8
revenue,136
accorded,2
accruing,2
clumsy,1
commissioners,22
array,2
millions,27
disinterested,2
given,104
necessarily,29
district,29
reclamations,4
bahamas,1
returns,4
convention,63
legally,1
white,4
gives,23
exploring,1
season,11
circulated,6
released,1
imputations,1
ill-advised,1
copy,13
holder,2
population,28
wide,4
unfortunately,9
require,63
diplomatic,16
legacy,1
oath,17
and,5149
prostitution,1
suspense,1
nominating,1
any,468
prosperity,57
sciences,1
unavailing,1
heal,1
urge,8
sure,9
invasions,2
precluded,1
clearer,1
appurtenances,1
falls,2
donation,1
indelibly,1
multiply,3
annul,5
discarding,2
proud,8
objects--that,1
quantity,4
perpetrated,2
allegations,4
over-strained,1
southwestern,2
gulf,2
favor,40
state,435
crime,5
explicitly,2
believing,6
cautioned,1
subjugated,1
pray,1
lighten,2
expectation,10
venal,1
clerks,2
treachery,1
regarding,4
impolite,1
laborers--who,1
encourages,3
violated,7
labors,4
connections,4
violates,1
encouraged,2
fails,2
detect,1
voluntary,7
farmers,3
ways,2
subsequent,9
review,14
definite,4
its,879
weapons,2
north-west,1
charters,6
arrival,3
multiplied,9
receivers,3
originated,7
fearless,1
inseparable,2
cities,9
come,26
originates,1
reaction,1
acquiring,2
spared,3
successes,1
region,3
quiet,6
contract,5
foot-steps,1
energies,1
senator,2
adorn,1
duty,208
afterwards,10
fulfills,1
color,1
continuation,3
hereunto,1
period,80
insist,8
resentment,1
satisfaction,33
union--,1
assertions,1
approval,12
endeavor,15
poll,1
turkey,4
forbearing,1
subscribed,1
bequeathed,2
deposited,13
peaceful,5
hardly,1
engine,4
direction,18
remissness,1
indirect,2
reimburse,1
blessing,9
andrew,8
minister,70
careful,5
champions,1
case,90
myself,31
amend,6
embodying,1
cash,2
premature,2
cast,5
prescriptive,1
shops,1
unsatisfactory,1
palliate,2
coupled,3
unreserved,1
volition,1
agitates,1
revolutions,4
erroneously,1
author,1
granted,32
reminded,1
check,13
attributing,1
bermuda,2
agitated,1
physical,2
events,23
musters,1
austrian,2
mockery,1
refusal,12
driven,1
persons,26
prospered,1
conductors,1
delicate,10
unqualified,5
changing,5
weep,1
modes,5
pennsylvania,3
recital,1
without,226
relief,10
relied,6
inability,1
termination,13
model,2
reward,1
moment's,1
bodies,7
justify,30
captures,4
guided,8
unconstitutional,33
ninth,1
lavish,6
violent,2
cease,15
abstained,1
perilous,3
harrassing,1
blot,1
seems,23
except,29
remedy--a,1
interested,16
safeguards,3
kingdom,1
evasive,1
disproportioned,1
inordinate,1
virginia,4
loaned,1
confined,12
accepted,11
furniture,1
depot,1
multifarious,1
wrongful,1
opposes,1
reduced,17
burdens,15
picture,5
madrid,5
enormities,1
pacific,15
table,3
provided,35
prolific,1
renounce,1
legal,19
imputed,6
provides,8
freed,2
declaratory,1
communicate,7
intrusted,19
affording,4
'the,1
on,842
demarcation,2
concurrent,1
zealous,6
of,9433
discussed,4
mutually,11
whence,4
stand,20
waded,1
tariffs,1
or,769
tribe,8
wasteful,1
communication,30
accounts,12
determine,7
abrogate,2
lastly,1
rewarded,2
calamities,3
distinctions,5
strictly,4
there,235
hazards,1
disposed,18
discountenancing,1
strict,12
disposer,1
relic,1
vested,31
regard,67
amongst,7
cabinet,12
promote,33
faster,1
applying,2
preside,2
furtherance,1
is-that,1
obtains,1
strongly,10
britain,33
governed,10
controlled,4
onerous,4
piracy,2
deserve,12
compel,7
erecting,1
deviation,1
requested,12
briefly,4
separate,30
contradicted,1
includes,2
bounded,1
fasten,1
included,6
inroads,2
stocks,8
unconstitutionally,4
illusive,1
applause,1
calls,3
invest,1
exhausting,1
directors,21
treason,8
directory,2
bequeathing,1
remonstrances,1
all,622
sicilian,1
executing,12
[--],20
follow,18
settlement,28
decisions,5
wanton,1
catastrophe,1
subjected,14
subsided,1
extraneous,1
removal,67
immutable,1
belonging,12
worse,4
equivocal,3
infringement,1
disfranchisement,1
induce,14
sons,2
worst,2
treating,2
stimulus,2
regiments,4
list,8
prolonged,2
indemnity,20
teh,2
employing,2
forty-six,3
tea,2
rate,7
invention,1
design,10
judicature,1
speculator,1
what,119
imported,11
advantageous,5
deeply,16
sum,30
circumstance,7
brief,9
prohibitory,1
multitude,5
condensed,2
christian,3
reverses,1
eligibility,1
eventuate,1
hopelessness,1
relaxation,2
directions,1
naval,16
caravans,3
allows,1
infringe,1
disposition,52
suddenly,5
indumbent,1
impolitic,1
pervades,1
proceed,13
beginning,3
denominated,3
wield,1
quasi,1
pervaded,4
markets,1
minor,5
horses,2
wretched,3
determinations,1
exigency,3
presumes,1
flag,7
known,55
presumed,5
misdemeanor,2
debates,2
illustrious,4
shielded,1
irritations,1
acquaints,1
forbearance,11
debated,1
ineffectual,4
atrocious,1
abandonment,3
coerce,3
arise,18
cultivate,7
desolating,1
offspring,1
influenced,3
court,45
ordinance,59
breaking,1
occasionally,4
influences,5
extinguished,6
acknowledging,3
simplicity,8
sabine,1
reflect,4
castle,1
replete,1
penitentiary,1
emergencies,4
short,20
chiefly,9
prefers,1
departure,9
supervision,8
groundless,3
specifying,2
shorn,1
magnanimity,1
outrages,1
september,2
essence,2
nugatory,1
mission,4
disabled,2
intermixture,1
pretext,4
inquiries,2
precautionary,1
style,1
susceptible,6
inward,1
border,1
electioneering,4
resort,29
parts,29
might,114
alter,3
argentine,3
return,20
insensibility,1
denounced,5
waged,5
framework,1
variableness,1
communities,6
adventurous,1
instructions,33
intolerably,1
frigate,3
characterizes,2
inequality,5
accommodated,1
difficult,15
friendship,16
characterized,8
neglects,1
pirates,1
weight,5
needless,1
generation,3
beneficent,4
oppressed,7
expect,24
inflict,3
unexceptionable,3
retrenchments,1
induces,1
adhere,1
health,10
congenial,2
induced,19
remodeling,1
encroach,2
exertions,17
heads,10
attendant,3
thrown,6
year's,1
introduction,2
prejudice,8
circuit,10
consequence,27
dislikes,1
fallen,4
seeming,2
feel,35
abrogates,1
feet,1
sympathy,3
enlarged,11
revolution,15
defects,9
colombia,6
blank,1
abrogated,5
passes,1
story,1
impairing,1
periled,1
leading,13
passed,98
finances,14
recovered,2
temptations,5
mainstay,1
imperfect,4
option,1
relieved,9
convinces,1
treasurer,7
nullifying,1
vindication,5
age,6
convinced,9
king,26
kind,11
conataining,1
double,3
instruction,4
dispensed,4
insulted,1
amass,1
liabilities,1
modeled,1
outstanding,4
strengthen,9
imports,14
alike,15
alled,1
stigmatized,1
finding,2
added,12
warnings,1
intervened,1
measures,102
reach,15
enduring,3
nothing,53
seasons,2
transcending,3
achievement,1
appear,26
numberless,1
dissolved,4
liberate,1
institutions,68
lying,2
expedients,1
barter,2
reassembled,1
inflexibly,1
inflexible,3
rts,1
palliation,1
aggravate,2
securing,20
penalty,6
his,334
gains,3
invoke,3
spurious,3
revered,2
him,97
grievances,2
commensurate,1
secretary--did,1
investigate,1
prescribing,2
engraven,1
activity,3
precaution,6
insensible,2
bars,3
art,2
martyrdom,1
achieved,1
invectives,1
intelligence,23
arrives,1
defense,44
bare,2
are,679
chambers,39
heaped,1
arm,6
declined,5
youth,1
surmounted,1
degrading,2
various,53
numerous,22
corruption,11
recently,31
creating,2
sold,9
sole,9
succeed,6
opposition,22
baleful,1
relying,4
c,1
became,21
context,2
bond,6
finds,5
reside,7
regulates,1
distress,22
reasons,31
sweep,1
improper,16
regulated,12
decline,3
overlook,2
political,79
due,82
whom,59
reduction,23
twenty-eight,3
affectionate,1
latterly,1
transferring,3
imprudence,1
precision,2
demand,21
concentrates,1
georgia,13
conception,2
boast,1
workmen,1
indefinitely,1
behavior,1
engineers,1
shortened,2
canvassed,1
rio,1
obstacle,5
lodged,2
rid,1
alliances,4
ample,20
widely,3
esteemed,1
advise,3
higher,17
literature,1
exigencies,3
regulator,1
restraint,1
negotiate,6
cement,1
usually,2
arrived,6
contractors,1
solemnity,3
try,1
refute,1
analysis,2
cheer,1
machinery,9
desier,1
stating,5
abilities,2
unseen,1
scrupulous,4
intervals,1
questions,29
vigilant,2
regardless,1
continent,9
profitable,6
advisers,1
extra,1
exclusively,14
speedily,7
exhibition,1
besought,1
violations,2
lending,1
associations,4
complaint,8
complains,1
vindicate,1
condemnation,4
unlimited,13
preexist,1
awaken,2
modifications,13
avows,1
incidental,2
separately,4
collect,16
distrust,7
essential,26
embroil,1
understood,33
society--the,1
selfishness,1
gradually,14
constitutionality,11
tends,1
fragments,1
casks,2
solecism,1
refused,10
scire,1
consolation,1
refuses,1
dormant,1
asserting,7
mingled,1
tortuous,1
completing,2
range,4
militia,24
fleets,1
conquest,2
persevering,1
purporting,4
ohio,9
canal,6
impressed,12
acquiesce,4
question,95
fast,3
prey,1
conceivable,2
sections,5
files,4
perplexing,4
fisheries,4
repeatedly,6
usurp,1
forbidding,3
raising,9
patriot,6
consist,1
fulfilling,3
characteristic,3
declarations,2
gratifying,12
fluctuations,7
called,58
imposts,17
associated,4
long-established,1
entrance,1
warning,4
rally,1
evils,35
peace,74
income,6
dictating,1
inflame,1
meaning,11
allowing,2
rightful,10
suffers,2
vice,8
remit,2
reproaches,1
attaining,2
broad,2
intentional,1
weighty,3
once,32
issued,11
resistance,16
edw,1
adjustment,27
contributions,1
prophecy,2
issues,11
uphold,3
disposal,8
obstinate,1
stable,2
breach,7
include,7
abode,3
madison's,1
confirmation,1
wished,1
emoluments,2
reasoners,1
wishes,17
posture,2
harbor,2
notes,25
leader,1
dealt,1
settlers,4
assemblage,1
concluded,15
competitors,1
toils,1
smaller,5
lightest,1
appertains,1
traveling,1
reunion,5
remedying,2
ayres,2
hourly,2
concessions,1
discontinuance,2
man's,1
waiting,4
capital,23
incidents,3
ammunition,1
chose,1
desires,5
desired,12
separation,6
unremitting,1
settling,5
augmenting,1
distressed,1
larger,3
leaving,11
imperfectly,1
unconditional,3
definitively,1
distresses,4
purview,1
forbid,6
confession,2
apt,4
hardy,1
analogous,2
apply,15
unprovoked,2
use,55
from,795
consumption,7
few,38
examination,15
attribute,2
circuitous,1
unequally,8
possession,21
parliament,2
inclined,4
impress,2
cooperate,3
entwined,1
benignant,1
carried,34
annoy,1
topic,3
anywhere,1
accrued,3
purports,1
dissolve,3
proof,10
indulgence,6
calculation,2
tax,24
something,4
counterfeit,1
united,556
well-founded,1
decaying,1
six,13
inaugural,1
unquestionable,4
unquestionably,6
dismissing,2
instead,21
struggled,1
panic,3
exemplify,1
attend,3
hazard,4
abuse,15
readiness,5
majorities,1
light,27
arduous,4
interrupted,7
dispositions,5
supplication,1
honestly,4
tenure,6
irregularity,2
sanctioned,9
interpreted,1
whilst,13
dearest,3
looks,1
indignantly,1
unchecked,2
superior,13
inlet,1
ships,17
estimating,1
permanent,19
restrain,1
choose,5
covered,5
crowds,1
pending,7
freeman,3
violating,3
contention,4
plenipotentiary,4
flour,1
practice,30
commended,1
ambition,14
impaired,2
republican,9
affections,4
successor,3
articles,41
admonished,4
profound,7
enviable,1
begs,1
admonishes,2
transmitted,10
bills,22
unshaken,1
lawful,13
rescripts,1
related,2
sectional,8
disinterestedness,2
indulged,6
out,110
respects,21
retaken,1
acknowledgment,9
sentiment,9
frontier,18
unencumbered,1
obstructions,5
performs,1
honorable,12
frankness,3
emolument,2
disclose,1
proviso,1
apses,1
averted,4
maintains,1
promptly,15
york,9
conflicts,10
obliteration,1
repairing,1
organic,2
illicit,1
imputing,1
navies,1
hence,6
commit--a,1
plainly,6
hitherto,25
redelivery,2
eleventh,1
proposing,3
imperial,6
salutary,20
publication,2
uniting,1
unknown,5
priority,1
their,884
it--we,1
siam,1
becamedepreciated,1
misunderstood,4
consoling,1
academy,2
reversed,1
regards,8
diminish,7
july,9
institution,48
improvidence,3
holland,10
objectionable,7
richer,2
limiting,2
arouse,1
creditors,5
tracts,5
westward,1
sincerity,2
catholic,2
arraigning,3
afraid,1
inform,22
agency,27
terceira,3
which,1645
alienating,1
divert,2
who,206
accountants,1
emancipation,1
class,19
statute,5
deny,3
topics--topics,1
neighboring,7
ensues,1
ultima,1
looked,6
adverted,7
ensued,2
pleases,4
upright,1
purely,3
removals,4
precipitancy,1
utter,4
fear,15
pleased,2
disencumbered,1
nearer,1
re-echoed,1
misapplication,2
candidates,7
studded,1
thousands,6
indignant,2
vigor,3
prosecute,3
monuments,2
ones,7
words,13
penetrate,1
statutes,2
enlisting,1
juror,1
avoidable,1
ascertain,6
proprietorship,1
generations,1
view,85
europe,17
shedding,1
entailing,1
expel,1
acquired,2
admonition,3
merits,11
closer,1
puts,2
cruel,2
genius,7
closed,4
rendition,1
frustrated,1
bought,1
ability,17
opening,11
joy,4
cross-examine,1
agencies,1
embarrassment,17
withstanding,11
declining,1
april,5
acquiescing,1
safely,9
grounds,19
subscribe,1
respect,65
withdrawn,9
three-fourths,1
provinces,6
hunters,1
arbitrator,1
agreements,1
boundless,1
enlarging,1
naples,5
remedies,5
liverpool,1
proudest,1
sufficient,49
scrutiny,6
overture,2
confers,3
remedied,4
improved,9
repetition,3
present,257
abandoned,10
fearful,5
sultan,1
will,813
persevered,4
depreciation,2
wild,3
happened,3
apprehend,11
thus,124
disapprove,1
encouragement,11
requisitions,2
prodigality,1
perhaps,24
privileges,41
cross,1
unite,15
member,17
adverse,3
unity,5
merciful,2
geographical,2
largest,1
privileged,1
residing,6
sincerest,1
conceived,1
convocation,2
proprietors,1
coaches,1
correspondent,3
undertakes,1
approve,9
undertaken,3
excessive,4
heavily,2
wealthy,1
obtain,28
batteries,2
recollection,5
fishing,2
happiness,32
rapid,14
urged,17
supply,8
smith,1
arresting,1
hastening,1
book,2
adoption,33
expedite,1
usage,4
earnestly,21
unprecedented,5
enact,4
identical,1
boon,1
provisions,75
facias,1
term,17
republics,6
unheard-of,1
know,14
presume,1
race--the,1
press,21
countervailing,2
inheriting,1
safest,4
perpetual,8
james,1
agents,36
repressed,1
exceed,16
because,45
flagrant,5
reclamation,1
searching,1
reprobation,2
growth,7
export,5
empire,11
employment,13
heightens,1
lead,25
mines,1
expending,2
vesting,1
locate,1
tardily,1
obey,5
conveyed,1
throne,3
rare,2
incline,1
extension,26
getting,1
universe,2
abstinence,3
dependence,6
shipping,6
carries,1
swear,4
emperor,7
individually,3
own,171
argumentative,1
wilderness,1
owe,7
travelers,1
warrants,1
enhances,1
promise,4
registration,1
unproductive,1
transfer,12
secret,5
continental,2
atkinson,1
lederer,1
uncontrollable,2
extort,3
appointing,8
funds,51
incursions,3
contradictory,1
assail,1
eprecious,1
witness,5
made,347
instructive,2
whether,83
recede,1
distract,1
record,8
below,5
ruling,1
demonstrate,1
cottons,1
inadequate,9
resumption,1
goodness,2
happen,6
mutual,25
percent,5
illinois,4
other,356
hayne's,1
sick,1
percents,1
conclusion,26
illegally,1
kinds,5
june,1
sustains,1
frustrate,1
earthly,2
incurred,15
alienated,1
auxiliary,4
ranks,1
seceding,2
commencement,12
