,66
limited,1
unencumbered,1
tripolitan,1
secondly,1
resist,1
desirable,10
needful,1
desirably,1
facilities,1
protest,1
woods,1
aegis,1
astray,1
resisted,2
captain,4
integrity,4
assembled,5
aggression,3
consider,14
whose,23
revoking,1
violate,2
obstructions,1
paris,5
contained,1
james,4
containing,2
presents,6
countryman,1
restriction,1
whatsoever,5
under,76
sorry,1
pride,2
worth,1
sinking,1
applied,8
unrighteous,1
adverting,2
exempt,1
risk,2
coercions,1
dispense,2
desired,2
misunderstanding,1
appropriation,9
every,55
gratification,3
govern,2
affect,1
bringing,8
encounter,1
four,9
disturb,5
publicly,1
metals,1
clothed,1
thirty-first,1
arrayed,1
trespasses,1
extinguishment,1
red,11
enclosing,1
sleep,1
shows,4
heading,1
clothes,3
irrelative,1
force,43
speck,1
infancy,1
awake,1
lessen,7
cordially,2
justices,1
estimates,7
direct,6
complement,4
horn,1
likely,5
persuade,1
governor,5
subordinate,3
friendships,1
estimated,2
even,12
established,11
errors,4
relieving,1
voluminous,1
desirous,1
decisions,1
selected,2
contributed,1
near,9
liberty,10
consequent,2
liberated,4
hostile,2
consolidates,1
above,5
conduct,10
new,47
increasing,6
ever,10
excises,1
harbors,34
told,1
deemed,14
dispatched,1
notions,1
offenses,1
join,2
ulterior,1
men,34
disposable,1
here,31
reported,1
fairly,1
protection,17
pursuit,7
active,4
path,2
requite,1
effectually,5
obtained,7
voice,2
rests,1
pretensions,1
leaves,1
settles,1
proportioned,3
reports,1
controversy,1
credit,3
harass,1
calculations,3
abolition,1
permit,4
military,19
stipulated,3
changes,2
punishment,5
divide,1
vaults,1
geography,3
explained,2
meriting,1
erected,3
county,2
visible,1
moral,4
guests,1
total,2
cherishing,1
criminals,1
would,87
army,8
met,1
spaniards,1
indians,10
world's,1
insult,3
occupying,1
bayou,1
[of,1
noting,1
call,20
therefore,34
passport,1
recommend,4
strike,1
survive,1
liberally,2
cherokee,2
until,8
separated,3
tolerated,1
tranquillity,1
successful,5
brings,2
expose,1
hereby,4
acceded,1
wars,6
hurt,1
equipments,1
connecticut,2
menaced,1
arms,9
former,17
excellent,1
flotilla,2
midst,1
inhabited,1
circumstances,34
me,39
war_,1
emporiums,1
whensoever,1
room,2
err,1
rights,29
pursue,9
work,7
refusing,1
worn,1
repaid,1
ere,1
obstacle,2
era,1
mechanic,1
mr,8
exceptions,1
revenues,2
my,83
example,6
quarrel,1
merchant,1
indicated,1
give,27
unjust,2
household,7
preserving,4
unprofitable,1
nootka,1
involve,2
fronting,1
caution,1
reviewing,2
want,10
auguring,1
drive,1
times,12
crimes,1
advancing,4
absolute,1
reinforcement,1
hoe,1
end,2
unpaid,2
inhabitants,10
behooves,1
how,18
monroe,1
adjacent,3
messrs,3
answer,6
ordinary,12
surcharge,1
resignation,1
gun-boats,12
commencing,2
fever,2
minority,3
mouths,1
barbarians,1
after,26
movable,2
customs,3
shores,3
wrong,11
piercing,1
lay,9
destined,5
charleston,2
president,5
law,43
correctives,1
parallel,1
suspected,1
purchase,9
collecting,2
attempt,2
effective,1
alienate,1
neutrals,3
austin,2
seduce,1
acknowledged,3
discontinued,1
maintain,14
ultimate,1
africa,1
enter,8
operate,2
order,21
destroy,2
efficaciously,3
operations,2
peaceably,1
cession,3
infested,1
office,16
inconclusive,1
consent,7
over,11
vary,1
satisfied,2
proportionate,2
wide-spread,1
mary's,1
guidance,1
london,5
appropriating,1
fidelity,6
becaue,1
partisans,1
mayor,1
before,50
fit,2
defrauded,1
personal,4
heretofore,7
unprovided,4
occupations,3
expectations,4
comprehend,2
better,15
narrowest,1
descend,1
endeavoring,1
omitted,2
ceases,1
rescinding,1
sheltered,1
then,37
them,252
affected,3
diseases,1
combination,2
prevented,2
weakness,2
unemployed,2
safe,9
visitations,1
diseased,1
nowise,1
effects,4
they,178
indulge,1
divesting,1
township,1
yourself,8
arrogate,1
bank,6
bread,2
several,18
progression,1
redelivery,1
usage,2
indemnifications,1
alternately,1
factories,2
emolument,1
pains,2
reasonable,9
fitness,2
went,1
piratical,1
side,16
mean,4
consolidate,2
prohibit,3
observance,4
directly,3
voyages,1
councils,5
habitation,1
principles,18
wilkinson,5
taught,1
trading,6
combining,1
navy,7
aids,5
allay,1
collector,3
clothe,2
contend,1
prohibitions,1
merchants,3
fevers,1
god,1
sovereigns,1
forty,1
vessels,50
strangers,2
laid,23
adapt,1
comprehensive,1
medicine,1
surprise,1
newly,1
cheerfully,1
forth,2
independence,3
foundation,1
provide,11
disputed,1
assured,5
interchange,2
threatened,5
little,12
free,15
standard,1
admits,1
peculiarities,1
aboriginal,1
salutary,6
faculties,3
elsewhere,2
forcibly,1
enlarge,2
enlightened,2
wanted,3
unauthorised,1
consciousness,1
exposing,1
created,2
condemnations,1
messages,2
days,5
adjustment,2
renew,1
disturbed,2
oppose,2
incorporated,1
reserving,2
broken,1
footsteps,1
inspectors,1
deed,1
already,24
twenty-two,1
suspension,7
render,13
enables,1
encouraging,1
thereof,6
hearing,1
channels,2
clear,2
instruct,3
establishments,3
another,21
sober,1
specially,1
diligently,1
abundantly,1
pretenses,1
service,28
indicate,1
protracted,1
heights,1
plentiful,1
needed,1
confirming,1
perturbations,1
rates,1
too,30
corpus,2
john,1
bitter,1
ascendency,1
shallowness,1
listen,1
reparation,2
paltry,1
rest,5
happily,2
rescue,1
convention,13
serve,3
took,6
rejected,1
wisdom,18
tokens,1
rectified,1
incur,2
western,16
kept,7
requisite,8
peculiar,3
distance,5
peril,2
divert,1
enabled,17
scenes,2
imputation,2
nations,49
preparation,5
matter,5
guilt,2
endure,1
arraignment,2
design,2
seized,2
powers,37
acquisition,7
refreshment,1
manned,3
sees,1
exploring,2
respecting,10
boston,1
enjoin,2
mind,8
mine,1
manner,9
impelled,1
crew,4
seem,4
regulate,3
seek,3
high-minded,1
relatively,1
affairs,15
strength,5
genuine,1
water-path,1
convenient,5
latter,5
responsible,1
snow,1
crews,2
recommended,4
practices,6
doors,2
neither,2
vauntings,1
demoralizing,1
geographers,1
residue,5
insulated,1
acquire,3
prohibition,1
committing,4
though,7
desert,1
visionary,1
diminishing,1
disallowing,1
extending,4
involving,1
mouth,9
reverence,2
commanding,7
exercises,2
manifested,9
morality,2
reimbursement,1
assisting,2
observation,4
alarm,2
flow,2
dispensations,1
reputation,3
principle,20
enterprise,29
canker,1
entertaining,1
section,1
came,3
reserve,3
saying,1
renewed,2
inspire,2
hunger,1
insects,1
lewis,5
jurisdiction,8
precarious,1
ending,6
treaties,3
attempts,1
officering,1
supplied,3
respectfully,1
participate,2
earth,5
july,1
orleans,22
judges,6
submit,2
latent,1
proposed,17
cherokees,2
became,1
varied,1
delays,2
debts,7
abler,1
endeavored,2
wasting,1
institution,7
remittance,1
rich,3
pursuing,6
announce,3
adequate,4
predecessor,1
do,40
ties,1
mixture,1
hostility,1
watch,1
perceive,1
leisure,1
coast,10
mention,1
altogether,1
report,2
quarters,2
comply,1
societies,1
earl,1
runs,2
bar,1
spilling,1
countries,5
exchanged,1
chesapeake,4
suffrage,2
unoffending,1
public,87
children's,1
bad,3
inducement,1
adherence,1
reposed,3
explanations,5
secretary,11
decides,1
presuming,1
fair,7
habit,3
expediency,4
paiment,1
recieve,1
bled,1
decided,6
result,9
cattle,1
discussions,4
observed,3
best,30
subject,32
voyage,1
said,14
profession,1
rare,1
away,5
afloat,1
gentleman,2
solicitude,2
continent,4
stamps,1
unable,1
cooperation,2
deputies,1
previous,4
tolerance,1
discovery,2
preserve,6
wage,1
we,210
never,18
terms,6
extend,4
nature,10
purity,1
veil,1
however,25
authorizing,3
extent,15
defiance,4
debt,37
kaskaskias,1
improve,2
pity,1
received,28
protect,12
accident,3
disdain,1
country,89
ill,2
uncertainty,2
identifying,1
against,50
materially,2
estates,1
creditors,1
exceeds,2
expense,13
adapted,7
admission,3
contentions,1
negotiation,3
and,1454
twenty-three,1
goodrich,3
appeared,5
character,20
composing,2
agitators,1
vast,1
seizure,1
incessant,1
dissipating,2
springs,1
administrations,1
trust,11
objections,1
apprehended,3
speak,3
gratitude,5
proceeded,6
unhappily,1
reconsideration,1
concluison,1
union,21
remained,2
three,10
been,194
particulars,1
inculcating,1
much,30
interest,34
expected,11
entered,6
factures,1
burthen,3
duties,27
board,1
dry,2
life,16
families,9
easy,1
prosperous,1
eastern,3
suppress,4
concerning,1
republicans,1
excite,1
affixed,2
irvine,1
moneys,3
confinement,1
occurrences,2
exactions,1
theater,1
regretted,1
spin,2
violations,3
deliberations,3
commerce,43
exception,2
spasms,1
ahead,1
contemplated,11
apprehension,2
able-bodied,1
ocmulgee,1
originate,1
contingencies,1
economies,1
kentucky,3
excited,1
employ,4
flatlands,1
misconstrued,1
fornications,1
thousandth,2
appeals,1
aid,19
property,20
anchor,2
procedure,1
natives,2
seven,2
compliance,3
preeminent,1
mexico,4
honorable,5
is,243
it,341
defeated,2
expenses,15
obeying,1
oakmulgee,1
eighteen,2
anticipating,1
ramifications,1
in,720
victims,1
evincing,1
trusted,5
if,57
grown,1
explicitly,1
confirmed,2
waging,1
adversaries,1
perform,2
things,21
make,25
intersecting,2
_myself_,1
degradations,1
harmony,9
unfortunate,1
vegetable,1
principals,1
entitled,6
exertion,2
independent,4
tiffin,1
governors,5
declaring,1
dissolution,1
conversion,1
evil,2
hand,14
seamen,10
hastening,1
characters,8
jealous,1
prosecuting,1
protected,1
opportunity,6
fulfillment,1
censures,1
prescribed,1
narrow,2
practiced,3
suspicions,2
possibly,2
embarrassments,2
possessed,7
humble,1
numerous,2
suffering,1
ocean,16
efficient,1
approbation,6
materials,6
greatest,6
prescribes,1
pursued,8
claims,9
the,3061
yours,2
left,17
opinions,9
assembling,1
traditions,1
quoted,1
sentence,1
mills,1
repose,2
ideas,1
assigned,3
reformation,3
identify,1
thanks,2
human,7
facts,5
houses,13
yet,37
secure,9
adding,1
liberation,2
candidate,1
instance,3
regarded,3
indispensable,2
had,92
log-line,1
counted,1
evidences,1
spread,3
long-lost,1
retreat,1
beloved,5
requiring,5
outset,2
has,132
humanity,2
gave,6
threatens,3
genevieve,1
capt,1
advances,1
possible,5
firmer,1
auspicious,1
injuring,1
birth,2
wanting,7
judge,8
cape,5
replace,1
unfounded,1
advanced,10
apart,1
desire,17
brought,12
appearing,1
steadily,1
gift,1
hogs,1
zeal,9
cool,1
hunt,1
unnecessary,8
specific,4
remind,2
steps,4
officer,10
arbitrary,1
security,13
refitting,1
flattered,1
right,24
conciliation,2
deal,1
people,36
creed,1
captive,1
productions,4
election,1
choctaw,1
escape,1
dear,2
animate,1
contests,1
repeated,2
rapidity,1
enemies,4
denies,1
congratulate,2
friend,1
proceeding,8
for,403
collect,1
armed,20
companions,1
ice,3
everything,3
individuals,15
enterprises,7
disappears,1
dispelled,1
offices,12
beating,1
participation,3
splendor,1
reloans,2
washita,2
corn,1
confer,2
choctaws,1
enlighten,2
defensive,5
burr,7
losing,1
post,4
permitted,14
shaken,2
proceed,8
limitation,2
census,2
restlessness,1
attacks,1
theirs,4
newspapers,1
citizens,73
hostilities,3
o,2
constituting,1
trustworthy,1
distinct,3
despair,1
guns,1
horizon,1
cherish,4
improprieties,1
islands,1
efforts,5
neutrality,2
marshal,1
functions,12
treble,1
considerations,7
raised,5
formerly,5
civic,1
civil,8
prisoners,2
successive,1
obtaining,3
bound,2
appoints,1
advantages,3
accommodate,1
thankful,1
explain,2
inclusive,1
furnishing,5
doctrine,1
old,4
refined,1
reducing,4
east,2
rely,3
knowingly,1
deliberated,1
support,16
constantly,5
legislation,4
sovereign,4
class,1
avail,3
infecting,1
accordingly,3
cultivation,1
iniquity,1
authorized,13
way,17
greatness,1
letter,3
vacated,1
was,107
war,62
cloth,1
happy,6
questionable,1
intolerance,4
head,2
insurrection,1
danbury,1
offer,6
forming,3
becoming,4
differences,8
snows,1
ceded,6
pierre,1
consolatory,1
failure,5
talents,1
leagues,1
indiana,2
sustained,1
incommunicable,1
removed,2
true,4
assented,1
comprehending,1
evinced,1
continuance,10
absent,1
counsel,2
portions,4
builds,1
born,1
spun,1
prevents,1
bargain,1
tell,4
sheds,1
authorization,1
interdicting,2
motion,1
breathe,1
promises,2
strengthening,3
liberal,2
exerting,1
condign,1
stronger,1
umpire,1
warring,1
twenty,1
israel,1
regimt,1
evidence,6
despotism,1
subsist,1
exist,1
injurious,5
negotiations,8
physical,2
marking,1
faithful,8
dying,1
no,68
agreeing,1
whereas,1
generally,10
perceiving,1
actor,1
credibility,1
conditions,6
republic,1
alleghany,1
papers,4
test,2
unwilling,1
superfluous,2
shrink,1
permitting,2
fulfill,2
brothers,10
savage,1
models,1
dies,1
preceding,10
felt,3
concurrent,1
fell,2
invested,4
levied,1
professional,1
authorities,16
discharge,15
aware,1
seeing,1
digested,1
began,1
younger,3
undisturbed,6
bestowed,1
assume,1
fears,2
changed,1
flag,2
together,10
smooth,1
reception,1
time,77
moreover,4
conferred,1
parcels,1
restored,4
irresponsible,1
neighbors,15
breadth,3
allowed,1
rom,1
corps,2
regulars,3
strengthened,2
keep,6
relieve,2
alternatives,1
leads,3
mild,1
recess,1
grateful,3
foundations,2
incorporation,1
commentaries,1
contraventions,1
devoted,1
certainly,3
hold,3
depend,4
confide,1
religion,7
producing,1
father,5
uneasy,1
passage,3
recurrence,1
answered,1
charge,5
prolonging,1
permanently,2
reformations,1
discovering,1
suffered,2
must,27
third,1
censorship,1
abundance,1
string,1
advantage,5
unreached,1
cheap,1
keeping,2
choice,5
emergencies,2
bustle,1
tripoli,6
word,1
fullest,1
fifty,4
exact,7
governments,8
perceived,1
clouds,2
banished,1
presented,2
did,5
permits,1
posts,4
gun,1
ascertaining,2
ox,1
leave,11
unessential,1
settle,1
offering,3
encroach,1
edicts,2
accumulation,3
unaware,1
inconsistent,3
prevent,2
revolution,3
says,2
regret,1
bravo,1
injunction,1
discover,1
d,6
inland,1
neglect,1
cost,6
entertained,1
arm,1
patient,1
port,9
endangering,1
adds,1
constitution,19
seventy-four,1
contracted,1
havoc,1
uniform,3
business,7
looking,1
supplies,4
falling,1
appeal,2
satisfy,5
supporting,1
dictates,1
explosion,1
efficacious,1
guardian,1
clerk,1
unobserved,1
availed,1
french,8
understanding,11
liquors,2
contemplate,4
entertain,2
yards,2
address,1
alone,12
along,3
appears,3
change,20
sending,1
redemption,3
flames,2
canadian,1
expressly,1
endow,1
recollected,1
seaboards,1
wherever,1
sift,1
bow,1
expulsion,1
trial,7
breadth-from,1
descended,3
franklin,1
usually,4
hospitality,7
therein,3
navigation,13
country's,2
vigorous,1
slackened,1
pause,2
hither,2
love,8
morals,2
overspread,1
merely,5
prefer,1
marked,4
bloody,2
sincerely,6
traversing,3
rarely,2
isles,1
market,1
russian,1
undergone,1
heaven,1
troops,7
prove,2
lieutenants,1
visit,10
by,396
wrongs,5
territories,12
live,11
wood,1
prey,1
opposed,1
scope,1
wounded,1
angels,1
lessened,1
forced,4
wicked,2
reenforcements,1
shine,1
entrance,4
artillery,2
afford,3
subsistence,4
refrain,1
approving,2
pittsburg,1
virtue,2
sets,1
rendered,10
cases,7
enervated,1
seventy-three,1
inhabit,1
behalf,2
fly,2
autumn,1
fourths,1
deserved,1
avoiding,1
originally,4
modified,1
longitude,2
unimproved,1
districts,2
regions,1
renders,3
can,63
believed,4
making,6
detached,1
arrive,1
dollars,18
slightest,1
intelligibly,1
claim,3
months,2
reasonably,2
stream,3
december,7
arise,4
unoppressed,1
agent,12
supremacy,1
heard,1
fortunes,1
performed,2
council,7
exclude,1
offense,2
thirty-three,1
clothing,3
occur,3
knolege,3
winter,2
dispositions,13
inclosed,1
secured,3
means,34
species,1
write,1
till,3
infringements,1
vital,3
sword,1
sighs,1
unsettled,2
persuasion,3
eight,7
displacements,1
economy,6
map,2
rigors,1
vicennes,1
may,162
misrepresented,1
fed,1
southern,3
respective,5
cease,3
applications,1
produce,15
mankind,2
date,5
such,82
heroes,1
destructive,1
nomination,1
man,21
disagreeable,1
cod,2
natural,4
remember,2
advices,1
conscious,1
whenever,6
borrowing,1
indulgences,2
st,7
inform,12
so,88
deposit,2
deceive,1
subsisting,2
representation,1
clarke,3
talk,2
impartially,1
exclusive,3
acts,7
shield,1
repair,4
surpluses,4
indeed,19
pointed,2
availing,3
displayed,1
consulting,1
years,15
furnishes,1
course,48
unfavorable,1
equip,1
cold,1
still,35
worship,1
tendency,2
colorado,2
implicating,1
tending,1
police,2
despotic,1
acknowledge,2
interesting,10
presence,4
troubles,1
vicinity,1
incendiaries,1
regency,1
forms,5
war-office,1
offers,2
suspicion,2
farmer,1
policy,7
hewes,1
troubled,1
happened,4
correspondence,1
conveying,1
finance,1
thereby,5
views,10
bay,1
introduce,1
nation,53
boats,11
qualified,1
awaited,1
half,18
not,184
now,66
provision,8
killed,3
nor,17
possess,10
administer,4
term,4
equality,3
name,5
lies,1
january,2
retrieved,1
_you_,1
establishing,8
apprehensions,1
uncultivated,1
nashville,1
magazines,1
entirely,2
quarter,17
vexation,1
liberating,1
individually,2
square,1
unproductive,1
shews,1
sugars,1
sabine,6
incourage,1
conventions,1
prompter,1
farewell,1
peltries,1
begun,5
year,45
cargos,1
happen,6
avoided,3
self-government,3
plans,2
canada,2
living,4
ultimately,1
concur,3
opened,3
intercourse,25
infuriated,1
profit,1
abide,1
hastily,1
increase,9
collisions,3
seriously,1
navigating,2
weakened,1
ruinous,1
receiving,1
correct,7
assurance,3
monopolized,1
virtues,1
attended,1
mercantile,2
combated,1
annoyance,2
interpose,1
million,2
bodily,1
authorizes,1
possibility,1
quite,2
remittances,1
unfriendly,1
dependencies,1
complicated,1
besides,4
repurchase,1
obligation,1
dispatches,3
accommodation,5
care,20
patronage,4
advance,10
unsuccessful,1
contemplation,3
surmises,3
language,1
impose,3
affidavit,1
british,16
honest,10
`unfit,1
thing,3
place,48
thankfulness,1
mortars,1
accouterments,1
associates,2
think,15
first,34
blind,1
intervening,2
suspend,2
saving,2
revenue,17
spoken,1
jealousy,1
accruing,2
enjoining,1
one,55
consecrate,1
americans,1
amidst,2
suspended,3
spanish,10
carry,8
impossible,2
message,3
custom,2
open,10
seaport,7
discharged,3
millions,31
disinterested,1
city,10
given,28
necessarily,8
sheet,1
monopolizing,1
district,8
lightened,1
impracticability,1
seas,11
returns,1
consistent,1
bounty,1
white,2
west,4
occupancy,1
gives,3
seduced,1
acquisitions,1
eyes,2
pomp,1
indispensably,1
that,505
season,10
taxation,3
hurtful,1
alabamas,1
inexpressible,1
administered,1
interdict,1
apprized,1
vain,1
copy,5
than,47
population,8
wide,3
preventing,5
unfortunately,1
sailing,1
framers,1
require,18
folly,1
diplomatic,1
transferred,3
discernment,1
confederating,1
future,17
were,76
extinguish,3
innovations,1
oath,1
prospect,6
fork,2
addressing,2
hearty,3
mountains,3
conspirators,1
counteraction,1
say,11
plunge,1
tunis,3
exchanging,2
decrees,4
sap,1
saw,2
any,102
preservative,1
accounted,1
prosperity,10
confirmation,1
form,14
coal,1
spoliations,6
propagation,1
soliciting,1
instructed,3
sciences,1
emphasis,1
animation,1
take,26
repeatedly,1
thermometer,1
interior,1
performance,1
fellow-men,1
wonder,1
channel,1
dread,1
authorising,1
urge,1
begin,5
supplications,1
theatre,1
opposite,4
candidly,2
invasions,1
price,7
compress,1
paid,15
falls,2
donation,1
occurred,1
tract,2
multiply,4
flowing,1
america,2
authorised,3
voluntary,3
forever,4
ships-of-the-line,2
especially,11
payable,2
considered,8
adopt,5
steady,3
sale,6
crafty,1
managing,1
intrusions,1
reforming,1
endear,1
hear,1
duplication,1
salt,3
laws,38
precise,1
madison,2
convoy,1
surplus,7
regulated,1
show,4
obstinately,1
definite,2
funded,10
merit,4
sites,1
forbidding,1
bright,2
executed,2
arrears,1
southwestern,1
california,1
imagined,1
maine,1
ground,9
ratio,3
outrages,1
gulf,1
title,5
proclamation,9
treasure,2
proportion,12
written,3
outpost,1
september,10
only,42
going,5
believing,1
treasury,22
outrage,3
ostensible,1
stain,1
respectable,2
concurrence,1
lighted,2
guarded,4
sanguinary,1
pray,2
contracts,5
cannon,2
ensues,1
samuel,2
designated,1
expectation,8
disadvantageous,1
mission,7
fortifications,2
cannot,14
nearly,15
distinctly,1
awaiting,1
conjunction,3
boundary,4
village,1
regarding,1
numbersthe,1
borrow,1
yield,5
morning,2
congratulations,1
effectual,6
miles,3
liable,2
where,32
communicated,19
manages,1
convene,1
declared,5
temperance,2
honesty,1
burst,1
presentiments,1
labors,2
tranquil,2
stipulation,2
relative,4
elected,1
ascertainment,1
seal,2
purest,1
professed,2
concern,6
exterminating,1
detect,1
brave,1
inequalities,2
farmers,1
federal,3
subsequent,1
review,4
ornament,1
representatives,17
repeal,2
boundaries,7
enough,4
enumerated,1
despatching,1
between,42
affecting,2
import,1
across,5
arrival,4
multiplied,2
notice,5
parent,1
spring,1
inseparable,1
revealed,1
exhortations,1
countenance,2
spare,3
article,4
cities,5
come,11
postage,1
circumference,1
missions,1
spared,2
many,14
emergency,2
according,12
contract,3
energies,3
s,14
deputed,1
disappointment,1
stipulations,1
reluctantly,1
guardians,1
expression,2
fix,2
comes,1
duty,21
among,46
unadvisable,1
provocation,1
seaworthy,1
color,2
continuation,1
furs,3
dispatch,2
adjudication,2
satisfaction,16
maintained,6
promptness,1
learning,3
constant,8
endeavor,13
writing,4
laudable,2
considering,8
sensible,13
arts,8
capable,3
suppressed,2
certify,2
informed,3
fellow-citizens,14
mark,2
prime,1
practised,2
combined,1
motives,3
peaceful,2
borders,2
covering,4
sensibly,1
misunderstandings,2
wants,6
direction,9
educated,1
aggressions,4
searches,1
reimburse,1
offered,4
blessing,3
dates,1
observers,1
observe,3
external,4
declaration,3
quarantines,1
instant,3
expedition,5
careful,1
spirit,16
those,123
pilot,1
case,11
anti-philosophers,1
myself,10
diligent,1
distressing,1
these,123
pretence,1
consulted,1
premature,1
cast,1
proves,2
transactions,3
residence,3
situation,14
awakened,2
puckshanublee,1
conferences,4
eventually,1
determination,3
unembarrassed,1
sincere,10
engaged,13
quiet,7
anxieties,1
sudden,5
embrace,2
armaments,1
wove,1
tax-gatherer,1
commanded,2
wisely,2
ship,3
movements,3
expenditures,8
develop,3
april,3
inquire,1
pay,18
melted,1
perpetually,1
same,53
gentlemen,2
epoch,1
inquiry,2
remarkeable,1
grain,1
frequented,1
events,5
dated,1
natchez,1
extended,6
altho',1
applaud,1
assist,3
driven,1
persons,27
running,2
arose,1
intended,3
changing,3
disseminated,1
eligible,1
weave,2
implements,7
constitutionally,3
undefined,1
band,1
pennsylvania,1
vacant,1
constitutional,9
commission,1
it'[s],1
observations,7
without,44
relief,1
retrace,1
very,15
termination,3
grounds,9
moment's,1
bodies,3
justify,3
yearly,2
adoring,1
gaining,3
being,29
money,11
guided,4
conformably,1
valuable,1
safeguards,1
foot,1
civilized,2
kill,2
aspect,4
touch,1
perilous,2
captured,2
blow,1
presumption,1
gather,1
death,6
deceiving,1
seems,1
except,2
improvement,9
instrument,4
interested,3
felicities,1
extensive,8
overruling,1
real,7
discontent,1
around,6
unerring,1
rules,3
offence,1
soundly,1
sums,5
virginia,2
small-pox,1
period,9
early,9
frigate,4
preference,2
listening,1
confined,3
world,9
execution,15
disappointed,1
calculate,3
bravery,2
acquainted,6
chickasaws,2
offenders,6
roll,1
agreement,2
benefit,6
superiority,1
either,12
always,11
served,1
voluntarily,1
reduced,4
trying,1
obstruct,1
twelve,4
satisfactory,5
burdens,2
circumscribing,1
exposed,10
louisiana],1
madrid,2
enormities,1
pronounce,1
depredations,3
competition,5
supplementary,1
calculated,2
elements,2
pursuance,2
respect,9
oftener,1
divine,1
organizing,2
redeeming,2
provided,23
passions,2
countenanced,1
confirm,1
interdicted,2
footing,5
seaman,1
legal,6
countenances,1
imputed,2
provides,1
usurpations,1
moderate,4
restoring,1
welcome,3
power,30
obliged,1
reposing,2
equivalent,2
each,17
communicate,7
unusual,2
slaughter,2
intrusted,2
burthens,2
peace_,1
seducing,1
innocence,1
assemble,2
drawn,4
acknoleged,2
punishments,2
manufactures,6
on,384
conducting,1
stations,4
zealous,1
of,2195
industry,13
cares,2
reinforcing,1
meal,1
journey,9
wolf,1
remonstrance,6
testimony,5
abettors,1
or,187
road,2
redress,2
quietly,1
lands,26
fertile,1
suppression,3
feeling,1
communication,13
spreading,1
blessed,2
quotas,1
dissipation,1
inculcate,2
rising,3
determine,1
parties,4
actually,4
your,182
derne,1
fast,1
forwarded,1
her,34
calamities,1
removing,1
strictly,4
there,27
hazards,1
disposed,7
restrained,2
dispersion,1
descending,1
watched,1
lot,1
nakedness,1
forbade,1
mandates,1
affection,5
vested,2
oppressed,2
talasscee,1
dangers,4
militias,1
strikes,1
destinies,3
two-thirds,2
e,2
promote,6
with,416
algiers,2
buying,1
handsome,2
explaining,1
october,3
applying,1
monopoly,2
intermission,1
recurring,2
constrained,1
partialities,1
impute,1
impost,4
abuses,7
organize,1
irreconcilable,1
agree,2
touchstone,1
gone,3
celestial,1
citizenship,2
deliberation,2
rapids,3
exhausted,1
certain,14
galleys,2
am,17
sales,2
deep,1
fellow,27
substantially,1
as,366
enable,16
ensuing,12
at,160
politics,1
ardent,2
spite,1
bishop,2
overflowing,1
incorrect,1
again,6
cemented,1
sufferings,1
deserve,1
disapproved,1
depth,1
thither,1
field,4
gunboats,4
$which,1
you,289
borne,1
thousand,9
surest,1
conjectures,1
formed,8
armies,2
congress,53
separate,3
crime,1
endeavors,6
decree,2
includes,1
insomuch,1
vigilance,1
important,26
suited,2
serious,4
included,2
inroads,1
prudent,1
tendencies,1
building,6
overture,1
undersell,1
remote,3
calls,7
wife,1
controlled,1
requires,3
custody,1
fraudulent,1
u,14
doubted,1
missouri,20
sensibility,3
resolution,5
legislatures,1
minister,7
anarchy,1
represent,1
all,193
since,19
forget,1
lopped,1
nurseries,1
caused,4
forbidden,1
sacrifice,1
bosoms,1
month,1
founded,2
sunk,1
surgical,1
tours,1
nineteenth,1
welfare,3
talks,1
follow,4
expressions,1
settlement,13
religious,6
children,26
causes,5
rd,2
remarkable,1
hunting,9
homage,1
pledged,2
encourage,4
opportunities,2
removal,4
to,1550
aaron,3
foster,1
commander,2
preserved,4
th,29
barely,1
health,8
`by,1
consul,2
advice,4
sound,7
belonging,2
woman,1
appointment,1
returned,4
confidential,7
returning,3
far,27
induce,2
resistance,1
renewal,1
cypher,1
decide,8
fall,4
awful,1
encroaching,1
difference,8
condition,9
twenty-five,1
norfolk,1
accompanying,1
--,14
louis,2
laying,2
applicable,2
stranded,1
large,6
amend,1
supplement,1
soldier's,1
small,15
indemnity,1
employing,2
neighborhood,5
broader,1
ten,2
penalties,1
assailants,1
past,5
winds,2
titles,1
carriages,3
settled,7
well-meaning,2
pass,7
further,33
befriends,1
casual,1
conscience,3
what,63
defence,18
barrier,1
advantageous,2
witnessed,2
sun,6
sum,20
resume,1
burr's,1
crush,1
prevailed,1
conveyance,3
commence,1
destroyed,2
prohibitory,1
learned,2
luxuries,3
habituated,1
daily,2
turmoil,1
full,5
recruits,1
promising,1
revenge,1
investigating,1
directions,1
november,10
strong,6
arena,1
interposed,2
naval,15
conviction,4
extraordinary,9
hearts,1
inspired,2
losses,2
experience,12
soldier,1
amount,10
supplements,1
annexed,1
social,4
cessation,1
murdering,1
successors,2
inspires,2
authorize,3
depart,3
members,3
family,6
sea-vessels,1
usurpation,1
put,5
contemplating,1
sanction,8
extinction,2
establish,6
estimate,6
select,1
readily,2
obstructing,1
eye,4
takes,3
injure,5
probabilities,1
two,34
resident,1
conspiring,1
unpleasant,1
completes,1
soil,4
taken,31
reptiles,1
injury,6
minor,2
more,78
horses,1
thrown,1
restraint,1
door,2
abridged,1
conspiracy,2
marks,1
corrected,2
instrumental,1
commenced,3
draughts,2
particular,9
known,15
benefits,1
exigence,1
mounted,1
pretense,2
sovereignty,5
glad,2
presumed,1
town,3
dey,1
none,7
fatal,2
hour,1
offender,1
science,1
irritations,4
abundant,1
forbearance,3
remain,14
pressing,1
sent,13
liman,1
learn,6
abandon,2
disposal,1
ex-bashaw,1
history,5
purchases,1
compare,2
seaports,2
prompt,3
saltpetre,1
division,2
courtesies,1
requisitions,1
share,3
states,96
collision,2
breathing,1
numbers,14
purchased,3
sense,5
station,4
cultivate,8
allege,1
action,8
condemn,1
information,39
needs,1
engages,1
court,6
rather,5
enjoined,1
comfort,3
conducted,4
ratified,1
foreseen,1
occasionally,2
earnings,1
sacred,2
extinguished,6
relinquished,1
acknowledging,1
lakes,2
tried,2
communicating,1
emulate,1
suppose,1
vincennes,1
derived,1
different,11
roads,3
reflect,2
blood,4
coming,3
invasion,3
geometrical,1
authentic,1
a,513
refuse,2
short,9
chiefly,6
interpolated,1
following,2
louisana,4
author,1
departure,5
ante-revolutionary,1
perhaps,9
shore,2
insubordination,1
sect,2
shade,1
functionaries,4
banks,2
pleasure,6
souldier's,1
help,3
aided,3
furthering,1
developed,1
advised,1
soon,23
trade,8
disabled,3
held,6
attitude,1
paper,2
through,24
enumeration,2
committed,18
existence,1
suffer,1
its,132
inquiries,1
style,1
machineries,1
rapidly,3
possessions,5
susceptible,4
border,1
greatly,1
fate,2
bosom,1
fruitful,1
late,13
resort,5
systems,1
followers,1
travelling,1
posture,2
might,33
good,46
return,20
incumbent,2
persecutions,1
seeking,2
food,4
propose,6
delivered,7
noticing,1
floating,1
walls,1
thirty-firstth,1
commodore,1
accumulate,1
complain,1
association,3
instructions,12
mystery,1
easily,2
erection,2
hereafter,8
occasions,8
level,1
spinning,2
other-wise,1
courses,1
habits,3
eager,1
repayment,1
insuperable,1
found,25
residing,2
friendship,28
ports,10
characterized,1
referred,2
heavy,3
despatches,1
harm,1
england,1
pirates,1
weight,5
sincerest,1
generation,3
house,16
energy,5
beneficent,1
reduce,3
brother,5
investigated,1
countrymen,2
expect,8
undertake,3
operation,5
beyond,18
event,8
really,2
peltry,1
try,2
flower,1
trusty,2
probates,1
throes,1
temporary,5
projected,2
trusts,2
enjoyment,1
acting,5
north-eastern,1
safety,25
urgent,1
fortitude,1
get,3
induced,3
issue,13
appearances,2
attentions,2
seizures,1
reporting,1
expeditions,2
belief,2
circumstance,6
favored,2
offensive,1
spirituous,2
difficulty,4
reason,22
sacrificed,1
disposition,7
ask,10
teach,1
earliest,1
beginning,6
sown,1
revolutionary,1
definition,1
retained,1
just,25
omit,2
landsmen,1
year's,1
american,6
prejudice,2
jurisdictional,2
circuit,1
expedient,8
consequence,3
southwardly,1
fallen,3
exhibited,3
kaskaskia,3
uncontrolled,2
concluded,4
limestone,1
probability,1
feel,6
recruiting,1
belligerent,12
despatched,3
maritime,4
number,24
preservation,5
instances,1
enlarged,1
unexpected,2
done,24
defects,1
exertions,4
peaceable,6
heads,1
temperature,1
leading,1
coasts,4
threatening,2
obedience,4
least,4
belongs,5
regulation,1
transcendent,1
gibraltar,2
passed,7
compromise,1
hundred,13
finances,3
store,3
temptations,1
attendants,4
justly,7
imperfect,2
statement,8
wrongdoer,1
relieved,1
indignant,1
immediate,11
consuls,2
part,46
favorable,7
risks,1
bonds,1
recourse,1
believe,8
convinced,2
jefferson,5
diffusion,1
ste,1
kind,8
recieved,1
kindly,2
lament,1
miseries,1
anticipate,1
instruction,1
prejudged,1
dispensed,1
nevertheless,3
determined,4
contrary,9
supposed,6
insulted,1
toward,24
cloudy,1
declare,2
deciding,1
maltreated,1
exert,3
strengthen,3
valor,1
heaviest,1
ages,2
defect,3
guarding,1
acknowledgment,2
admitting,1
orders,16
vulnerable,1
revisal,3
sell,8
lie,3
retracted,1
evasion,2
depending,2
superior,4
enterprize,1
officers,27
reliance,3
conforming,1
majority,4
internal,11
useless,3
comprehended,1
inconsistence,1
finding,2
anxiety,2
province,1
added,8
turkish,1
inference,2
amities,1
measures,29
reach,9
quota,1
unused,1
most,38
vindication,1
bridle,1
plan,1
undertaken,4
services,6
seasons,1
engagements,2
transcending,2
approved,7
appear,8
reward,2
unequal,1
mineral,2
seize,2
mobile,3
meriwether,1
sometimes,11
cover,6
shortly,3
concessions,1
succor,1
creeks,4
weigh,1
charged,8
lying,5
perseverance,2
thomas,1
celebrated,1
particularly,14
barter,1
gates,1
commissions,5
sundry,1
authors,1
emoluments,1
inflexibly,1
session,24
relation,2
laments,1
arming,4
superceded,1
securing,3
fine,1
find,16
occupation,2
completion,1
current,9
professedly,1
depended,1
dividing,1
northwestern,1
justice,33
unremittingly,1
ratify,1
distributed,2
unhappy,1
savannah,3
indian,20
multipled,1
circle,2
indifference,1
sure,3
his,82
founding,1
unconsidered,1
dependent,2
exaggerating,1
prohibiting,1
express,6
assumed,5
trees,1
informants,2
remedy,2
courage,1
actions,2
compass,3
adhered,1
during,23
him,25
enemy,9
resolve,1
contagious,1
co-operate,3
adhering,1
retaliation,1
remove,3
preying,1
complained,1
rob,1
common,6
recommendations,1
newly-adopted,1
obscure,1
river,34
precaution,3
insensible,1
approaching,1
seventeen,1
set,3
patriotism,4
correspondences,1
convenience,2
creator,2
throwing,1
intemperate,1
opposing,2
instituted,1
plough,1
manning,2
see,32
individual,7
are,205
sea,16
tender,3
close,5
constellation,1
embarking,2
feared,1
resumed,1
repairs,4
learnt,3
spirits,3
explored,1
firmest,1
prevails,1
escaped,1
smallest,3
various,8
disinterestedly,1
assistants,1
tho',2
birds,1
ayour,1
knowing,2
accountabilities,1
candor,2
recently,7
prescribe,2
sold,8
sole,1
enormity,1
untouched,1
incident,2
succeed,1
turning,1
opposition,4
competent,8
relying,2
legislature,32
both,22
prospects,1
garrison,2
last,54
attainment,1
influential,2
solely,1
annual,8
_bona,1
foreign,29
portages,1
connection,2
cultivators,1
retarded,2
poverty,1
corrupt,1
whole,31
finds,1
baltimore,1
volcanic,1
distress,4
point,16
acted,3
ravages,1
allegiance,1
whatever,16
deposits,1
improper,1
tennessee,4
agents,5
capabilities,1
aggressors,1
church,2
vessel,14
asserted,1
detaining,1
suppressing,2
civilize,1
expensive,1
frosts,1
pr,1
decline,2
intestate,1
java,1
raise,3
inadmissible,1
privation,1
unaided,1
damp,1
acceptance,1
political,8
due,24
whom,25
reduction,3
practicable,5
maintenance,7
collected,7
threaten,1
territory,8
meeting,14
delights,1
firm,6
affectionate,3
modern,1
consume,2
fertility,2
propositions,2
frequenting,2
remark,1
else,1
fund,5
moderation,5
understand,1
representative,2
demand,2
prices,1
transacting,2
towns,7
surveys,1
rupture,3
unnecessarily,1
expended,1
plants,1
georgia,2
uncertain,6
look,5
solid,1
judicial,1
renouncing,1
elections,1
inconvenience,1
pace,2
while,28
replaced,1
pressed,2
behavior,1
error,3
endanger,3
fleet,1
extinct,1
animated,1
guide,3
owed,1
concurrently,1
twenty-seven,1
costly,2
impracticable,1
agitation,3
florida,1
north-western,1
tendered,1
herein,1
evident,1
encountered,1
rio,2
itself,19
owes,1
seen,15
ready,18
pronounced,2
rid,1
alliances,1
acquires,1
demarkation,1
increased,4
acknowledgments,1
ample,1
grant,2
wherein,2
shorter,1
benign,1
repel,3
complaints,1
modification,1
advise,1
dozen,1
forgiveness,1
conflict,1
higher,1
calculation,1
used,5
exigencies,1
paths,2
assignment,1
island,2
fulfilment,1
yesterday,2
attempted,1
obstructed,3
patriotic,2
moment,13
arrived,4
purpose,24
necessity,9
birch,1
wholesome,2
usefully,3
justifiable,1
predecessors,1
recent,1
broils,1
expend,2
task,1
supersede,2
herewith,1
cumberland,5
urgency,1
suspicious,1
grind,1
person,9
edge,1
regulating,2
withdraw,6
unratified,1
organization,4
stating,2
prevention,1
ambassador,1
cabins,1
presume,1
salines,1
commotion,1
buchanan,1
settlements,4
reviewed,1
shape,1
intervals,2
questions,5
using,1
vigilant,1
useful,19
alternative,1
injuries,7
down,5
discipline,1
tables,1
accepted,1
$,10
also,43
reap,1
excites,2
danger,13
fitting,1
exclusively,2
pillars,1
source,14
subjects,10
dare,1
depravity,1
harmonize,1
distinguish,1
mandan,1
profitably,1
remaining,9
surprised,2
build,1
complaint,2
habeas,2
forces,3
vindicate,1
demands,13
conformed,1
instructors,1
hereinafter,1
dominions,2
joined,1
matters,8
game,1
modifying,1
formal,3
modifications,3
lost,4
relied,1
follows,1
commanders,4
resorted,1
separately,1
communications,10
continue,9
yields,1
popular,1
tribes,17
essential,3
amicably,2
bigotry,1
navies,1
often,5
aliment,1
senate,14
embroil,1
fathers,7
some,70
back,5
necessaries,6
understood,4
strongest,1
towards,2
sages,1
sight,1
meditated,2
advancement,2
incidentally,1
hazarded,1
pale,1
ourselves,14
amicable,2
kinepox,1
annually,3
scale,4
permanence,1
defamation,2
beneficially,1
absolutely,1
shall,128
reenforcement,1
per,2
crisis,5
competitions,1
providence,5
civilization,2
zealously,1
iowas,1
innovation,1
convulsions,1
invade,1
be,538
varying,1
object,21
run,1
taxing,1
successively,1
continuing,3
use,22
refused,2
well-ordered,1
consolation,3
plots,2
relating,1
dictated,1
abroad,8
wealth,1
ouisconsin,1
faith,11
goods,1
blockaded,1
anything,1
plunder,1
exaggerated,1
completing,2
therewith,2
conciliatory,2
regular,12
militia,23
aggravations,1
consequently,8
silence,1
fulfil,2
hudson,1
plenty,2
necessary--it,1
into,65
within,69
falsehood,2
invading,1
framed,2
nothing,9
appropriate,1
controversies,1
conscientious,1
france,17
guaranty,1
gun-boat,1
tenth,1
eleven,2
spending,1
governed,1
placing,1
question,7
cherished,2
long,24
accountability,2
ordered,6
occupy,4
inconsistency,1
admiral,2
suit,1
forward,4
singled,1
restraints,1
manufacture,4
considerably,4
himself,9
an,124
invite,1
duly,1
adjusting,1
frost,1
instalments,2
sounder,2
fisheries,1
atlantic,4
pacific,5
usurp,1
conformable,1
hopes,1
line,13
cultivating,1
considerable,7
raising,6
directed,8
patriot,1
rejection,1
entry,1
consist,1
fulfilling,1
vacancies,1
declarations,3
up,28
us,143
gratifying,1
commiseration,2
growth,2
accustomed,1
mature,2
triers,1
approaches,1
similar,4
called,23
imposts,2
sort,1
associated,2
reconcile,1
corrective,1
enjoins,1
metal,1
influence,3
doubled,1
singly,1
deprive,1
single,5
warning,3
unwise,1
federative,1
treaty,11
prevail,2
hail,1
cotton,1
brethren,17
rainy,1
ancestors,1
adhere,1
commander-in-chief,1
fixing,1
peace,83
water,9
occasional,1
application,4
points,11
enquired,1
income,4
department,7
unjustifiable,1
confine,1
wishing,1
fugitives,2
smiles,1
draw,4
testate,1
accidental,1
oblige,1
prosecution,1
pretended,2
prepared,8
regulations,2
proclamations,1
restoration,2
validity,1
utterly,1
bulwarks,1
sides,2
rightful,1
rallied,1
independently,1
land,33
happier,4
esq,1
indissoluble,1
age,4
required,6
departments,1
concernment,1
excercise,1
ascertained,9
implied,1
arisen,2
presenting,2
bribe,1
intentional,1
having,25
relinquishment,1
once,8
essay,2
delaware,1
restraining,2
issued,2
results,1
existing,9
alien,1
arranging,1
farms,2
proposition,4
fog,1
delawares,2
go,24
sacrifices,2
contributions,2
magnifying,1
seemed,2
compact,1
compose,1
baron,1
susquehanna,1
furnished,8
haven',1
description,2
avoid,2
jealousies,2
young,5
send,5
suffrages,1
literary,2
lower,2
excluded,3
blended,1
moderated,1
pleasing,3
friendly,26
resources,14
schooner,1
stocked,1
retire,4
wished,4
expressing,1
reserved,6
continues,4
prudence,2
accommodations,1
indication,2
wishes,1
putting,2
size,1
frigates,4
yourselves,8
adversary,1
continued,7
defamatory,1
arrange,2
timely,2
severely,1
understandings,1
barbary,7
respectful,2
harbor,4
positions,1
notes,3
sanctions,1
watered,1
anxious,5
race,1
verdict,2
depositories,1
detachments,2
inspection,1
noted,2
rested,1
comforts,7
pleas,1
limitations,1
smaller,3
compensated,1
pledge,1
punishing,1
burdening,1
allurement,1
mediterranean,13
rivers,12
undertakers,1
fold,1
enclosed,2
substituting,1
licenses,1
believes,1
auspices,2
confided,3
apparatus,2
giving,4
assisted,1
expressed,4
inconveniences,1
access,2
paying,2
experiment,5
capital,3
incidents,2
ammunition,1
exercise,16
body,3
advantageously,2
led,2
degree,8
exchange,2
mistake,1
gathered,1
vexatious,1
commercial,8
jointly,1
antirepublican,1
umpirage,1
growing,6
explore,4
objects,19
let,17
sink,1
separation,5
others,42
consideration,25
canals,3
fifteen,3
suggest,2
settling,3
great,66
engage,6
northern,6
pressure,2
receive,16
involved,4
larger,4
extreme,1
leaving,6
imperfectly,1
resulting,2
defeat,3
principally,1
opinion,15
residents,1
makes,3
honor,6
distresses,2
named,2
foresee,1
heart,2
forbid,3
win,1
juries,2
elmslie,1
private,16
mariners,1
analogous,2
names,3
engendering,1
apply,8
desiring,1
standing,2
confidence,29
affording,1
from,229
agreeably,1
consumption,4
&,71
remains,6
illegal,3
encroachments,1
examined,1
ministers,10
next,4
neighborly,2
few,9
assuring,1
doubt,7
examination,3
reciprocity,1
save,2
disaffected,1
agreeable,1
themselves,28
forefathers,2
refusal,1
possession,4
gained,1
parliament,1
formally,1
comparison,1
becomes,2
patrol,1
about,9
cooperate,2
vicinage,1
carrying,9
prizes,1
deflect,1
gladly,2
procuring,4
disabling,1
appointed,6
women,5
entangle,1
sweetener,1
account,5
animals,3
augment,1
embarked,2
this,178
kindness,2
when,51
endearments,1
obvious,1
publications,1
servants,2
universe,1
accrued,2
meet,18
nurture,1
conformity,4
dissolve,1
proof,3
control,3
violence,3
indulgence,3
process,3
lock,1
infantry,2
tax,1
purposes,16
high,14
effectively,1
promptitude,5
something,1
perplexities,1
sought,2
wonderful,2
auxiliaries,1
native,5
seizing,2
summers,1
united,72
surrounded,1
pure,1
destroying,1
portage,2
holds,1
arrangement,5
delay,6
procured,1
unquestionably,1
sentiments,5
attachment,4
frontiers,2
instead,11
establishment,9
revolts,1
stand,2
attend,1
billows,1
farm,1
stop,3
incompetence,1
act,29
collection,2
denounce,1
chiefs,4
abuse,3
preferred,1
preferring,1
multiplication,1
re-entering,1
cheaper,1
daring,1
readiness,9
introduced,1
light,5
arduous,2
element,1
commodities,1
gulph,2
chief,2
spain,26
alienation,1
tenure,2
deeply,2
volunteers,3
discussion,6
furnish,10
preparing,3
six,5
aimed,1
sanctioned,2
tribe,4
wit,1
insight,1
encouraged,2
equally,5
doubtful,1
produced,11
alacrity,1
superintending,2
including,3
directs,1
cruise,1
mentioned,4
interpreter,1
missisipi,2
earlier,3
perfect,3
traders,7
exclusion,1
unstained,1
decay,2
chosen,4
witnesses,1
ships,3
whereof,2
labor,11
meantime,13
previously,2
permanent,3
restrain,5
choose,1
instruments,5
latitude,3
covered,2
criminal,3
forest,3
eastward,2
prosper,3
greater,7
descendants,1
plenipotentiary,1
washington,3
practice,4
dock,1
discomfiture,1
hands,8
front,1
impaired,1
rotation,1
republican,4
day,21
sterret,1
successor,3
discontinue,3
articles,14
february,1
husbandry,3
disobedience,1
progressive,1
undertaking,3
traced,2
identified,2
sufficiently,9
magnitude,2
transmitted,3
mode,3
truth,10
disregard,1
accounts,8
stock,9
uninteresting,1
bastrop's,1
experienced,2
prevailing,2
commonwealth,1
federalists,1
illy,1
tents,1
doing,5
unshaken,1
globe,2
cultivated,2
pursuits,8
funds,1
piankeshaws,2
constitute,2
society,6
decays,1
thirteen,1
measure,18
relater,1
our,452
irregularities,3
agriculture,14
wander,1
special,10
out,21
respects,1
hesitate,1
honorably,1
sentiment,3
decision,3
arriving,1
defend,2
singular,1
unlawful,6
investigate,1
impartial,2
potomac,1
mediated,1
disappear,1
unprepared,1
thriving,1
apprehends,1
cause,3
waters,33
announced,1
iberville,2
shut,2
await,1
alleged,1
spot,2
activity,4
promptly,2
fourteen,2
completely,3
york,7
jurors,1
conflicts,1
embarrass,2
delinquency,1
avowed,1
organ,1
receipts,14
repairing,4
squadron,5
yard,2
prepare,3
bashaw,1
could,35
diminished,2
david,1
length,10
ratification,5
qualification,1
mortal,2
barriers,1
retain,2
facilitate,2
south,2
organized,2
sacredly,1
binding,1
seasonably,1
possessing,1
powerful,3
scene,3
hitherto,3
facility,1
improving,5
improvements,7
seasonable,3
sacs,1
representations,3
occurences,1
unworthy,1
bastrop,1
captains,1
quality,1
endemic,1
legislative,8
ancient,1
reference,2
uniting,2
bears,2
unknown,1
durable,1
unequivocal,1
seat,6
system,8
relations,21
their,344
attack,7
intermediate,2
cautions,1
acquiescence,3
travelled,1
perfectly,1
belligerents,2
fairest,1
painful,2
misunderstood,2
interests,28
accompany,1
punish,1
completed,1
exactly,3
contribute,3
dreary,1
devoutly,1
alterations,1
well-organized,1
oconee,1
reflecting,3
ascendant,1
unexpended,1
branches,4
inestimable,2
herself,2
haven,3
lightening,1
ben,1
warfare,1
fruitless,2
commandant,3
submitted,4
armament,1
frugal,1
compensation,1
bey,2
loves,1
cahokia,2
visited,2
abolished,1
providing,12
distinguished,5
steer,1
descriptions,2
frontier,4
enforced,1
false,8
lightly,1
lines,3
trusting,1
olcofauhatche,1
tide,3
fail,2
buy,5
sincerity,3
have,330
dictate,1
need,8
exhibit,1
turn,1
assurances,13
levelled,1
complete,5
necessities,1
documents,5
licentiousness,2
inhabiting,4
theoretic,1
forgotten,1
agency,2
able,14
purchasing,1
outward,1
usefulness',1
concerns,4
which,384
discriminations,1
honestly,1
disclosure,1
competence,2
accuracy,2
savages,1
agitations,1
regard,3
unless,7
allow,1
combat,1
who,61
procure,2
predicament,1
intentions,2
cipher,1
connected,2
preparations,8
preliminary,2
emancipation,1
solicit,2
payment,6
concerned,3
probable,6
repay,1
deny,1
consequences,1
neighboring,7
inconvenient,1
request,4
disease,3
pretext,2
face,2
looked,1
_in,2
proceedings,13
tripoline,2
fide_,1
rendezvous,1
occasion,14
constrain,1
fact,3
eminently,1
impression,2
repartition,1
selection,2
chances,1
text,1
agreed,4
overwhelmed,1
bring,14
well-being,3
disjoined,1
domiciliary,1
soldiers,1
fear,5
asylum,1
pleased,3
handmaid,1
principal,22
nearer,1
inspiring,1
provisional,4
knowledge,8
earned,2
redressing,1
conciliate,1
quickened,1
entangling,1
controls,1
should,86
jan,1
uninterrupted,1
planted,2
rendering,3
constituents,6
attained,1
employed,13
bourbon,1
local,3
hope,14
equilibrium,1
meant,4
embargo,4
doubting,1
currituck,1
monuments,2
convert,1
bear,6
divisions,1
firmly,1
ones,1
legitimate,1
words,4
probably,7
emissaries,2
ascended,1
aiding,4
places,14
unauthorized,3
ended,1
approach,4
fixes,1
secret,1
taxes,8
calling,4
whether,44
artificers,1
she,17
dangerous,2
ohio,17
fixed,6
generations,1
view,14
endowed,2
europe,20
multiplying,2
eighty,2
exists,1
prayers,2
acquired,7
persist,1
national,7
packet,1
accused,1
merits,2
usefulness,1
desperate,1
agricultural,2
humane,2
watchfulness,1
awaits,1
imposition,1
frankfort,1
attempting,1
hunter's,1
sails,1
tend,7
favor,11
state,71
difficulties,8
injustice,2
closed,2
effect--no,1
wabash,5
progress,10
wilds,1
frustrated,1
expiring,1
bought,1
ends,1
attention,16
weighing,1
bed,1
opening,4
importance,9
joy,1
tombigbee,1
deliver,2
agencies,1
ignorance,2
embarrassment,1
bottomed,1
firmness,3
key,1
thank,4
undetermined,1
restrictions,2
planned,1
defense,10
limits,32
career,1
freely,2
taking,9
equal,18
minds,6
assure,2
admit,6
manifestations,1
streams,2
multiplications,1
auctions,1
hospitalities,1
foe,1
passing,4
estimation,1
safely,6
otherwise,7
travellers,1
bearing,4
wall,1
dispose,1
habitual,4
batavia,1
amounted,3
diminution,4
kings,1
withdrawn,3
mourning,1
cloathing,1
second,2
addition,3
it's,5
wills,1
general's,1
copies,2
cent,2
restless,1
willing,6
treat,2
entitle,3
enlarging,1
waste,3
louisiana,11
remedies,2
suggested,1
adopted,1
corresponding,1
reasonings,1
stationed,3
league,1
route,1
sufficient,21
climate,4
intelligent,1
assert,1
finished,2
disorderly,2
expenditure,1
angles,1
ours,11
improved,2
general,43
present,45
volunteer,1
homes,2
garrisons,1
abandoned,1
appropriations,6
appearance,1
britain,4
value,3
augusta,1
will,324
riper,1
hovering,3
deem,1
eaton,1
advisable,1
instantly,1
extracts,1
supervenes,1
offending,1
interchanged,1
freeman,2
apprehend,1
incontestable,1
thus,13
designs,6
encouragement,7
clearly,1
affliction,1
arrangements,8
demanded,1
tenor,1
claimed,2
mover,1
failed,1
ransom,1
well-disciplined,1
watchful,1
denial,2
barron,1
untoward,1
landmarks,1
administration,13
cross,3
unite,3
propensity,1
parts,20
northwest,1
geographical,1
party,9
infer,2
difficult,3
injured,3
conflicting,1
material,4
columbia,2
cavalry,2
proscribe,2
conceived,1
upon,8
effect,27
quarrels,1
installments,1
privations,1
aforesaid,2
laborer,1
infinite,2
liberality,1
judgment,8
destruction,4
insure,3
scarcely,4
transaction,4
off,3
reflection,2
fully,2
i,212
approve,4
obstacles,1
well,38
thought,23
retiring,1
touching,1
command,6
english,4
hazard,1
position,8
arising,3
deputations,1
usual,7
restore,5
stores,7
less,21
moments,4
claiming,1
accurate,1
executive,20
domestic,12
obtain,5
sources,3
batteries,5
distant,9
fishing,2
hauled,1
protecting,2
skill,2
illinois,4
happiness,18
afflicted,1
rapid,4
entire,4
supply,5
erie,1
lake,3
recommending,1
outlines,2
arresting,1
arrest,7
add,4
combine,1
maintaining,2
citizen,7
cruisers,6
earnestly,1
rescind,1
indignation,1
ought,11
burthened,1
candid,4
sick,3
provisions,12
government,66
judiciary,3
republics,1
built,3
five,12
know,7
burden,1
press,5
immediately,16
amply,1
force--one,1
countervailing,2
loss,7
necessary,74
like,12
success,5
passion,1
perpetual,1
admitted,5
payments,7
lose,3
become,21
repressed,2
works,7
page,1
sign,1
amendment,3
decease,1
because,8
disbelief,1
tells,1
faithfully,4
searching,1
authority,27
motive,2
hasten,2
convey,2
oblivious,1
proper,21
home,12
proofs,2
employment,4
march,1
happens,1
yazoo,2
leaf,1
lead,6
severance,1
promotion,1
objected,1
warefare,1
mines,1
salaries,1
does,5
discretion,5
wilkinson's,1
economical,1
reimbursements,1
philadelphia,1
demonstrated,1
regain,1
conference,1
manifesting,2
unassailed,1
reaching,2
journal,2
interval,1
lieutenant,2
conveyed,1
although,8
worthy,7
posterity,2
weaving,2
loans,2
swept,1
retribution,2
pike,1
sister,2
naturalization,1
actual,7
carried,17
extension,6
enquiry,2
freedom,10
certainty,4
intimations,2
dependence,1
urged,1
blessings,5
upward,7
persuaded,4
circumnavigation,1
revise,1
injuriously,1
own,60
letters,8
final,3
wilderness,1
owe,4
medecine,1
instalment,1
guard,6
weather,1
promise,1
esteem,2
lawful,3
desireable,2
additions,2
utility,4
doubtless,7
terminated,1
mississippi,37
stocks,2
rejoice,1
additional,5
confident,1
transfer,1
reciprocate,1
noticed,2
intention,2
inasmuch,3
recognised,1
upwards,2
specimens,1
function,1
fiscal,1
receipt,3
north,5
inroad,1
amity,4
but,139
volume,1
admonish,1
neutral,9
construction,8
tingey,1
gain,2
courts,3
assail,1
highest,3
witness,2
he,46
count,4
highly,2
baptist,1
made,47
wise,3
glory,1
annuities,1
vigor,1
wish,21
variations,1
signed,5
excitement,2
placed,13
below,1
limit,2
distribution,2
strengthens,1
cordial,3
supreme,2
entering,4
unanimity,1
resting,1
devise,1
inadequate,1
betrayed,1
exceeded,3
appropriated,5
denote,1
periods,2
goodness,3
plundered,2
partly,3
education,5
pit,1
counteract,1
deeper,1
effected,9
planting,1
mutual,11
compared,1
rumors,1
efficacy,5
contest,4
indulged,1
attacked,2
oregan,1
forests,1
lately,4
longer,3
other,106
details,4
branch,3
mass,4
outlet,1
gallantly,1
conclusion,1
cheapeake,1
repeat,3
kinds,2
discretionary,1
oppression,4
treason,1
june,2
shown,2
stay,1
fermentation,1
enlargement,2
augmentation,5
agonizing,1
friends,16
incurred,7
calamitous,1
appoint,2
auxiliary,1
prevalent,1
described,1
oral,1
space,2
sanctimonious,1
rule,3
portion,14
transaction--and,1
reached,1
lives,3
commencement,2
augmented,2
