four,13
aggression,1
disobeying,1
granting,1
eligible,3
sinking,1
oceans,1
appropriation,6
bringing,2
disturb,2
prize,1
persisted,4
succession,1
immunities,7
specially,5
rebuilding,1
cordially,3
feasibility,2
second,43
taxation--these,2
sustaining,1
resignations,2
bolts,2
errors,4
concedes,1
contributed,2
designing,1
contributes,1
inducement,1
avert,2
offenses,8
here,39
reported,2
china,1
conversational,1
substance,5
unwillingness,2
elaborate,1
reports,2
controversy,7
military,176
brownsville,4
appropriately,1
divide,3
classification,2
explained,2
pensions,1
brought,25
stern,1
unit,1
cheating,2
apportionment,2
insecurity,1
impartiality,1
statesmanship,1
therefore,70
strike,1
heralded,1
until,39
holy,1
successful,7
brings,4
hereby,14
expeditionary,2
hold,46
circumstances,20
morally,1
locked,2
pursue,3
accomplishment,8
revenues,7
example,6
devastations,2
unjust,5
organized,15
currency,45
kingdoms,1
want,13
subdistricts,1
hon,5
travel,3
feature,3
how,18
hesitatingly,1
harlan,1
disgrace,2
legal-tender,3
beauty,1
outlawed,1
shores,3
wrong,7
destined,1
impost,3
effective,5
revolt,4
headquarters,2
lieutenant-general,2
democratic,2
restriction,2
concurrence,13
misdemeanor,2
rewarded,3
admirably,1
fit,2
unforeseen,1
heretofore,22
fix,7
striking,9
secede,3
distinguishing,1
endeavoring,2
detachment,1
effects,6
interrupt,2
yourself,16
undeveloped,1
silver,16
represents,2
averse,1
interfering,6
preceded,1
financial,4
series,3
precedes,2
substantially,11
ameliorate,1
allay,1
borne,11
toleration,3
misfortune,1
excepting,12
extinguishment,1
mason,1
encourage,5
millions,41
misrepresentations,2
foundation,5
assured,3
threatened,4
surveys,1
faculties,2
checked,1
estimate,5
universally,1
one--that,1
enormous,3
custom-houses,5
absolved,1
disturbed,5
speedy,3
reserving,1
wasp,2
channels,5
instruct,6
sallied,1
infringed,1
seizures,1
service,60
engagement,2
needed,4
master,4
milligan,1
bitter,1
rewards,3
wisdom,16
asylums,3
mutilated,1
freemen,3
expanding,1
peril,7
nations,27
project,1
endure,6
feeling,11
acquisition,4
willingness,6
affairs,27
wholesome,2
responsible,17
metallic,4
recommended,4
causing,2
absorbed,2
reelection,2
committing,2
shall,261
object,24
wells,1
swiss,1
mouth,2
letter,36
conceded,4
retaining,1
morality,2
consummate,1
detriment,1
confederation,3
saying,5
meetings,1
participate,5
hungary,1
lessons,4
orleans,5
rico,1
rich,7
heartily,1
telegrams,1
unpropitious,2
emphatically,2
remotest,1
plata,2
inoperative,1
lenders,2
altogether,7
increasing,9
reposes,1
release,6
sanctioning,1
reposed,3
respond,1
disaster,1
fair,13
consummation,1
unexpectedly,1
result,21
fail,6
resigned,2
best,19
stamps,1
score,1
unalterable,1
preserve,19
never,46
extend,6
nature,9
felony,3
authorizing,4
extent,13
defiance,1
debt,31
tyranny,4
country,141
demanded,6
estates,1
planned,1
installments,1
adapted,3
asked,20
irresponsible,3
gypsies,1
reconsideration,4
union,163
much,49
privilege,20
incompetent,1
borrowers,1
life,38
eastern,2
intermarry,2
mclellan,1
wish,6
moneys,3
confinement,2
chile,3
doubts,4
worked,1
unsold,1
contemplated,8
administrative,1
contingencies,2
employ,3
contemplates,4
appeals,2
wonted,1
levies,1
congratulation,1
actuated,1
characterize,1
eighteen,1
trusted,2
trustee,1
hong,1
severity,3
malefactors,1
things,7
rebellion,132
harmony,13
emphatic,2
european,15
fairly,4
exacting,1
qualifications,26
refit,1
seamen,3
ownership,1
registering,2
intrusion,1
vice-president,37
rancorous,1
distribute,1
succeeding,5
previous,18
old-fashioned,1
had,205
advancement,2
disparity,1
obedient,6
delinquents,1
innocent,3
prison,3
east,3
municipal,5
possible,23
birth,3
pertinent,1
occurring,3
desire,15
specie,15
remind,2
steps,9
battlefield,1
beneficial,2
right,102
old,9
crowd,1
people,266
predominance,1
creed,1
crown,1
enemies,12
for,866
disheartened,1
individuals,12
exposition,2
yoke,1
spoke,3
restlessness,1
dollars,7
citizens,72
anomalous,5
recollect,5
despair,1
disqualified,7
slightly,2
before-recited,1
raised,1
statements,14
washburn's,1
administer,7
one-fourth,3
marshals,4
reducing,2
unambiguous,1
authorizes,7
america,15
fabric,2
support,37
constantly,4
avail,7
authorized,23
greatness,4
resulted,4
halls,1
happy,3
insurrection,46
offer,4
forming,1
denoting,1
hemisphere,2
incorporation,1
blockading,1
congratulations,1
circumstantial,1
miles--equal,1
extremity,1
inside,1
devices,3
unanimous,2
dues,6
later,3
liberal,10
disclosing,1
proves,2
exist,26
negotiations,2
protested,2
republic,20
indigent,1
ambitious,1
conferring,5
momentary,1
steamship,2
disastrously,1
intend,2
maimed,1
intent,11
persecution,1
reorganization,2
vanquishers,1
time,189
conferred,20
disorganization,1
breadth,2
japan,1
chain,2
perpetrated,2
resources,13
disrepute,1
recurrence,2
amount--about,1
allegations,1
consolidation,1
choice,22
exact,6
leave,13
settle,7
speculation,6
prevent,16
spiritual,1
occurrence,3
hindered,1
unrepresented,3
exempts,1
celebrated,3
current,3
unfeelingly,1
falling,1
revulsions,2
jury,11
understanding,9
contemplate,3
address,1
alone,21
along,2
momentous,3
centralization,1
redemption,1
wherever,7
thereunder,4
accomplished,23
influx,1
nowhere,3
love,5
stockton,1
logical,1
bloody,3
marvelous,1
undergone,4
perished,1
positive,1
opposed,9
scope,4
prosecutor,1
afford,8
subsistence,2
apparent,10
validity,3
odious,1
sierra,1
ignorant,3
degrade,2
behalf,4
incited,2
originally,6
pretend,2
harmonious,5
believed,16
webster,1
detached,1
parishes,1
allowed,20
offense,14
evidently,2
winter,1
divided,9
absolute,17
revolted,2
expectation,5
applications,1
date,20
such,262
revealed,1
natural,10
conscious,1
nomadic,1
applicant,4
yielding,2
st,25
adjutant-general,5
inhabiting,1
so,243
years,61
course,36
experiments,1
tendency,7
constituted,7
limbs,1
derive,3
solace,1
torn,1
troubles,4
storeships,1
constitutes,4
suspension,27
troubled,1
instantly,1
exculpation,1
thereby,12
subordinates,3
nation,55
records,10
compelled,7
maintaining,11
revert,1
establishing,7
uncultivated,1
amnesty,13
quarter,5
repaired,1
duchies,1
honduras,1
crushing,1
owing,2
entering,2
reorganized,3
disasters,1
actively,1
assessors,3
abide,4
collisions,1
seriously,6
investigation,5
demoralization,2
superiors,1
million,2
seventh,5
possibility,2
quite,3
complicated,1
besides,7
liberally,2
patronage,2
unconveyed,1
saturday's,3
routes,7
saving,3
symmetry,1
spoken,2
clause,9
one,180
specifically,2
spanish,3
vote,35
open,15
affords,2
city,13
indicate,4
realization,1
cite,2
blockade-breaking,1
representing,2
rightfulness,1
depressed,1
future,16
russia,6
prospect,2
addressing,2
san,4
turned,1
argument,4
sad,3
say,41
suffrages,1
sap,3
saw,4
harbored,2
aside,3
instructed,6
note,17
jefferson,8
take,72
band,1
destroy,6
coincide,1
altered,1
opposite,4
ascendency,2
knew,5
inserted,1
average,2
sale,4
defeating,2
federal,98
affirmed,2
laws,173
subserving,1
madison,3
surplus,9
senators,27
definite,3
propagandism,2
inconsistent,7
imagined,2
slow,3
transact,1
readmission,1
equipped,1
congressional,3
carolina,33
guarded,3
dissimilar,1
assistant,4
awaiting,3
platte,1
clearest,1
resource,1
liable,7
where,63
arouses,1
aroused,1
fidelity,8
inequalities,1
enlightening,1
wielding,1
alarming,1
avails,1
sites,2
bureau,23
affecting,9
enjoys,1
untainted,1
guatemala,1
screen,1
menacing,2
suppressed,10
concentrated,1
conversed,1
many,40
s,8
expended,6
expression,11
allowance,4
baden,1
compels,5
adjudication,2
africanize,1
combines,1
stretch,1
west,12
vacation,2
concede,4
breath,2
almighty,2
anticipations,1
combined,2
motives,1
wants,12
enable,15
influence,16
thousand,9
formed,6
observe,3
abject,1
former,14
polls,3
endures,1
conveyance,1
confidently,5
newspaper,2
situation,6
endured,2
perpetuate,2
transgressions,1
brow,2
engaged,45
expenditures,43
wires,1
sickness,5
devolves,3
devolved,5
odium,1
vacant,3
persistently,2
summer,4
being,58
rest,9
safeguards,4
schools,3
omissions,4
darien,1
occasional,1
sixteen,4
instrument,15
overthrow,4
counteracting,1
unerring,3
sums,4
dart,1
traffic,2
preference,5
world,31
postal,14
vague,2
dare,2
stranger,2
mexico--we,1
discarded,1
superiority,2
offenders,3
obstruct,1
satisfactory,14
supplementary,7
moreover,2
divine,1
countenanced,2
situate,1
restoring,6
refer,7
scientific,1
power,207
intimate,1
industry,26
stipulations,2
practicable,13
neighbor,2
act,189
bond,4
parties,12
accumulated,2
her,25
ever-increasing,2
philadelphia,1
detachments,1
brazilian,1
recommends,4
complete,16
verbatim,1
with,546
abused,3
october,8
monopoly,5
abuses,1
dependents,1
politically,1
agree,5
detailed,11
gone,3
citizenship,12
migrate,1
certain,26
am,32
an,353
as,877
ensuing,2
at,315
sanguine,1
abolish,5
summit,1
contemporaries,1
congress,352
intimation,3
observers,1
fraudulent,2
mass,6
original,28
legislatures,16
consider,12
caused,15
fairness,1
transitu,1
reasoning,3
causes,7
to,3444
th,121
paying,2
appointment,33
returned,10
blockade,3
candid,1
encroaching,1
condition,91
accompanying,5
confederates,2
joined,2
large,35
adjust,1
small,7
ninetieth,1
penalties,8
paso,1
past,28
discriminated,1
pass,15
destitute,1
investment,5
transpire,1
imperceptible,1
post-offices,3
prevailed,7
hudsons,1
imperceptibly,1
avenues,3
contrast,3
full,26
empower,1
hours,1
civilians,1
concluding,1
november,8
criminality,1
compliance,8
aboriginal,1
experience,18
prior,22
acquittal,1
social,11
cessation,3
depart,1
retroactive,1
vie,1
enactment,8
marriages,1
viz,5
coercion,2
select,3
attendance,2
more,152
door,1
navy-yard,2
company,3
corrected,2
tested,2
foundations,3
objections,19
doom,1
pleasing,1
vicissitudes,1
power--speak,1
indicating,1
learn,1
male,2
prompt,5
stated,24
suggestions,3
accept,7
states,935
sense,25
nonintervention,1
condemn,1
information,26
respective,24
emancipated,1
hugh,1
enlarge,3
dismissed,1
earnings,1
relinquished,1
telegraphic,4
plant,1
intended,16
unsound,2
ethics,1
authentic,3
acquisitions,1
refuse,7
organization,7
register,1
indebtedness,4
fundamental,19
functionaries,1
pans,1
mexican,2
furthering,1
trade,17
attitude,7
paper,33
replies,1
its,341
rapidly,15
thereon,3
deeds,2
propose,7
imperil,2
hereafter,9
designation,5
always,21
transmission,2
found,31
energetically,1
disorganized,2
week,1
engendered,4
england,2
contiguous,1
disclaiming,1
reduce,5
operation,19
really,2
anxious,5
blacks,9
armaments,2
ministerial,4
occurs,1
highway,1
belief,5
murmur,1
imagine,4
director,1
owners,4
retained,3
afflictions,1
elective,16
w,5
expedient,10
contingency,3
exhibited,1
arose,2
rooted,1
purport,4
belligerent,3
number,60
preservation,23
contended,2
pledge,6
differ,2
peaceable,1
heads,11
philanthropy,1
justly,16
sympathies,3
immediate,11
consuls,1
appreciation,2
grace,1
diffusion,1
determines,1
determined,7
marriage,3
beforehand,1
defect,1
servitude,6
sell,1
permanence,1
also,45
recognizing,1
internal,10
permanency,1
conscription,1
alleviate,1
plan,17
accepting,3
understands,1
omaha,3
arson,1
sometimes,7
cover,3
gold,20
degrades,1
session,14
white--above,1
degraded,2
overwhelmed,1
occupation,6
richmond,2
failed,10
unjustly,1
wayne,1
equity,1
ordained,5
adventurers,1
remedy,14
bondholder,1
ninth,5
closely,6
devising,1
adhered,3
enemy,3
sects,1
progressive,1
tumult,1
disregarding,1
proclaim,7
surrendering,1
river,5
approaching,1
secure--first,1
set,18
carrying,13
instituted,8
potent,1
sex,1
see,14
sec,5
migration,1
sea,6
avowedly,2
spirits,2
seconded,1
available,2
candor,1
premises,4
self-centered,1
incident,7
death,17
wielded,1
diminution,2
inquisitorial,2
legislature,30
prospects,1
last,86
influential,1
connection,18
whole,55
healing,1
majesty,1
loan,1
allegiance,15
community,6
agents,26
indefinite,4
lender,1
worthless,4
acceptance,3
satire,1
imperfections,2
convicted,7
extravagant,3
contained,11
resting,1
champion,1
fire,1
reassert,1
fund,9
moderation,4
races,14
representative,16
systematic,2
receive,22
towns,1
presses,1
uncertain,1
judicial,59
reliable,3
unoffered,1
forgetting,1
error,9
painfully,1
owed,2
agitation,4
binding,6
owes,2
chase,1
elevated,1
read,7
virtually,1
resulting,3
forgiveness,1
comprehensive,4
necessity,32
loaned,2
infamous,4
recent,22
expend,1
person,84
regulating,4
recoverable,1
construct,2
telegram,1
buchanan,1
arrests,2
conclusions,3
admission,41
location,3
victims,2
emergency,9
demands,4
number--which,1
emanating,1
wives,1
suffering,7
abound,1
formal,3
imposed,15
d,53
communications,4
continue,11
yields,2
tribes,5
disorder,1
noninterference,2
pertaining,7
irresistibly,2
senate,122
spring,4
necessaries,2
sight,1
pale,1
amicable,2
irresistible,1
transactions,3
novelty,2
oblivion,1
religion,2
prosecuted,5
muscat,1
inserting,2
be,1207
dictates,1
agreement,2
concealed,1
relating,5
dictated,2
by,1116
anything,12
exaggerated,1
deserves,1
repair,3
colorado,9
into,106
plainest,1
appropriate,6
controversies,3
states--all,1
submit,21
custom,3
occupy,3
suit,2
considerably,1
elsewhere,2
hawaiian,2
atlantic,7
competition,2
line,7
legation,2
considerable,7
fades,1
redeemed,1
up,14
us,68
morocco,1
intermitted,1
mature,1
retaliatory,1
medical,1
genial,1
reconcile,1
enjoins,1
defined,5
unsafe,1
diverse,4
defines,1
retrace,1
apprentices,1
invalid,1
preventing,2
definitely,1
condolence,1
revision,2
depredations,6
elements,1
energetic,2
prosecution,5
proclamations,9
suppression,10
sides,3
effrontery,1
ago,6
land,37
resign,10
rescued,2
habitually,2
came,3
enrolled,2
fresh,4
having,62
code,2
partial,1
results,13
existing,32
highways,1
seemed,7
one-half,4
amalgamation,1
restraints--as,1
young,1
send,4
citing,1
sent,11
retire,2
recitals,1
torture,2
continues,3
reopened,2
emigrated,1
languishes,1
continued,18
timely,1
harbor,2
try,3
race,27
disordered,2
mediterranean,1
imply,2
incidentally,2
notaries,1
apparatus,1
waning,1
removals--not,1
expressed,22
henceforth,7
consistently,3
indian,7
indestructible,2
expresses,2
harassing,1
led,6
eminently,5
respectively,6
gathered,1
convene,1
let,23
consideration,49
invented,2
fifteen,4
deduced,1
great,120
engage,6
technical,1
involved,11
survey,3
defeat,6
opinion,51
residents,8
makes,20
involves,2
complying,2
disobey,4
assemble,1
perfecting,1
counsels,1
reserved,6
desiring,2
standing,7
confidence,26
exciting,1
certificate,2
illegal,9
encroachments,2
ministers,2
next,20
eleven,8
doubt,24
infamy,1
occurred,16
opposing,3
charity,5
this,532
challenge,2
fulfill,3
rica,2
weaker,2
process,18
purposes,21
high,26
hereinafter,3
weaken,4
destroying,1
delay,12
reinstated,1
procured,1
establishment,18
remonstrance,2
singular,2
await,1
efficiently,1
realized,5
redundant,2
element,2
acquitted,1
writ,12
allow,9
volunteers,4
counted,11
produces,1
move,3
doubtful,6
produced,12
directs,1
perfect,13
decay,1
chosen,19
last-named,3
president--to,1
meantime,6
degrees,2
instruments,2
therefor,1
designs,6
transparent,1
presidential,4
reconstruction,18
liberia,1
intelligent,5
traced,1
accompanies,2
sufficiently,1
truth,8
persia,1
accompanied,2
beneath,1
traces,3
homogeneous,1
doing,5
deficiency,4
frequency,1
thirteen,3
irritation,1
agriculture,3
omnipotent,1
',1
dismissal,1
theoretically,1
evacuation,4
unprepared,1
apprehends,1
shut,1
perish,2
incalculable,1
ignominious,1
tempt,1
embarrass,3
assiduously,1
hasten,3
injudicious,1
could,56
scars,2
put,27
length,9
ratification,18
removing,2
davis,4
stimulate,1
self-expatriation,1
sacredly,5
blown,4
owned,3
disposed,12
owner,1
provide--,1
legislative,28
vetoed,1
ordering,1
detailing,1
system,53
branding,1
painful,3
interests,43
enforcement,5
accompany,1
unexpended,3
coinage,4
false,3
defending,1
fourteenth,1
clearly,10
viewed,1
necessities,1
competency,1
therewith,1
injunctions,1
disturbers,1
tyrannical,1
lancaster,1
asserts,3
explanation--that,1
unfaithfulness,1
device,3
so-called,5
stronger,1
face,4
wounded,1
subject-matter,1
fact,31
signally,1
terminate,1
disbanded,2
vacancy,29
bring,14
attainable,1
unconnected,1
asylum,3
decade,3
principal,12
nominally,1
pause,2
entangling,1
should,207
planted,1
wretchedness,1
secretaries,2
hope,21
meant,5
antagonism,1
familiar,1
prohibition,3
h,10
taxes,8
summon,1
hemispheres,2
ohio,1
favoring,1
guilty--to,1
intervening,1
withstand,1
temporarily,2
exerted,2
agricultural,4
hesse-darmstadt,1
destiny,5
posse,1
injustice,5
taxgatherers,3
ends,8
industrious,2
bolivian,1
restrictions,5
invited,14
etc,7
figures,1
invites,3
adjusted,3
conclude,1
coercive,1
acres,7
attorney-general,10
attainder,5
rhode,1
entitle,3
utilizing,1
waste,1
louisiana,15
expounder,1
spain,9
expiration,11
fallacious,1
va,1
concerted,1
reiteration,1
propensities,2
politics,1
denial,11
juan,1
outbreak,3
conflicting,3
ball,1
national-bank,2
upon,349
defender--if,1
adherents,1
off,2
command,3
drawing,3
lest,1
less,38
aspired,1
generous,2
arrest,16
terminating,1
combine,1
exempt,3
vain,5
increased,20
government,372
chancellor,1
five,15
belgium,5
debatable,1
undertaking,1
become,49
above-recited,1
amendment,48
gaining,2
indications,1
guaranty,7
interest--and,1
choosing,1
ballot,8
recognition,10
avoid,4
salaries,1
raging,1
does,50
passion,9
salaried,1
manifest,8
hoarded,2
schedule,2
selecting,1
ninety-three,2
pressure,3
posterity,10
imaginary,2
despoil,1
trials,4
counties,8
gained,1
sister,1
asks,3
sagacity,1
laboring,2
concession,2
revise,1
registry,1
letters,1
disaffected,1
cultivated,1
roads,1
mere,17
terminated,7
justifying,2
disapproval,1
providential,1
restricts,2
impeding,1
heresy,2
specimens,2
naturally,5
function,2
construction,26
disbursement,3
evident,1
society,7
official,38
triumphant,1
excitement,1
placed,18
grounds--the,1
distribution,1
bearing,8
recognize,5
accounts,1
contribute,5
ins,1
erring,2
major-general,1
effected,6
compared,12
efficacy,1
variety,2
tenth,2
lately,5
details,7
rebelled,1
repeat,5
monday,16
tides,4
chance,2
arbiter,1
states--more,1
repeal,14
inspiration,1
searches,1
rule,28
pension,8
unspeakable,2
consolidated,1
desirable,10
mansion,5
wholly,9
integrity,7
votes,36
voter,2
effectually,10
unanimity,3
voted,3
oriental,1
worth,2
commerce,34
perishable,1
sheridan,1
jacob,2
ministerially,1
delegate,3
abolishing,5
triumph,3
occasioned,6
approximation,1
planters,1
established,51
deliberate,5
bounties,1
consequent,2
irrevocable,3
above,14
officially,4
consisting,1
duty--which,1
told,1
simultaneously,1
kindred,1
equals,2
protection,30
pursuit,3
obtained,8
fourteen,2
balance,7
employees,1
envoy,1
surely,3
remembering,2
secure,34
highly,2
thursday,3
tribunal,9
crime--all,1
total,15
plot,1
states--it,1
indians,11
chooses,2
administering,1
separated,3
tolerated,2
traceable,1
aware,6
continual,1
word,2
divorced,1
work,34
refusing,3
to-morrow,1
era,1
unshackled,1
indicated,1
cited,1
taskmasters,2
india,2
impair,2
indicates,2
indies,5
indifferent,1
envenomed,1
recovery,1
inhabitants,33
verify,1
far,36
hindering,1
boats,1
ordinary,8
well-earned,1
resignation,13
coined,1
after,65
movable,1
customs,3
lay,5
law,222
hasty,2
appreciate,2
deprives,1
order,73
office,133
consent,36
satisfied,5
misconduct,1
hemp,1
interfere,9
production,4
then,94
them,215
affected,6
safe,12
break,4
state--murder,1
they,289
bank,3
bread,2
bolted,1
rocky,1
banks--in,2
reasonably,4
slavery,41
--,2
reasonable,9
confiscations,1
lifted,1
observance,4
councils,6
transient,1
crimes,7
forts,6
vessels,26
strangers,5
daniel,1
forth,8
disputed,1
veto,8
lawless,1
depots,1
campaigns,1
appointments,5
people's,1
forcibly,2
enlightened,8
certified,3
incorporates,1
recovering,1
created,18
creates,2
renew,8
incorporated,2
organize,5
render,5
railroads,3
another,34
equipoise,1
illustrate,1
protracted,1
vibrate,2
compromise,2
john,5
efface,1
happily,2
rejected,3
wasted,1
mercy,1
scenes,1
binds,3
unmistakably,1
guilt,1
iron,1
powers,69
manned,2
respecting,7
manner,27
impelled,1
vigorous,3
forced,11
strength,16
genuine,1
laden,1
convenient,3
latter,9
self-defense,2
subjects,29
luxury,2
forces,16
transmit,5
completed,7
i_________,1
what,84
exercised,14
extending,6
involving,6
germany,3
exercises,2
grave,13
calculated,6
inferred,1
accounted,2
voting,14
responded,1
fitted,1
reserve,2
opinions,15
precarious,2
respectfully,15
subtle,2
enjoyed,7
latent,1
just,49
guidance,1
gideon,1
adequate,9
predecessor,7
do,68
de,1
yielded,2
conservator,1
exchanged,3
suffrage,22
insurgents,1
implication,6
squadron,4
steam,3
secretary,133
erroneous,2
observed,7
depends,2
away,19
compensation,6
unable,6
cooperation,3
contraband,1
drawn,4
misguided,4
shields,1
we,162
terms,23
confessedly,1
unfold,1
convertible,4
electing,1
received,60
climate,3
ill,2
receiver,2
exceeds,1
requests,1
peacefully,2
tone,1
insubordination,2
wider,1
heals,1
speak,6
gratitude,5
petty,1
unhappily,1
slaveholding,1
condemned,3
duties,76
families,2
easy,4
concerning,4
excite,1
convening,1
has,371
thenceforth,2
publicly,1
aim,3
applies,11
aid,25
voice,8
mistake,4
words--,1
state-an,1
postmaster-general,12
comparative,1
confirmed,5
descent,1
patent,6
demonstration,1
sailors,4
sheltered,2
monarch,3
indictment,3
convictions,5
independent,12
palpably,3
prohibits,2
rail,1
evil,12
hand,22
liberties,4
palpable,4
prescribed,27
kept,6
whereby,3
prescribes,1
the,9574
camps,1
stringent,2
traditions,1
quoted,1
adding,4
tramples,1
occupants,1
belongs,6
transformed,1
board,9
righteous,1
expelled,2
reenacts,1
them--as,1
progressed,2
fusion,1
injuring,1
progresses,1
disadvantage,1
insurgent,7
disinclination,1
securities,11
night,2
security,17
sends,1
born,5
productions,3
bore,1
denies,6
/,2
asking,3
denied,11
beating,1
participation,15
hayti,4
confer,15
illustration,1
substitution,1
graduated,1
post,3
proceed,17
theirs,1
newspapers,1
months,10
hostilities,10
cherish,3
considerations,20
wasting,1
pays,1
prisoners,8
sparing,1
profession,1
bound,23
balances,1
formidable,1
complicity,1
deception,1
deliberated,1
unchanging,1
legislation,71
sovereign,5
liquidated,1
fight,5
accordingly,3
way,31
accords,1
was,421
war,272
becoming,9
forgetful,1
vitality,3
true,34
comprehending,2
absent,1
maximum,2
overruled,1
perpetuity,4
mails,3
promises,6
inclusive,9
evidence,25
promised,1
prayer,2
physical,3
weakened,1
disloyal,4
reality,1
interested,6
holding,12
test,6
unwilling,7
shrink,3
absurd,1
welcome,2
concurrent,4
bestowed,1
interval,3
domination,8
together,13
loyal,31
reception,2
insular,1
precedent,6
tribunals,17
supplement,1
grateful,3
battle,1
devoted,1
certainly,18
producing,2
hereof,1
permanently,3
terror,1
division,1
charles,1
aldermen,1
emergencies,1
entries,1
trouble,1
feeble,2
perceived,1
evaded,1
presented,14
altering,1
disqualify,6
revolution,6
regret,13
cost,7
purchasers,1
curse,1
appear,8
assistance,1
foregoing,3
uniform,12
illustrations,1
appeal,19
self-preservation,1
satisfy,5
overseers,1
inauguration,2
teaches,1
appears,10
change,35
incoming,1
twenty-seven,2
trial,25
patriotic,8
retired,2
extra,1
marked,8
sincerely,2
sufferers,1
embarrassing,1
market,3
prove,7
subvert,3
beneficence,2
territories,14
live,4
ratifies,1
commissioner,9
amount--more,1
dishonoring,1
commissioned,4
hesitated,3
organizations,7
year--more,1
fortified,1
mayors,1
incidents,2
can,236
heart,3
december,13
subsidies,1
supremacy,11
heard,4
fortunes,2
purity,2
clothing,4
occur,8
unwavering,1
productive,2
dispositions,1
discussion,7
bonds,12
freedmen's,8
allowable,1
economy,16
armies,10
product,3
superintend,3
sacrifice,2
use,23
southern,29
countermand,1
produce,6
impeachment,4
islands,12
nomination,1
remember,3
whenever,7
explicit,3
ordinance,3
removals,2
indeed,13
displayed,1
aiding,5
ended,4
affirms,1
still,36
tending,1
acknowledge,7
vicinity,2
inflicted,5
forms,9
artisan,2
norway,1
long-existing,1
inefficiency,1
emigrants,3
correspondence,26
non,2
sweetened,1
liberality,3
half,5
not,697
now,156
provision,29
discuss,2
nor,58
enacted,4
unauthorized,2
servant,6
january,19
denmark,4
entirely,10
naturalization,6
consummated,4
el,1
domain,2
prompted,1
ed,1
directing,6
ex,2
year,112
happen,7
avoided,4
kans,1
shown,6
accomplish,7
opened,8
furthermore,2
increase,22
receiving,7
shows,7
inevitably,4
cars,1
dependencies,3
advantages,2
rebel,21
carl,1
taxed,5
obligation,11
marine,1
inevitable,3
care,19
vestige,1
contemplation,1
deprivation,4
british,17
honest,5
tenure-of-office,12
invitation,5
profess,1
strengthened,5
jealousy,1
comprised,1
consecrate,1
directly,17
comprises,1
impossible,8
message,15
sheet,3
remotely,1
replete,1
frame,2
unconstitutionality,2
recess,1
preponderate,1
that,1449
taxation,18
law--the,1
than,157
accordance,12
monopolies,6
freeholds,1
retracing,1
fruits,1
respectability,1
remained,8
correction,1
refrained,2
states--the,2
recover,2
form,50
renewing,1
spoliations,1
manufacturers,1
equipment,1
swelled,1
begin,4
oppressive,8
price,3
successive,2
foothold,3
forever,7
attempting,4
steady,1
slaves,10
abraham,1
german,2
fifty,4
fifth,11
ground,20
ratio,6
title,17
proclamation,49
proportion,8
texture,1
assented,1
only,146
inventions,3
thompson,2
invisible,2
truly,3
fortifications,1
revulsion,1
seldom,3
$--a,1
effectual,6
prosecutions,2
concert,1
anchored,1
elected,12
namely,7
unfit,2
concern,4
between,109
import,1
justified,6
notice,11
blame,1
article,19
emigrant,2
stipends,1
pertain,3
enabling,9
susceptible,1
reluctantly,1
comes,6
madness,1
dispatch,14
proved,7
actually,7
punishes,1
cares,2
informed,7
absence,7
punished,11
dangers,3
informer,1
systems,4
subjecting,1
wounds,2
ones--that,1
suspected,1
countless,4
developing,3
these,227
soil,4
commander,17
commanded,4
develop,1
inquire,3
gentlemen,7
epoch,3
inquiry,12
centuries,2
enjoyment,6
conquered,8
inspector-general,1
mentally,1
theater,4
bondage,4
charges,6
constitutional,64
severe,1
immeasurable,1
state--a,1
coordinate,3
homogeneousness,1
charged,6
valuable,3
civilized,8
renewed,10
legitimately,1
improvement,4
subversion,1
treatment,2
struck,1
disproportionate,1
real,15
rules,15
ruler,3
early,26
earnest,11
using,2
execution,27
recipient,1
collective,1
annually,3
benefit,13
fully,29
twelve,6
exposed,4
pursuance,16
duration,2
enacting,1
passions,5
perverse,1
recorded,3
business,19
sixth,9
equivalent,5
credits,1
negotiated,4
sixty,3
francis,1
throw,1
comparison,1
central,4
intolerable,4
stanton's,8
greatly,8
testimony,10
invested,2
deranged,1
nonintervention--a,1
resuscitate,1
your,79
intervention,4
forwarded,1
prepare,4
area,2
assumed,23
low,1
lot,1
assumes,5
beneficent,5
teachings,1
delayed,5
two-thirds,5
domingo,5
trying,1
fraud,8
circulation,26
lawfully,4
irreconcilable,1
intents,3
moved,1
sales,2
judicially,2
administered,5
event,14
fifty-five,2
trample,1
valid,7
you,137
forcing,3
poor,3
ineligible,1
perils,4
desolation,1
endeavors,1
massachusetts,1
suited,4
fiscal,36
condensation,1
loyally,4
controlled,6
apathy,1
requisition,1
profits,1
doubted,3
embracing,3
surrounded,1
ceases,4
induces,1
month,16
ceased,5
managed,2
religious,1
griffin,1
referring,4
deep-rooted,1
adjutant-general's,2
safety,17
pledges,1
very,59
magistracy,1
decide,16
concurring,2
squadrons,5
deficient,2
ceaseless,1
prohibitions,1
last-mentioned,4
nullity,1
colossal,2
enhancement,2
enjoin,1
attributable,1
casual,1
conscience,3
witnessed,1
emotions,1
witnesses,3
certificates,2
learned,2
acknowledgments,2
loose,1
modify,4
answers,1
excess,11
eventful,1
strong,8
colored,10
conviction,15
soldier,16
amount,40
family,3
requiring,2
tendered,3
takes,7
probabilities,1
contains,15
almost,18
taken,52
injury,5
instrumental,1
excuse,4
commenced,5
impulse,2
pretense,2
sovereignty,2
nebraska,10
nine,2
history,27
tenor,1
exclude,4
species,1
firmly,5
intrusts,1
ratified,18
foreseen,1
reject,6
vigilance,2
country--the,1
idaho,1
tried,7
rude,1
derived,13
invasion,15
derives,3
compulsory,1
a,1430
inundations,2
dread,5
banks,13
remnants,1
help,3
soon,21
held,60
committee,5
committed,22
taxpayer,1
disfranchises,1
reluctance,1
fruitful,2
territorial,4
disclosed,1
differed,1
founders,2
disfranchised,5
forbear,2
evening,2
food,1
anticipated,6
foot,7
well-known,2
erection,1
occasions,5
intervene,1
semiannual,1
did,62
promotive,1
referred,23
heavy,2
irreconcilably,1
thirteenth,1
punitive,1
columbia,5
beyond,19
absurdity,1
anarchy,3
since,43
testify,2
sustain,10
issue,14
appertaining,2
favored,3
toiling,1
houses,21
reason,29
base,1
ask,13
earliest,9
revolutionary,6
terrible,5
cheering,1
american,45
expecting,1
undergo,2
devolve,7
assign,1
consultations,1
moorings,1
arbitration,2
interwoven,1
obedience,18
station,3
hundred,24
insure,7
authors,4
taxable,1
consonant,1
scheme,1
kindly,4
miseries,1
anticipate,4
aristocracy,1
tunis,2
ecuador,3
attorney,1
toward,19
deciding,2
affirmative,1
controvert,1
substantial,2
concentration,2
null,5
lie,2
suddenness,1
empowered,5
officers,89
useless,1
comprehended,2
experienced,2
frauds,4
quote,2
plunder,2
barbarism,1
approved,20
chronicle,4
clear,31
unreasonable,7
ineradicable,1
'an,3
completion,7
northern,5
justice,44
convinced,6
assertion,7
imparted,3
grew,1
combinations,5
during,98
sacrificed,1
alteration,3
sacrifices,2
withdrawal,3
switzerland,3
courteous,1
irrefragably,1
seventeen,1
patriotism,6
culture,2
irredeemable,3
close,13
gravitation,1
probable,3
probably,7
conditions,16
risks,1
distinguish,1
both,38
forgotten,3
complies,1
whatever,23
vessel,1
complied,2
unrestrained,4
described,4
exert,2
maintenance,5
collected,5
threaten,2
territory,44
sanders,2
compromises,1
lived,2
partly,2
citizen,32
else,6
determination,7
utmost,3
look,5
governor,12
while,81
confederacy,4
endanger,1
fleet,2
animated,2
unexampled,2
computed,2
disunionists,2
voters,10
herein,8
number--remain,1
confound,1
rulers,4
ready,10
municipal--and,1
grant,61
belong,8
repudiated,1
grand,6
modification,4
conflict,17
clearness,1
used,12
temporary,3
herewith,10
poland,1
obviously,1
cleary,2
consistency,2
secession,12
speculative,2
abstain,1
judgments,3
settlements,3
incongruity,3
quarters,3
useful,5
lieutenant-governor,5
retirement,1
$,160
possessory,1
guaranteed,3
exercising,9
questioned,3
ballots,1
guarantees,2
remaining,4
march,28
showing,11
dominions,3
dearly,1
overthrown,1
districted,2
vests,3
success,10
submission,5
signal,2
resorted,1
strife,6
ordnance,1
popular,16
saddled,1
parade,1
fathers,8
creation,1
some,87
urgent,1
delivered,5
exceeding,4
providence,4
civilization,3
inconvenience,2
lakes,2
colonization,2
step,6
complete--or,1
abroad,10
troops,5
faith,22
bureaus,3
monarchical,6
allotment,1
silence,1
seeing,2
within,119
unimpaired,11
ensue,1
conscientious,3
rolls,5
statistics,3
renewal,4
placing,1
accountability,4
consultation,1
intervenes,1
fisheries,2
withholding,2
himself,26
breech-loading,1
duly,11
registered,7
reiterated,1
inclose,1
properly,9
conformable,1
russian,1
warlike,1
prolongation,1
circuits,3
vacancies,7
accustomed,5
--that,1
similar,7
vassalage,1
ordered,5
metals,8
languishing,1
unwise,4
federative,1
ancestors,3
objection,5
prerogative,1
fears,3
application,15
department,151
kansas,1
visits,1
william,12
refrain,1
reservation,3
restrained,1
structure,2
urged,9
e,2
practically,7
required,38
orbit,1
banishing,4
everywhere,8
requires,21
virtue,16
eradicated,1
cheerful,2
proposition,13
notify,1
go,9
compact,1
excludes,1
transacted,1
suits,1
excluded,17
friendly,13
virtuous,2
prudence,1
miners,1
enslaved,2
yourselves,1
positions,3
inspection,1
enforce,15
comforts,1
booty,1
picket,1
notwithstanding,7
climes,1
auspices,1
reviews,2
colonel,1
guaranties,6
experiment,5
melancholy,2
prescribe,8
following,38
asuncion,2
enterprising,3
convert,3
withdrawing,1
products,1
commendable,1
patents,3
foresee,1
danger,17
win,1
juries,1
manage,1
thirty-one,1
subserve,1
addressed,6
wit,5
announced,1
remains,14
hudson,1
agreeable,1
exhaustive,3
indefensible,1
formally,5
becomes,13
vicinage,1
unfaithful,2
appointee,4
appointed,48
announcing,1
lapse,2
irreparable,1
servants,4
meet,12
conformity,10
control,25
consulted,1
escaped,2
inviolate,5
sought,10
wonderful,2
hesitate,3
jails,1
arrangement,2
enactments,7
located,2
sentiments,5
frontiers,1
reestablish,2
unserviceable,1
chiefs,1
comprehends,2
foment,1
introduced,4
advocated,2
baird,6
procrastination,1
workingman,1
rebellious,3
including,19
mentioned,12
exclusion,3
temporal,1
pensioners,5
demoralize,1
hands,36
masters,2
mastery,2
adjournment,2
mode,18
upward,3
malfeasance,1
globe,2
pursuits,6
constitute,7
measure,43
separating,1
special,18
gallant,1
secretly,1
mcmahon,1
unlawful,9
cause,33
consigns,1
dissented,2
that--,6
recommendations,4
delegates,10
attending,3
completely,8
delegated,2
resumed,6
hostile,5
route,1
diminished,6
times,15
stride,1
purpose--certainly,1
resumes,1
timed,1
mankind,4
prospective,1
seasonably,1
possessing,5
powerful,6
bars,2
improving,2
seasonable,2
signify,1
precisely,1
quality,2
management,6
avowed,1
adopted,28
attach,2
perfectly,8
belligerents,6
final,9
townsend,2
perpetuities,2
punish,9
exactly,2
manifestation,1
overwhelming,1
distinguishes,1
beg,1
submitted,35
claim,12
bey,1
providing,10
subjoin,1
descriptions,1
exhibit,5
enforced,11
lightly,2
unchanged,3
thereto,7
enforces,1
need,18
constrained,7
assurances,2
pursued,5
able,13
purchasing,1
instance,9
sufficiency,1
amity,2
vengeance,1
connected,5
but,305
intrinsic,3
consequences,11
undeniable,2
proceedings,28
constrain,5
affair,1
violation,25
halting,1
well-being,1
soldiers,11
o,2
untimely,2
based,10
unfinished,1
sheriff,1
earned,2
hopeful,1
unions,1
employer,2
inherited,1
attained,4
employed,9
gratify,2
commendation,2
leased,1
maritime,3
joint,22
legitimate,8
magistrate,7
kong,1
gray,1
processes,2
places,13
expansions,2
oppressively,1
incapacity,1
she,4
contain,4
years',2
accuser,1
superseding,1
transcendent,3
capitalists,1
legacy,1
changes,1
humane,3
tend,6
written,7
correctly,2
allotted,3
neither,15
sole,1
importance,17
indiscriminate,2
spared,1
key,1
approval,23
precious,8
problem,1
despotic,1
undetermined,1
interpretations,2
diligent,1
career,2
minds,6
admit,27
manifestations,1
estimation,2
disqualification,10
cordial,5
tuesday,7
habitual,1
competent,6
congresses,1
accomplishing,1
addition,7
discrimination,7
overthrowing,7
immense,4
treat,3
shoulders,1
corresponding,4
league,2
efflux,1
expenditure,6
decreased,1
quotation,1
novel,1
reassembling,1
resident,4
resolution--,1
examined,3
parte,1
began,1
tripoli,1
parts,17
speaker,1
northwest,1
incumbent,4
party,26
rightfully,1
scourged,1
effect,35
frequently,1
destruction,9
scarcely,5
transaction,1
reflection,5
i,432
obstacles,1
well,79
gold-bearing,2
restore,10
discord,3
mistaken,1
detail,6
sources,3
ablest,1
distant,5
purified,1
imposes,6
extends,2
warrant,9
indignation,2
definitive,1
ample,4
devised,1
crushed,1
historic,1
burden,5
intimates,1
immediately,15
amply,1
loss,6
lincoln,8
necessary,84
lost,7
sages,2
payments,9
lose,1
refugees,14
regardless,2
therein,22
shed,1
tempered,1
redress,5
home,15
colonized,3
solicits,1
broad,2
delaware,1
oppression,13
demonstrated,1
hinder,1
startling,1
monetary,1
expansion,2
imperfectly,2
prohibited,3
sheriffs,1
choked,1
refuge,1
staked,1
freedom,25
recognized,8
compatible,2
recognizes,2
persuaded,1
equally,19
fettered,1
previously,4
washington,27
attains,1
leniency,1
capable,4
doubtless,4
mississippi,19
accused,6
additional,8
receipt,6
north,37
admonish,1
neutral,1
gain,1
courts,62
ordinances,5
manifests,1
ultimo,11
he,283
oligarchy,1
signed,1
cruel,4
converted,1
limit,7
mechanics,2
diligently,1
plenipotentiaries,1
devise,2
reservations,3
universal,9
education,3
jurisdiction--one,1
functions,28
rumors,1
contest,5
thirty-six,2
animosity,2
friends,8
appoint,18
pestilence,1
fertilize,2
danger--,1
portion,32
theretofore,1
lives,6
indirectly,7
aided,1
pardon,11
dissolution,2
bear,16
protest,7
perverted,1
consists,6
captain,3
whose,48
disability,4
boundless,1
presents,12
sway,2
cruising,1
rescue,1
destitution,1
void,10
misunderstanding,1
confederate,6
affect,4
vast,18
clothed,5
companies,4
solution,1
convenience,2
pardons,1
deplorable,5
force,57
likely,4
subordinate,17
even,51
limits--to,1
preferences,1
desirous,3
saved,1
asia,2
new,67
net,5
ever,31
harbors,1
deemed,19
repugnance,1
relates,4
men,48
met,5
active,4
rests,6
guide,7
credit,10
permit,3
adopting,1
suitable,10
plea,1
county,5
ninety,2
moral,11
circumvent,1
receivable,2
criminals,2
army,54
arms,15
call,18
calm,1
intrust,1
recommend,11
expose,2
wars,6
post-office,8
disruption,1
room,3
end--is,1
rights,100
interposition,1
exceptions,6
root,1
newfoundland,1
defer,2
give,40
assent,11
involve,4
sixty--three,1
stanton,86
advancing,1
answer,10
commencing,2
minority,3
undergoing,3
reconciled,3
loyalty,11
long-continued,1
president,317
purchase,8
attempt,19
third,26
assuredly,3
maintain,19
waited,1
capitalist,1
inhabitant,1
operate,9
operations,20
cession,2
superadds,1
before,99
personal,6
unprovided,1
better,7
enlisted,2
persist,1
subsisted,1
weeks,3
overcome,6
weakness,1
unemployed,1
antagonisms,1
arrested,2
victories,1
went,3
piratical,1
side,9
instrumentality,1
afforded,1
successively,1
durability,2
principles,34
taught,3
navy,28
clauses,2
extract,1
imperiling,1
contend,3
decree,2
revolting,2
content,5
adhesion,1
reader,3
surprise,1
venezuela,2
resume,8
bestow,3
struggle,5
professions,1
messages,2
signature,5
impede,1
people--not,1
economists,3
grade,3
thereof,28
plurality,1
disappearing,1
enumerate,1
dwelt,1
disqualifications,1
solemnly,4
villages,1
somewhat,1
requisite,10
peculiar,7
hampden,1
anxiety,2
enabled,3
bitterness,1
imputation,1
preparation,3
matter,20
deserving,4
mitigating,1
bidder,1
modern,1
mind,19
mine,2
seen,10
seem,23
seek,4
expeditions,1
demoralizing,5
regular,6
affirmatively,1
inconsistency,3
mitigate,1
observation,1
alarm,2
incompatible,6
m,8
congress--continued,1
points,9
principle,28
consumes,1
discontent,2
amending,6
jurisdiction,49
ending,30
treaties,10
attempts,4
bondholders,3
supplied,1
nevada,1
parana,1
judges,19
resisting,2
explain,2
debts,11
remittance,1
exports,5
establishes,3
rejoicing,1
confiscation,9
perceive,4
convulsed,1
coast,10
comply,4
earn,2
fields,7
thrusts,1
bay,1
illegitimate,1
bad,3
seeks,1
fertility,1
attest,1
unworthy,1
comprehensively,1
reference,34
alterations,1
decided,14
subject,106
brazil,5
said,122
artificial,2
disprove,1
adjudged,1
restricting,1
richest,1
suggested,5
uncertainty,3
against,97
distinction,6
contribution,1
appeared,3
incessant,1
springs,2
apprehended,5
proceeded,7
eradication,1
basis,10
three,35
erect,1
particulars,4
commission,24
interest,41
entered,15
prosperous,2
suppress,4
dismiss,1
personally,3
harshness,1
exception,10
affirm,2
conforming,1
near,7
suppose,7
imperatively,4
murders,1
anchor,3
guardianship,1
seven,15
mexico,18
is,1032
it,972
defeated,4
iv,1
ii,3
shame,1
inclosing,1
in,2064
evincing,1
disappear,1
if,257
grown,2
fatherless,1
parish,6
make,70
potentially,1
unfortunate,3
colonies,3
capacities,1
entitled,45
meets,2
governors,8
sacramento,2
declaring,5
supposing,1
overt,2
opportunity,6
thoughts,1
practiced,1
unconditionally,1
inherit,1
approbation,2
materials,2
resuming,2
qualities,2
claims,13
yours,6
left,33
facto,2
consciousness,1
sentence,7
rebellions,2
swearing,1
assigned,4
reformation,1
human,3
facts,13
yet,47
candidate,3
infinitely,1
pecuniary,3
regarded,18
assassination,3
character,43
save,7
designate,4
involuntary,2
auspicious,3
wanting,3
dignity,14
states',2
repossessed,1
patience,1
performing,3
unnecessary,9
navy-yards,2
commanders,8
conciliation,1
deal,1
repudiate,2
cogency,1
maxim,1
dead,1
dear,2
repelling,4
undisturbed,5
notification,1
dispelled,1
bold,1
schriver,1
unwillingly,1
commit,3
marshal,1
amounted,13
intellectual,1
down,8
lies,5
doctrine,2
lieu,1
preemption,1
illustrious,1
approximate,1
effaced,2
fraction,1
vacated,2
bolivia,3
offering,4
failure,6
surrender,3
atrocities,1
evinced,1
continuance,10
attached,2
temper,3
originating,1
strengthening,1
one-third,4
drive,1
claimants,2
ship,2
fraternal,5
marking,1
discriminate,2
locality,1
authoritative,1
fosters,2
generally,10
handed,1
answerable,5
faction,1
felt,11
exported,4
authorities,14
transfers,1
assume,15
daily,1
stripping,1
restored,19
customary,2
ungranted,1
relieve,4
mild,1
abundant,1
retention,3
anticipation,1
depend,6
disorders,3
father,1
answered,6
finally,16
unpleasant,2
marks,1
suffered,5
telegraph,7
permissive,1
defying,1
advised,13
governments,47
staples,1
excellency,1
excellence,1
entertained,13
provost-marshals,1
adds,2
annals,1
international,5
unrestricted,3
filled,3
proclaiming,1
transportation,4
clerk,4
involuntarily,1
french,5
wait,1
box,2
institute,1
expulsion,1
suggestion,2
elect,5
merely,20
refuses,2
patriots,3
subverted,2
wealth,13
sake,2
france,15
peru,4
letcher,2
lessened,2
rigid,4
effort,5
soul,1
impel,1
growing,10
making,26
repressing,1
arrive,1
nearest,2
agent,10
council,4
justness,2
beverley,2
thirty-three,1
till,6
sunday,3
sword,2
sworn,3
rivaled,1
may,298
trade-marks,1
designed,11
destructive,4
grow,2
man,22
johnson,20
provide,16
deposit,2
african,6
framing,4
gradual,2
availing,1
stability,5
police,5
interesting,2
policy,50
mail,14
deducting,1
main,1
undermines,2
texas,27
mulattoes,4
finance,2
views,23
impulses,1
sooner,5
tucker,2
interview,3
touching,2
developments,1
possess,3
attorneys,2
adjudicated,1
promulgate,2
rock,1
conventions,14
diversities,1
aloof,1
tempore,1
summary,1
canada,4
living,1
jackson,5
forty-one,1
interference,6
imperative,6
emerged,4
correct,6
assurance,6
earlier,1
remittances,1
felonies,1
california,3
forbids,7
advance,3
language,14
ministry,2
thing,10
long-indulged,1
misgovernment,1
sufferance,1
think,13
frequent,3
first,88
remuneration,3
discharges,2
disburse,1
long,41
suspended,17
carry,16
corporations,2
rome,1
discharged,9
little,9
man--the,1
unduly,2
anyone,4
escort,1
peirpoint,1
participated,9
speaking,2
bloodshed,1
africanizing,1
continuous,1
untried,3
interdict,1
undoubtedly,4
illegality,1
framers,5
browning,1
protected,6
were,239
union--so,1
voices,1
conspiracy,1
spectacle,1
occupied,10
bavaria,1
efficient,14
foreigner,1
endangered,2
potential,1
interior,14
performance,11
channel,2
investigations,1
paid,13
complaints,2
coveted,1
acknowledges,1
especially,23
surprising,1
fills,1
pernicious,1
massacres,1
precise,5
show,14
accession,1
representatives,77
elevate,2
treasure,4
soliciting,1
impunity,1
amendment--seven,1
black,3
treasury,55
sanguinary,1
get,1
contracts,8
designated,8
nearly,23
distinctly,7
designates,1
yield,5
morning,6
miles,8
communicated,6
declared,49
seas,2
eighteenth,1
seat,9
relative,2
declares,29
seal,7
rigidly,1
steadfast,1
mayor,2
boundaries,3
enough,13
enumerated,7
across,2
august,31
tacit,1
countenance,3
magna,1
all-embracing,2
according,34
tour,1
dated,3
cognizance,4
guardians,1
holders,5
franchise,16
among,21
accusation,3
maintained,12
grants,3
mulatto,1
nationality,2
comprehend,2
custody,15
considering,3
unusual,3
government--the,1
fellow-citizens,14
borders,2
educated,2
offered,3
declaration,10
those,161
sound,10
predicament,1
disconnected,1
residence,8
investigating,1
superintendence,1
ulysses,3
conferences,1
eventually,3
characteristics,1
sincere,2
middle,1
hereinbefore,1
sudden,4
wisely,4
movements,2
different,19
harsh,2
pay,10
edwin,7
same,107
speech,2
arguments,3
deference,3
extended,11
assist,4
annulled,1
totally,3
largely,9
amounts,6
accountable,1
solve,2
convened,4
amazed,1
consisted,1
banc,2
pursuits--,1
money,23
limited--as,1
unofficial,1
aspect,1
arbitrament,3
statesmen,5
trespasses,1
extensive,3
heavier,1
moneyed,2
admitting,6
netherlands,4
secrecy,1
credentials,5
railroad,6
disappointed,1
adams,1
commissary-general,1
chamber,1
either,42
served,1
voluntarily,11
robbers,1
imprisonment,12
pronounce,1
specified,7
gross,4
outs,1
colonial,3
footing,10
pioneer,1
laudable,1
expressing,2
moderate,1
manufactured,1
fitness,5
broken,5
transpiring,1
pretended,17
refers,8
fifteen-fold,1
regulations,14
conducting,1
is--not,1
stations,2
island,9
violence,5
practical,11
mounting,1
provisional,10
road,6
fallacy,2
contrariwise,1
quietly,2
superintending,1
fertile,3
whites,9
blessed,1
strip,1
aggrandizement,1
one-fifth,1
acquiesced,2
decisive,1
unsettled,2
arranged,2
indissoluble,2
powers--executive,1
cessions,1
conqueror,1
purpose--of,1
affection,3
deliberation,2
deep,3
general,173
examine,4
deem,14
file,1
fill,8
selfish,1
amendments,8
sufferings,1
designating,2
field,2
president's,10
academies,1
shelter,2
important,36
equitable,1
prudent,3
conclusive,3
remote,4
percentage,1
inhibited,1
u,4
resolution,50
represent,2
needful,1
forget,3
forbidden,5
dollar,2
founded,4
invariably,1
expressions,2
children,5
unobstructed,2
inexhaustible,3
preserved,9
tranquillity,8
returning,4
fall,5
difference,10
applicable,11
economically,2
withheld,2
preposterous,1
titles,1
forcible,1
repeals,2
stood,5
contumaciously,1
judicious,2
public,167
movement,6
promising,1
component,2
nation's,5
ranges,1
disastrous,3
operating,2
standard,12
admits,2
providentially,1
enmity,1
hard-earned,2
misery,1
whereupon,1
authorize,4
transit,4
usurpation,9
seceded,1
sanction,17
extinction,2
armed,15
legislator,2
suspensions,1
uniformity,2
distinct,4
two,73
comparing,1
warmed,1
libel,2
undivided,2
wipes,1
landed,1
controlling,1
particular,4
disfavor,1
town,2
none,21
hour,1
remain,31
paragraph,2
abandon,1
compare,1
share,5
sphere,5
minimum,1
numbers,10
purchased,4
deplored,1
caprice,1
needs,4
obnoxious,1
comfort,5
sacred,12
advice,19
familiarized,1
blood,3
accorded,2
deducible,1
crowded,2
unreservedly,1
responsibility,15
pleasure,8
excepted,9
rounded,3
industrial,6
through,54
existence,15
possessions,2
forthwith,1
late,27
triumphantly,1
someone,2
undissolved,1
obeyed,6
inception,2
complain,1
impliedly,1
easily,3
pregnant,1
safe-keeping,1
evade,4
token,1
habits,7
subjugation,8
ports,8
harm,2
everyone,3
mental,2
house,67
energy,5
hard,1
idea,7
engaging,5
furtherance,1
obtains,1
lovers,1
funding,1
schurz,1
discouraging,1
seaport,1
acting,9
court--that,1
lawrence,2
enforcing,3
extraordinary,7
members,54
backed,1
beginning,18
benefits,9
omit,1
conducted,7
indebted,1
embraces,3
waged,10
instances,4
done,26
embraced,7
wages,2
long-vexed,1
twenty,3
revive,2
least,28
obligatory,3
regulation,5
assumption,13
statement,17
rates,4
lease,1
costa,2
favorably,1
part,78
favorable,3
obstructed,5
believe,16
corpus,11
supposes,1
recording,1
contrary,28
supposed,11
treated,3
declare,31
ages,5
decrees,2
self-sacrificing,1
orders,25
mountain,1
built,1
depending,1
remedying,1
majority,24
build,4
province,3
most,80
coercing,1
significant,2
services,4
engagements,2
fluctuate,1
mediation,2
comitatus,1
particularly,1
rebels,6
disturbances,1
obligations,25
commissions,2
relation,27
carefully,15
fine,11
find,11
depended,1
ruin,2
distributed,3
permission,3
slandering,1
express,16
courage,1
words--anything,1
postages,1
annexation,2
inaugurate,1
merchandise,2
mcculloch,2
remove,33
common,19
semiannually,2
abetting,1
individual,15
manly,1
gravest,1
tender,6
materially,2
feared,2
repairs,1
degree,7
unacknowledged,1
superseded,1
please,4
smallest,1
envelopes,1
insurrection--none,1
vindicated,3
months--amounted,1
commercial,19
oppress,1
renews,2
vindicates,1
indiscriminately,1
reverse,3
appropriations,15
solely,5
annual,26
foreign,41
mean,4
baltimore,1
point,13
simple,11
prosecuting,1
tennessee,28
simply,7
asserted,6
throughout,20
suppressing,5
expensive,2
patiently,1
raise,2
create,6
faithfully,16
ireland,7
meeting,17
cruelty,1
understand,11
gag,1
unnecessarily,2
bill,170
elections,23
deferred,3
state--prescribed,1
replaced,1
consular,3
impracticable,5
portugal,1
century,7
encountered,1
itself,54
confining,1
around,6
italy,6
dishonor,1
wherein,2
development,7
absolves,1
yesterday,4
retrenchment,7
moment,15
purpose,67
aggregate,12
infused,1
predecessors,3
task,1
supersede,2
legal-tenders,2
fellow-men,1
forfeited,2
spent,2
withdraw,4
toil,1
entry,1
prevention,2
vindictive,1
profoundly,1
matured,1
shape,4
openly,2
alternative,4
dishonesty,1
injuries,4
wage,1
cut,1
court-martial,2
deputy,2
impoverishes,1
saw--is,1
source,11
deliberately,1
well-disposed,2
animosities,1
excited,3
hates,1
habeas,11
conformed,5
displace,3
matters,16
foreigners,3
follows,19
austria,2
indication,2
disqualifying,1
often,5
collectors,2
absolutely,10
obliged,1
delegation,1
martial,20
strongest,2
nicaragua,1
ourselves,16
pronounced,2
acquaintance,1
affects,3
decision,25
per,34
people--the,3
connecting,1
verbally,1
pronounces,1
exorbitancy,1
rebellion--a,1
resolutely,1
inimical,1
patient,1
remembered,1
peculiarly,1
clay,3
continuing,4
virtues,3
severities,1
defrayed,1
goods,2
conciliatory,1
consequently,1
misplaced,1
aliens,2
invading,2
framed,4
neutrality,5
frames,1
lesson,1
bankruptcy,2
errand,1
manifested,4
derangement,2
forward,4
constitutionally,8
hoped,4
directed,8
rejection,3
requesting,4
exploration,1
possession,12
constant,7
puget,1
expedition,6
deprive,6
single,16
necks,1
prevail,6
denying,3
coastwise,2
excused,1
composing,4
excuses,1
insurrectionary,4
statutes,6
confine,4
accidental,1
lend,2
instant--that,1
amended,9
prepared,10
restoration,42
utterly,4
lent,1
implies,2
appalling,2
dispassionate,1
ascertained,2
implied,3
presenting,2
failures,1
ninety-second,1
minors,1
restraining,1
declares--,1
query,1
disintegration,1
compose,1
integral,3
enjoined,3
breaches,1
nullities,2
maryland,1
fatal,1
putting,3
accuse,1
clement,3
entire,24
respectful,2
profligacy,1
disbursements,5
insubordinate,2
rivers,3
transgresses,1
insertion,1
exuberant,1
reconciliation,5
confided,3
giving,13
assisted,1
inconveniences,1
access,1
exercise,74
body,19
justification,3
exchange,1
repudiation,2
averment,1
objects,15
sink,1
others,27
sine,1
preamble,12
implicit,1
extreme,3
remark,3
alaska,2
contradiction,1
principally,2
honor,18
composed,7
named,13
presidents,1
private,12
extravagance,2
decrease,1
names,4
resolutions,2
disfranchisements,1
earnestness,4
reciprocity,4
themselves,65
defendant,1
assailed,1
reissues,1
emigration,7
train,1
prizes,1
magnanimous,1
informally,1
procuring,1
iii,3
president',1
account,8
f,2
obvious,6
internecine,1
admiralty,1
something,4
prohibiting,7
proportions,1
infantry,1
effectively,2
civil-tenure,2
native,3
spain--a,1
varied,3
democracy,1
holds,6
regions,5
responsibilities,5
attachment,4
meditated,1
buildings,2
specifications,1
waters,1
nullify,1
legality,2
bill--the,1
ambiguous,1
bind,3
lines,7
correspond,2
chief,25
subsequently,1
looking,4
furnish,8
galveston,2
borrower,1
alacrity,2
lands,29
electors,17
revived,1
la,2
decorum,1
whereof,13
labor,26
age,6
willing,4
criminal,13
extradition,1
greater,22
descendants,1
insisting,1
kindness,1
day,83
february,18
thrill,1
warned,4
preclude,1
correlative,1
disregard,6
averred,1
abrogation,1
burdened,3
announces,1
defend,16
repress,2
potomac,1
arkansas,20
red,2
thereupon,2
qua,1
delinquency,3
receipts,22
allies,3
deprived,18
allied,1
qualification,5
barriers,3
retain,5
millions--while,1
facilitate,2
south,38
domiciled,1
seventy-six,1
reaches,1
embarrassed,2
improvements,3
reached,19
moiety,1
owning,1
ancient,2
nonconcurrence,2
establishments,4
lamentable,1
intermediate,1
acquiescence,5
explanation,4
acquire,3
self-sustaining,3
negro,15
inestimable,2
discretionary,1
calamity,3
visited,1
abolished,4
counting,1
unlikely,1
have,580
dictate,1
apparently,1
continents,2
concerns,2
provoked,1
unless,14
procure,2
pausing,1
eight,6
preliminary,2
prisoner,1
payment,23
request,13
capita,6
artificially,1
occasion,14
selection,4
supported,4
paternal,1
inspiring,1
knowledge,7
concurred,1
inferior,11
regularly,2
exceptional,2
pave,1
perfection,1
aforementioned,1
deputies,2
humanely,1
unprejudiced,1
exportation,2
encounters,1
fixes,2
calling,4
fixed,16
fallibility,1
conform,15
omission,2
constructing,2
exists,16
national,90
accord,3
enhanced,4
greece,2
precedents,1
reform,2
difficulties,6
progress,13
boundary,1
monarchy,2
excluded--those,1
instant,12
revoked,5
robberies,3
freely,1
taking,9
repealable,1
equal,37
fulfilled,3
assure,2
allaying,1
passing,5
masses,7
otherwise,18
comment,2
sixty-three,1
fostering,3
commend,3
ad,29
copies,3
exhausted,4
proposal,1
define,4
arises,3
perplexed,1
stationed,1
essentially,3
assert,3
perplexes,1
assessments,2
undiminished,1
locomotives,1
arisen,2
volunteer,1
homes,3
plain,14
excusing,1
value,28
president--,1
instigated,1
promoted,2
advisable,1
inflicts,2
dissent,2
respected,2
arrangements,4
claimed,11
landmarks,1
administration,35
twelfth,3
injured,2
practice,10
again,34
judgment,36
numbered,1
recourse,2
center,1
nevertheless,7
weapon,1
antonio,1
thought,11
retiring,2
exceedingly,3
govern,9
redeemable,1
sets,1
position,14
arising,12
usual,4
negotiation,3
stores,2
excise,1
ratify,1
executive,96
domestic,27
evince,1
interim,30
books,11
seats,12
dakota,2
protecting,3
discreditable,1
absorption,4
onward,3
lake,1
recommending,1
bench,2
add,11
unparalleled,1
propositions,3
ought,31
resolved,11
judiciary,6
elapsed,1
displaced,3
like,23
excluding,5
admitted,35
displaces,1
works,2
heel,1
italian,1
accessible,1
authority,141
convey,1
recommendation,8
proper,73
traditionary,1
happens,2
jurisprudence,1
discretion,8
economical,1
assuming,4
conference,7
slight,1
lieutenant,3
although,13
worthy,11
about,14
actual,24
boards,2
certainty,4
blessings,9
prevailing,2
injuriously,4
rendered,4
faithfulness,1
submits,1
billions,2
chronic,1
guard,4
inasmuch,3
enticed,1
sequel,2
preparations,1
insured,2
repeated,4
plague,1
partially,1
aggravated,2
wise,15
glory,1
inculcating,1
dangerous,10
now--if,1
supreme,29
exceeded,5
periods,6
our,393
paraguay,9
proceeds,5
right-minded,1
revocation,2
corporation,1
claiming,2
impossibility,1
internal-revenue,4
insupportable,1
enlargement,4
augmentation,1
acknowledgment,2
prevalent,1
presentment,5
secretary's,1
limited,11
assembles,1
colleges,2
facilities,5
intercommunication,1
hating,1
assembled,9
undisputed,3
violate,4
paris,2
whatsoever,2
under,210
reforms,1
pride,1
regrets,1
merchant,1
applied,16
conjecture,2
legislators,4
risk,5
disfranchise,1
every,114
gratification,1
administration--general,1
conceive,1
impolicy,2
enjoy,6
parted,1
leaders,2
construed,5
consistent,15
welfare,8
estimates,8
direct,18
estimated,26
solemn,9
selected,4
liberty,40
mischievous,1
conduct,9
ebbs,2
supplies,3
mints,4
hundreds,2
represented,13
path,3
property,53
distinctness,1
thronged,1
leaves,6
changed,12
depreciated,11
abolition,6
stipulated,4
settled,8
punishment,22
prints,1
feelings,4
sorrows,1
visible,1
swings,1
would,259
raids,1
assessment,2
barbarous,2
acceded,1
grief,1
supplemental,2
must,131
me,100
join,2
advocacy,1
mr,106
baird's,1
my,192
estate,2
florida,15
preserving,1
keep,9
guarantee,4
end,35
elector,4
sitting,1
postmaster-general's,1
accusations,1
widespread,2
charging,1
plighted,2
description,2
insecure,2
parallel,2
provisionally,1
acknowledged,12
perform,28
ultimate,3
enter,7
roused,1
preventive,1
vapor,1
executed,10
interpretation,7
wound,1
over,58
borneo,1
expectations,4
exhibits,5
writing,5
destroyed,8
compelling,1
iowa,1
prevented,7
repudiating,1
i_________do,1
alex,1
notified,3
filling,1
victory,2
each,87
group,1
combining,1
saturday,9
clothe,2
dis-unionists,2
fraught,1
god,7
laid,6
lain,1
newly,2
twenty-five,4
independence,14
free,60
aforesaid,18
formation,10
laborer,2
correctness,4
days,9
labored,2
already,26
encouraging,3
rank,7
hearing,4
relations,54
revival,1
representation--i,1
too,32
inconvenient,1
unbroken,3
reparation,1
murder,1
serve,4
took,11
kindest,2
western,1
abated,1
classed,1
frankly,1
nominate,2
classes,21
oregon,1
seminal,1
further,53
regulate,16
relapse,1
rapacity,1
thoroughly,2
steamboat,2
degenerates,1
thorough,4
localities,2
propitious,1
incapable,3
though,20
commanding,15
coin,16
heretofore-recognized,1
parting,1
prevails,4
devastating,2
flow,2
treaty,19
reputation,1
enterprise,9
entertaining,1
section,77
inspire,2
endear,1
reductions,3
reorganize,2
arrayed,1
diminish,9
earth,5
bail,3
availability,1
appealed,1
minnesota,1
institution,1
announce,2
unnaturalized,1
axiom,1
borrowed,1
hostility,2
amazon,1
all-wise,2
report,49
countries,19
twice,2
ruins,1
brigadier-general,2
wrest,1
resist,3
corrupt,1
discriminating,3
capacity,7
temptation,4
continually,3
protectorates,2
reiterate,2
confusion,2
weak,1
however,65
deposes,2
adapting,1
protect,26
fault,1
extracts,1
distinguished,4
merging,1
variance,2
expense,7
trust,16
department--no,1
been,434
quickly,1
expected,16
removal--one,1
glided,1
affixed,8
transatlantic,2
craft,1
majesty's,2
deliberations,2
apprehension,7
legislating,1
lessen,2
kentucky,1
n,2
inviolably,1
natives,1
expenses,21
containing,5
suggest,2
prussia,3
complex,1
bands,2
several,60
published,6
empowers,1
action,49
insisted,2
shortly,2
possessed,1
boxes,1
ocean,11
impediment,1
greatest,22
detained,1
alarms,1
hearts,1
alabama,13
possesses,6
assembling,4
proposed,48
proposes,8
campbell,1
followed,15
enlighten,1
forfeiture,2
court-houses,2
humanity,6
gave,9
advances,1
judge,25
sanitary,1
divert,1
advanced,4
apart,2
zeal,2
gifted,2
dishonest,2
specific,2
offices,17
officer,90
arbitrary,11
over-anxious,1
successfully,10
usher,1
election,45
escape,5
indirect,3
perfected,3
rapidity,4
proceeding,10
establish,24
everything,3
convict,1
subordination,2
ironclad,3
permitted,18
limitation,8
census,4
montana,1
steadily,2
rigor,1
efforts,15
presence,12
civil,114
custom-house,1
obtaining,4
naturalized,7
laborers,2
dissenting,2
existed,12
rely,4
expired,2
indispensable,4
why,12
virgin,1
fought,1
naught,1
questionable,1
head,25
medium,12
attempted,14
differences,6
removes,1
heat,1
hear,1
satisfactorily,1
sustained,12
removed,16
admiration,1
portions,10
adore,1
submitting,2
impropriety,1
wealthy,2
long-isolated,1
despotism,12
injurious,4
constructed,2
willingly,2
propagandists,1
faithful,12
no,290
whereas,65
when,153
vanquished,1
papers,9
tie,1
permitting,1
reconsider,1
liquidate,2
preceding,9
uniformly,6
discharge,17
to-day,3
longer,14
vigorously,1
apprehensions,2
withhold,4
serious,7
undoubted,2
unprincipled,1
remarkable,3
impression,1
varying,2
rod,1
number--has,1
discern,1
passage,10
abhorrent,2
quasi,1
promoting,3
pleases,2
advantage,5
gravitate,1
unfamiliar,2
wurtemberg,1
denounced,1
clouds,1
posts,1
standards,2
government--in,1
invidious,1
earth--must,1
science,3
says,11
invades,1
ottoman,1
port,1
substitute,2
constitution,374
contracted,3
servility,1
lawful,9
goes,2
reply,17
deludes,2
water,1
attainment,3
entertain,3
supplying,1
thirty,2
healthy,2
guilty,5
seward,7
emerge,1
morals,2
inducing,3
connivance,1
paralyzed,2
crisis,1
wrongs,4
memory,3
negroes,18
conductor,1
sessions,1
neglected,1
fuel,1
thenceforward,4
cases,36
autumn,2
collision,2
local,14
modified,3
districts,21
slightest,4
attain,2
coram,1
accepts,2
performed,3
provoke,1
intelligible,1
requirements,7
sidney,1
inheritance,3
inclosed,1
secured,17
cuba,2
ocean-steamship,1
vital,6
cardinal,1
fourth,18
speaks,2
secures,2
levy,1
paramount,7
professing,2
impartial,9
scoff,1
depriving,2
representations,3
eighth,7
branches,12
succeeded,1
propriety,8
representation,34
lamented,1
exclusive,6
acts,68
furnished,8
constituents,4
mainly,3
mongolians,1
furnishes,7
thomas,2
offers,1
amelioration,1
farmer,2
happened,3
devastated,2
warranted,5
qualified,14
conquer,1
endeavored,2
term,26
equality,16
name,18
bullion,2
creature,1
subjection,2
well-regulated,1
communication,17
ordain,1
begun,1
adequately,1
plans,2
ultimately,3
concur,7
intercourse,14
profit,2
kent,1
edifices,2
--the,1
attended,10
theory,5
unfriendly,2
dispatches,3
delude,1
impose,9
motion,2
turn,6
place,52
outbreaks,1
unborn,1
discontinued,1
origin,6
suspend,8
revenue,26
coming,6
accruing,1
commissioners,10
medium--such,2
george,3
cheerfully,2
given,56
necessarily,16
district,38
native-born,1
returns,14
convention,22
legally,7
white,29
gives,18
holden,2
appointees,2
season,1
circulated,2
jackson's,1
released,3
copy,12
holder,1
population,53
require,27
diplomatic,5
officials,2
oath,55
and,3249
pro,1
rent,2
nominating,2
washburn,4
any,373
prosperity,20
ideas,2
unavailing,1
resembling,1
urge,4
sure,6
invasions,1
sherman,8
falls,1
visitors,1
ceded,1
multiply,1
annum,1
considered,25
adopt,7
quantity,1
replied,6
workshops,3
pursuant,1
trespass,1
southwestern,1
gulf,2
genius,7
state,411
crime,22
explicitly,1
believing,3
subjugated,1
counsel,5
clerks,1
homestead,5
reveal,1
regarding,1
contrivances,2
orphans,1
naked,1
discussing,1
imposing,1
violated,6
labors,4
college,3
violates,1
professed,2
encouraged,2
fails,2
voluntary,8
ways,2
subsequent,10
circulating,12
outside,3
caucus,1
anew,1
originated,7
inseparable,2
harshly,2
cities,1
come,32
isthmus,1
postage,4
reaction,1
efficiency,5
region,6
quiet,1
contract,6
energies,3
interdicts,1
senator,5
railway,2
utterance,1
duty,91
cabal,1
afterwards,16
color,16
hereunto,7
period,47
insist,5
resentment,4
satisfaction,5
endeavor,2
poll,1
turkey,1
enunciated,1
forbearing,1
subscribed,1
bequeathed,1
deposited,4
peaceful,5
confessions,1
hardly,5
engine,1
direction,13
blessing,4
andrew,19
minister,8
careful,9
spirit,22
protocols,1
case,55
myself,14
limits,37
amend,7
coyode,1
cash,4
cast,11
irrespective,1
unsatisfactory,2
vest,4
coupled,1
recounted,1
good,48
converts,1
agitates,1
revolutions,2
granted,10
check,3
agitated,3
events,11
status,3
refusal,3
driven,1
persons,124
delicate,3
unqualified,1
changing,1
pennsylvania,2
without,134
relief,9
relied,1
inability,3
termination,7
model,2
reward,1
constitution--the,1
bodies,2
justify,3
seventy-two,4
guided,1
unconstitutional,17
actions,2
violent,6
cease,18
captured,3
announcement,1
seems,31
except,46
kingdom,3
evasive,1
porto,1
virginia,23
confines,1
confined,5
accepted,24
reduces,3
dynasties,1
sternly,1
settler,1
reduced,16
burdens,7
madrid,1
pacific,19
respect,30
oftener,1
provided,35
renounce,4
severer,1
highest,18
legal,45
provides,24
metropolis,1
guiltless,1
declaratory,4
inspect,2
communicate,3
freedmen,30
intrusted,5
'the,1
on,375
subdued,3
of,5979
discussed,3
informing,2
mutually,1
stand,9
or,688
suffrage--a,1
rising,1
cent,27
determine,5
abrogate,1
lawmaking,5
calamities,3
strictly,4
there,167
hazards,1
alleged,8
christianity,1
strict,4
valley,2
forbade,1
mischief,2
vested,17
inclosures,1
regard,30
cabinet,42
promote,8
terminus,1
applying,2
countrymen,10
connect,4
strongly,7
taste,1
britain,22
governed,4
diversity,1
appertained,1
onerous,1
deserve,2
compel,5
immunity,1
requested,8
briefly,3
eighty-one,1
separate,5
contradicted,1
includes,1
included,5
complications,1
resolutions--forty-two,1
unanswerable,2
arsenals,2
calls,1
exhausting,1
directors,1
treason,9
all,493
chinese,2
purpose--these,1
projected,3
executing,1
surgical,1
follow,13
settlement,14
decisions,6
subjected,5
subsided,1
opportunities,2
removal,42
reestablishment,4
presentation,1
belonging,8
worse,8
infringement,2
disfranchisement,9
induce,8
worst,4
eighty-ninth,3
treating,1
leads,1
list,11
singularly,1
indemnity,2
forty-six,1
ten,35
tex,1
rate,5
invention,1
design,2
sue,1
hesitation,1
advantageous,2
deeply,3
sum,20
brief,6
guns,9
unquestioned,1
eligibility,4
eventuate,1
compressed,2
directions,1
steamships,1
thrift,1
naval,37
difficulty,2
before-named,1
disposition,4
suddenly,3
solitude,1
pervades,1
jurors,3
denominated,2
charge,13
widens,1
minor,1
knows,1
presumes,1
flag,2
known,31
officers--are,1
presumed,3
debates,1
salvador,1
forbearance,2
v,1
atrocious,2
challenging,1
abandonment,1
jeopard,1
protects,2
imitation,1
arise,7
influenced,2
court,39
rather,14
occasionally,2
influences,4
extinguished,2
assailing,1
explains,1
acknowledging,1
emulate,1
orbits,1
reflect,1
concentrating,1
proclaimed,4
rending,1
dissolving,1
short,5
chiefly,5
reestablishing,1
departure,2
supervision,7
grande,3
cruelties,1
calamitous,2
magnanimity,2
outrages,1
disables,1
september,13
essence,1
nugatory,1
disabled,3
unite,2
pretext,1
member,21
pray,1
border,1
resort,8
strange,4
might,49
thereafter,12
argentine,1
return,33
generously,1
largest,1
hunter,2
annihilated,1
disregarded,1
communities,17
instructions,14
adjacent,2
inequality,1
inherent,2
residing,6
friendship,6
characterized,2
neglects,1
weight,5
generation,2
incumbency,1
effacement,1
expect,7
undertake,2
consonance,1
clandestine,1
disquiet,1
hill,1
induced,8
wisconsin,1
exertions,1
abeyance,2
randall,3
teach,2
thrown,3
alluded,3
year's,1
tributaries,1
prejudice,9
circuit,12
consequence,12
fallen,2
before-mentioned,1
humboldt,3
feel,8
relate,3
traveled,1
feet,2
sympathy,2
enlarged,3
defects,6
colombia,1
fees,3
illustrating,1
abrogated,3
corporal,1
pensioner,2
impairing,4
leading,3
passed,45
reverence,1
finances,6
recovered,1
temptations,2
pains,5
relieved,8
convinces,1
treasurer,3
vindication,5
inaugurated,4
king,2
kind,8
double,1
instruction,5
aims,1
doubly,1
unrelenting,1
liabilities,1
uniforms,1
imperils,1
strengthen,2
alike,6
ninety-first,1
finding,1
populous,3
added,7
intervened,4
measures,41
reach,10
enduring,1
sedgwick,1
nothing,24
reunites,1
measured,2
achievement,2
stands,4
reestablished,8
hindrance,1
institutions,41
quartermaster's,1
inflexibly,1
aggravate,1
securing,3
penalty,3
abiding,2
his,276
publicity,1
gains,1
last--a,1
longest,1
him,94
freedman,5
grievances,2
investigate,3
prescribing,2
activity,6
precaution,1
wrote,1
forego,2
art,1
achieved,2
intelligence,6
defense,9
are,439
declined,4
with-out,1
judicial--can,1
degrading,2
various,11
numerous,13
corruption,2
frugality,3
recently,14
creating,4
sold,1
attention,45
denomination,2
succeed,1
opposition,5
betrayed,1
c,12
became,8
finds,2
arbitrarily,5
regulates,2
reasons,20
sweep,3
improper,1
periods--the,1
regulated,5
decline,2
complication,1
political,64
due,15
strategy,1
whom,24
reduction,22
limited--the,1
demand,16
large-handed,1
georgia,12
workmen,1
indefinitely,2
unprecedented,4
expressly,12
compactness,1
behavior,3
vitally,1
rio,3
obstacle,2
lodged,1
rid,1
alliances,1
examiners,1
peopled,1
confirms,2
twofold,1
widely,1
peoples,1
esteemed,1
advise,3
prerequisite,1
higher,2
exigencies,2
absentees,1
restraint,2
negotiate,1
flows,2
arrived,2
solemnity,1
navigation,1
dared,1
machinery,6
stating,2
abilities,1
scrupulous,1
questions,26
vigilant,2
inference,1
continent,10
tables,1
advisers,3
exclusively,8
speedily,3
governmental,1
exhibition,1
impairs,1
judiciously,2
violations,3
reinstate,3
associations,1
complaint,4
constitutions,12
vindicate,5
condemnation,3
unlimited,9
$--making,3
clemency,3
awaken,1
modifications,3
incidental,2
separately,3
collect,3
distrust,4
unendurable,1
essential,13
emanate,1
understood,16
gradually,7
constitutionality,9
refused,8
consolation,1
uncounted,1
intense,2
dormant,1
cautious,2
ordeal,2
recited,5
range,1
militia,9
hatred,1
youthful,1
credible,1
fleets,1
resigns,1
conquest,11
traitors,3
persevering,2
purporting,2
canal,1
impressed,3
madagascar,1
acquiesce,3
seventy-nine,1
extremely,3
question,87
fast,1
conceivable,1
sections,7
mountains,1
perplexing,1
cloth,1
repeatedly,3
filed,1
encourages,2
outpost,2
enfranchisement--and,1
motive,2
patriot,2
gallantry,1
consist,3
declarations,1
gratifying,2
called,37
imposts,4
associated,1
warning,1
forestalled,1
riot,10
evils,12
neglecting,1
peace,85
income,2
mock,1
problems,1
meaning,8
rightful,2
vice,1
departments,23
attaining,1
narrative,1
provost-marshal-general,2
weighty,1
once,34
issued,25
resistance,14
alien,1
adjustment,11
contributions,4
issues,5
bank-note,3
adding--and,1
disposal,2
obstinate,1
stable,2
breach,4
include,1
abode,2
confirmation,1
seized,3
duty--of,1
cemeteries,2
wishes,8
posture,1
notes,16
deals,1
dealt,3
manifestly,3
settlers,2
noted,1
evowed,1
concluded,5
limitations,5
toils,2
malice,1
traveling,1
baneful,1
developed,5
carthage,1
discontinuance,2
man's,4
waiting,2
concisely,1
capital,26
ammunition,2
desires,5
desired,6
separation,1
settling,1
reinauguration,1
larger,2
shades,1
leaving,17
purview,3
falsity,2
egypt,1
confession,1
improbable,2
analogous,1
apply,14
fed,1
fee,2
from,488
few,17
examination,7
attribute,2
sort,8
grandest,1
parliament,3
cooperate,2
steadfastly,1
accrues,1
anywhere,2
anchorage,1
purports,2
dissolve,3
proof,12
indulgence,1
calculation,1
tax,5
assumptions,2
impeded,1
rape,1
sir,16
united,474
sit,4
six,9
inaugural,2
unquestionable,2
unquestionably,1
instead,15
struggled,1
direct--,1
attend,3
perjury,2
abuse,2
expatriation,2
readiness,1
parricidal,1
light,1
arduous,1
interrupted,4
fortunately,2
honestly,6
tenure,11
spreads,1
stamped,1
sanctioned,7
whilst,4
overawed,1
superior,15
ships,2
permanent,18
restrain,1
choose,5
covered,2
defining,2
sweden,2
pending,9
freeman,1
contention,1
plenipotentiary,1
material,4
commended,2
ambition,1
impaired,4
republican,39
affections,1
successor,11
articles,9
admonished,2
profound,8
transmitted,4
grant's,4
bills,6
eases,1
dis-armed,1
forenoon,2
sectional,4
ambassadors,1
indulged,1
out,55
respects,10
honorably,1
sentiment,9
frontier,3
radical,1
obstructions,3
honorable,5
frankness,1
proviso,6
averted,4
maintains,1
promptly,8
york,6
conflicts,1
obliteration,1
repairing,1
organic,10
conversation,34
hence,4
plainly,6
hitherto,12
eleventh,2
proposing,2
probation,3
earthquakes,1
salutary,3
publication,1
unknown,1
their,418
siam,1
god's,1
misunderstood,1
academy,3
doomed,1
reflecting,1
constituent,6
july,25
commence,1
kamchatka,1
holland,1
objectionable,1
limiting,3
creditors,9
sincerity,2
recuperative,1
inform,6
agency,10
which,744
willful,1
who,223
judice,1
invests,1
emancipation,3
fortieth,1
class,37
statute,11
deny,8
looked,1
legislative--which,1
adverted,1
unimpeded,1
insulators,1
chances,1
electoral,10
agreed,9
purely,2
utter,1
debate,2
unanimously,2
candidates,5
inhabit,1
thousands,5
vigor,6
monuments,1
words,24
juror,1
ascertain,5
generations,4
view,31
europe,7
requirement,1
inventive,1
expel,4
acquired,6
merits,3
acquires,1
closes,2
welles,1
puts,2
supineness,1
frustrates,1
favor,17
closed,7
frustrated,2
ability,2
opening,2
joy,1
agencies,1
embarrassment,2
swift,1
commands,2
april,13
retrograde,1
acquiescing,1
safely,7
grounds,7
narrower,1
walk,1
subscribe,5
table,2
withdrawn,2
three-fourths,7
provinces,3
promptitude,1
pervade,1
enlarging,1
charta,1
remedies,2
sufficient,24
meritorious,1
confers,3
remedied,2
present,81
abandoned,7
fearful,3
means,37
will,351
gloomed,1
apprehend,3
thus,81
disapprove,2
encouragement,5
force--and,1
unfaithfully,1
perhaps,10
privileges,9
enumeration,4
thirty-ninth,5
adverse,2
unity,5
merciful,1
geographical,8
conversations,2
difficult,5
slave,4
conceived,2
primary,1
issuance,1
throngs,1
laborious,1
appropriated,1
undertakes,3
approve,8
fighting,1
english,2
undertaken,1
excessive,4
heavily,2
republicanism,4
obtain,11
recollection,5
unresisted,1
happiness,10
rapid,4
console,1
supply,7
smith,2
capabilities,1
arresting,1
other,205
adoption,14
usage,3
earnestly,16
acted,7
identical,2
provisions,62
execute,12
republics,13
corresponds,1
know,21
denser,1
safest,1
perpetual,5
loses,1
taxpayers,4
repressed,1
exceed,5
because,17
flagrant,3
growth,7
empire,7
employment,5
lead,4
severance,2
manipulations,1
levees,1
vesting,2
obey,11
thoroughfare,1
june,41
countermanded,2
conveyed,3
carried,18
extension,7
abstinence,1
dependence,1
shipping,1
swear,4
sweat,2
urges,1
emperor,11
own,112
wilderness,1
owe,2
travelers,1
warrants,1
promise,4
registration,16
unproductive,1
undelegated,1
transfer,13
*,3
secret,3
continental,3
intention,5
rear-admiral,2
appointing,2
funds,3
army--making,1
made,167
instructive,2
whether,45
protesting,1
embolden,1
record,3
below,4
demonstrate,3
inadequate,1
resumption,5
mutual,21
self-government,1
book,3
branch,20
conclusion,16
malefactor,1
kinds,2
apportioned,1
circumspection,1
frustrate,1
--a,1
incurred,1
extort,1
auxiliary,1
ranks,1
commencement,5
