foul,1
four,21
prices,1
hanging,2
aggression,1
looking,3
granting,2
pre-eminence,2
originality,2
refunding,1
lord,5
appropriation,12
bringing,9
disturb,4
prize,3
question---the,1
succession,7
immunities,3
straight,3
matter---to,1
representatives---being,1
cordially,2
elegant,3
second,14
sustaining,1
ruthless,4
thunder,1
contributed,2
subject--a,1
localized,1
increasing,11
admiral,1
shocks,2
gentiles,2
offenses,3
here,55
reported,8
china,6
substance,9
elaborate,1
deferring,2
reports,7
controversy,27
they---establish,1
military,37
criticism,2
appropriately,2
divide,8
brought,37
forbore,2
opponents,13
spoke,7
tardiness,2
insecurity,1
impartiality,1
inevitable,1
occupying,1
therefore,35
until,16
menaces,1
successful,10
brings,5
hereby,2
canonized,2
hurt,2
menaced,2
midst,4
hold,30
mentionedwhat,1
circumstances,16
pursue,1
famed,2
accomplishment,1
revenues,3
example,8
unjust,7
household,2
organized,22
currency,7
caution,1
want,11
absolute,7
hog,4
unpaid,2
hon,2
feature,1
how,56
hot,4
significance,3
preferable,1
twenty-third,3
shores,1
wrong,41
types,2
provision-that,1
sioux,1
effective,10
scourge,1
revolt,5
lieutenant-general,2
keeps,2
democratic,1
wing,2
restriction,21
freedom---the,1
concurrence,3
confederate,2
fidelity,3
wrought,1
web-feet,2
fit,9
unforeseen,2
heretofore,17
fix,4
occupations,1
secede,6
narrowest,2
matured,3
easier,7
commemorate,2
effects,3
actnow,2
undeveloped,1
silver,1
not---cannot,1
expectancy,1
preceded,2
financial,7
whig,5
substantially,9
state---that,1
message,9
borne,4
toleration,2
sailor---that,1
excepting,3
mason,1
encourage,1
adapt,1
cheerfully,5
misrepresentations,1
foundation,4
assured,2
wavered,2
threatened,3
fugitive,13
checked,1
estimate,11
universally,2
custom-houses,1
disturbed,7
speedy,5
reserving,1
repealed,6
charter,4
channels,2
wash,6
instruct,1
alienage,1
specially,1
service,50
needed,16
master,5
bitter,2
listen,1
equal'this,2
bounty,1
wisdom,9
freemen,7
peril,5
outlay,1
showed,6
tree,2
nations,29
project,6
endure,6
feeling,19
acquisition,14
unintended,1
willingness,1
broods,1
notwithstanding,7
benighted,2
dozen,2
affairs,19
responsible,18
gripe,2
recommended,4
causing,2
absorbed,1
committing,1
shall,221
object,40
diminishing,2
toil,2
affirmation,3
mouth,5
letter,11
conceded,1
morality,1
confederation,6
fugitives,6
senators---each,1
incomplete,2
saying,7
meetings,2
nominated,1
undue,1
participate,2
tempted,3
orleans,4
touches,2
liberated,3
behrings,1
midshipmen,1
intrinsically,4
rich,6
pickens,4
rica,4
inoperative,2
denounce,6
altogether,12
relish,2
harbors,1
release,2
respond,1
fair,13
expediency,9
consummation,10
deemed,9
whigs,6
result,19
fail,15
resigned,7
humoredly,2
best,36
avert,6
unalterably,2
ambitions,1
solicitude,1
droves,4
score,1
preserve,11
discipline,2
never,109
extend,19
nature,17
authorizing,1
extent,31
debt,27
pity,1
country,187
demanded,17
logic,2
installments,2
argue,10
adapted,7
asked,12
fearlessly,1
eradicate,2
alternate,1
vain,2
keepersi,2
armored,2
reconsideration,1
union,244
criticised,1
much,89
privilege,11
undistinguished,2
life,47
spit,1
eastern,4
wish,32
moneys,3
southerners,2
chile,5
doubts,1
worked,3
terms---it,1
nays,3
commerce,15
adaptations,2
presidency,4
employ,2
contemplates,1
remembering,2
congratulation,1
played,2
long-pending,1
actuated,2
obeying,1
characterize,1
elicit,1
trusted,4
damaged,1
quartermaster-general,1
things,18
rebellion,38
harmony,2
emphatic,1
european,4
fairly,19
seamen,4
ownership,2
echoed,1
passeda,1
opinions,23
capitol,4
misconstruction,1
distribute,1
forsaken,1
beset,1
disguise,1
scaffolding--like,1
succeeding,7
previous,8
enters,1
phillips,2
had,210
advancement,7
easy,9
falter,1
has,365
espoused,1
exorcised,2
elevation,2
disagreement,2
possible,32
possibly,4
wide-spread,2
birth,3
shadow,2
occurring,2
desire,10
specie,2
remind,3
steps,3
hypocrites---causes,1
beneficial,2
right,146
old,76
crowd,2
people,268
captive,4
enemies,12
perchance,2
for,788
military---its,1
inhuman,2
us---by,1
brigades,1
losing,1
where---that,1
insinuations,2
dollars,8
citizens,54
anomalous,2
despair,2
depopulated,1
homesteads,1
ill-founded,2
judicial,10
consulting,1
statements,1
respectably,2
administer,5
undermining,2
one-fourth,2
problematical,1
consummated,1
authorizes,2
fabric,2
support,27
constantly,14
knowing,5
avail,1
grasping,2
authorized,9
resulted,1
halls,1
happy,8
therefrom,1
offer,2
forming,2
populous,3
argument---some,1
safeguard,1
blockading,2
considered,18
problematical---while,1
unanimous,6
dues,2
examples,2
passenger,2
adopt,15
liberal,9
state---we,1
proves,3
exist,7
dealer,2
negotiations,1
protested,2
floor,3
actor,2
uttered,1
republic,20
taney,1
equal'',1
steamship,1
intend,3
exempted,1
intent,1
cleaver,2
entrust,4
domingo,1
time,123
push,3
conferred,2
corps,3
whoever,6
chair,2
vet,1
gratulation,2
persevere,1
pursuant,1
navigable,1
choice,12
gloomy,2
fullest,1
exact,6
nature---opposition,1
tear,5
leave,17
settle,4
prevent,25
occurrence,1
insignificant,2
sigh,2
prediction,1
chopping,4
educate,1
exempts,1
jeopardy,1
current,4
father-land,2
drafted,1
states---demand,1
understanding,31
contemplate,1
address,16
alone,14
muskets,1
along,8
momentous,3
redemption,3
brilliant,1
wherever,9
commonly,1
brazilian,1
accomplished,1
engineer,1
love,9
disenthrall,1
logical,4
bloody,6
logically,1
red,6
undergone,1
working,5
positive,4
angry,8
by,671
cherished,3
opposed,13
scope,2
introducing,3
afford,4
apparent,9
oregon,7
odious,1
ignorant,1
virtue,6
easiest,1
behalf,11
originally,3
pretend,1
believes,8
believed,28
webster,7
hides,2
allowed,12
offense,3
[not],2
winter,1
unintentional,1
divided,12
receivability,1
lighten,1
hudsons,1
strictness,1
congress---that,1
spot,2
applications,2
improving,3
such,236
disagreeable,2
natural,9
conscious,2
yielding,3
st,18
thunders,2
so,329
noteworthy,1
years,85
course,39
omitting,1
tendency,6
constituted,7
derive,2
haughty,2
long-felt,1
courtthe,1
torn,3
troubles,2
constitutes,6
decreased,2
troubled,2
instantly,6
thereby,19
reaccept,2
nation,73
compelled,1
arriving,2
reckoning,1
maintaining,7
establishing,9
heresies,2
amnesty,1
quarter,10
repaired,1
revere,2
square,5
honduras,1
revised,1
ours---those,1
entering,1
disasters,2
abide,10
collisions,1
seriously,3
investigation,2
suggesting,1
formula,1
million,5
possibility,4
quite,38
disrespect,1
besides,11
remainder,3
seventy,4
liberally,2
patronage,2
training,2
neglect,2
saving,15
spoken,14
clause,9
one,264
conscientiously,1
specifically,4
spanish,2
vote,41
open,21
affords,1
city,5
thirdly,3
debts--was,1
indicate,2
shiver,2
draft,2
hirers,1
realization,2
cite,1
$estimates,1
proving,3
absorbs,1
royal,1
favors,1
folly,4
future,34
russia,4
prospect,5
san,6
argument,62
sad,2
say,120
buried,1
allen,2
decrees,1
saw,16
sat,5
harbored,1
aside,3
instructed,4
note,6
jefferson,14
take,60
destroy,21
nebr,1
opposite,7
syllable,2
that--the,1
indentured,4
printed,2
remarks,2
paymaster-general,1
inserted,2
creditable,1
constitution---during,1
drive,7
ways,11
axe,2
trembled,2
reenforce,1
laws,56
surplus,7
peoplenow,1
senators,17
circulating,2
propagandism,1
merit,6
bright,2
inconsistent,5
descendant,1
otis,2
tears,4
going,9
outrage,1
mind---and,1
robe,2
congressional,10
carolina,33
guarded,3
revolutionized,4
d'affaires,1
awaiting,1
resource,1
roger,4
liable,1
where,55
mifflin,1
us,226
overflowed,1
aroused,2
morocco,2
representatives,29
bureau,3
affecting,1
illiberal,1
annexing,2
awards,1
menacing,1
well-protected,1
suppressed,8
then---could,1
farcical,1
many,71
thickly,1
deduction,2
demur,2
expended,4
inclining,2
nation---that,1
adjudication,3
sentinel,1
extinct,4
buren,2
west,36
concede,1
breath,6
almighty,5
anticipations,1
combined,3
settled--the,1
overland,1
wants,3
postage,2
enable,3
influence,13
thousand,18
formed,21
extant,2
former,25
henry's,2
polls,1
prominence,1
endures,1
surgeon-general,1
intimately,3
invoking,1
overcome,1
newspaper,5
situation,4
constituency,2
meade's,2
perpetuate,8
brow,2
engaged,15
fame,4
expenditures,14
preparatory,2
bondsman's,1
maturely,1
defy,8
future---,1
devolved,1
recapture,1
costa,4
being,82
rest,11
safeguards,1
steamer,1
disperse,1
omissions,1
exceptions,3
instrument,12
overthrow,3
insurrectionists,4
starving,2
around,5
colony,2
sums,3
dark,4
traffic,2
world,56
postal,9
vague,1
dare,3
plighting,1
discarded,4
clay,70
stationary,1
satisfactory,15
misapprehensions,1
lebanon,1
keptagain,1
moreover,2
divine,8
thinks,3
memories,3
restoring,6
refer,7
squabble,2
scientific,1
power,88
intimate,2
sprung,1
bona,1
ace,2
industry,2
stipulations,4
practicable,6
neighbor,2
act,66
mean,11
utterly,5
burning,2
interruption,1
accumulates,1
parties,32
technically,2
her,58
example---their,1
series,4
recommends,3
complete,10
mourns,2
beginners,1
estoppel,1
with,574
rush,4
indorse,4
rage,3
dirty,2
severally,1
politically,8
agree,5
misery,2
detailed,3
gone,6
exhausted,4
certain,28
accents,1
am,53
watches,2
an,241
as,926
carved,2
laboratory,1
unhesitatingly,1
cherokees,1
sanguine,2
abolish,6
union---an,1
few--not,1
congress,183
independence---who,1
seriousness,2
domestic-slavery,2
mouthlet,2
intimation,3
brotherhood,2
mass,4
adam,2
hushed,5
sensibility,2
original,32
legislatures,2
consider,22
caused,4
beware,3
welfare,1
oaths,3
champions,4
to,2973
th,26
paying,3
returned,2
bill--i,1
detention,3
blockade,10
candid,3
ceding,3
freeargument,1
trade--how,1
accompanying,4
laying,4
joined,3
large,48
adjust,8
small,16
sank,2
pretenses,3
penalties,2
past,19
former---because,1
pass,12
canvass,1
turning,3
destitute,2
situated,4
richard,2
forestall,2
section,23
prevailed,5
reeled,2
contrast,2
full,19
escaping,1
hours,4
november,2
fact---naked,1
compliance,2
experience,12
prior,2
social,8
action,35
depart,1
reclaimed,3
enactment,4
senator's,1
regiment,2
viz,2
coercion,2
notpolicy,1
britannic,2
wavering,1
more,200
door,6
initiated,1
navy-yard,3
company,4
corrected,2
tested,2
jealousies,2
foundations,1
objections,3
keeping,2
pleasing,1
science,1
resources,12
learn,4
knocked,2
male,2
beautiful,2
right---but,1
prompt,2
stated,26
scott's,1
suggestions,3
accept,5
states,383
fiercely,2
sense,25
dress,2
condemn,2
information,13
respective,8
hugh,1
negroeswell,2
earnings,1
cling,4
browns,1
telegraphic,1
plant,4
plans,2
mind--the,1
pleaded,2
flutter,2
acquisitions,8
refuse,2
fundamental,4
replied,8
secessionplainly,1
mexican,2
iti,1
trade,50
paper,6
scott,12
signs,6
brig,1
its,269
rapidly,16
deeds,4
individuals,14
tyrants,4
[do],1
agitated,2
hundred,31
hereafter,5
designation,2
always,19
truths,2
impugning,1
eloquence,10
courses,2
found,27
status,2
england,2
resolute,2
contiguous,1
reduce,4
treasonable,2
operation,10
really,16
try,6
embellishment,2
blacks,11
sparingly,1
occurs,2
egypt,4
belief,9
attendance--rising,1
imagine,1
reproach,4
plowing,2
driven,4
owners,14
retained,4
excluding,6
question---or,1
expedient,4
desire--feed,1
contingency,1
exhibited,5
sovereigntyotherwise,1
major,3
precautionary,1
belligerent,5
number,47
preservation,5
contended,6
differ,3
heads,3
introduction,13
hallowed,2
philanthropy,2
saint,2
aver,2
aves,1
peaceably,2
justly,7
sympathies,6
relationship,1
immediate,10
consuls,5
appreciation,1
determined,7
motive---even,1
this---if,1
munitions,1
six-shooters,2
vitally,4
sell,6
extorted,1
self,12
reliance,3
also,94
internal,9
permanency,1
play,2
effecting,2
brooklyn,2
plan,26
accepting,3
oyster,2
understands,2
omaha,1
sometimes,4
cover,1
funded,2
barren,1
despise,6
gold,3
emoluments,1
defended,2
session,29
rufus,2
tranquilized,2
convertibility,2
superceded,2
overwhelmed,1
occupation,3
richmond,1
regulations,1
writer,1
ohio---being,1
failed,14
cuba,3
indifference,4
dependent,6
banned,2
sunny,2
resent,2
remedy,2
preparing,2
closely,1
devising,2
adhered,2
enemy,19
endorsement---if,1
disregarding,1
proclaim,4
banking,4
surrendering,1
territory---the,2
kill,1
obscure,3
river,20
approaching,2
set,18
creator,2
instituted,4
see,27
class--neither,1
sea,12
conjuncture,1
avowedly,1
rejecting,2
respectively,12
europe,14
candor,2
premises,2
arises,1
spoiled,1
incident,4
death,22
spake,4
legislature,23
prospects,2
lawgiver,1
last,97
influential,3
connection,26
lash,1
let,84
whole,104
loaf,2
majesty,1
bell,2
loan,2
northeastern,1
allegiance,6
community,4
permit---prohibiting,1
adjoining,2
adaptation,3
contemporaneous,2
indefinite,6
acceptance,2
convicted,2
contained,12
extreme,11
firm,10
resting,2
champion,7
silenced,1
fire,8
fund,1
races,4
awake,3
representative,3
towns,1
consulate,1
uncertain,3
caged,1
reliable,5
expanded,1
pressed,9
error,1
owed,3
agitation,20
averaging,1
binding,1
vow,1
triple,3
trade---that,1
chase,3
renounced,1
consolations,1
shorten,2
elevated,1
shorter,1
read,17
resulting,1
comprehensive,1
viewing,1
necessity,36
recent,7
frankness,2
conkling,1
person,12
regulating,2
plagues,2
detract,1
buchanan,1
unto,5
antietam,2
admission,19
through---who,1
parents,2
location,2
surprised,1
emergency,1
demands,8
suffering,2
projects,1
autumn,3
imposed,2
d,5
chorus,1
communications,2
well-poised,2
continue,29
tribes,8
pertaining,4
amicably,1
senate,42
spring,5
unsubstantial,1
mighty,9
sight,2
pale,2
amicable,4
transactions,1
novelty,1
religion,2
convulsions,2
inclination,1
be,964
unmindful,1
performed,2
dictates,1
agreement,6
departures,1
relating,1
dictated,1
`the,2
discontented,1
anything,16
exaggerated,2
deserves,1
repair,4
colorado,4
into,180
appropriate,2
controversies,2
primarily,1
submit,14
custom,1
occupy,1
suit,3
mounting,1
opens,1
considerably,2
elsewhere,2
devolving,1
atlantic,8
line,99
legation,1
considerable,15
inducements,2
redeemed,1
up,83
horned,2
maturity,2
slander,2
gettysburg,2
reconcile,1
enjoins,1
defined,2
likewise,1
unsafe,1
surpassing,1
surveying,1
graceful,2
hail,1
defines,1
granada,1
invalid,5
occasional,1
definitely,4
retract,3
revision,1
depredations,1
elements,3
energetic,1
oblige,1
fayette,1
proclamations,2
suppression,12
sides,7
ago,28
land,35
age,17
feud,2
carrying,7
came,57
fresh,4
menace,5
having,49
partial,2
cordiality,2
results,10
existing,38
renown,1
inferences,2
seemed,12
one-half,1
concerned,8
sumter,13
young,3
send,8
white-man's,2
dislike,2
sent,6
armament,1
continues,6
reopened,2
upshall,1
petitions,1
continued,25
timely,1
northwestern,4
magic,2
harbor,4
``there,1
anxious,2
threat,2
race,12
``to,1
kickings,2
pledge,2
unprofitable,1
families--wives,1
odd,4
expressed,14
hereditary,1
henceforth,2
consistently,2
indian,19
twins,2
oration,2
flowing,1
led,11
eminently,2
wheedling,2
gathered,1
delivering,1
poverty,1
consideration,30
invented,3
fifteen,1
great,183
engage,1
receive,12
involved,1
'for,2
defeat,4
opinion,31
makes,3
involves,1
steamers,2
counsels,1
prohibiting,11
tools,1
standing,4
confidence,12
propose,5
illegal,1
ministers,1
next,16
eleven,3
doubt,21
bonds,11
touched,1
confiscate,2
shipwreck,1
occurred,4
opposing,7
gladly,3
charity,1
this,755
challenge,1
insists,2
pour,2
thin,1
drill,2
scatter,1
bent,4
process,3
ceremony---instinctively,1
purposes,11
pieces,4
high,19
bend,1
pitchfork---a,1
hereinafter,1
weaken,2
shuffled,2
destroying,3
delay,3
procured,2
mysteries,2
establishment,9
especial,1
await,2
demonstrating,1
fighting,6
varied,1
realized,2
figure-head,2
friend---brother,1
eighty-seventh,1
element,8
writ,3
allow,8
volunteers,2
counted,4
produces,1
move,8
doubtful,7
produced,6
perfect,13
chosen,11
remorseless,1
degrees,3
misapprehension,1
communication,7
therefor,1
designs,3
snaky,2
him''while,1
realize,9
presidential,13
reconstruction,3
liberia,5
intelligent,2
far-famed,2
traced,2
whither,2
accompanies,3
sufficiently,7
truth,14
rising,2
francisco,2
beginner,2
doing,15
habitually,2
deficiency,5
books,1
thirteen,3
irritation,3
tenth,1
witness,3
omnipotent,1
',39
microscope,2
dominated,1
evacuation,1
government---while,1
waters,7
perish,5
greedy,2
adherence,3
surely,18
thrust,6
embarrass,1
state--to,1
could,139
put,17
david,2
length,18
ratification,5
assumed,11
stimulate,1
dockyards,1
scene,2
owned,35
disposed,4
affliction,1
owner,5
blows,2
legislative,5
otherswe,1
deceptive,2
system,34
inalienable,2
travelled,2
interests,11
enforcement,2
accompany,2
unoccupied,1
depressing,1
retraction,6
warfare,1
negatively,1
misunderstand,3
ingenious,2
false,6
ordaining,1
trusting,7
partnership,2
entrapping,2
defending,2
clearly,9
necessities,2
competency,1
documents,5
tranquility,2
accuracy,1
so-called,5
bred,2
stronger,1
dollar,2
face,7
perceiving,2
scrap,2
fact,69
best-informed,1
terminate,2
vacancy,4
bring,18
asylum,1
principal,10
pause,1
of--,1
should,159
planted,4
replenishing,1
secretaries,3
hope,36
meant,12
antagonism,2
familiar,2
prohibition,28
exchanges,3
othermr,1
emissaries,1
shaping,1
committees,1
unexecuted,1
h,2
comprising,2
taxes,2
hemispheres,2
taxed,4
favoring,2
intervening,1
sovereigntyand,1
temporarily,3
allusion,4
frame,8
re-assert,2
electors,4
door-keeper,2
injustice,3
pistol,1
ends,1
negotiated,3
seaboard,3
restrictions,1
invited,4
figures,2
adjusted,1
conclude,2
acres,8
mourning,1
attorney-general,1
rhode,3
compensating,2
waste,5
harper's,4
abrogating,1
upthis,1
spain,10
toothless,1
---about,1
expiration,2
discoveries,2
delaying,1
politics,2
denial,5
exhausting,1
juan,2
outbreak,1
conflicting,3
columbia,17
wisest,4
upon,229
co-inciding,2
dust,2
adherents,2
identity,1
pleasantly,1
off,16
lionjudge,1
command,5
oft,1
repurify,2
lest,8
less,69
new-england,2
afflicted,3
generous,5
clergyman,2
wen,2
day,61
arrest,6
exempt,3
increased,17
government,232
taunt,6
increases,3
five,19
recurs,2
fools,4
bayonets,1
nerved,2
become,32
amendment,13
surest,1
inconstant,1
liquidation,1
guaranty,4
immortal,2
choosing,1
ballot,4
recognition,4
contested,3
latter-named,1
literally,3
avoid,11
does,59
passion,4
reimbursements,1
schedule,2
pressure,1
accompanied,1
posterity,1
proceeded,1
imaginary,1
loans,12
counties,3
gained,4
reimbursed,1
seeds,1
ceased---that,1
bounded,1
concession,4
massachusetts,9
alliance,1
letters,1
roads,1
crooked,1
mere,27
ocean---and,1
specimens,2
naturally,5
fiscal,12
delivery,3
construction,12
valuation,1
count,7
baptist,2
disbursement,1
behemoth,2
society,16
chords,3
excitement,1
placed,14
convince,6
incumbent's,1
nominations,2
heartto,1
cordial,4
reciprocated,2
recognize,8
contribute,1
unconstitutional---i,1
hearers,2
slave-trade---that,1
effected,7
planting,2
compared,5
variety,5
agriculture,6
nicholasville,1
details,3
quantities,1
predominant,2
reckless,3
repeat,8
reargument,1
oppression,1
treason,2
outlets,2
scheldt,1
chance,4
repeal,75
inspiration,2
imposes,1
lasted,3
rule,15
lift,1
pension,5
child,4
desirable,6
rapid,10
mansion,1
oldest,2
saved,8
votes,21
voter,4
effectually,5
unanimity,6
voted,42
oriental,1
diverted,1
worth,12
lack,4
contemplated,5
exaggerate,1
`one,1
delegate,2
abolishing,2
triumph,5
dwindled,1
liberty---a,1
occasioned,1
preacher,2
causelessly,2
rigorous,1
established,19
deliberate,4
irrevocably,1
consequent,3
irrevocable,1
establishes,2
toll,1
consisting,1
told,6
simultaneously,3
kindred,2
equals,6
protection,13
pursuit,3
obtained,4
unobjectionable,1
study,2
secure,10
states---if,1
inflicting,1
highly,6
glance,6
total,11
indians,9
negative,3
bleed,2
indiana,9
administering,2
separated,3
endorsement---let,1
ascribe,1
award,1
aware,9
continual,1
yard,1
striving,2
overrun,4
word,12
divorced,2
permits,4
work,20
refusing,2
worn,2
ere,5
era,4
indicated,3
impair,1
recovery,2
provide,16
disappear,3
ordinary,11
truthful,2
undenied,2
after,60
movable,1
helper's,1
customs,3
lay,6
law,146
hasty,1
appreciate,4
of____for,1
haste,5
deprives,2
order,18
office,14
devote,1
consent,33
satisfied,6
deducted,2
states---delaware,1
japan,5
patronized,1
production,3
precipitate,1
damages,2
then,148
them,329
affected,3
safe,7
break,11
emigrated,2
heaven,4
they,507
bread,2
rocky,4
reasonably,4
slavery,354
reasonable,11
lifted,2
councils,5
compromises---repeal,1
crimes,1
debauching,1
surpassingly,2
sectionalism,2
disloyalty,1
forts,6
forty,6
vessels,18
strangers,1
daniel,1
forth,10
states--there,1
disputed,1
barrier,1
lawless,1
seceder,1
standard,2
admits,3
appointments,2
people's,4
seceded,6
enlightened,3
certified,1
created,19
construing,2
renew,5
oppose,14
incorporated,1
suspension,4
render,4
railroads,3
another,66
adventitious,1
illustrate,1
rejects,1
compromise,137
observations,1
john,13
intestine,2
enhancing,1
happily,1
rejected,9
wastes,1
guile,1
seated,2
guilt,2
historical,1
powers,28
colonizing,4
respecting,2
republicanism,5
return,25
enchanted,2
manner,5
forced,5
strength,11
genuine,2
convenient,7
latter,29
self-defense,1
subjects,13
forces,9
transmit,2
earth---his,1
unsecured,1
nobody,1
timidity,2
indemnification,1
scythe---a,1
exercised,10
extending,7
constitutionwhy,1
involving,4
phase,2
manifested,7
indorsements,1
calculated,2
indorsement,5
inferred,4
accounted,1
calmness,1
voting,23
repudiation,2
fitted,3
decidedly,2
belligerentthe,1
disturbi,2
brief,8
respectfully,10
subtle,1
enjoyed,1
resemblance,2
alluded,1
appended,1
industriously,1
deepest,2
adequate,1
predecessor,1
do,230
preferred,2
yielded,7
dr,1
wrested,1
reintroducing,1
suffrage,2
'---that,1
allbut,2
stead,2
insurgents,15
implication,10
squadron,1
steam,2
secretary,36
erroneous,1
human,32
uninhabited,4
observed,2
facts,19
depends,6
cattle,6
discussions,1
miserable,2
away,15
afloat,1
gentleman,2
sweden,1
bier,2
unable,6
cooperation,1
contraband,1
drawn,6
mortices,1
disavowed,1
we,513
terms,26
confessedly,1
convertible,1
received,30
climate,8
abstracts,1
devotion,11
fertile,1
exceeds,1
requests,1
highwayman,1
peacefully,2
tone,5
character,18
seizure,3
insubordination,1
tons,2
speak,13
gratitude,5
petty,2
unhappily,1
slaveholding,1
condemned,2
affinity,2
thrice,2
duties,9
repelled,1
innocent,3
attacked,2
concerning,5
excite,1
nebraska---and,1
masters,6
gracious,1
applied,11
east,16
ahead,1
publicly,3
aim,1
applies,5
aid,18
property,46
mistake,8
straits,1
postmaster-general,6
confirmed,1
descent,3
patent,2
speak--compounded,1
independent,13
prohibits,2
springing,1
swell,3
hang,6
evil,16
hand,27
liberties,6
norwegian,1
palpable,1
gunboat,1
prescribed,3
vermont,1
kept,13
thirty-four,2
contact,2
prescribes,2
saves,2
the,7454
camps,1
mclean,3
mingle,3
enslaving,2
farther,11
senate's,1
hallow,1
adding,3
compeers,1
evidences,3
spread,8
transformed,2
board,2
marginal,2
righteous,2
expelled,4
surveyors',1
progressed,2
progresses,1
disadvantage,4
insurgent,13
affairs---they,1
tendered,1
virginian,2
securities,4
night,2
security,7
starvation,1
honored,1
born,17
productions,1
bore,2
cede,2
unavoidable,2
/,3
asking,4
denied,11
columbus,1
hayti,4
confer,1
illustration,2
mutters,1
substitution,1
peep,2
no-more,1
rallying,2
theirs,1
newspapers,2
months,15
hostilities,5
constituting,3
cherish,4
considerations,1
mantle,2
prisoners,1
formidably,1
bound,7
rendering,2
formidable,1
strangely,2
deception,1
legislation,26
sovereign,2
fight,18
accordingly,7
way,65
wax,2
accords,2
was,614
war,121
mansionwashington,1
becoming,3
sundry,1
ceded,4
taken,29
intended---the,1
true,50
absent,2
overruled,1
anew,4
mails,3
promises,4
marion's,2
abstract,1
evidence,17
dixon's,1
lumped,1
promised,3
physical,3
weakened,2
stake,4
work--who,1
reality,1
interested,9
holding,7
test,5
unwilling,5
shrink,2
welcome,1
assiduous,1
abridgment,1
flag,3
together,32
loyal,15
precedent,5
tribunals,1
impulse,3
statessecondly,1
slandered,1
grateful,3
battle,4
devoted,8
certainly,18
producing,3
compensate,1
permanently,3
war-seeking,1
terror,2
disapproved,2
brown,3
supported,2
passion---a,1
trouble,3
blast,1
service---the,1
feeble,5
perceived,9
evaded,1
presented,17
turns,2
gun,1
ascertaining,2
p,1
revolution,19
regret,7
discover,2
cost,17
cargo,3
appear,14
assistance,5
foregoing,4
uniform,9
appeal,12
self-preservation,2
satisfy,3
collateral,4
inauguration,6
slave-holder,2
teaches,6
appears,7
change,26
sending,3
incoming,4
coerced,2
trial,5
franklin,3
patriotic,12
country's,2
retired,3
marked,7
sincerely,6
retires,2
rarely,2
market,3
foreshadowings,1
prove,10
territories,73
live,26
angels,3
meliorate,2
commissioner,6
repentance,1
pettit,2
commissioned,1
hesitated,2
organizations,2
incidents,4
can,290
heart,11
dedicated,4
december,7
supremacy,3
heard,14
detaching,1
exclude,18
occur,5
restitution,1
dispositions,1
discussion,6
means,37
write,2
economy,2
armies,8
product,2
sacrifice,5
southern,31
constraint,1
produce,7
indifferently,1
remember,7
whenever,14
explicit,4
ordinance,36
offend,2
apostrophised,2
indeed,23
displayed,1
raised,1
aiding,3
ended,1
stayed,1
statistical,2
affirms,3
recanted,1
still,95
tending,2
acknowledge,8
vicinity,3
inflicted,2
forms,5
immortality,2
commissary-,1
slave-holders,4
emigrants,4
correspondence,7
introduce,6
liberality,1
half,21
not,877
now,276
provision,57
hall,2
nor,79
enacted,4
respectable,3
servant,2
january,9
drop,5
denmark,2
entirely,19
naturalization,1
furnishing,1
domain,1
prompted,2
supplant,1
yeas,3
year,107
namesthat,2
altercations,1
shown,12
opened,6
space,1
irony,2
hastily,2
increase,36
ruinous,1
receiving,4
shows,16
defenses,1
advantages,3
rebel,5
ohio,18
obligation,7
axioms,2
care,22
contemplation,5
vehemently,1
british,16
honest,4
thirty-seven,1
profess,3
blind,1
argument---i,1
striking,1
omitted,6
recommendedi,2
non-combatants,2
consecrate,1
directly,17
impossible,9
ring,2
drove,2
size,2
sheet,2
silent,4
trulya,2
friend,9
recess,2
mostly,6
that,1409
taxation,6
than,266
bolivia,1
accordance,3
transferred,2
fruits,4
extinguish,2
respectability,1
troublesome,2
consent---and,1
remained,7
punctually,1
insurrection,17
everywhere---join,1
offering,1
begin,7
price,5
successive,4
america,19
],1
forever,19
attempting,2
steady,8
slaves,125
slaver,1
professional,3
abraham,4
fifty,8
discovered,3
gratified,1
maine,17
fifth,4
ground,24
ratio,6
title,2
proclamation,32
proportion,10
only,166
developed,3
sierra,1
cannon,2
truly,6
alive---for,1
loath,1
fortifications,1
cannot,32
die'to,2
progress,15
deprecate,1
seldom,2
effectual,1
husband,2
concert,3
physically,2
elected,15
reputed,1
concern,7
corroboration,2
justifies,1
materials,1
altercation,1
between,74
justified,6
whole--to,1
notice,10
blame,9
hurts,2
article,4
diligent,1
occasionally---now,1
self-interest,4
temper,3
enabling,2
resided,1
reluctantly,1
comes,7
proved,7
actually,11
cares,3
informed,1
absence,1
cared,2
dangers,1
pugets,1
exhaustion,4
aggressions,2
dalliance,2
wounds,2
notified--that,1
external,3
these,185
sophistry,3
negroe's,2
whig---less,1
soil,6
commander,2
commanded,7
ship,7
northward,2
develop,1
inquire,2
unholy,2
gentlemen,2
inquiry,2
adjudications,1
streams,1
document,3
charge',1
noble,12
finish,1
right---absolutely,1
negociating,2
fruit,3
attributes,1
nobly,3
squatter,3
theater,1
bondage,5
charges,6
constitutional,39
authoritative,1
severe,1
aphorismthis,1
charged,1
valuable,16
civilized,8
touch,2
speed,2
renewed,9
thinking,4
domicile,1
improvement,8
allude,2
struck,5
disproportionate,1
real,11
rules,5
ruler,3
usefully,1
early,13
earnest,6
commotions,2
using,3
execution,16
rear,1
was---what,1
unrequited,1
miracle,2
benefit,8
adoption---that,1
fully,28
endorsed,2
twelve,2
falsehood,1
exposed,1
statesneither,1
servile,1
consecrated,1
union---we,1
pursuance,1
duration,3
passions,2
perverse,1
sailors,2
recorded,3
conservative,2
bondage''the,1
business,8
equivalent,9
strained,1
inherent,1
sixty,6
exciting,5
throw,7
comparison,6
central,1
boldly,1
insurrections,4
wolf,2
greatly,15
testimony,1
freeing,2
perspicuity,1
heated,1
shrinking,2
your,101
intervention,4
area,2
removing,3
start,3
low,1
lot,2
combination--piece,1
liability,1
assumes,2
delayed,2
two-thirds,3
attainable,1
trying,3
hire,3
fraud,2
circulation,5
intermission,2
recurring,1
lawfully,10
sadness,1
moved,6
sales,7
principle---the,1
hospitals,2
unwelcome,1
administered,5
selfishly,1
event,11
valid,9
you,319
forcing,1
poor,9
spell---with,1
perils,5
lecompton,2
insomuch,1
overreach,1
mammon,2
tendencies,2
building,1
gosport,1
profits,1
doubted,5
embracing,5
since,53
pointing,2
disquiet,1
splitting,2
month,7
ceased,12
referring,2
pledged,2
arisen,10
solicit,1
sustain,6
pledges,1
divisions,1
very,105
bombarded,1
verb,2
decide,14
concurring,2
squadrons,2
--,259
louis,5
prohibitions,1
assailants,2
enjoin,1
canonical,2
darkness,2
witnessed,2
investing,1
witnesses,2
tordenskiold,1
learned,2
nullification,6
recruits,1
loose,2
modify,2
answers,3
tracks,2
excess,2
eventful,2
strong,18
adherents---we,1
interposed,1
colored,17
conviction,2
inspired,2
losses,2
exceptionally,1
soldier,3
amount,29
successors,3
inspires,2
them---a,1
readopt,1
family,6
requiring,3
hogs,2
conventional,1
takes,5
injure,2
contains,1
abstaining,1
mysterious,1
injury,4
abridged,1
excuse,4
commenced,11
broke,2
hurry,1
pretense,2
sovereignty,6
respected,6
nebraska,150
nine,3
history,33
pushed,1
phrase,3
lacks,1
species,2
firmly,4
ratified,4
surpassed,2
reject,6
vigilance,2
idaho,2
tried,3
free--unless,1
derived,12
finality,2
invasion,5
derives,2
misnamed,2
a,1441
dread,4
affirmations,1
banks,6
quelled,2
help,13
progressing,2
preponderating,1
soon,24
held,41
committed,1
center---in,1
teeming,2
governbut,2
territorial,33
systems,8
differed,4
evening,1
curtis,1
groping,1
anticipated,4
foot,4
wrotei,1
trailed,2
occasions,9
re-adopt,2
sailor,2
bless,3
promotive,1
referred,3
heavy,4
democracy--a,1
fees,1
beyond,24
absurdity,2
anarchy,5
taunted,2
dominates,2
presumptuous,1
surrounded,1
douglas,40
safety,11
issue,20
favored,4
houses,2
reason,35
base,3
ask,32
earliest,10
heroic,1
revolutionary,11
diffused,1
terrible,1
american,41
over-mastering,2
freedom's,2
buffaloes,2
knocking,2
dominating,1
law---go,1
arbitration,2
horse,1
obedience,4
station,4
expand,1
scheme,2
selling,2
passed,56
outgrown,1
authors,2
assaulted,1
kindly,3
lament,2
anticipate,3
partizan,4
nevertheless,10
alluding,2
toward,10
deciding,2
withered,2
augmentedin,1
``that,2
urgently,1
heaviest,3
affirmative,1
substantial,8
sentences,2
null,2
option,2
lie,7
retracted,4
officers,16
cargoes,1
useless,2
towards,4
hires,1
frauds,1
union-saving,4
quote,5
quota,1
macy,1
hired,7
unthought,2
approved,4
performances,1
clear,23
latest,7
disenthralled,1
one-eighth,1
stunned,2
perthshire,1
impressively,1
heavens,2
completion,5
northern,18
justice,36
convinced,2
assertion,3
surveyed,4
criticising,1
circle,4
meanwhile,2
grew,3
during,55
livethe,1
alexander,1
exhibiting,2
sacrificed,1
adhering,1
alteration,2
sacrifices,5
abolitionists,6
recommendations,4
compromise---ever,1
throwing,3
plausible,2
culture,1
now--now--when,1
close,15
probable,7
aqueduct,1
firmess,1
woo,1
won,2
woe,3
probably,30
conditions,3
tomb---his,1
years',2
revolution---that,2
liberian,1
both,88
garrison,6
fugitive-slave,5
governmental--as,1
minorities,3
sensitive,1
forgotten,6
headed,2
whatever,36
aggressors,2
vessel,7
mathematically,1
mission,1
inadmissible,1
damp,2
bolivar,2
maintenance,6
collected,2
threaten,4
territory,111
compromises,22
lived,2
partly,7
citizen,5
else,13
determination,3
emperors,1
soiled,2
look,9
governor,2
while,114
confederacy,8
dictum,1
disunionists,2
voters,5
north-western,6
overlooked,5
rulers,1
loosened,2
ready,7
grant,5
belong,4
repudiated,13
grand,4
modification,4
conflict,8
pray,2
used,15
temporary,15
fulfilment,2
uses,3
herewith,8
older,2
obviously,1
consistency,4
secession,7
himself---that,1
grossly,2
yankees,4
abstain,1
judgments,3
settlements,10
quarters,7
elect,4
retirement,3
$,103
possessory,2
informal,1
guaranteed,1
questioned,6
harmonize,3
ballots,3
guarantees,2
remaining,25
march,17
lacking,1
showing,16
dominions,1
wiser,1
overthrown,2
defied,2
success,14
signal,6
strife,4
popular,22
sketch,4
fathers,39
creation,5
some,184
urgent,1
experienced,3
delivered,9
beneficially,1
exceeding,2
key-stone,2
providence,8
civilization,5
nation---the,2
run,14
illustrate---suppose,1
lakes,3
colonization,11
step,7
sam's,2
subtract,1
abroad,9
wealth,3
faith,28
bureaus,1
scottwhich,1
ussenator,2
silence,2
seeing,1
within,92
unimpaired,2
dissatisfaction,2
convulsion,1
rolls,5
statistics,2
placing,1
besieged,1
people---jefferson,1
withholding,1
himself,26
governs,10
duly,7
registered,1
properly,9
authority,57
russian,1
warlike,2
well-appointed,1
persisting,2
circuits,3
vacancies,3
foresight,1
politic,4
accustomed,2
world-encircling,1
similar,14
ordered,1
metals,2
precept,2
discord---negro,1
unwise,4
cotton,5
sullen,2
objection,8
application,12
politicians,5
department,39
nay,2
draw,1
extreme---against,1
re-election,2
kansas,18
constitutions,10
william,3
rested,1
validity,1
reservation,1
restrained,2
structure,3
hanover,3
urged,8
practically,5
required,14
clenched,2
everywhere,5
requires,10
sounded,2
gouverneur,1
eradicated,2
farms,1
proposition,19
go,99
excluded,1
friendly,6
prudence,2
rebuked,4
telling,4
yourselves,13
law---showing,1
barbary,1
positions,4
me---and,1
inspection,1
enforce,6
facilitating,1
compensated,8
ardent,4
honors,4
auspices,2
slave-dealer,2
experiment,1
melancholy,1
commercial,14
following,21
scythe,1
canals,1
enterprising,3
arrive,2
withdrawing,1
repel,2
products,2
salvation,2
patents,2
addresses,3
nearest,3
win,1
manage,4
thirty-one,5
addressed,3
wit,2
remains,12
unchangeable,1
agreeable,2
jonathan,1
formally,2
started,1
becomes,2
murdererto,1
disabling,1
appointed,7
crossed,1
servants,7
meet,19
conformity,2
control,42
coincident,1
inviolate,1
sought,12
wonderful,3
hesitate,2
defective,1
africans,1
arrangement,8
enactments,2
located,2
sentiments,7
frontiers,1
instinctively,1
reestablish,1
fostered,1
``all,2
sayswe,2
billows,2
farm,2
peace,59
chiefs,1
advocated,1
advocates,5
facilitated,1
including,27
mentioned,14
exclusion,3
thence,3
masses,2
backers,2
over-sanguine,2
pensioners,6
sword,1
jurisdictionin,1
stout,2
hands,27
front,2
'---was,1
adjournment,2
magnitude,4
mode,12
crossing,1
prevailing,1
seniors,1
globe,1
ills,2
pursuits,1
constitute,5
exceeded,2
margins,2
special,10
gallant,3
confess,1
long-deferred,1
amendatory,3
withdrawal,1
delegates,3
undo,1
delegated,1
resumed,2
foes---that,1
hostile,9
deprecated,3
route,5
diminished,3
times,40
shred,1
mankind,5
prospective,7
powerful,5
date,1
patriotism,12
precisely,32
quality,7
management,4
bears,3
durable,3
adjoins,4
relations,16
attack,3
wrapped,2
perfectly,15
belligerents,3
final,16
scaffolding--or,1
exactly,9
lists,1
herself,1
aught,1
comity,1
illinois---that,1
received--perhaps,1
beg,6
submitted,19
providing,7
insignificance,1
distinguished,13
alleghanies,1
enforced,7
dogmatically,2
unchanged,2
thereto,2
need,11
sand--helped,1
constrained,2
border,5
inhabiting,3
pursued,3
able,14
dobut,2
battles,2
ably,1
instance,11
seacoast--touches,1
imperilled,2
montana,1
rigor,1
but,465
expired,1
willbut,2
consequences,5
undeniable,2
astonishing,2
proceedings,5
affair,4
wilful,1
violation,4
non-slave-holding,2
halting,2
well-being,3
reclaiming,3
soldiers,15
partners,2
anderson's,1
based,6
unfinished,2
republic---for,1
earned,1
hopeful,1
reorganizing,1
attained,2
employed,6
fernandina,1
doubting,2
michigan,5
maritime,7
joint,8
legitimate,1
magistrate,3
processes,1
places,18
tobacco,4
sitana,1
she,18
contain,6
unfrequently,1
widow,1
official,10
consulates,1
prayers,2
capitalists,1
operates,2
differs,4
usefulness,1
provision--is,1
operated,2
humane,5
horribly,2
southward,3
calhoun,2
tend,2
written,10
correctly,2
tens,1
neither,39
indebted,1
outsiders,1
attention,41
spares,1
importance,18
interfere,5
efficiency,11
key,2
speakbefore,1
approval,3
precious,3
distribution,2
chiefest,1
limits,29
career,10
minds,3
admit,15
estimation,2
jersey,5
bearing,2
habitual,1
competent,6
missourians,2
instituting,1
kings,3
addition,4
discrimination,2
sanctifying,1
cent,11
outlaws,1
immense,3
treat,4
poet,2
armistice,1
shoulders,3
controlled,1
book-law,2
governedi,2
expenditure,4
ours,13
quotation,2
be--he,1
novel,2
harder,2
thoughts---alas,1
resident,1
surface,2
battle-cry,2
emancipating,2
cometh,2
capture,1
began,17
strange,2
speaker,8
northwest,1
incumbent,1
party,32
fide,1
rightfully,6
effect,36
ordinay,1
frequently,7
here---that,1
destruction,21
scarcely,20
reflection,4
thirty-second,4
well,88
trials,2
restore,10
insurrectionist,1
discord,6
accurate,2
mistaken,3
sources,11
mistakes,2
distant,15
parchment,1
unsoundness,1
peninsular,1
impassable,4
intimated,1
definitive,1
ample,5
disappearance,1
devised,2
utah,30
burden,4
immediately,7
amply,2
prominent,8
loss,3
lincoln,3
necessary,22
lost,5
aptest,1
controllers,2
payments,5
lose,4
divest,2
refugees,2
sophistical,1
therein,19
shed,2
belonged,4
motive,3
redress,2
deliverance,3
home,16
object--to,1
complied,1
broad,6
objected,3
delaware,6
demonstrated,2
south-carolina,1
limitations,2
coated,1
reaching,3
expansion,1
imperfectly,4
prohibited,11
instinct,1
refuge,1
freedom,28
consciousness,4
recognized,5
compatible,1
unionbut,1
entrapped,2
cranberry,2
recognizes,1
tongue,6
equally,15
contending,4
previously,5
washington,40
relinquishment,1
additions,3
doubtless,8
mississippi,21
additional,14
noticed,1
treadat,2
figuratively,1
receipt,1
north,97
``in,2
neutral,3
gain,4
courts,17
ordinances,1
ear,1
eat,2
he,378
lee's,6
signed,6
cruel,5
owing,2
limit,3
piece,4
itit,2
display,1
mechanics,1
diligently,3
devise,1
reservations,2
universal,16
education,9
functions,3
contest,13
offensive,1
thereafter,2
astounding,2
stay,4
lion---and,1
friends,45
portion,26
theretofore,2
lives,11
indirectly,1
committals,1
aided,2
secondly,2
pardon,4
dissolution,7
andre,4
protest,1
knell,4
perverted,1
consists,4
captain,1
whose,28
remodeled,2
pensions,8
presents,7
teaching,2
sorry,2
promulgated,1
cruising,1
destitution,3
void,3
railways,1
misunderstanding,1
negations,1
betters,2
govern,8
affect,7
vast,18
demerit,2
crops,1
companies,2
solution,1
pardons,2
it---first,1
enhance,2
deplorable,2
rollick,2
force,32
dogmas,3
out-going,2
likely,12
invocations,1
slave-masters,2
subordinate,1
even,89
liberates,2
desirous,1
integrity,4
asia,1
favorers,1
lights,4
new,156
hand-full,2
ever,99
reviving,3
niche,3
men,178
drew,2
met,12
governing,2
active,1
dred,11
dry,2
tolerating,1
credit,4
permit,5
adopting,5
suitable,6
plea,2
bayonet,2
county,6
moral,34
drowned,2
army,50
arms,17
call,15
forbids,5
recommend,15
survive,2
tell,7
supporters,1
wars,2
post-office,6
disruption,1
quibbling,2
eternally,2
inhabited,1
room,5
rights,46
interposition,2
bore-down,2
guise,1
akin,2
sovereigntysquatted,1
fresher,2
give,62
involve,4
degenerate,1
live---these,1
advancing,3
himwhile,1
answer,24
construe,3
minority,10
believers,1
summary,5
loyalty,2
president,29
purchase,14
attempt,25
third,7
maintain,19
plied,1
operate,2
exhorted,1
operations,18
foresaw,2
cession,5
co-operating,2
befall,2
wickedness,1
before,115
personal,5
better,47
differently,8
dungeons,1
confidently,3
combination,3
weakness,1
antagonisms,2
went,5
side,27
bone,6
bond,5
afforded,3
calmly,1
successively,2
durability,2
principles,22
trading,2
forgot,4
navy,35
lawyers,2
council-chambers,2
extract,2
sounds,2
contend,6
merchants,1
redressed,1
restricted,2
content,6
reader,2
surprise,1
venezuela,1
consummating,1
assaults,3
resume,2
revenge,2
constitution--is,1
aboriginal,1
struggle,25
professions,1
messages,2
deems,4
moving,1
features,3
thereon,1
grade,1
thereof,12
peculiarity,2
enumerate,1
somewhat,12
requisite,4
peculiar,16
right---that,1
begins,3
distance,1
anxiety,2
disciplined,1
preparation,1
matter,29
louder,2
silly,2
espouse,2
machiney,1
enables,3
expressed---showing,1
modern,1
mind,18
mine,5
elevating,2
seen,12
seem,18
seek,6
expeditions,1
reprieve,2
fitting,4
perpetuation,2
dead---but,1
regular,4
affirmatively,1
inconsistency,2
reimbursement,1
mitigate,3
impudently,1
m,1
dog,1
points,19
principle,131
bounties,3
breathed,2
amending,2
jurisdiction,3
ending,13
treaties,13
attempts,3
uneasiness,2
supplied,2
sneaking,2
nevada,6
judges,11
resisting,2
cumberland,1
factious,1
debts,6
sugar,2
judged,2
above,9
stop,2
perceive,7
coast,13
briefer,2
fields,2
bay,3
bad,4
softly,1
mints,1
ban,2
ears,4
reference,14
beaten,2
testing,1
decided,20
interruptions,1
subject,74
brazil,2
said,80
slaves---being,1
artificial,1
disprove,1
sorts,1
insinuated,2
ignorance,3
weary,1
suggested,4
spell---the,1
estimable,1
against,121
jotted,2
distinction,3
appeared,4
exclusively,10
springs,2
apprehended,1
opinions---their,1
puts,2
basis,8
three,33
particulars,1
commission,6
interest,34
entered,7
threw,3
deeper,4
prosperous,9
suppress,12
personally,3
regretted,2
exception,4
nowi,1
affirm,3
reinstate,2
originate,1
earth's,1
near,15
suppose,14
balance,18
anchor,2
associations,2
seven,11
ridicule,2
mexico,55
is,1194
it,1499
defeated,10
in,2018
sever,3
if,348
grown,1
waging,2
make,91
speculating,2
unfortunate,7
colonies,10
grows,2
entitled,9
meets,1
bearded,2
advocate,2
governors,2
sacramento,1
declaring,12
delight,1
supposing,2
jealous,3
subject---in,1
opportunity,4
thoughts,2
practiced,2
unconditionally,1
failing,1
approbation,8
practices,2
qualities,3
claims,24
yours,7
left,41
just,83
sentence,4
dearly,1
unfair,2
assigned,3
fullness,2
augments,2
yet,71
impending,1
candidate,6
pecuniary,5
regarded,13
assassination,1
statesi,1
long-lost,2
justices,1
save,21
designate,2
number---does,1
auspicious,1
orphan,1
passeth,1
[counsel],1
performing,1
countries--results,1
navy-yards,1
territory---this,1
deal,4
repudiate,1
somehow,4
dead,18
dear,4
manifest,6
dense,1
undisturbed,2
distrust,1
track,2
knew,11
bold,4
burn,2
unorganized,4
gur-reat,1
chilean,1
naturalizations,1
brown's,2
commit,2
unsay,1
formerly,1
amounted,4
world's,6
down,32
lies,9
post---the,2
doctrine,11
lieu,4
frightened,1
unprecedented,3
murderers,1
initial,1
illustrious,2
pages,1
fraction,2
embroil,1
factions,1
form,25
landing,1
penned,3
memoranda,1
surrender,8
atrocities,2
fort,25
continuance,3
missouri---and,1
attached,1
bounds,2
lead,8
stages,2
average,8
originating,2
sticks,4
instance--and,1
covert,4
one-third,3
sale,4
claimants,3
awhile,1
widows,2
self-defence,1
fraternal,5
locality,2
agreeing,2
permission---we,1
generally,16
adjourning,2
faction,1
felt,6
fell,5
authorities,5
died,8
assume,3
annuity,1
affirmed,6
teeth,4
restored,6
customary,3
relieve,6
souls,2
point--a,1
themes,2
mile,5
foreseen,1
skin,2
mill,1
abundant,7
conditionally,1
anticipation,1
depend,2
deceitful,2
fancies,1
father,6
answered,7
finally,24
unpleasant,1
reptiles,1
suffered,4
abundance,4
string,1
palliated,1
penniless,1
tends,3
contemporary,1
there---has,1
governments,18
did,121
die,2
democrat,2
unexpected,1
dealing,2
inconsiderately,1
hazzard,2
suspect,2
international,5
filled,8
deportation,3
transportation,2
henry,23
availed,1
french,8
box,2
canadian,1
bow,2
simultaneous,1
suggestion,7
useful,6
merely,22
thing---ever,1
withal,3
verge,1
everybody,2
judge's,4
troops,13
liberation,2
sake,4
ingenuity,2
visit,2
france,15
peru,5
lessened,1
acceptable,1
unselfishly,2
negroes',2
cautious,1
recreant,2
orator,2
effort,16
fly,4
soul,2
growing,3
making,31
dispute,7
deceased,2
claim,23
---the,1
council,3
thirty-three,2
reside,1
provisioning,1
chemical,1
till,28
pure,3
tatters,2
persuasion,2
sworn,4
bethen,1
map,5
harm---it,1
may,210
designed,3
destructive,2
journals,2
grow,1
reenslave,1
man,136
relinquish,4
inexpedient,1
inferencenow,1
borrowing,2
q,2
inhabitants,3
deceive,2
african,26
nearly,29
gradual,12
pointed,1
northampton,1
argues,2
stability,3
argued,5
thank,2
interesting,3
policy,45
mail,3
main,12
texas,26
adjacent,2
views,20
sooner,11
touching,5
ensue,1
killed,1
developments,2
possess,3
resignation,1
seacoast,2
liberating,1
nowupon,1
treacherous,1
conventions,3
richly,1
diversities,2
befell,1
palliation---a,1
canada,4
living,19
jackson,4
hemmed,2
greeks,2
interference,1
nominal,3
imperative,2
correct,2
assurance,6
earlier,2
telegraphs,1
california,17
bagatelle,2
advance,7
language,25
indorsing,1
audited,1
thing,48
proffered,1
think,84
frequent,2
first,109
cheese,2
itthe,2
americans,11
long,57
suspended,5
carry,21
pacificator,2
rome,1
discharged,5
little,45
anyone,1
fiery,1
participated,1
speaking,7
bloodshed,3
adjourned,4
continuous,1
untried,1
stipulation,1
undoubtedly,2
preventing,1
sailing,1
framers,4
man---less,1
protected,2
venture,8
were,218
lullaby,4
lick,1
cuttings,1
topics,1
occupied,5
efficient,2
foreigner,1
shocked,2
endangered,2
out-running,2
interior,19
performance,2
channel,3
pain,4
trace,5
arguing,1
paid,14
assault,5
satisfying,1
tract,4
complaints,4
conspicuous,2
especially,23
diversity,2
precise,10
contrabands,1
show,28
accession,1
elevate,1
enthusiast,1
boundaries,2
stormy,1
treasure,2
storms,2
behind,2
impunity,1
black,22
treasury,29
enthusiasm,2
accepts,1
get,23
contracts,2
designated,5
unimportant,1
state,200
framing,4
distinctly,3
designates,1
gen,2
yield,13
across,6
miles,9
it---to,1
communicated,1
declared,20
seas,2
seat,8
relative,3
declares,6
seal,1
sameness,1
rigidly,1
whereabouts,1
enough,29
reading,2
checks,1
august,5
parent,2
parental,1
killing,1
countenance,4
pinckney,3
dates,1
hertofore,1
according,15
spare,1
traded,2
among,64
cancer,2
maintained,15
grants,2
cancel,2
perpetuating,2
transmitted*,1
laudable,2
considering,3
sensible,2
arts,2
government--the,1
fellow-citizens,7
mark,3
congress---by,1
judging,1
constituencies,2
britainwhen,2
repudiated---discarded,1
educated,2
derogation,1
offered,5
declaration,30
those,170
sound,10
superintendency,2
warning,8
residence,3
awakened,2
endowed,2
sincere,1
dedicate,2
middle,6
hereinbefore,1
sudden,3
obnoxious,1
abhors,1
movements,4
different,21
pat,2
pay,27
s,2
same,127
acquaintances,2
speech,12
arguments,9
deference,4
struggling,1
pan,1
oil,2
assist,1
running,5
ancestors,2
scorned,2
totally,2
fail--if,1
largely,9
amounts,3
convened,1
malicious,2
gaining,1
money,21
aspect,6
arbitrament,1
statesmen,3
migration,3
sprang,2
astonishment,5
extensive,9
admitting,2
railroad,7
implicate,1
adams,2
chamber,2
either,31
served,4
voluntarily,5
imprisonment,1
pronounce,2
specified,2
organizing,3
gross,5
colonial,2
footing,2
extensively,2
custody,1
expressing,2
moderate,2
one-tenth,1
fitness,2
notable,1
unusual,5
broken,3
transpiring,1
pretended,2
strangled,2
manufactures,3
averting,1
operating,1
stations,2
roar,1
island,7
violence,10
practical,16
throttled,2
mixed,2
road,6
maintainance,4
lands,18
clerkship,1
whites,15
skilled,2
blessed,2
dreaming,1
acquiesced,1
distracted,3
decisive,1
indorsed,3
tycoon,1
motives,9
replies,1
strikes,2
borders,5
arranged,1
well-understood,1
affection,3
deliberation,1
deep,6
fellow,3
examine,1
deem,7
deed,2
fill,7
again,67
amendments,11
retiring,1
ceaselessly,2
field,11
president's,2
life'',1
reenforced,1
deriving,2
important,32
equitable,1
prudent,3
conclusive,10
u,2
drugging,1
self-government---that,1
resolution,3
forget,11
aids,1
langdon,2
bosoms,2
founded,2
sunk,1
children,10
inexhaustible,2
preserved,2
parcel,3
returning,6
plausibility,2
scout,1
fall,9
difference,17
norfolk,2
giddings,2
benevolent,8
applicable,1
will---nothing,1
mistaking,2
economically,1
designedly,1
withheld,1
sherman's,1
further,34
misrepresent,3
residue,1
stood,4
judicious,4
harmonized,2
movement,1
outgoing,3
washington---that,1
ranged,1
nation's,5
ranges,1
inconsiderable,1
sophism,3
depots,1
campaigns,1
speeches,7
bible,5
stretching,1
published,2
narrow,5
authorize,9
transit,3
africa,21
sanction,3
extinction,1
armed,8
readily,7
eye,4
uniformity,1
distinct,9
paraphrases,2
two,61
cultivation,3
restraints,2
conklingmy,1
stable,3
---while,2
landed,2
controlling,5
would-be-masters,2
particular,14
none,18
hour,4
recall,1
remain,14
pressing,1
abandon,3
dec,4
purchaser,1
bravely,2
share,9
tip-top,2
collision,5
attain,2
purchased,12
hypercritical,1
wished,4
deplored,2
biography,2
needs,11
wisely,3
re-read,2
reach---a,1
acts,19
sacred,44
stir,1
advice,3
questioning,1
blood,12
coming,16
response,1
friends--those,1
deserted,3
coal,1
fondest,1
wishes,2
responsibility,7
pleasure,3
excepted,5
infant,4
rifles,1
rounded,1
appeals,1
through,57
existence,17
suffer,2
orsini's,1
pens,2
possessions,1
energies,5
liberia---to,1
late,13
detected,1
crawls,2
good,68
seeking,4
socially,2
noticing,2
prejudices,1
encouraging,2
obeyed,3
inception,2
detach,1
complain,4
association,5
mystery,2
easily,10
ashes,2
habits,1
subjugation,1
ports,11
harm,2
mental,1
house,37
energy,4
hard,2
idea,8
engaging,2
extended,18
countrymen,13
connect,2
towit,2
mustered,1
lovers,4
throes,4
nowand,1
acting,4
henceforward,1
abridgement,2
pathetic,2
circumstance,2
enforcing,3
extraordinary,8
disposition,4
beginning,32
benefits,6
omit,7
diversion,1
audacity,1
kaskaskia,2
anti-slavery,1
embraces,2
disregarded,2
instances,2
done,35
embraced,2
wages,8
twenty,8
revive,2
least,27
obligatory,2
regulation,2
assumption,3
pains,1
rates,3
favorably,5
part,137
favorable,14
obstructed,1
believe,42
inconsistentit,1
corpus,2
b,3
gotten,1
youth,2
contrary,22
supposed,7
treated,3
declare,18
disunion,9
ages,2
trifled,2
dismember,1
paths,1
built,2
climes,1
onset,2
extracted,2
build,5
well-selected,1
dayton,1
national---his,1
conspicuously,2
most,82
dissolved--i,1
services,1
extremely,1
teems,1
reflections,1
colonel,1
directness,1
thomas,3
particularly,12
rebels,2
disturbances,1
obligations,8
commissions,1
detection,2
scattered,2
noblest,4
douglas',5
malignant,2
carefully,7
fine,6
find,30
giant,1
depended,2
dividing,16
ruin,3
distributed,3
unhappy,3
permission,3
express,28
cheaper,1
knew--they,1
destructiveness,1
inaugurate,2
merchandise,2
set-tier,1
throbbings,2
resolve,3
remove,14
common,27
fuel,1
armature,1
unfettered,1
severing,1
clayon,2
tended,2
lion,2
individual,12
manly,1
unmistakable,2
surrendered,9
tender,2
forthcoming,1
degree,3
please,3
smallest,2
burned,3
vindicated,1
iron,3
constitutionto,1
tradeanother,2
wills,2
indiscriminately,1
reverse,2
sultan,1
solely,2
annual,17
foreign,52
for---the,1
point,48
simple,4
ravages,1
tennessee,14
simply,11
asserted,2
throughout,11
suppressing,2
patiently,1
adaptationit,2
raise,2
create,3
particular---in,1
secret,2
meeting,5
cruelty,1
gap,1
understand,16
gag,2
resisted,8
unnecessarily,1
hitchcock,1
politician,4
grains,1
bill,83
tolerate,1
elections,17
deferred,1
consular,4
impracticable,3
portugal,1
century,16
mystic,1
defection,1
evident,3
itself,51
italy,1
evading,1
dishonor,1
wherein,6
discourse,4
engrosses,1
ray,1
development,2
yesterday,2
solicited,1
moment,8
purpose,46
aggregate,18
task,9
forfeited,2
withdraw,2
chaplains,3
organization,23
macedonian,1
shape,7
openly,5
alternative,1
injuries,3
timber,1
letting,6
cut,3
danger,19
source,10
deliberately,2
administrative,2
excited,2
suffocation,2
habeas,2
adversaries,3
bid,1
displace,2
clay's,18
matters,8
foreigners,9
follows,9
austria,1
indication,2
scrip,1
often,12
absolutely,10
obliged,2
abundantly,2
back,37
strongest,3
accelerate,1
nicaragua,3
ourselves,17
obliges,1
scale,2
decision,30
per,16
connecting,2
augmenting,1
inimical,1
seventy-eight,2
patient,2
remembered,3
peculiarly,1
continuing,3
beheve,1
ballot-box,3
hackneyed,1
conciliatory,1
piled,2
consequently,9
necessity--that,1
aliens,5
framed,37
neutrality,4
lesson,3
re-argument,1
grave,8
derangement,2
forward,10
invite,8
adjusting,1
immigration,3
hoped,8
hopes,5
subsidiary,2
states--certainly,1
wholly,10
directed,6
rejection,2
exploration,1
sort,14
constant,3
expedition,4
deprive,5
single,22
cure,1
prevail,3
denying,1
brethren,2
adjudicate,1
voltaire,2
excuses,2
insurrectionary,7
statutes,2
confine,2
accidental,1
prepared,6
restoration,18
fervently,2
lent,2
proposed--the,1
desert,2
statesman,14
implies,1
wards,1
ascertained,1
implied,9
presenting,2
rallies,1
failures,2
restraining,2
peopleagain,2
aphorism''this,1
vicious,1
disintegration,1
compose,2
graves,1
altogetherwith,1
helps,2
preeminently,1
maryland,11
fatal,1
implicitly,3
putting,4
tenons,1
entire,10
respectful,2
shock,2
fall--but,1
disbursements,13
government's,2
thronging,1
demonstrations,1
rivers,4
forfeitures,1
substituting,3
doctrines,2
confided,4
transplanted,2
chicago,1
giving,16
harvests,4
webster's,2
inconveniences,1
access,2
exercise,9
body,18
exchange,1
outlying,1
objects,9
remissions,1
sink,1
others,46
safer,2
preamble,2
irritating,1
painfully,1
remark,7
talent,1
contradiction,2
later,12
principally,2
sentiments--have,1
honor,11
composed,3
named,2
private,6
extravagance,1
richest,1
decrease,3
names,9
disunionist,2
resolutions,12
lima,1
reciprocity,1
themselves,53
assailed,5
emigration,7
train,2
prizes,2
announce,1
debtors,2
procuring,1
pathos,2
account,4
obvious,4
industrial,2
promptitude,1
closing,5
disabilities,1
admiralty,1
impeded,1
reserved,3
proportions,3
effectively,1
contempt,2
native,9
cinnabar,1
called--in,1
daring,2
democracy,2
holds,5
hampshire,1
regions,8
responsibilities,1
stock,2
watery,2
other''mr,1
specifications,1
annexed,2
philosophy,2
collection,3
united,149
legality,1
trifling,2
avocations,1
bind,1
lines,9
chief,19
re-open,2
subsequently,1
unmade,1
furnish,6
purported,2
inaugural,7
reiterates,1
intermingled,1
horns,2
agricultural,5
bridges,2
revived,5
la,1
lo,2
arrangements,1
whereof,3
accredited,2
labor,45
resorting,1
willing,8
latitude,4
criminal,3
itand,1
bountiful,1
greater,21
bolder,2
descendants,4
spell,2
mention,8
cutting,2
insisting,2
kindness,1
grudgingly,2
strive,3
february,2
morris,1
disregard,8
lexington,3
extinguishing,1
defend,5
repress,5
potomac,2
arkansas,15
fondly,1
announced,1
hedged,2
prodded,1
approaches,1
afterward,2
receipts,22
cured,2
deprived,4
retain,6
facilitate,3
south,111
decisionthese,1
finest,2
seventy-six,2
improvements,2
reached,8
owning,2
ancient,6
unvexed,2
establishments,1
intermediate,1
acquiescence,3
ferocity,1
completed,7
acquire,8
self-sustaining,3
negro,26
slaverythis,2
loved,4
compensation,8
embody,1
visited,1
abolished,7
fall---one,1
regenerated,1
patting,1
unlikely,1
have,574
apparently,7
wilmot,18
gravity,1
montgomery,1
proportionately,1
concerns,8
aristocracy,1
underlings,2
unless,24
eight,8
preliminary,2
payment,8
profoundest,2
wherewith,1
enthusiastic,2
request,5
disease,1
concession---that,1
denouncing,2
absurd,8
occasion,19
selection,3
text,10
charles,3
freesubject,1
inspiring,1
grabbed,2
knowledge,8
concurred,2
endangers,4
inferior,5
regularly,2
beat,4
bear,5
october,1
perfection,1
deputies,1
calling,6
excesses,2
fixed,9
pertains,1
conform,1
omission,7
constructing,2
exists,15
national,101
accord,2
enhanced,1
greece,2
surprise---astounded,1
phases,2
turks,2
reform,1
discounts,1
helped,2
difficulties,9
itbut,2
boundary,27
restriction---they,1
monarchy,1
deliver,2
firmness,3
instant,1
freely,8
taking,36
equal,36
fulfilled,1
assure,5
insidious,1
wringing,1
conquered,2
passing,12
glorious,6
otherwise,13
sixty-three,1
facilities,2
fostering,3
commend,10
manhood,2
basing,1
pouring,2
muddy,2
migrate,1
ah,2
copied,2
improve,4
define,1
slave-trade,5
foes,4
overwhelmingly,1
essentially,2
assert,4
slave-dealers,2
bull,2
general,67
napoleon,5
homes,6
survey,1
plain,12
appearance,1
value,10
advisable,4
at,358
cereals,1
almost,17
captors,2
weighed,3
commending,2
claimed,10
tumbled,1
well-disciplined,1
watchful,2
administration,20
infer,2
injured,2
material,9
selfish,1
sympathised,2
judgment,25
shamed,2
insure,3
retard,1
center,1
yates,2
pampered,2
weapon,1
thought,43
position,17
arising,8
usual,1
negotiation,4
arming,4
ratify,1
designating,1
proximity,1
executive,31
domestic,22
evince,1
seats,2
dakota,2
protecting,1
flee,1
bench,2
add,5
propositions,2
sinners,1
ought,28
resolved,4
tests,1
molding,1
judiciary,1
elapsed,2
time'henry,2
resolves,1
displaced,2
capacities,1
like,44
inviting,2
admitted,17
works,3
accessible,3
decease,1
pur-rinciple,1
abolitionism,2
alive,5
abolitionist,4
recommendation,13
proper,44
happens,5
jurisprudence,1
involuntary,1
discretion,4
economical,5
assuming,5
conservatism,2
unchangeably,1
although,18
worthy,7
champion---the,1
periodically,1
about,63
re-written,2
actual,23
slave-code,1
swimmingly,2
certainty,2
introduces,2
blessings,3
discard,2
tomb,1
introduced,6
speaker's,2
injuriously,1
rendered,6
obliterated,2
guard,2
female,2
awarded,3
inasmuch,4
non-intercourse,2
clamored,4
buy,19
preparations,2
reminds,2
repeated,6
partially,6
aggravated,4
wise,16
glory,6
dangerous,13
minutes,4
supreme,21
whisper,1
measure,45
periods,4
relates,1
paraguay,1
proceeds,4
commander-in-chief,3
claiming,4
detail,7
virtual,3
detain,1
nelson,1
conveys,2
thanks,6
enlargement,1
affixed,1
honorably,1
starting,2
new--north,1
augmented,3
limited,11
comparatively,4
dynasty,3
hath,2
scouted,2
hate,8
assembled,5
muzzle,2
violate,3
paris,1
crises,2
whatsoever,1
under,114
pride,4
unionthe,2
ordnance,1
conjecture,1
risk,1
dispense,1
rise,7
every,75
encounter,1
school,2
cause,40
enjoy,2
parted,2
ungenerous,1
construed,1
consistent,6
estimates,1
direct,20
surrounding,1
street,2
estimated,9
expressive,3
shining,2
solemn,1
selected,2
liberty,43
mischievous,1
causes,5
conduct,7
supplies,1
seeks,2
kicked,1
evanescent,2
unexhausted,1
contentions,1
represented,2
stares,2
licenced,2
voice,6
ventures,1
leaves,9
changed,5
jogging,2
abolition,7
leaven,1
stipulated,2
settled,9
punishment,3
ventured,4
question---arose,1
perpetuated,2
feelings,7
visible,2
quiet---when,2
would,302
bayou,2
barbarous,2
grief,4
connecticut,4
ardently,2
excellent,4
casualties,1
supplemental,1
must,96
me,105
stade,1
join,10
cheapest,3
entertained,3
deficiencies,1
mr,72
my,98
quarrel,1
joyous,2
florida,7
preserving,3
keep,34
guarantee,3
ceremony,1
legislate,3
end,38
vagrant,1
accusations,1
charging,1
plighted,1
description,1
delicacy,1
imaginable,2
lump,2
slavery---those,1
parallel,1
people---a,1
amid,1
acknowledged,4
perform,7
ultimate,6
enter,4
been---arguing,1
executed,3
over,51
expects,1
london,1
expectations,3
exhibits,4
writing,1
destroyed,3
entranced,2
condition,49
iowa,13
prevented,5
gloom,2
netherlands,1
mothers,2
capricious,1
victory,5
each,78
lasting,2
prohibit,12
uninhabitable,1
lugged,1
driving,1
god,30
pensacola,1
laid,5
lain,2
got,30
newly,4
twenty-five,4
independence,33
arizona,1
eternal,5
free,182
aforesaid,4
whereupon,1
wrote``i,1
conditionlet,1
laborer,4
grasses,1
days,19
labored,3
hopeless,1
cooperating,2
already,78
primary,3
rank,1
hearing,2
restrict,1
one---one,1
adopted,36
sober,2
traitorous,1
magnificent,1
rewritten,1
revival,5
sarcasm,2
too,56
percentage,4
unbroken,1
consented,3
know---we,1
serve,6
took,9
kindest,1
western,21
immigrants,3
itpossibly,1
classes,10
handkerchief,2
people---and,1
regulate,6
relatively,1
thoroughly,2
isolated,1
thorough,2
localities,4
rider,1
though,24
commanding,3
coin,5
parting,1
wesaid,1
flow,1
treaty,28
enterprise,5
pasha,1
pardoned,1
reorganize,1
arrayed,2
sage,3
colors,3
mistakeall,1
earth,13
endowment,2
abolishment,3
appealed,6
quoted,4
spite,5
minnesota,15
reverses,1
colonists,1
enslave,4
borrowed,3
hostility,6
despite,1
report,35
considerate,2
countries,27
bowie-knives,2
chesapeake,1
anxiously,1
public,96
twice,6
hewing,2
statesthen,1
wrest,2
resist,11
disturbing,2
capacity,5
continually,3
finger,2
approach,4
discovery,1
reiterate,1
confusion,4
weak,3
however,55
news,2
remains--its,1
protect,11
fault,4
faces,2
hypocrites,1
variance,1
expense,1
exhibit,3
vexed,2
undoubting,2
tracts,1
majestic,2
trust,14
conference,3
been,366
confident,6
belongs,3
expected,12
republicans,8
search,2
uncommon,2
majesty's,4
catch,7
deliberations,1
apprehension,5
legislating,3
lessen,1
kentucky,28
lesser,3
expenses,7
containing,4
suggest,5
prussia,2
propertyshall,1
complex,1
several,46
numerical,1
cessation,3
workings,4
insisted,2
shortly,1
casebefore,1
embarrassments,2
possessed,5
ocean,6
hearty,1
greatest,11
louisiana,16
hearts,9
alabama,7
assembling,2
departed,4
proposed,23
proposes,1
grades,1
campbell,1
resigning,1
hushed---hushed,1
meanly,1
humanity,6
gave,27
which,521
advances,1
breaks,2
friends---that,1
judge,64
sanitary,1
advanced,2
apart,2
appearing,1
zeal,6
gifted,4
dishonest,2
officei,1
specific,9
offices,6
officer,4
hung,8
battle-field,6
petting,1
successfully,5
enrolling,1
election,25
escape,2
contests,1
rapidity,2
embodied,1
proceeding,5
establish,11
companions,2
everything,1
ironclad,1
corn,3
permitted,11
endorsing,2
census,9
surround,1
steadily,13
connected,12
efforts,26
presence,14
civil,24
obtaining,1
naturalized,3
emancipation,57
laborers,11
fruitful,2
emigrate,1
existed,7
rely,1
indispensable,11
transform,2
why,83
stuck,4
anderson,2
fought,5
independence---repeal,1
purposely,2
head,10
medium,1
attempted,10
differences,3
deny,33
payable,1
hear,5
satisfactorily,2
sustained,4
removed,5
forborne,5
portions,4
again---to,1
dissevered,1
simplifying,1
submitting,1
felicitation,1
brightly,2
impropriety,1
suspicions,1
despotism,5
check,3
constructed,1
willingly,1
radically,1
faithful,4
no,391
moment's,3
when,171
vanquished,2
setting,2
papers,1
tie,1
depot,1
eternity,1
permitting,3
reconsider,1
preceding,12
miscellaneous,4
discharge,1
flushed,2
to-day,6
longer,3
bullet,2
vigorously,2
apprehensions,2
withhold,4
remarked,2
serious,9
undoubted,1
neighbors,1
remarkable,6
impression,4
varying,1
obviate,1
leads,3
discern,2
contemplating,1
passage,3
quasi,3
avowal,1
pleases,8
advantage,22
world---enables,1
cool,1
denounced,2
impressive,1
level,2
posts,1
brother,3
lever,2
vocations,2
says,16
inland,2
beseeching,1
port,5
substitute,4
endangering,2
constitution,173
contracted,2
pleased,1
paragraph,1
goes,10
reply,10
amounting,1
standi,1
water,1
attainment,1
entertain,2
yesterday--that,1
thirty,5
expressly,19
guilty,3
denunciation,1
friends---no,1
navigation,3
inducing,3
modifying,4
antagonists,2
swallowed,2
crisis,8
re-appearance,2
vivid,4
confounded,2
memorial,1
wrongs,1
upheld,1
memory,11
negroes,42
today,2
reenforcements,1
chapter,2
neglected,1
equivalents,4
thenceforward,4
cases,34
tribunal,2
unrepealed,1
thousands,2
modified,3
districts,1
achieve,1
ferry,5
unconditional,5
numbers,15
constitutionwhat,1
stream,1
irruption,1
stroke,1
dropped,2
sharp,1
provoke,3
intelligible,2
secured,12
eloquent,6
vital,11
fourth,6
endorsement,6
speaks,1
secures,2
springfield,2
huge,1
eighty,2
informs,1
belgians,1
eighth,1
branches,8
commodity,1
enemies',2
propriety,8
representation,5
refund,1
exclusive,7
comfort,2
furnished,4
mainly,5
furnishes,4
court--two,1
platform,1
offers,1
eccentricities,2
warranted,1
qualified,3
hamilton,1
rescind,1
term,8
equality,6
name,19
go---is,1
importation,2
populated,2
torch,2
catching,2
farewell,2
countrymen---americans,1
self-government,31
intended,32
ultimately,5
concur,4
intercourse,14
profit,4
inadequacy,1
attracted,2
attended,6
theory,1
partizans,2
unfriendly,1
accommodation,1
impose,1
motion,5
turn,18
place,29
charleston,2
view,45
origin,10
is---`one,1
suspend,1
surviving,1
revenue,18
commissioners,3
array,2
george,3
millions,17
given,35
necessarily,8
district,33
reclamations,1
returns,6
convention,21
legally,4
white,67
gives,22
holden,1
act---great,1
season,1
men's,1
alas,5
operationbut,1
kindreds,2
copy,5
holder,1
specify,2
population,27
wide,4
require,20
diplomatic,2
modelled,2
r,2
oath,12
and,3027
lowest,1
desperate,4
generality,1
pro,3
vice-admiral,1
mates,1
any,365
prosperity,21
sciences,1
unavailing,2
resembling,2
urge,2
sure,14
embitter,2
invasions,3
sherman,2
betrayal,1
falls,1
net,1
multiply,2
cleared,3
annum,2
discarding,4
proud,5
unwisely,1
hungry,1
unkept,1
uncle,2
quantity,4
cheap,4
gulf,1
favor,40
obstinacy,2
crime,3
believing,1
dreaded,5
murfreesboro,2
silliman,1
pendency,1
expectation,5
clerks,1
homestead,5
contrivances,2
orphans,2
naked,7
imposing,1
violated,7
labors,8
connections,1
violates,2
professed,1
encouraged,1
cadets,1
fails,1
invoked,5
voluntary,4
federal,77
subsequent,5
review,6
knoxville,1
definite,4
weapons,2
north-west,8
outside,2
invokes,3
perpetuity,6
arrival,5
multiplied,2
thunderstruck,2
originated,8
philanthropic,1
come,60
seceders,3
acquiring,7
successes,4
region,12
quiet,6
contract,4
senator,23
railway,1
deported,1
duty,28
afterwards,21
color,3
hereunto,1
period,32
insist,18
resentment,1
satisfaction,4
polk,4
runaway,2
turkey,3
compensated---paid,1
deposited,1
peaceful,9
hardly,3
direction,7
blessing,3
minister,3
careful,8
spirit,39
robber,1
case,70
myself,19
outnumbering,1
amend,1
cash,9
premature,1
melioration,1
cast,16
shops,1
unsatisfactory,2
coupled,3
discrepancy,1
decisively,2
author,10
granted,3
injurious,5
buys,2
events,8
week,1
disadvantages,1
applaud,1
nest,1
refusal,2
producers,1
persons,41
arose,4
changing,4
modes,2
pennsylvania,10
governmentwhich,1
magical,1
without,139
relief,2
relied,2
termination,1
model,6
whereas,3
bodies,1
justify,2
disloyal,7
seventy-two,1
captures,1
guided,2
unconstitutional,3
actions,3
violent,1
cease,13
senatorial,2
harrison,2
baldwin,3
guides,1
captured,4
blow,6
announcement,1
blot,2
rose,6
seems,20
except,32
omnipotence,1
virginia,31
tanto,3
accepted,9
dynasties,2
waiving,1
reduced,11
deduct,1
burdens,4
pacific,11
deduce,2
table,1
provided,25
highest,3
legal,27
moon,2
freei,1
provides,3
freed,5
communicate,1
intrusted,3
affording,1
'the,1
on,342
oh,2
of,4416
discussed,3
whence,1
stand,25
tributary,1
or,473
tribe,1
followed,12
instruments,2
cursed,2
accounts,1
determine,2
lastly,2
itdescending,1
distinctions,2
strictly,7
there,278
hazards,1
alleged,1
christianity,1
strict,4
alleges,1
forbade,10
mischief,3
vested,2
specific--let,1
inclosures,1
regard,22
amongst,19
cabinet,1
promote,3
us--he,1
faster,4
principle---who,1
terminus,1
mortals,2
artisans,1
strongly,4
taylor,3
taste,2
britain,17
governed,4
corresponding,5
citizen's,1
onerous,2
piracy,4
deserve,4
sufficient,14
briefly,2
separate,11
ever-enduring,1
includes,3
bullets,2
included,11
unanswerable,1
arsenals,1
calls,1
wife,2
accomac,1
missouri,171
all,504
wreath,2
eschewed,2
hatteras,1
follow,12
settlement,22
decisions,4
glimpse,2
subjected,1
country---to,1
removal,4
presentation,2
belonging,2
worse,2
far,73
debtor,1
induce,4
sons,1
ticket,1
workmen--stephen,1
regiments,5
danger---naturally,1
undone,2
employing,2
ten,19
rate,6
invention,2
design,3
aptly,2
what,186
imported,1
advantageous,3
deeply,9
sum,20
eminent,2
crush,1
thraldom,4
disbursed,1
guns,3
asiatic,1
christian,1
combating,4
steamships,1
naval,29
difficulty,11
siamese,2
allows,1
oaththere,1
extremes,4
stilled---that,1
abroad--some,1
members,29
suddenly,1
solitude,2
proceed,7
charge,12
dissatisfied,7
markets,2
minor,1
horses,6
flat,2
knows,1
exigency,1
definition,3
re-elected,2
domination,2
stick,1
known,34
glad,5
presumed,1
salvador,1
irritations,2
forbearance,2
debated,1
ineffectual,2
embarrassing,1
challenging,2
division,17
abandonment,1
sympathisers,2
arise,4
influenced,1
compromise---repeal,1
court,29
desperation,2
rather,33
breaking,5
conducted,7
occasionally,1
influences,3
mould,2
yedo,1
sabine,1
reflect,1
indomitable,2
proclaimed,2
emergencies,2
changes,2
short,16
chiefly,7
pharaoh's,2
departure,4
supervision,3
groundless,3
negro-livery,2
shore,7
don't,2
september,9
essence,1
reversing,1
disabled,1
flaunt,1
pretext,2
susceptible,3
resort,3
parts,22
stephen,1
might,53
alter,3
argentine,1
somebody,1
calm,1
eulogy,6
framework,1
communities,4
intricacy,1
accommodated,2
telegraph,8
residing,4
friendship,4
characterized,3
pirates,3
weight,6
generation,10
decennial,2
beneficent,3
oppressed,5
expect,11
undertake,2
stilled,1
induces,1
imploring,1
health,5
congenial,2
induced,3
remodeling,1
wisconsin,7
thrown,4
execration,2
prejudice,2
circuit,9
government--while,1
consequence,6
fallen,4
harpers,1
before-mentioned,1
seeming,1
feel,10
radical,1
feet,2
sympathy,10
enlarged,3
brave,4
notify,2
colombia,2
blank,2
slower,1
corporal,3
territorially,1
inexcusable,3
leading,16
exhortation,1
swarm,1
storm,3
reverence,1
finances,3
statement,9
relieved,1
people--can,1
inaugurated,1
relieves,2
king,9
kind,5
double,7
i,720
preconcert,1
tongues,2
principle---intend,1
strengthen,1
alike,9
finding,5
repossession,1
added,14
measures,50
reach,9
enduring,3
nothing,54
transcending,1
achievement,2
stands,2
security>,1
stringency,2
mineral,5
windows,2
officce,1
dissolved,2
bondagethe,1
reestablished,1
liberate,3
institutions,15
lying,4
vaunted,2
inflexible,2
palliation,1
deserts,1
securing,3
penalty,3
his,354
invoke,2
obtain,1
hid,2
instinctive,1
him,144
grievances,1
retaliates,2
ablest,2
activity,2
precaution,1
wrote,1
life-long,4
forego,1
art,3
achieved,4
intelligence,4
mass-meeting,2
defense,7
bare,1
are,451
bark,3
arm,2
declined,3
recording,1
threats,2
degrading,4
various,7
southhave,1
other's,2
numerous,9
recently,7
creating,1
liberty---criticising,1
sold,4
sole,6
succeed,6
opposition,14
betrayed,2
relying,1
c,8
license,1
movers,1
became,12
redemptions,1
finds,9
lawyer's,1
arbitrarily,2
$the,3
flies,2
reasons,5
sweep,3
improper,1
regulated,1
incomes,1
overlook,1
political,57
due,19
whom,15
reduction,2
supplying,1
armory,1
adoption,22
affectionate,1
precision,1
demand,20
exemption,1
world---pointing,1
plants,1
south---let,1
georgia,5
indefinitely,3
pitchfork,1
engineers,2
antithesis,2
demon,2
obstacle,1
rid,4
lengthy,1
fate,3
lengths,1
widely,4
esteemed,1
shirk,1
prerequisite,1
higher,3
exigencies,2
restraint,5
negotiate,3
usually,2
brooding,2
arrived,1
sagacious,2
dead---he,1
broils,2
lower,6
anybody,2
apprized,2
machinery,5
dares,2
stating,3
repealing,5
intervals,3
questions,28
years---as,1
continent,6
profitable,5
old-time,2
majority,41
butcher's,2
speedily,4
governmental,3
jostle,1
exhibition,1
equaled,1
profitably,2
states'',1
complaint,1
amended,3
condemnation,3
unlimited,1
recantation,1
clemency,1
modifications,3
confront,1
commanders,6
separately,3
collect,2
aggravation,2
north-carolina,1
essential,3
hinted,1
impassioned,2
understood,23
selfishness,2
aptitudes,1
gradually,5
isles,1
prospective---north,1
innovation,1
fragments,3
refused,4
refuses,1
projector,2
itthere,1
asserting,3
mingled,3
completing,1
stricken,1
range,6
militia,3
credible,2
truckee,1
unnoticed,2
conquest,2
canal,1
impressed,1
acquiesce,2
question,162
fast,2
rend,1
conceivable,3
sections,6
mountains,6
repeatedly,3
forbidding,2
raising,2
patriot,3
remunerative,2
consist,5
state-bank,1
declarations,9
gratifying,7
fluctuations,2
called,38
imposts,3
trumbull,1
enduringly,2
associates,1
rally,2
evils,6
endurance,1
sixty-one,2
income,2
out-right,2
nice,1
helping,4
meaning,7
allowing,9
rightful,11
reproached,2
foundry,1
accumulations,1
departments,4
union-men,2
weights,1
demonstrates,2
provost-marshal-general,1
once,27
issued,10
resistance,7
winds,2
discordant,1
adjustment,11
issues,4
bank-note,2
venerated,2
disposal,2
swelling,3
breach,4
include,2
seized,6
bibles,2
seizes,3
notes,6
deals,2
tenderness,1
dealt,3
manifestly,4
relation,19
settlers,5
noted,1
assemblage,1
concluded,4
hinder,2
smaller,2
malice,3
reunion,2
concessions,3
equipping,1
man's,16
capital,21
ammunition,1
desires,1
desired,7
separation,12
settling,3
larger,9
shades,2
leaving,21
suggests,2
slightest,4
forbid,6
improbably,1
apt,5
apply,8
cross-purposes,1
use,23
from,441
examined,3
abideth,1
few,67
examination,1
constitutionally,5
possession,9
inclined,8
impress,1
cooperate,2
americans---let,1
women,1
augment,2
anywhere,3
dissolve,1
proof,14
indulgence,1
earnestness,2
tax,4
assumptions,1
something,16
perplexities,1
sir,4
counting,1
slave-trader,2
six,10
struggles,5
fortunate,7
traders,1
unquestionably,3
justifiably,1
instead,11
struggled,7
maternal,2
attend,5
tact,1
hazard,2
perjury,1
abuse,3
expatriation,2
rutledge,1
readiness,1
majorities,1
light,7
arduous,1
interrupted,2
honestly,3
been---any,1
sanctioned,2
tropics,1
compass,3
strove,2
superior,6
assurances,1
glee,1
ships,3
permanent,10
restrain,2
choose,15
covered,3
defining,2
pending,4
eastward,3
violating,2
contention,6
practice,24
leisure,1
commended,1
impressing,1
ambition,2
republican,21
affections,1
fled,1
successor,2
articles,13
profound,6
transmitted,4
bills,4
globe'',1
related,1
sectional,11
our,342
indulged,1
out,90
acknowledgment,1
sentiment,11
obstructions,1
honorable,3
supports,2
in--in,1
proviso,24
averted,2
promptly,5
york,6
conflicts,1
reporters,2
avowed,8
organic,3
illicit,1
regaining,1
hence,8
precepts,1
timbers,2
plainly,19
compromise---that,1
hitherto,3
proposing,5
imperial,1
territories---not,1
publication,1
unknown,2
their,406
god's,1
misunderstood,1
academy,2
doomed,2
belabored,1
fellow-countrymen,2
baptized,2
diminish,1
july,12
astounded,1
institution,28
authority---are,1
objectionable,3
richer,1
creditors,3
gravest,1
unaccountable,2
westward,5
williamson,1
sincerity,4
countries---as,1
samewhile,1
inform,2
subject---that,1
divert,4
principle---do,1
who,247
invests,2
hearthstone,1
alarmed,6
class,17
statute,5
discourage,1
neighboring,1
looked,6
daughters--work,1
chances,7
agreed,8
purely,3
democrats,2
utter,7
fear,6
agrees,2
litigation,1
unanimously,2
inhabit,3
local,20
vigor,4
watching,2
massacre,2
new-york,1
ones,18
words,7
self-evident,2
penetrate,2
playful,2
invited--into,1
ascertain,6
generations,5
deceived,2
conversions,1
available,2
inventive,2
acquired,14
fantastically,1
merits,3
itif,2
cold,1
closes,1
vocation,1
monstrous,2
genius,9
mislead,1
closed,6
frustrated,2
bought,2
combated,1
ability,5
opening,5
embarrassment,2
job,6
commands,1
april,3
hooted,2
retrograde,2
safely,13
grounds,3
wall,3
walk,1
figures---of,1
respect,13
narrowed,2
three-fourths,3
freedmen,1
literal,4
inadequate,2
enlarging,5
language---i,1
remedied,1
improved,7
present,72
unlike,4
fearful,5
will,394
wild,8
sobriquet,2
thus,87
encouragement,4
blount,1
perhaps,33
privileges,5
maddening,2
mcclellan,2
member,7
geographical,6
largest,2
inch,4
gets,1
difficult,10
spirited,1
slave,157
conceived,8
disagree,2
laborious,2
declamation,1
inactive,1
appropriates,2
scruples,1
english,1
undertaken,1
webut,1
tendering,2
allayed,2
stone's,2
batteries,1
recollection,2
happiness,4
temerity,2
disturbance,1
supply,4
interoceanic,2
discuss,2
arresting,1
other,208
governmentbutsaid,1
expedite,1
earnestly,4
acted,15
identical,5
captivating,2
provisions,26
execute,1
republics,3
corresponds,1
know,68
presume,1
press,6
countervailing,1
perpetual,6
hosts,2
james,5
agents,3
repressed,1
sloping,1
exceed,1
because,90
flagrant,1
platforms,1
growth,2
empire,9
privateering,1
disrupting,1
tybee,1
severance,1
mines,5
bosses,1
leader,1
obey,2
rare,2
carried,18
extension,36
getting,7
universe,2
dependence,5
shipping,2
sakes,2
swear,1
sweat,1
emperor,2
fatally,4
own,126
wilderness,2
owe,3
warrants,3
promise,13
lawful,11
brilliantly,1
carolinian,2
van,2
transfer,1
incipient,2
faithfully,8
intention,12
breeding,1
appointing,1
incursions,1
volume,1
assail,6
made,149
whether,89
embolden,3
recede,1
record,4
below,2
ruling,2
demonstrate,2
eagerness,1
jewel,2
resumption,2
intentionally,1
mutual,15
percent,1
illinois,48
book,1
branch,8
conclusion,4
kinds,1
government---the,1
june,13
earthly,2
extort,3
auxiliary,1
ranks,2
seceding,3
commencement,5
volumes,1
compromise---an,1
