,63
limited,6
practicability,1
sufficed,1
pardon,1
sweetening,1
interference,1
surreptitious,1
bear,6
needful,1
facilities,2
island,1
intercommunication,1
thirst,2
captain,10
assembled,1
aggression,2
communica,1
whose,23
violate,3
obedience,1
unanimity,1
paris,9
seduction,2
seriously,2
unmounted,1
presents,6
invaders,1
investigation,1
whatsoever,1
under,92
vicissitude,1
pride,4
sway,1
worth,1
applied,8
unrighteous,1
incidental,1
cruising,3
risk,2
co-operation,2
compassion,1
desirable,2
rise,1
compacts,1
ghent,2
appropriation,1
every,58
gratification,2
thriving,1
creditors,2
affect,1
bringing,3
encounter,1
believed,3
reciprocal,2
executing,1
clothed,1
laurels,1
superadding,1
conveniency,1
reg,1
convenience,1
nursery,1
inducement,1
murders,1
bordering,1
immunities,1
triumph,3
enjoy,2
disclose,1
charter,2
force,53
specially,1
infancy,1
construed,1
consistent,2
fairness,2
occasioned,1
direct,5
second,3
exchangeable,1
inasmuch,2
sustaining,1
rigorous,2
subordinate,1
spect,1
estimated,10
requirable,1
shining,1
even,16
established,17
errors,4
relieving,1
deliberate,3
solemn,5
liberty,11
consequent,2
vassals,1
above,8
conduct,12
new,16
increasing,7
officially,1
consisting,4
harbors,5
pressed,1
deemed,5
million,1
impartial,1
avert,2
repugnance,1
offenses,2
existence,3
ulterior,2
interrupting,1
disposable,1
equals,1
here,9
natural,2
met,4
fairly,1
protection,11
pursuit,2
active,3
path,1
peaceful,1
re-establishment,1
obtained,9
balance,6
covers,1
rests,1
pretensions,5
study,1
eligible,2
envoy,4
completely,1
unexampled,3
credit,11
harass,1
calculations,1
kindred,1
permit,5
military,36
stipulated,3
changes,2
pledged,2
mutual,7
secure,4
campaign,8
vaults,2
precident,1
explained,1
meriting,1
highly,8
brought,7
visible,2
remnant,1
moral,3
thursday,2
elucidation,1
actions,1
removal,6
mistaking,1
receivable,1
devastation,1
cherishing,1
charge,1
would,87
army,14
commissioned,2
insecurity,1
impartiality,2
exhort,1
arms,22
insult,1
distributing,1
call,12
therefore,11
recommend,14
indiana,1
liberally,1
capital,8
exacts,1
abusing,1
menaces,1
barbarous,1
tranquillity,7
holy,3
advance,3
successful,9
tions,1
hereby,1
acceded,2
wars,6
aware,2
berlin,4
ardently,1
smile,1
midst,2
hold,2
tariff,2
effectually,3
circumstances,22
me,16
mg,1
join,3
room,2
rights,49
unessential,1
interposition,7
accomplishment,3
mi,1
deficiencies,1
exceptions,4
sets,1
my,43
example,11
clinging,1
impose,1
indicated,1
give,17
federate,1
unjust,4
household,2
preserving,3
organized,3
ser,1
involve,2
currency,6
promulgated,1
caution,1
corroborating,1
want,4
premium,1
keep,3
attract,1
advancing,3
guarantee,2
partition,1
end,6
recovery,2
provide,10
feature,2
how,8
regaining,1
patrimony,1
boats,1
ordinary,11
sagacity,1
resignation,1
fanaticism,1
description,3
mouths,1
arrearages,2
after,14
imaginable,1
customs,1
wrong,2
lay,1
destined,2
president,8
law,24
parallel,2
provisionally,2
purchase,2
attempt,2
splendid,2
effective,2
occasions,1
hasty,1
grant,3
acknowledged,5
lost,6
discontinued,2
entitles,1
maintain,6
precepts,2
enter,6
floridas,1
operate,3
medium,11
order,10
operations,16
restriction,2
surest,1
executed,8
interpretation,2
itinerary,1
office,2
profits,6
over,16
govern,1
russian,1
reached,4
london,9
misconduct,1
fidelity,5
before,26
hypocrisy,1
unforeseen,2
heretofore,8
revenue,23
expectations,4
crew,1
better,3
distinguishing,2
compelling,1
endeavoring,1
enlisted,1
persist,1
denved,1
precipitate,1
hidden,1
possessing,1
overcome,2
transgressors,1
then,3
them,128
remedy,3
remission,1
powerful,9
safe,5
momentous,2
emigrated,1
heaven,5
effects,6
they,89
indulge,2
schools,1
sixteen,1
lenient,1
bank,26
prize,1
notified,1
reasonably,1
arrested,2
slavery,2
detroit,5
deficient,2
filling,4
victories,2
capricious,1
victory,7
reasonable,11
each,10
wantonly,2
uninfluenced,1
disciplining,1
interfering,2
side,9
mean,3
afforded,5
preceded,3
observance,2
concord,2
councils,17
series,2
transient,2
innocent,1
desolated,1
principles,19
joined,1
milan,3
taught,3
enormity,1
navy,8
aids,3
extract,1
protec,1
nonexistence,1
contend,1
prohibitions,1
decree,3
forts,1
god,1
oppressors,1
excepting,2
extinguishment,1
vessels,26
content,1
re,1
laid,11
adapt,2
comprehensive,2
cheerfully,2
independence,18
shawanese,1
foundation,6
inhabitants,5
turning,2
assured,1
concluded,3
lawless,2
given,22
free,20
standard,5
admits,2
aforesaid,1
aboriginal,1
proportioned,1
formation,2
faculties,4
nonimportation,1
forcibly,1
enlightened,10
wanted,3
universally,3
ordnance,2
exposing,1
undaunted,1
deplorable,1
professions,4
messages,1
days,1
rushing,1
ist,6
renew,4
speedy,1
incorporated,6
signature,1
reserving,1
conducted,1
repealed,2
cooperating,2
untutored,1
appeals,4
features,4
render,11
researches,1
meet,8
primary,4
thereof,5
establishments,9
another,11
embellished,1
infringed,1
agriculture,4
service,25
attach,1
meigs,2
engagement,2
protracted,5
statesthe,1
graciously,1
honorably,1
combats,1
too,17
protracts,1
ordered,4
euro,1
invalids,1
danish,5
rewards,2
happily,5
estimates,1
villages,1
conspicuously,1
rejected,2
wisdom,9
ratifications,1
retained,3
richly,1
shortly,1
requisite,13
abandoning,1
maintaining,5
peculiar,8
distance,3
exultation,1
fabric,1
well-instructed,1
enabled,7
scenes,6
nations,47
preparation,3
matter,1
absence,2
guilt,1
historical,1
profitable,1
mitigating,2
seminary,3
powers,34
brilliant,5
usages,3
quartermaster,1
willingness,1
respecting,1
mind,3
well-,1
manner,10
impelled,1
seen,8
regulate,2
seek,1
alive,1
expeditions,1
affairs,13
abroad,6
strength,6
wholesome,1
laden,1
convenient,6
latter,7
responsible,3
-,2
self-defense,1
recommended,7
subjects,14
forces,8
punish,2
transmit,1
regulating,2
doomed,1
propitious,1
conducive,1
residue,3
wrest,1
though,14
object,14
vexing,1
exercised,3
extending,2
redistributed,1
reverence,1
commanding,4
imported,1
contain,2
juridical,1
manifested,2
morality,1
reimbursement,1
mitigate,2
calculated,4
lose,1
flow,1
inferred,1
treaty,12
ruthless,1
competitors,1
points,1
principle,3
enterprise,8
aggrandizing,1
diffusing,3
urgency,1
incorporate,1
pardoned,1
inspire,4
departing,2
jurisdiction,6
precarious,3
ending,7
treaties,1
colors,2
assembling,1
officering,1
supplied,3
earth,3
effi,1
enjoyed,6
orleans,4
judges,2
resisting,2
just,33
spite,2
ment,1
situations,2
guidance,1
debts,2
pacification,2
fund,2
commence,2
efficient,4
touched,1
rich,3
pursuing,3
adequate,15
emphatically,1
predecessor,1
do,16
exports,1
manful,1
establishes,1
compounded,1
ardor,3
hostility,6
de,1
stop,2
perceive,1
preferred,2
degradation,2
supplies,12
report,4
arsenals,1
fabrics,1
societies,2
disaster,1
bar,1
wrested,1
countries,18
exchanged,1
ever,7
chesapeake,2
suffrage,1
animation,1
suggested,1
admiral,2
illegitimate,1
reviving,2
adherence,1
subserviency,2
squadron,7
explanations,6
secretary,11
february,1
precluding,1
erroneous,1
unworthy,4
victim,1
fair,4
habit,1
expediency,8
affluent,1
alterations,1
off-spring,1
observed,3
depends,1
result,20
fail,9
disturbing,1
best,30
subject,37
diverting,1
said,9
capacity,2
ambitions,1
away,1
sail,1
interdiction,1
calamity,4
propitiate,1
pressures,1
r,1
cooperation,3
adjudged,1
drawn,9
preserve,5
disavowed,3
we,35
never,11
terms,13
extend,5
nature,8
invigorated,4
contemplate,1
fruits,4
confessedly,1
however,20
authorizing,2
devout,4
extent,12
defiance,1
convertible,1
debt,18
incompatible,1
improve,6
adapting,3
received,23
essentially,4
brown,1
fault,1
seasonably,1
against,70
ascendancy,2
participating,1
planned,2
fertile,1
exceeds,1
distinction,3
expense,11
adapted,7
con,1
state--as,1
and,1272
exemplary,2
vexed,1
appeared,3
had,64
vain,2
seizure,2
height,1
offerings,1
represented,1
infirm,1
springs,1
trust,8
apprehended,1
speak,1
gratitude,7
petty,1
proceeded,4
unhappily,1
puts,1
basis,4
union,12
condemned,1
three,1
been,212
quickly,2
advert,1
commission,2
much,22
interest,18
expected,17
flexible,1
duties,14
board,4
vigilance,2
life,5
families,1
self-redress,1
prosperous,3
attacked,1
concerning,1
excite,2
affixed,3
enterprises,5
moneys,1
confinement,4
majesty's,1
doubts,2
evasions,2
unexperienced,1
regretted,2
palladium,2
deliberations,9
commerce,54
exception,4
righteous,1
contemplated,12
propositions,1
contingencies,2
kentucky,2
lesser,1
inviolably,1
near,14
leaves,3
stopping,1
aid,8
possess,2
property,16
usurpations,2
guardianship,2
remembering,1
over-,1
losses,1
congratulation,2
cast,1
is,236
costs,1
explanation,2
it,340
defeated,1
expenses,15
soils,1
violent,3
anticipating,1
in,745
comparative,1
victims,2
evincing,1
if,41
constrained,3
severity,1
soldier,1
perform,1
things,5
make,12
cogent,1
enlistment,1
preceptors,1
harmony,7
unfortunate,3
accumulating,4
avoids,3
colonies,2
several,16
imperiously,2
entitled,7
exertion,2
independent,13
directing,1
catholic,1
governors,1
declaring,2
published,1
evil,4
hand,10
liberties,1
marched,2
hastening,1
characters,1
propagated,1
prosecuting,2
opportunity,8
accelerating,1
altar,1
prescribed,5
practiced,3
whereby,1
embarrassments,6
possessed,4
humble,1
itself,22
maxims,1
ocean,7
spoliations,2
approbation,1
materials,5
resuming,1
greatest,4
detained,1
conflict,1
claims,10
the,3608
corporate,1
possesses,1
left,10
opinions,2
agency,2
mingle,1
consciousness,2
wasteful,1
misconstruction,1
repose,5
assigned,1
transporting,1
human,6
depart,2
houses,4
severest,1
yet,8
envoys,3
previous,6
adding,4
remedial,1
classification,2
equipment,1
pecuniary,6
regarded,7
character,18
advancement,4
passive,1
celerity,1
obedient,1
defray,6
beloved,6
has,159
espoused,1
humanity,10
gave,2
threatens,1
elevation,1
municipal,2
involuntary,1
advances,3
rapidly,4
possible,4
auspicious,2
seasonable,2
birth,1
performance,1
judge,1
imposed,5
apart,3
replace,1
advanced,4
reconsidering,1
desire,4
specie,10
gift,1
patience,1
zeal,7
performing,2
unnecessary,1
remind,1
misled,1
steps,2
officer,13
arbitrary,3
notorious,2
security,21
signal,5
aimed,2
effusion,3
beneficial,6
right,8
conciliation,1
creek,1
people,33
staff,3
successfully,4
proudly,1
rily,1
facility,3
productions,3
election,1
displeasure,1
dear,3
precautions,2
strife,1
unrivaled,1
enemies,4
embodied,2
proceeding,7
undisturbed,3
notification,2
unavoidable,3
connecticut,1
aggravation,1
/,1
polluted,1
contributing,1
everything,3
continue,2
exposition,2
summoned,1
denied,1
offices,1
participation,4
precluded,1
substitutes,1
disposed,6
payment,6
cultivating,1
confer,1
natives,1
constructive,1
substituted,3
appurtenances,1
defensive,2
tribes,19
losing,1
post,4
manufacturing,3
permitted,1
proceed,6
trophy,1
gulf,2
restlessness,1
attacks,1
theirs,1
months,4
accepts,1
deduced,1
constituting,1
dedicate,1
cherish,6
own,36
commit,1
efforts,9
considerations,9
discharging,3
indians,3
statements,4
presence,2
civil,8
prisoners,10
obtaining,2
bound,3
naturalized,1
combine,2
down,5
respectable,1
people--to,1
sow,1
formidable,1
easy,3
binding,1
reducing,1
positive,2
existed,2
rely,3
amidst,1
massachussets,1
support,15
assimilating,1
illustrious,2
sovereign,6
class,4
avail,5
accordingly,9
victorious,4
authorized,27
way,5
crews,2
was,131
war,141
happy,13
head,1
annoyance,1
form,5
offer,5
magnificent,1
becoming,2
differences,2
back,1
failure,4
talents,6
dead,1
justify,3
sustained,2
surrender,3
true,11
atrocities,1
comprehending,1
evinced,2
continuance,10
congratulations,3
portions,7
understood,3
spun,1
pro-portion,1
clause,2
harrison,2
until,12
generosity,1
perpetuity,1
adoption,1
interdicting,1
stages,2
adorn,1
proud,5
liberal,10
fury,2
stronger,1
umpire,1
disclosing,1
suspicions,1
evidence,8
despotism,1
exist,2
promised,1
prayer,2
ship,3
incursion,1
injurious,1
negotiations,6
physical,2
inculcated,2
effusions,1
abridged,2
eventual,3
no,74
whereas,7
stake,3
nd,2
vanquished,1
reality,1
answerable,3
setting,1
republic,2
holding,2
papers,1
test,1
unwilling,1
superfluous,1
protestant,1
monroesecretary,2
permitting,2
delivered,1
models,1
preceding,6
felt,8
miscellaneous,1
defence,1
polity,1
invested,1
establish,5
alterable,1
authorities,9
discharge,5
seeing,1
reorganization,2
for,351
bestowed,10
corresponding,6
proposed,10
fears,1
commenced,2
together,10
withhold,1
subscription,1
time,48
serious,3
banners,1
quantity,1
restored,4
forgeries,1
neighbors,2
tribunals,1
companions,3
managed,1
corps,8
regulars,6
strengthened,5
consul,1
foot,3
alternatives,1
exceeding,1
governs,1
delays,4
grateful,3
equalized,1
battle,2
remarkably,1
involved,1
displaying,1
devoted,2
anticipation,1
depend,1
providence,8
financial,1
contemplating,3
passage,1
occupations,3
answered,1
finally,8
prolonging,1
permanently,1
petersburg,1
traitors,1
marks,2
suffered,2
must,19
retreat,3
persevere,1
abundance,2
fatigues,1
already,12
advantage,15
dey,1
exalted,1
navigable,1
conquering,1
choice,3
emergencies,3
merit,6
capturing,1
word,1
fullest,2
pious,1
governments,13
clouds,1
staples,2
banished,1
presented,8
did,6
turns,1
proposals,4
gun,1
ascertaining,1
temple,1
leave,3
pursue,1
recall,1
depository,1
edicts,16
unfailing,1
unaware,1
commissary,1
prevent,2
revolution,1
illustrating,1
occurrence,5
inconsiderately,1
captures,2
gratified,1
cost,1
owe,3
scarcity,1
unconnected,1
port,4
substitute,6
bold,2
well-digested,1
endangering,1
adds,1
appear,6
impressments,2
seasonableness,1
assistance,2
contracted,6
uniform,3
current,8
annals,1
all-powerful,1
reply,1
falling,1
appeal,6
amounting,5
filled,2
dem,1
supporting,2
proclaiming,1
dictates,1
transportation,1
guardian,1
involuntarily,1
french,20
understanding,2
water,10
attainment,2
slow,1
soldiers,3
address,2
alone,11
along,2
refused,1
teaches,1
appears,9
change,17
compellable,1
exemption,1
exemplified,1
canadian,1
expressly,3
recollected,1
studied,1
guilty,1
widening,1
expulsion,1
trial,6
accomplished,2
ulations,1
patriotic,7
conveniently,1
navigation,22
reclaim,1
hither,1
useful,4
consolation,1
augmentations,1
merely,2
substitution,1
prefer,2
unsettled,1
bloody,2
watches,1
betraying,1
subverted,1
sufferers,1
withdrawing,1
crisis,5
professorships,1
decatur,1
squadrons,1
troops,14
prove,1
sake,1
licentious,1
ingenuity,1
visit,1
france,18
wrongs,11
territories,3
cherished,1
explicitly,1
opposed,1
criteria,1
believing,2
wounded,1
cited,1
reenforcements,1
dismay,1
perjuries,1
sessions,2
afford,9
share,4
acceptable,1
repentance,2
refrain,1
odious,1
uppermost,1
everywhere,6
virtue,6
animadversions,1
cases,18
behalf,5
scepter,1
fly,1
tribunal,2
dissatisfied,1
jealousy,1
thousands,3
originally,2
facilitating,2
chastise,3
districts,6
incidents,3
can,78
sepa,1
growing,8
making,5
detached,3
completing,1
slightest,1
reviewing,3
ensue,2
claim,6
citizens,47
degenerate,1
expanding,2
arise,1
agent,1
death,4
fortunes,1
purity,1
council,14
allowed,3
offense,1
provoke,1
occur,1
redundancy,1
inheritance,1
dispositions,11
discussion,2
bonds,2
sudden,3
imports,1
vital,1
fourth,1
inveigled,1
persuasion,1
flavored,1
armies,4
product,1
professing,1
maturing,1
may,92
sacrifice,2
southern,3
produce,5
prohibition,3
courses,4
improving,7
such,86
heroes,2
destructive,2
grow,1
man,4
relinquish,2
tion,2
federal,1
branches,12
revive,1
inexpedient,1
conscious,3
incompetency,1
borrowing,1
yielding,5
introducing,2
st,13
inform,1
so,78
deceive,1
subsisting,1
earnests,1
lamented,1
exclusive,3
breaking,1
misapplication,1
indeed,10
pointed,1
magistrate,1
seizing,1
tual,1
years,3
stability,1
course,20
experiments,2
feeble,1
omitting,2
unfavorable,1
equip,1
still,17
tendency,3
tore,1
constituted,5
accepted,6
derive,2
monitor,1
imperishable,2
infirmities,2
interesting,6
torn,1
vicinity,1
inflicted,1
forms,4
antici-pations,1
spacious,1
ended,1
policy,27
suspension,2
aliens,1
instantly,1
correspondence,7
conveying,1
thereby,4
views,13
statutes,1
sooner,4
nation,55
records,1
compelled,7
subscribers,1
half,1
not,219
unsusceptible,1
now,38
provision,19
killed,1
nor,26
rescind,1
outweigh,2
accommodate,1
execute,1
equality,3
intrigues,2
neutrality,1
james,15
purporting,1
establishing,5
apprehensions,1
magazines,1
entirely,3
naturalization,1
cordiality,2
individually,1
civilizing,1
mexico,1
shews,1
presages,1
intercept,2
treacherous,1
avidity,1
shewn,3
entering,2
year,37
happen,2
avoided,2
adequately,1
aiming,1
tried,1
canada,6
ultimately,2
concur,3
opened,3
intercourse,18
infuriated,1
inadequacy,2
confine,1
abide,2
increase,5
attracted,1
contained,3
nominal,1
imperative,1
overlook,1
edifices,3
receiving,2
circumscribe,1
assurance,4
shows,2
intended,1
attended,3
mercantile,2
theory,2
testimonies,1
siege,1
hull,2
dispatched,1
movable,1
unfriendly,3
dependencies,2
advantages,12
emulation,3
plea,5
obligation,7
ominous,1
remainder,3
accommodation,8
care,4
patronage,3
triumphs,1
resumption,1
language,1
blood-thirsty,1
discussing,1
transition,1
british,104
honest,4
fetters,1
place,16
recompense,4
invitation,1
thankfulness,4
associates,3
indispensable,9
frequent,1
first,14
origin,2
saving,1
striking,1
omitted,1
accruing,2
one,33
commissioners,2
submit,4
suspended,2
spanish,6
carry,7
impossible,3
fight,1
open,2
george,1
affords,2
millions,4
impetuous,1
city,5
little,7
necessarily,12
checked,1
molded,1
district,3
prayers,1
brigadiers,1
providential,1
indicate,1
expostulations,1
fought,1
fortuitous,1
convention,3
legally,1
friend,2
seduced,1
eyes,3
preclude,1
that,423
ownership,1
season,7
appreciates,1
heritage,1
proving,1
encircles,1
inexpressibly,1
interdict,1
imputations,1
copy,1
representing,2
than,47
population,5
connections,3
illegality,1
unfortunately,2
sailing,1
depressed,2
favors,1
require,13
alienate,1
diplomatic,2
transferred,1
disavowing,1
seminaries,3
protected,2
were,65
fallacious,1
oath,1
russia,5
recoiled,1
prospect,8
addressing,1
remained,2
interpositions,2
appreciate,1
turned,4
few,3
prostitution,1
voices,1
episcopal,1
faring,1
spectacle,4
uninterrupted,1
piously,1
any,40
humiliation,2
elsewhere,1
guarding,3
prosperity,16
conversion,1
offering,2
general,47
veteran,2
manufacturers,1
instructed,3
endangered,2
unlawfully,1
take,5
interior,1
wanting,5
encouraged,1
channel,1
supplications,3
price,2
knew,1
paid,2
falls,2
banks,1
successive,3
undertakings,2
america,5
hardships,1
conspicuous,1
precedents,1
vexation,1
forever,1
especially,11
payable,1
considered,12
adopt,1
steady,2
hemisphere,1
defeating,1
unconquerable,1
intrusions,1
slaves,3
patronizing,1
professional,2
dispersed,1
affirmed,1
laws,36
precise,1
perpetrated,1
madison,12
otherwise,4
surplus,1
show,2
circulating,3
unfading,1
fate,1
supposition,2
trespass,1
cession,1
inconsistent,2
southwestern,1
threshold,1
dismemberment,1
maine,1
pacific,4
ground,5
safeguard,2
dominions,2
insurrectional,1
reconciling,1
title,6
proclamation,8
treasure,2
proportion,6
forborne,1
sloop,2
only,31
going,1
enriched,2
treasury,46
outrage,2
enthusiasm,1
fort,5
concurrence,1
lighted,1
guarded,2
sanguinary,2
degrade,1
pray,2
cannon,2
designated,2
expectation,6
d'affaires,1
soon,7
impressment,3
fortifications,2
cannot,1
nearly,5
'til,1
distinctly,1
awaiting,3
justified,1
blends,1
resource,9
seldom,1
invaluable,1
yield,4
effectual,7
liable,3
scott,1
undergone,2
where,24
communicated,6
annexed,2
declared,10
contemplations,1
imposing,1
professes,1
violated,4
labors,2
derogatory,1
seat,4
relative,3
fertility,1
declares,1
seal,3
impressions,2
hastened,1
emulating,1
violates,1
professed,1
concern,2
knowing,1
brave,5
enlightening,1
tween,1
ways,1
subsequent,5
review,1
definite,2
representatives,15
forecast,2
presumed,2
un,1
enumerated,2
between,36
affecting,3
import,2
enjoys,1
presage,1
arrival,1
multiplied,6
notice,3
august,2
parent,1
originated,3
ascribed,2
inseparable,3
gratefully,1
countenance,1
spare,3
intrepidity,1
betrayed,1
menacing,1
article,4
come,2
undermine,1
laboring,1
dates,1
hostilities,1
congregations,1
spared,2
successes,3
many,8
region,1
reasonableness,3
according,8
contract,1
enabling,1
personal,3
s,1
loudly,1
present,41
disappointment,1
expended,1
reluctantly,2
guardians,2
penal,2
competent,4
firmness,2
duty,13
among,28
adroit,1
continuation,2
monopolized,1
colony,1
period,27
satisfaction,13
maintained,4
dereliction,1
assertions,1
learning,2
moreover,8
perpetuating,1
assign,1
laudable,3
considering,3
sensible,2
arts,7
subscribed,3
capable,4
west,3
territorial,2
fellow-citizens,6
mark,2
deserters,1
almighty,6
anticipations,1
practised,1
combined,2
motives,4
dangers,2
adorations,2
borders,2
systems,1
wants,8
direction,3
occupancy,2
aggressions,2
indirect,2
recruiting,1
reimburse,1
offered,3
blessing,11
regency,2
bespeak,1
observe,1
external,8
abridging,2
declaration,8
acquiring,1
careful,2
former,7
those,64
case,12
jurisdic,1
myself,4
developing,3
these,72
rensselaer,1
accommodating,2
single,3
intimately,1
invoking,1
conveyance,1
transactions,4
unavoidably,1
situation,11
taking,3
colleague,1
unsupported,1
transgressions,2
soil,3
sincere,4
dispensation,1
engaged,11
coffee,1
commander,10
bias,1
commanded,9
wisely,3
floating,3
movements,4
expenditures,12
huron,1
combination,2
residence,1
assure,3
pay,5
freewill,1
seeking,2
reminded,1
same,45
check,2
epoch,2
inquiry,1
arguments,2
over-powering,1
deputed,1
struggling,1
charge',1
events,9
porter,1
noble,2
extended,12
wealth,4
disadvantages,1
enjoyment,4
devolves,2
refusal,4
instigations,1
well-directed,1
persons,9
statutory,2
transcendent,1
renewable,1
faithful,5
theater,2
modes,4
pennsylvania,2
charger,1
vacant,1
constitutional,3
evils,3
severe,2
without,62
relief,1
alleviate,1
relied,2
very,7
termination,5
model,1
reward,2
bodies,1
charged,7
prerogative,1
manifold,1
onstrates,1
disbursements,1
being,35
when,25
guided,2
rest,2
safeguards,1
sweeping,1
civilized,9
instructive,1
cease,7
invalid,1
aspect,3
incurring,1
blow,4
presumption,3
renewed,3
measure,6
seems,1
improvement,8
subversion,1
instrument,2
trespasses,1
constant,7
extensive,12
disproportionate,2
real,2
hover,1
aspects,1
unerring,1
rules,9
hereunto,3
inculcates,1
sums,5
virginia,1
early,19
predetermined,1
traffic,2
preference,2
relinquishment,1
confined,4
world,12
execution,13
disappointed,3
vanished,1
claiborne,1
acquainted,1
fortune,1
shrink,2
annually,1
reimbursing,1
superiority,5
either,11
fully,2
waiving,1
animating,1
revision,5
stationary,1
reduced,2
promptness,1
obstruct,1
twelve,1
satisfactory,7
burdens,2
exposed,5
enormities,1
consecrated,1
competition,2
zealously,1
pursuance,4
specified,3
duration,2
divine,9
organizing,1
inflexibility,1
provided,12
passions,2
renounce,1
retiring,1
interdicted,1
footing,4
extensively,3
legal,9
non-commissioned,2
critical,2
expressing,4
well-planned,1
knife,1
refer,5
metropolis,2
forfeitures,1
assembly,1
scientific,1
power,39
equivalent,1
communicate,4
unusual,2
slaughter,1
intrusted,1
thirty-fifth,1
confides,1
inherent,1
assemble,1
affording,4
repeating,1
manufactures,16
attorney-general,1
on,355
conducting,2
subdued,1
central,1
maimed,1
reprisals,2
of,2305
industry,9
violence,6
inviting,1
practical,2
mutually,1
unseasonable,1
stipulations,1
evident,2
testimony,3
lasting,3
eluded,1
provisional,2
climates,1
tribe,2
lands,2
memorials,1
consid,1
algerine,1
communication,13
blessed,5
quotas,2
inculcate,1
rising,3
parties,6
elementary,1
accumulated,2
valuable,7
your,18
subscriber,1
rewarded,2
forwarded,2
her,36
calamities,6
assumed,4
strictly,1
there,28
alleged,2
sides,2
dispersion,1
strict,1
detachments,4
low,1
lot,3
oppressions,1
decisive,4
disposer,1
contiguous,2
passports,1
recommends,1
mischief,1
complete,6
vested,7
discriminations,1
smuggling,1
regard,13
delayed,2
strikes,1
cabinet,11
destinies,2
recoil,1
succeeded,5
attainable,1
trying,2
with,346
enlarging,3
longer,8
october,3
arranged,1
circulation,6
rage,1
recurring,2
nearest,1
partialities,1
abuses,3
agree,1
enemy's,1
strongly,1
directors,1
ac,1
vigorously,1
money,4
ad,2
deliberation,1
invigorating,1
exhausted,2
certain,14
am,10
sales,1
deep,6
fellow,11
britain,44
enable,9
ensuing,8
at,151
neutrals,1
tranquil,2
hospitals,1
fill,1
again,7
proudest,1
sufferings,2
deserve,2
swords,1
abolish,2
field,4
terminating,1
acceptance,5
you,27
borne,3
subjecting,1
disgraceful,1
presenting,3
poor,2
requested,1
formed,2
congress,87
separate,1
endeavors,3
misfortune,1
includes,1
pean,1
important,24
intimation,2
failures,1
included,4
equitable,4
stocks,1
building,2
shipping,1
remote,2
applause,1
calls,4
fleets,2
investigated,1
mast,1
mass,3
andwhereas,7
doubted,4
embracing,4
sensibility,2
resolution,3
original,1
minister,24
burdening,1
all,96
consider,2
consciences,1
alleviation,2
caused,3
forbidden,2
invariable,1
month,2
founded,9
ceased,4
welfare,12
follow,2
expressions,2
adhere,1
religious,10
children,1
causes,7
improperly,1
predetermination,1
wanton,3
chain,1
homage,2
subjected,3
restraining,1
naturalizes,1
encourage,2
opportunities,3
spirit,26
tn,1
to,1193
foster,2
preserved,2
th,16
collusive,2
safety,18
pledges,5
sound,2
belonging,2
relieve,2
appointment,2
churches,1
returning,2
far,22
induce,1
bravery,3
blockade,12
candid,1
worst,1
decide,5
fall,1
awful,1
difference,1
condition,10
abandoned,1
capture,6
unessentially,1
benevolent,5
celebrity,1
laying,2
applicable,4
large,8
invigorate,1
proposition,1
armories,2
small,5
indemnity,2
confederated,1
neighborhood,1
withheld,4
abridge,1
penalties,5
cash,1
past,2
rate,3
titles,1
design,1
publicly,1
enjoin,2
further,27
casual,2
conscience,4
what,11
repeals,1
stood,1
advantageous,2
witnessed,1
deeply,3
sum,25
exigencies,3
eminent,1
judiciary,2
crush,1
prevailed,2
colonists,1
destroyed,2
judicious,1
vanous,2
tribute,5
public,117
contrast,2
daily,4
full,13
christian,1
effectuating,1
threatened,3
loose,2
disorganize,1
hours,1
inconsiderable,1
disastrous,1
excess,2
november,3
observing,1
search,2
soundest,1
naval,25
conviction,4
extraordinary,5
hearts,5
inspired,2
compliance,2
slave,1
bestow,3
experience,16
champlain,1
prior,3
amount,15
simply,1
social,3
action,5
struggle,2
authorize,4
alexandria,3
followed,12
members,2
family,2
suddenly,1
requiring,5
transit,1
africa,1
impolitic,1
apprised,3
enjoined,1
trained,2
sanction,4
extinction,2
armed,7
estimate,2
select,1
readily,1
conventional,1
rises,1
britannic,6
uniformity,1
distinct,1
benedictions,1
inviolate,1
destination,1
two,28
implore,1
cultivation,4
archives,1
characteristics,1
taken,24
tunis,2
undivided,1
markets,7
minor,1
more,107
revolutionary,1
wretched,1
exigency,1
incentive,1
mankind,2
instrumental,1
tested,1
flag,11
controlling,1
impulse,6
particular,15
known,20
foundations,1
objections,4
factories,1
sovereignty,1
promoting,6
town,5
respected,1
none,6
hour,1
science,4
guards,2
forbearance,3
remain,9
arrangements,7
nine,3
sent,5
learn,1
purchases,2
prompt,8
medical,1
stated,1
lives,1
requisitions,1
abandonment,2
accept,3
states,199
niagara,2
sense,6
exclude,2
cultivate,3
species,2
firmly,1
information,5
respective,5
answer,3
court,3
rather,5
amendment,4
acts,5
pressing,2
enlarge,1
surpassed,2
transfers,3
occasionally,2
perry,1
sacred,6
extinguished,3
relinquished,1
acknowledging,1
lakes,3
persevering,4
plans,2
communicating,1
derived,5
different,1
reflect,4
well-tried,1
blood,7
defraying,2
accorded,1
invasion,2
concentrating,1
reconcilement,1
a,746
usurper,1
short,6
chiefly,2
exhorting,1
prerequisites,1
register,1
departure,2
exhibited,1
felicity,2
responsibility,3
dread,1
fundamental,1
functionaries,1
retaliate,1
pleasure,1
testimonials,1
preparatory,2
infant,2
rounded,1
outrages,4
september,9
developed,2
nugatory,1
insuring,1
mission,6
trade,17
disabled,2
held,3
attitude,1
$m,21
through,18
tripoli,1
committed,15
pretext,5
its,172
thirty-ninth,1
waged,4
assailable,1
possessions,1
propensity,1
susceptible,3
border,2
greatly,2
reluctance,1
bosom,3
actually,9
late,9
resort,12
wrt,3
disclosed,1
founders,1
speech,1
mounted,2
cool,1
might,41
triumphantly,1
forbear,1
good,20
return,11
severely,1
superintending,1
insensibility,1
invigoration,1
prejudices,1
anticipated,3
guarantees,1
rank,3
commodore,3
communities,1
complain,1
instructions,8
frigate,8
likeness,1
instances,2
always,4
decimal,1
level,1
bless,1
transmission,1
habits,6
exiled,1
insuperable,1
found,19
shocking,2
residing,1
friendship,10
ports,26
characterized,1
predatory,3
england,1
weight,3
generation,1
house,15
energy,3
beneficent,1
finish,1
expect,2
undefended,1
operation,6
beyond,7
event,12
unexceptionable,1
since,9
induces,1
discouraging,1
seaport,1
armaments,1
health,3
avenge,1
congenial,2
induced,3
issue,13
algiers,4
highway,2
attentions,1
appertaining,2
belief,3
lawrence,3
favored,6
enforcing,1
abounds,2
difficulty,2
reason,5
disposition,17
put,5
earliest,5
reproach,1
spread,2
heroic,3
thrown,1
definition,2
benefits,2
revival,2
annulled,2
omit,1
excluding,3
lieu,1
american,64
prejudice,1
elective,1
expedient,3
consequence,5
contingency,1
fallen,2
sandusky,1
indebted,2
embraces,1
consultations,1
precautionary,4
probability,1
upper,2
feel,12
relate,2
belligerent,13
number,11
preservation,3
flashes,1
sympathy,4
enlarged,6
unexpected,2
done,9
embraced,1
unredeemed,1
invader,1
wages,1
maintains,1
regret,3
passes,1
exertions,9
peaceable,4
guaranteeing,2
introduction,2
twenty,2
unsafe,1
coasts,9
threatening,1
flimsy,1
least,10
paint,1
philanthropy,1
station,7
seafaring,2
statement,3
finances,5
merciless,2
justly,5
sympathies,1
passed,3
rescue,1
relieved,1
favorably,2
scrupled,1
immediate,10
employ,2
part,50
favorable,24
consult,3
obstructed,1
believe,1
carnage,2
center,1
diffusion,3
inland,2
kind,3
double,2
anticipate,1
instruction,6
dispensed,3
youth,1
nevertheless,6
determined,3
contrary,8
insulted,1
kindle,1
toward,30
declare,2
reparation,2
strengthen,3
valor,6
reunion,1
defect,2
affirmative,1
notwithstanding,8
substantial,2
comrades,3
dismember,1
organs,1
orders,30
option,1
utility,2
defects,1
built,1
depending,6
extorted,1
regencies,1
officers,16
reliance,4
onset,2
also,51
degraded,1
internal,9
permanency,1
comprehended,3
obviously,1
declines,1
auspices,1
province,4
concurrent,2
experienced,4
bands,1
measures,30
reach,2
humbly,1
exempted,2
took,1
most,43
vindication,1
plan,2
nothing,3
seasons,2
barbarism,1
engagements,7
effectuate,1
constitution,29
understands,1
offensively,1
unequal,1
corrupts,1
preferring,1
unrescinded,1
sometimes,1
unreasonably,1
reflections,1
reestablished,2
colonel,1
latest,1
liberate,1
institutions,10
western,2
perseverance,4
expedients,2
particularly,21
boundary,1
restore,2
obligations,7
sundry,1
authors,1
emoluments,2
defended,3
forbidding,1
swells,1
inflexible,1
session,20
relation,6
jury,1
baneful,2
man's,1
fine,2
find,11
bestows,1
occupation,1
distressing,3
regulations,16
securing,2
northwestern,4
justice,29
hope,4
distributed,1
assertion,1
unhappy,1
transmitting,1
experiment,4
equity,2
circle,1
sure,2
his,102
founding,1
coequal,1
dependent,3
licenses,3
express,1
revered,1
courage,1
preparing,2
closely,2
devising,1
combinations,1
during,38
him,9
merchandise,1
alexander,1
enemy,58
think,1
commensurate,5
unwarrantable,2
progressive,2
sacrificed,1
generally,4
adhering,1
retaliation,10
remove,2
proclaim,1
sacrifices,6
common,15
activity,8
river,3
precaution,2
repulsed,1
wrongfully,1
bulky,1
set,6
signify,1
correspondences,2
achieved,1
intelligence,1
opposing,2
uses,1
instituted,2
sex,2
manning,1
see,2
defense,30
manly,2
are,109
sea,8
conjuncture,2
close,12
heaped,1
materially,2
procrastinated,1
declined,2
repairs,2
#,3
threats,1
probable,2
seconded,1
nailed,1
superseded,1
firmest,1
familiarity,1
degrading,2
classes,1
various,3
captured,4
probably,6
conditions,4
europe,6
three-fourth,1
candor,2
recently,2
creating,1
attention,29
confiscated,1
denomination,2
incident,9
succeed,1
vindicates,1
diminution,4
dividend,1
relying,1
legislature,15
both,33
c,2
last,44
reverse,1
appropriations,7
annual,6
foreign,39
connection,3
became,3
malden,1
collection,2
corrupt,1
whole,11
rodgers,3
baltimore,1
regulates,1
clashing,1
majesty,8
supply,5
reasons,1
loan,10
manners,3
whatever,13
improper,3
signalized,2
tennessee,2
adjoining,2
church,5
vessel,2
vindicating,1
throughout,6
suppressing,2
expensive,1
decline,1
raise,1
inadmissible,2
fifteen,2
create,1
exert,3
political,15
due,27
whom,9
reduction,8
practicable,3
complicated,2
supplying,4
maintenance,5
omniscient,1
collected,1
threaten,1
territory,22
meeting,9
attractive,1
resting,1
undiminished,1
fire,2
latterly,2
exempt,2
remark,1
seeks,1
usage,2
moderation,3
determination,6
representative,3
systematic,3
demand,6
resisted,1
towns,4
rupture,1
struck,1
necessaries,2
georgia,1
utmost,1
look,3
numver,1
solid,1
judicial,3
bill,14
elections,1
governor,3
forgetting,2
while,4
confederacy,1
fense,1
denominations,1
endanger,1
fleet,1
animated,1
treason,1
guide,2
engineers,1
indulging,1
kingdom,1
costly,2
impracticable,1
wherever,3
tendered,1
disorganizing,1
smithsecretary,1
confining,1
owes,1
ready,11
monroe,1
increased,4
acknowledgments,1
unfunded,1
aged,1
authenticated,1
ample,9
paying,1
belong,4
elevated,1
shorter,1
benign,2
accompany,1
oppose,1
cruelty,1
modification,3
products,5
proved,6
revisal,1
forgiveness,1
prerequisite,1
development,1
used,2
temporary,6
forced,7
bonus,2
restraint,1
unrepaired,1
friends,1
transitory,2
cement,2
alert,1
moment,11
arrived,5
purpose,14
necessity,11
aggregate,5
elapsed,1
recent,8
lower,1
refines,1
solemnity,4
kept,3
dared,1
person,1
flags,1
withdraw,1
consistency,2
covets,1
organization,9
distresses,1
stating,1
know,1
languish,1
abstain,1
exploits,2
burden,3
scrupulous,4
settlements,1
named,1
quarters,1
questions,4
vigilant,2
love,6
alternative,5
injuries,2
discipline,10
cut,2
$,27
retaliating,1
reap,1
admission,1
alternate,1
fitting,1
exclusively,3
speedily,2
source,9
aided,2
questioned,1
crying,1
violations,3
prominent,1
remaining,3
animate,4
complaint,1
march,2
emergency,2
demands,8
uncorrupted,1
capacities,2
emanating,1
judgement,1
matters,1
suffering,1
entangled,1
enumeration,1
enlistments,1
awaken,1
weights,1
projects,1
formal,5
modifications,2
vests,1
d,5
systematically,1
yielded,3
commanders,6
resorted,2
manifest,3
heart,2
communications,11
distrust,3
individuals,8
provoking,1
counsels,4
essential,14
often,2
collectors,1
aliment,1
senate,14
fathers,3
erations,1
some,19
remarking,1
emanate,1
urgent,3
strongest,4
added,9
examples,8
sight,1
apply,1
ourselves,4
amicable,8
emigrating,1
savage,8
gradually,3
scale,3
undisputed,1
decision,9
shall,19
benefit,4
per,3
isles,2
competitions,1
religion,7
seamen,1
civilization,3
connecting,1
market,5
prosecuted,2
innovation,1
invade,1
rectitude,1
exercising,1
be,410
inconvenience,1
fraternal,1
peculiarly,6
benefactor,1
continuing,1
use,12
severities,2
feelings,4
step,5
landmarks,1
chargeable,4
served,2
defrayed,1
cannons,1
relating,8
dictated,3
by,407
cherishes,1
faith,4
asserting,2
gifts,1
mingled,1
anything,2
plunder,3
hatchet,1
conciliatory,8
deserves,1
range,1
regular,10
militia,34
illegal,1
consequently,2
repair,4
letter,1
cooperations,1
beneficence,2
into,93
within,33
indications,2
invading,1
framed,3
services,16
appropriate,1
controversies,2
repaid,1
lesson,1
uncertainties,1
ontario,3
acquiesce,1
renewal,4
governed,1
placing,2
question,10
long,20
occupy,2
chauncey,1
exceed,1
suit,1
enactments,1
signified,2
sections,1
manufacture,3
withholding,1
himself,4
invite,4
bore,2
energies,2
duly,3
adjusting,2
constitutionally,1
hoped,3
properly,1
atlantic,1
repeatedly,1
filed,1
hopes,7
encourages,1
legation,1
warlike,1
considerable,6
raising,1
cognizance,2
directed,2
non-existence,1
inducements,1
gallantry,4
fulfilling,2
advantageously,2
declarations,1
inestimable,2
up,3
us,35
meliorate,1
gratifying,2
maturity,1
redress,1
intermitted,1
retaliatory,1
similar,2
called,10
hornet,2
sort,2
mediation,6
associated,1
voyages,2
expedition,5
defined,1
influence,9
metals,3
precept,2
consulted,2
warning,1
unwise,1
rally,1
work,6
empire,1
brethren,2
intrepid,1
objection,3
fixing,3
peace,63
thanks,1
reimbursed,3
freighted,1
occasional,3
application,4
relinquishments,1
reputation,4
subsistence,3
department,12
classing,1
nay,2
guished,1
mock,1
unadjusted,1
smiles,2
depredations,3
elements,1
overbalanced,1
gross,1
oblige,1
prosecution,2
pretended,3
prepared,3
william,1
restoration,5
validity,1
suppression,1
dishonoring,1
restrained,2
structure,2
rightful,1
urged,5
land,14
implies,1
vice,1
age,7
required,18
accumulations,1
departments,4
dragged,1
ascertained,7
gunboats,1
attaining,2
fitted,3
colonial,1
fresh,2
requires,3
having,36
weighty,1
once,5
code,2
partial,2
thirty-sixth,1
issued,6
resistance,1
existing,16
illustrated,1
sanctuary,1
go,1
congratulate,1
adjustment,6
contributions,3
procuring,2
issues,3
trampling,2
compose,1
averting,1
daring,2
concerned,2
cruises,2
jealousies,1
send,2
afflicting,1
blaze,1
excluded,1
propriety,1
include,2
friendly,11
resources,20
ingredient,1
virtuous,6
seized,2
murderous,1
torture,2
continues,2
prudence,1
barbarities,1
non-importation,1
remodification,1
octo,1
wishes,2
putting,2
enslaved,1
frigates,2
discouragement,1
satisfacto,1
continued,13
posture,5
entire,7
barbary,5
harbor,3
disclaimed,1
notes,19
attempts,4
anxious,4
race,1
restoring,1
depositories,1
avoiding,1
selecting,1
freed,1
comforts,3
pleas,1
smaller,2
pledge,6
punishing,1
repels,1
mediterranean,2
appertains,1
demonstrations,1
besides,6
munitions,1
decrees,16
circuitous,1
climes,1
depression,1
victor,1
reconciliation,2
recur,1
confided,1
giving,12
discontinuance,3
inconveniences,4
consistently,2
indian,8
flowing,1
infuse,1
irreparable,1
harassing,1
exercise,4
body,7
completion,4
melancholy,1
led,4
praise,5
degree,7
exchange,3
respectively,2
commercial,17
amounts,1
sprung,1
following,1
objects,13
let,4
sink,2
separation,1
others,15
dissuade,1
consideration,29
canals,7
enterprising,2
repressing,1
sanguine,1
suggest,3
augmenting,1
great,84
engage,3
vexations,1
receive,3
poured,1
larger,2
leaving,4
repel,1
resulting,2
deceased,1
principally,1
honor,14
courting,1
composed,3
purview,2
reiterated,2
danger,5
forbid,2
complying,1
private,13
mariners,4
affected,3
annoy,1
addressed,2
providently,2
decrease,2
names,1
prohibiting,4
involving,1
standing,5
confidence,22
from,174
consumption,1
&,2
remains,4
adversary,5
encroachments,1
management,1
ministers,3
next,8
blockades,9
assuring,2
doubt,2
luster,2
reciprocity,4
december,1
invariably,1
themselves,17
stage,1
judged,1
possession,8
sons,1
formally,4
comparison,1
becomes,3
occurred,2
cooperate,2
insincerity,1
insufficiency,2
carrying,8
prizes,3
diffuse,1
contravening,1
appointed,1
allied,1
charity,1
entangle,1
account,9
augment,1
sanctions,1
this,132
lapse,1
stations,3
zealous,1
obvious,6
indignities,1
universe,2
accrued,1
fulfill,1
closing,1
conformity,2
certainty,1
proof,9
control,2
displayed,2
reserved,3
proportions,1
purposes,9
high,12
promptitude,3
fulfillment,2
perplexities,1
sought,1
prowess,2
voice,1
contempt,1
native,3
pretexts,1
united,184
varied,2
tune,1
sword,2
destroying,2
africans,1
struggles,3
arrangement,8
delay,6
responsibilities,1
numerous,3
sentiments,8
attachment,1
frontiers,5
instead,5
desirous,1
establishment,25
kindling,1
stock,11
buildings,1
waters,1
act,36
hazard,2
detachment,2
productive,3
legality,1
men,11
insufficient,1
eager,1
coast,3
boasting,1
readiness,5
realized,1
emperor,4
purely,1
enternot,1
light,6
arduous,2
correspond,2
or,92
chief,3
supplication,1
funded,2
allow,1
volunteers,5
secured,1
furnish,4
holds,1
stamped,2
sanctioned,2
train,1
ambition,3
altogether,3
unadvisedly,1
produced,11
whilst,22
contending,2
including,11
bainbridge,1
mentioned,1
agricultural,1
fortunate,2
warren,1
subversive,1
traders,1
negotiated,1
antecedent,1
exclusion,4
decay,1
chosen,1
ignominious,1
ships,19
whereof,3
labor,2
meantime,2
estimating,1
heroism,2
permanent,9
emanated,1
instruments,5
inconsistencies,2
criminal,4
eastward,1
violating,5
greater,16
later,1
plenipotentiary,10
practice,13
mitigated,2
discomfiture,1
hands,10
impaired,1
seas,5
republican,1
affections,1
day,29
successor,2
articles,6
relax,1
profound,2
intelligent,1
university,1
adjournment,1
meritoriously,1
sufficiently,7
magnitude,5
transmitted,5
mode,11
truth,2
disregard,1
accompanied,2
economy,5
butcheries,1
anxiously,1
scabbard,1
doing,2
globe,1
over-bearing,1
pursuits,2
related,1
aggravated,2
deficiency,3
frequency,1
variety,2
aim,1
exceeded,7
our,342
indulged,2
special,8
out,8
gallant,6
respects,2
omnipotent,2
sentiment,1
frontier,17
armor,1
relinquishing,1
repress,2
obstructions,1
performs,1
impart,1
unprepared,3
honorable,17
ciency,1
cause,11
blasting,1
announced,1
achievements,5
shut,1
await,1
sacketts,1
recommendations,1
promptly,3
recalling,1
attending,1
nowise,1
confirmations,1
provident,3
york,5
rejoice,1
business,4
receipts,16
hasten,2
hostile,16
deprived,1
could,34
florida,1
times,10
length,2
ratification,3
transfer,1
hence,1
retain,2
brigadier-general,2
facilitate,2
south,2
spilt,1
perfidious,1
fleeing,1
demonstrating,2
third,2
unlawfulness,2
infractions,2
scene,2
owned,1
hitherto,3
embarrassed,1
date,7
improvements,11
gratuitously,1
occurrences,2
patriotism,12
tributed,1
quality,2
destinations,1
legislative,14
salutary,1
reference,3
uniting,1
durable,4
system,16
relations,15
eighth,1
retreats,1
their,200
attack,7
intermediate,1
blakely,1
acquiescence,2
ferocity,1
belligerents,5
final,6
painful,3
circulate,1
interests,20
enforcement,2
marked,1
vigorous,2
consoling,2
academy,4
completed,3
auguries,1
disguised,1
manifestation,1
diminish,3
july,4
herself,4
institution,7
gradual,3
warfare,12
culture,1
objectionable,1
abolishes,1
frugal,1
sweden,2
individual,5
prohibit,1
bind,1
ber,1
visited,1
providing,12
distinguished,14
devotion,5
exhibit,2
enforced,4
false,2
surrendered,1
explicit,1
interrupted,1
horrors,1
discussions,3
thereto,3
sincerity,2
have,250
interruptions,1
need,2
element,3
assurances,4
dition,1
viewed,3
necessities,1
competency,2
craney,1
documents,2
inhabiting,1
skillful,1
pursued,10
fanatic,1
able,8
battles,4
ably,1
instance,4
read,1
incorporating,1
which,453
sufficiency,1
regulation,1
injunctions,1
plowshares,1
savages,15
sequel,3
unless,2
disavowal,5
avowedly,1
who,34
procure,2
warrington,1
intentions,1
courtesy,1
connected,4
preparations,4
future,19
intrinsic,1
fervent,2
repay,1
discharged,2
takes,1
consequences,4
neighboring,4
diversified,1
request,2
repeated,2
face,5
looked,2
proceedings,8
unvaried,1
occasion,19
fact,2
intoxication,1
impression,3
selection,1
violation,7
signally,2
supported,3
terminate,1
solicitude,2
bring,6
soldiery,2
over-clouded,1
continually,1
pleased,4
principal,6
inspiring,2
promote,5
knowledge,8
comfort,1
furnished,3
should,38
rendering,4
constituents,4
attained,8
employed,13
inhabit,1
wretchedness,1
local,8
interested,1
inferior,1
equilibrium,1
meant,1
prosecute,2
availing,1
recollecting,2
means,37
beat,1
convert,2
michigan,1
massacre,3
maritime,11
joint,3
ones,4
foremost,1
legitimate,3
champions,1
exchanges,1
compensation,2
applying,1
defenseless,3
dwellings,1
aiding,1
mackinaw,1
places,3
enlisting,1
alacrity,4
denmark,2
imperious,1
monopoly,3
taxes,7
calling,5
dearest,1
she,8
contradicting,1
ohio,2
fixed,4
generations,2
view,33
intervening,1
requisites,2
multiplying,1
perdido,2
constructing,1
exists,2
expel,1
acquired,3
national,63
accord,1
operates,3
legacy,1
merits,3
usefulness,1
enhanced,1
humane,2
allured,1
acquires,1
destiny,4
insulting,2
preside,1
genius,2
vows,2
favor,6
state,43
difficulties,10
injustice,9
closed,2
allotted,1
wabash,1
progress,24
neither,7
frustrated,3
admiration,1
vain-glory,1
ends,1
sole,4
formality,1
ability,2
superior,3
importance,14
monarchy,1
indiscriminate,2
efficiency,4
punishable,1
postponement,1
precious,8
solace,1
restrictions,4
commands,1
revoked,5
limits,6
career,5
attached,1
invited,8
equal,11
fulfilled,2
april,7
admit,3
manifestations,2
streams,1
conquerors,1
section,2
attributes,2
safely,2
invites,2
glorious,2
grounds,6
unhallowed,1
conflagration,2
agents,1
conclude,3
wonder,1
supreme,2
presaging,2
amounted,5
distinguish,3
distin,1
assent,1
instituting,1
coercive,1
respect,23
disasters,1
lies,1
flourishing,2
resorting,1
accomplishing,2
tread,1
thanksgiving,1
addition,6
discrimination,2
copies,2
cent,3
taste,2
willing,3
entitle,3
qualify,1
proposal,2
waste,2
louisiana,1
armistice,4
chastised,1
adopted,6
controlled,3
republics--that,1
retrospective,2
sufficient,11
meritorious,2
protect,2
assert,1
latitude,2
expenditure,1
remonstrances,3
improved,4
an,194
spain,2
volunteer,3
homes,1
perseveres,1
novel,2
solemnities,1
appearance,1
as,277
value,9
specifically,1
will,205
hovering,2
concessions,1
encountered,2
persevered,1
country,74
promoted,1
emigrants,1
unauthorized,1
whenever,1
diminished,3
almost,1
thus,16
encouragement,5
lust,1
draining,1
examined,1
demanded,3
tenor,2
claimed,2
disclosures,2
descriptive,1
privateers,1
erie,4
perhaps,1
chastisement,1
privileges,2
administration,2
unite,5
major-general,5
member,3
adverse,4
parts,5
merciful,1
party,2
infer,2
difficult,1
injured,4
material,2
columbia,2
consul-general,1
appearances,1
upon,21
effect,41
privations,2
introduce,1
liberality,2
judgment,2
identity,2
destruction,4
insure,3
fairest,1
scarcely,2
correspondent,3
off,3
reflection,7
ascertain,1
i,106
contest,9
well,45
fighting,2
finds,1
thought,5
criminals,1
command,16
deadly,2
undertaken,1
arising,4
drawing,2
usual,5
negotiation,7
arming,1
immortalized,1
less,21
compel,1
glut,1
executive,10
domestic,4
obtain,2
mistaken,1
sources,5
batteries,1
recollection,2
distant,5
protecting,1
skill,6
thither,1
happiness,8
generous,1
rapid,3
console,1
lake,11
recommending,5
wel,1
arrest,2
add,4
unparalleled,1
extends,1
developments,1
citizen,2
cruisers,11
confusions,1
earnestly,2
enacted,1
warrant,1
indignation,2
ought,12
divided,1
definitive,4
provisions,25
government,104
devised,1
term,2
corresponds,1
community,5
presume,1
capitulation,1
press,7
immediately,9
amply,3
countervailing,2
name,6
loss,10
necessary,37
like,8
success,26
perpetual,1
admitted,1
loses,1
incendiary,1
collateral,1
payments,1
january,4
become,11
repressed,1
works,8
page,1
adversity,1
macdonough,1
therein,3
gaining,2
shed,1
because,5
liquidation,1
wholly,1
searching,1
authority,35
motive,2
shew,3
growth,2
recommendation,4
proper,16
home,6
halifax,1
proofs,12
employment,4
recognition,1
inquiring,1
contested,1
encouraging,1
lead,3
avoid,2
does,7
passion,1
economical,1
demonstrated,1
limitations,1
monuments,3
slight,1
demonstration,1
silencing,1
expansion,1
pressure,2
conveyed,1
although,12
worthy,7
posterity,1
frustrate,1
loans,16
trials,3
vicissitudes,4
gained,7
inconsiderate,1
about,7
quarter,6
actual,11
carried,11
extension,8
staked,1
freedom,4
withdrew,1
dependence,5
recognized,2
merited,1
carries,2
blessings,8
dominion,1
gaines,1
recognizes,1
introduced,1
recognitions,1
equally,19
rendered,10
enacts,1
suited,1
overruled,1
previously,4
washington,5
attains,1
guard,5
weather,1
promise,3
lawful,4
roads,7
naturalizing,1
fraud,1
forget,1
negotiable,1
brilliantly,1
doubtless,5
terminated,2
mississippi,3
van,1
additional,14
confident,1
prospects,1
construct,2
secret,1
imperial,1
intention,2
avowed,7
encouragements,1
terminates,1
extravagant,1
garrisons,2
fiscal,2
north,1
ireland,1
funds,2
amity,5
but,71
incursions,2
delivery,1
plattsburg,1
neutral,21
construction,3
gain,2
courts,2
captives,2
art,3
highest,4
consent,1
he,31
made,61
wise,4
glory,5
society,5
whether,18
shrunk,1
official,5
signed,2
placed,10
cruel,6
limit,2
monument,1
demonstrate,1
distribution,1
display,2
remarkable,2
bearing,3
plenipotentiaries,2
cordial,1
inadequate,1
universal,5
contribute,5
accustomed,1
periods,3
goodness,3
plundered,1
education,2
proceeds,4
legislation,1
effected,1
functions,3
compared,2
efficacy,5
revocation,11
promulgation,2
importations,4
offensive,1
ments,1
lately,2
resheathed,1
old,1
other,106
details,2
branch,7
martial,3
behold,6
conclusion,1
johnson,1
kinds,1
discretionary,1
postulations,1
june,3
shown,2
insults,1
enlargement,4
augmentation,1
jackson,2
animosity,1
repeal,21
veil,1
incurred,5
exposure,1
auxiliary,3
bulwark,5
ranks,5
came,1
space,1
lasted,1
rule,3
portion,18
compete,1
understand,1
cheerfulness,2
commencement,4
augmented,6
