,931
yellow,4
four,23
self-reliant,1
aggression,3
increase,65
granting,5
caney,1
refunding,4
lord,2
consumed,1
sinking,5
cullom,1
shielding,1
co-operation,6
oceans,3
appropriation,22
fur,2
bringing,7
advices,1
disturb,2
prize,2
hague,5
succession,1
twenty-second,2
immunities,1
commented,2
charter,2
specially,5
inevitably,4
miller,1
cordially,7
mail,7
feasibility,4
second,18
sustaining,1
available,8
sailed,1
relieving,3
contributed,2
designing,1
increasing,21
admiral,18
legations,18
avert,2
offenses,4
here,23
herd,2
reported,12
ching,1
china,31
affiliated,1
borrowers,1
substance,1
k,1
reports,26
controversy,15
military,93
numerical,1
criticism,2
appropriately,2
divide,3
classification,3
explained,1
precincts,1
summons,1
brought,25
stern,1
opponents,1
reissues,1
reverences,1
spoke,1
insecurity,2
impartiality,1
explorers,1
occupying,2
therefore,34
until,57
surveyor-general,2
relax,2
successful,11
brings,2
hereby,6
sortie,1
notes--a,2
menaced,2
hold,11
circumstances,17
pursue,1
accomplishment,9
marroquin,1
imperialism,1
revenues,43
example,10
misfortunes,1
protestants,1
unjust,2
artillery,2
organized,27
currency,29
caution,1
reviewing,1
want,6
absolute,6
provincial,3
unpaid,2
hon,21
travel,4
feature,2
revisit,1
how,12
significance,1
winslow,1
preferable,1
dignified,2
beauty,3
unsparingly,1
shores,5
thankfulness,1
wrong,1
destined,1
unselfish,3
types,1
effective,31
revolt,4
headquarters,3
first-mortgage,2
keeps,1
senators,4
welcomed,3
dreamed,1
concurrence,5
mataafa,3
fidelity,3
wrought,6
fit,8
unforeseen,1
heretofore,16
fix,3
occupations,3
rescued,1
narrowest,1
distinguishing,1
endeavoring,1
nobler,1
admirable,1
easier,1
grievous,4
prophets,1
detachment,1
exequaturs,2
schools,7
sixteen,3
silver,12
luzerne,1
barton,1
crops,2
spotless,1
commissioners,28
interfering,1
expectancy,1
preceded,1
financial,16
concord,2
series,2
displacement,3
solution,15
contracting,3
substantially,3
allay,1
borne,5
self-,1
excepting,1
convenience,5
re,1
encourage,10
cheerfully,4
exaction,1
foundation,4
assured,17
threatened,8
fugitive,1
assures,2
universally,3
enormous,5
ate,1
bates,2
shelves,1
shipped,2
disturbed,4
speedy,11
reserving,2
wasp,1
channels,2
wash,1
instruct,2
clamorous,1
antilles,1
seizures,1
service,83
similarly,2
engagement,7
needed,16
master,4
ranging,1
treasure-house,1
rewards,3
geneva,2
stake,1
wisdom,13
task,17
positively,2
peril,7
outlay,2
exultation,1
showed,2
nations,64
project,4
idle,3
endure,1
feeling,3
acquisition,4
willingness,2
boston,1
antagonistic,1
affairs,24
wholesome,1
regretting,1
responsible,8
metallic,1
recommended,9
causing,1
absorbed,1
doors,3
taxation,10
shipments,2
atrato,1
shall,184
thrilled,1
limitless,1
diminishing,1
swiss,4
mouth,2
letter,3
conceded,3
retaining,1
morality,5
legumes,1
camp,4
consummate,1
comprise,1
detriment,1
nineteenth,2
came,10
advisory,8
teresa,1
nominated,1
undue,3
participate,6
herschell,1
guerra's,1
lessons,3
orleans,2
faure,1
skirmishes,2
liberated,1
than,137
rico,37
theme,1
touched,3
rich,3
heartily,4
rica,10
plate,2
remotest,1
barima,1
honda,3
foremost,3
lenders,1
altogether,2
societies,1
unoffending,1
fitly,4
release,3
hasten,1
respond,1
disaster,1
fair,15
expediency,6
consummation,4
austria-hungary,2
radius,4
result,52
fail,9
best,42
ambitions,2
solicitude,4
score,3
preserve,12
never,14
extend,12
nature,14
authorizing,5
extent,14
debt,32
violators,1
country,151
demanded,9
logic,1
installments,2
adapted,6
asked,7
nonfulfillment,1
vain,1
unprotected,1
uneffected,1
postmasters,2
contestants,5
lighthouse,1
union,30
subsidy,5
much,42
privilege,3
incompetent,1
life,42
eastern,12
worcester,3
confinement,1
chile,4
doubts,1
worked,2
diverted,1
commerce,50
contemplated,9
castro,2
employ,3
contemplates,1
appeals,5
unbusinesslike,1
elaborate,2
levies,1
congratulation,2
long-pending,3
actuated,2
obeying,3
characterize,2
elicit,1
levied,2
noncompetitive,1
trusted,2
damaged,1
severity,1
things,10
cumulative,1
rebellion,9
damages,2
hons,1
emphatic,2
european,6
exertion,2
fairly,2
exacting,1
qualifications,4
marched,1
boiler,1
ownership,1
tope,1
tung,1
yamen,8
peremptory,1
vice-president,3
antiforeign,6
fittest,1
opinions,1
capitol,2
golden,1
distribute,1
homogeneity,1
life-saving,1
maketh,1
slayers,1
plight,1
succeeding,2
previous,19
remedial,1
ease,2
had,134
advancement,7
macdonald,1
nondelivery,1
obedient,1
easy,8
prison,1
falter,1
duty--the,1
has,501
municipal,19
survival,1
possible,42
firmer,1
possibly,1
pertinent,3
unique,2
occurring,3
desire,13
specie,2
misled,2
steps,13
court's,1
beneficial,9
right,52
old,15
creek,2
people,219
crown,2
begin,5
choctaw,2
fiduciary,1
enemies,2
perchance,1
for,954
bottom,1
inhuman,1
contributing,2
erzerum,1
disheartened,2
individuals,4
exposition,35
statue,1
sternest,1
yoke,2
defensive,1
losing,1
memorable,3
manufacturing,7
filipino,3
dollars,14
citizens,73
anomalous,1
o,2
despair,2
depopulated,2
raised,8
facility,1
marshall,1
appointed--for,1
administer,6
furnishing,2
suffice,4
constantly,10
avail,5
authorized,26
greatness,1
resulted,9
telegraph,7
insurrection,23
offer,6
forming,3
hemisphere,5
verde,1
incorporation,4
safeguard,7
blockading,3
congratulations,2
prosecutions,1
pest,1
dues,2
proud,4
liberal,16
proven,1
exist,14
dealer,1
negotiations,42
eventual,3
floor,3
populations,2
crowns,1
uttered,2
quickens,1
republic,51
indigent,1
conferring,4
irresistible,1
roll,2
steamship,6
slaves,1
transported,4
eminent,3
invested,6
congested,1
reorganization,3
time,126
push,1
conferred,4
onerousness,1
irrigation,3
corps,8
inhabited,1
religion,5
reconcentration,5
suspending,3
reverting,1
recurrence,5
sitka,1
tenacious,1
navigable,1
choice,6
chi-li,1
gloomy,1
mourn,1
fullest,6
exact,4
invade,2
leave,10
solved,1
settle,2
depository,1
speculation,2
prevent,14
occurrence,2
sign,3
unrepresented,1
reaffirmed,2
wage-earner,1
arellano,1
jeopardy,1
celebrated,1
realizing,8
current,13
falling,3
jury,3
understanding,13
contemplate,4
address,5
alone,22
along,14
momentous,3
redemption,13
brilliant,4
studied,4
wherever,12
uprightness,1
commonly,4
accomplished,27
ineffective,2
myers,1
influx,1
engineer,1
love,5
prefer,1
marvelous,4
logically,1
traversing,1
red,9
undergone,3
working,7
positive,8
angry,1
tightly,1
cherished,2
opposed,3
scope,6
theoretical,1
clayton-bulwer,1
introducing,5
consoled,1
afford,11
subsistence,1
apparent,13
assimilation,2
oregon,3
ignorant,1
virtue,5
behalf,13
anything,4
originally,5
facilitating,2
inflamed,1
believes,1
harmonious,7
believed,12
remitted,1
matanzas,2
re-establish,1
allowed,8
offense,6
evidently,1
winter,2
divided,3
contrasts,1
kasson,1
revolted,4
cavil,1
latin-american,4
chaplains,1
ticals,1
applications,1
date,23
such,190
data,2
temperate,1
natural,14
varieties,3
st,31
darkened,1
remoter,1
so,165
truce,7
se,1
noteworthy,3
unacceptable,1
years,93
course,25
experiments,1
omitting,1
unfavorable,1
tendency,1
constituted,9
troubles,3
suspicion,1
suspension,2
decades,1
aliens,5
petition,3
instantly,1
conveying,1
retributive,1
thereby,10
executory,1
nation,57
records,5
compelled,5
disarmament,2
arriving,1
maintaining,10
frontage,1
establishing,6
instability,1
amnesty,3
quarter,6
repaired,1
square,4
honduras,10
receipt,1
owing,8
entering,3
isidro,1
collisions,1
seriously,8
investigation,16
suggesting,1
siege,6
million,5
quite,3
lucrative,1
emulation,2
besides,9
quits,1
unnamed,1
remainder,3
seventy,1
training,2
initiate,1
undesirable,1
routes,3
neglect,6
saving,2
err,1
spoken,2
clause,1
one,107
reopen,1
submit,7
habitation,2
vote,6
open,16
affords,2
city,35
indicate,3
draft,2
siberia,1
convene,6
representing,4
storehouses,1
depressed,1
rival,3
exhibitors,6
future,36
russia,11
prospect,5
illness,1
san,15
turned,2
say,9
suffrages,1
foiled,1
uninterrupted,1
schley's,1
signatories,1
diplomatist,1
handicraft,1
taku,4
aside,7
instructed,9
note,13
jefferson,1
take,43
destroy,3
encouraged,3
ascendency,1
knew,2
printed,4
pages,1
drive,1
unabated,2
link,2
laws,57
surplus,20
restriction,3
circulating,5
merit,12
far-reaching,5
inconsistent,1
scarce,1
aggressive,2
slow,2
seaboards,1
liberation,3
tears,1
going,2
equipped,1
charters,1
caroline,1
congressional,4
dispute,12
guarded,4
assistant,3
d'affaires,1
outlet,2
import,3
awaiting,4
prime,1
resource,1
keenly,1
liable,1
marred,1
where,40
sheathed,4
raged,1
arouses,1
guam,1
aroused,2
rewarded,2
war-revenue,1
compounds,1
alarming,2
representatives,39
dismemberment,1
therewithal,2
bureau,13
affecting,7
untainted,1
forsake,1
gratefully,2
marietta,1
awards,5
menacing,6
suppressed,4
many,67
thickly,1
s,3
expended,5
expression,16
allowance,1
repulse,1
adjudication,1
liscurn,2
extinct,1
boat,2
buren,1
west,7
locally,1
almighty,2
combined,5
motives,4
wants,2
enable,10
influence,15
thousand,4
formed,5
observe,5
former,15
tribal,8
intimately,4
invoking,2
conveyance,2
overcome,3
policies,2
newspaper,1
situation,26
endured,2
perpetuate,1
infamies,1
prevalence,1
engaged,9
regularity,1
engages,1
mercies,1
expenditures,42
ho-si-woo,1
verified,1
preparatory,2
forebodings,2
bacolod,1
devolves,1
advertisement,1
entanglement,1
devolved,1
costa,10
vacant,2
peculiarities,1
costs,2
trains,1
effects,2
summer,5
manifold,3
being,62
rest,6
safeguards,3
civic,1
interrupt,1
steamer,1
summed,2
darien,2
occasional,4
instrument,2
contesting,1
insurrectionary,4
starving,3
aspects,2
around,3
colony,6
sums,2
dark,1
traffic,3
preference,4
world,48
postal,24
vague,3
bravery,1
partaking,1
stranger,2
clad,1
offenders,2
satisfactory,13
superintendent,1
supplementary,1
racial,1
divine,2
wrongly,1
congeries,1
noon,3
cavite,1
zanjon,2
lucid,1
restoring,1
refer,5
contingent,3
power,78
intimate,6
reposing,1
ration,1
poise,1
imminence,2
leadership,4
standpoint,2
bona,1
stone,1
industry,20
revolutionists,1
stipulations,1
practicable,26
neighbor,2
act,135
mean,3
amphitrite,1
afforded,11
accumulates,1
lively,1
parties,37
wade,1
bubonic,1
tropical,2
legacy,2
her,44
philadelphia,5
aggregated,5
futile,2
sealed,1
brazilian,3
recommends,3
complete,31
discriminations,1
land,40
elimination,1
with,670
buying,1
handsome,2
indorse,2
rescuing,1
monopoly,1
dispensing,1
abuses,1
severally,1
dependents,2
agree,4
detailed,1
gone,3
citizenship,12
fright,1
gratuitous,1
exhausted,3
certain,25
frye,1
am,33
fifty-fifth,2
an,319
as,643
ensuing,2
at,375
aw,1
watched,1
tranquil,1
appalling,1
dawn,1
abolish,1
unparalleled,1
predestined,1
indemnify,1
congress,277
merchants,5
intimation,1
fresh,4
shipping,4
waived,1
dyea,1
mass,3
original,7
legislatures,1
consider,11
caused,14
welfare,13
minors,1
causes,3
improperly,1
empress-queen,1
to,3012
device,1
th,73
paying,5
appointment,19
returned,7
discrepant,2
detention,2
colombia's,1
blockade,8
condition,51
highways,2
cable,18
accompanying,2
confederates,1
laying,1
joined,3
large,45
adjust,2
small,8
samoa,11
spain's,2
penalties,4
paso,1
past,56
pass,5
destitute,6
investment,4
crests,1
quicken,2
richard,1
section,21
post-offices,2
prevailed,2
vizcaya,1
jurist,2
method,4
contrast,1
full,39
escaping,1
installations,1
empower,2
hours,3
concluding,2
november,40
compliance,3
brutal,1
prior,14
acquittal,1
madeup,1
social,4
cessation,2
day's,1
followed,23
reclaimed,1
enactment,9
vii,2
marriages,1
beheld,1
poor,1
attendance,1
britannic,1
pears,1
archives,2
bond-paying,1
more,139
door,4
initiated,5
navy-yard,1
company,11
corrected,1
one-sided,1
tested,2
foundations,2
hybridizing,1
keeping,8
disquietude,1
apportion,2
laggard,1
vicissitudes,2
subrogated,1
resources,17
morgan,2
learn,6
male,1
beautiful,1
prompt,13
stated,10
suggestions,10
accept,12
states,467
sense,16
transcendent,1
bonded,2
condemn,1
information,27
respective,11
equities,1
enlarge,2
amazon,1
earnings,1
reyes,2
unattended,1
telegraphic,8
waved,1
plant,1
intended,4
sympathize,1
plane,1
director,4
year--the,1
malevolent,1
refuse,2
register,6
indebtedness,7
fundamental,6
geographic,1
annapolis,1
replied,1
ameliorates,1
mexican,9
furthering,3
trade,87
resorts,1
attitude,7
paper,5
tsing-tao,1
intelligently,1
brig,1
its,436
rapidly,3
symptoms,1
inquiry,9
ally,2
entire,26
propose,1
imperil,1
misuse,1
seventy-first,1
hereafter,9
designation,1
always,16
assemblies,1
loosely,1
courses,1
found,42
shocking,2
week,1
engendered,1
england,4
bends,1
resolute,1
contiguous,1
reduce,6
operation,18
nicaraguan,8
inquired,1
embellishment,1
sparingly,1
research,2
sociological,1
reestablishment,3
cognizable,2
expiation,1
yangtsun,1
occurs,1
highway,2
belief,2
qualify,2
outfitted,1
heads,2
well-nigh,4
reproach,1
driven,3
owners,2
retained,2
elective,2
w,8
expedient,6
contingency,5
exhibited,2
arose,4
major,1
precautionary,1
belligerent,8
number,54
preservation,7
kobe,1
contended,1
executioners,1
peaceable,3
fuller,4
introduction,2
arlington,1
calculations,1
relations,74
peaceably,1
justly,13
sympathies,2
relationship,2
immediate,33
consuls,9
appreciation,7
crop,2
stifle,1
observatory,1
determines,2
annihilation,2
pennsylvania,3
determined,9
marriage,1
prescott,2
caicos,1
hawaii's,1
defect,1
guarding,2
servitude,1
cerruti's,1
people--a,1
sell,8
fermented,1
permanence,4
samoan,6
reliance,2
also,38
recognizing,5
internal,17
departmental,8
effecting,1
brooklyn,1
plan,16
accepting,2
understands,1
unequal,2
arson,1
seize,1
inspector-general's,1
cover,3
barred,1
artistic,2
barren,2
dragged,1
croix,1
gold,81
exterminate,2
accommodations,2
defended,1
session,37
freight,3
occupation,17
access,2
writes,1
undying,1
failed,15
equity,7
canovas,1
dependent,3
adventurers,1
ceasing,1
remedy,13
preparing,2
closely,3
compass,1
adhered,2
foreigner's,1
enemy,6
emden,1
squiers,1
disregarding,1
proclaim,4
banking,10
surrendering,1
irade,1
peasantry,1
river,9
approaching,6
insane,2
set,29
abstained,1
yang-tse,1
yauco,1
instituted,2
potent,2
see,15
sea,16
sen,1
outward,1
avowedly,1
spirits,1
avoidance,1
acutely,1
knowing,1
thitherto,1
hardship,1
premises,3
postponement,2
incident,11
death,11
diminution,1
legislature,6
empowering,1
tangible,1
influential,1
barely,1
connection,20
history--the,1
approve,2
majesty,5
talienwan,1
acted,4
allegiance,4
community,14
adjoining,1
adaptation,2
church,1
creeds,1
indefinite,5
monthly,2
acceptance,5
light-house,2
suburbs,1
contained,8
patrolled,1
firm,6
resting,3
repayments,1
fire,13
reassert,1
fund,12
moderation,2
races,2
representative,21
systematic,3
towns,10
consulate,1
handling,1
judicial,20
reliable,1
budget,2
receive,23
pressed,3
error,1
called--always,1
pound,1
hoping,1
agitation,1
von,1
binding,2
comport,1
law-respecting,1
heureaux,1
centennial,2
owes,2
renounced,3
mint,1
elevated,1
shorter,1
severest,2
virtually,5
survey,2
adequately,2
comprehensive,15
alert,2
necessity,38
recent,18
alleging,1
person,8
regulating,1
bancos,1
construct,1
telegram,1
buchanan,1
styled,4
boer,3
twenty-six,1
arrests,1
abstention,1
defenders,2
christendom,2
conclusions,7
admission,2
interregnum,1
eager,2
location,1
surprised,2
harvesting,1
victims,1
emergency,11
demands,15
suffering,9
quest,2
entrenched,1
projects,2
formal,9
imposed,19
d,16
communications,4
continue,33
tribes,20
disorder,4
melville,1
nonsurrender,1
pertaining,4
amicably,1
methods,21
senate,45
spring,5
necessaries,1
mighty,3
sight,3
battalion,1
amicable,3
emigrating,1
undefended,1
transactions,3
reenforcement,1
town-site,1
prosecuted,4
seclusion,1
be,981
object,12
dictates,2
agreement,44
nowhere,2
santa,2
santo,1
relating,7
by,994
deserved,2
simplify,1
exaggerated,1
deserves,1
pre-eminently,1
repair,3
colorado,2
bellamy,1
into,83
integral,2
awaited,2
appropriate,21
controversies,3
uncertainties,1
yen-hoon,1
duplicate,1
specifically,4
custom,2
occupy,4
suit,1
strives,1
considerably,1
elsewhere,2
hawaiian,16
graciously,1
relaxed,4
bequeathed,2
assisting,1
atlantic,12
pacific,49
line,30
legation,12
considerable,9
posted,1
redeemed,7
lodgment,1
up,50
us,76
customers,1
mature,1
continuously,1
sternly,1
alarm,3
enjoins,1
defined,5
likewise,2
unsafe,1
coasting,1
diverse,1
presides,1
codes,1
caracas,1
idleness,2
preventing,3
definitely,2
actors,2
revision,7
elements,11
energetic,1
sided,1
prosecution,2
proclamations,4
suppression,4
sides,3
ago,14
destinies,2
age,4
interdicted,1
gunboats,1
teachings,2
walker,2
management,2
menace,6
having,54
code,9
partial,1
broaden,3
results,28
existing,39
illustrated,2
broader,3
centers,1
seemed,5
one-half,4
effect||,1
turkish,4
concerned,6
young,2
send,6
sent,17
retire,1
continues,11
reopened,2
languished,1
continued,29
timely,2
guayama,1
transmission,3
fewer,1
anxious,2
race,4
ornamentation,1
depositories,1
pledge,7
mediterranean,1
unprofitable,1
imply,1
munitions,3
wheat,1
victor,1
index,2
expressed,11
consistently,2
indian,13
proffer,1
led,6
lee,1
respectively,4
gathered,2
misgiving,2
let,6
consideration,66
fifteen,1
great,133
engage,1
technical,2
involved,19
resulting,11
defeat,2
opinion,14
residents,1
makes,7
sup,1
involves,5
casemates,1
steamers,2
convoyed,1
assemble,4
equals,1
prohibiting,2
hawaiian-japanese,1
tools,1
desiring,5
standing,2
confidence,25
pei-ho,1
illegal,1
ministers,3
next,19
eleven,1
assuring,3
doubt,13
tahoe,1
forefathers,1
occurred,14
carrying,15
gladly,2
cubans,9
charity,3
balls,1
animals,1
this,548
inculpate,1
reprisals,1
fulfill,7
weaker,1
process,5
tutuila,2
purposes,28
pieces,1
high,32
woodlands,1
pretexts,1
educational,10
docking,1
destroying,1
hongkong,2
wares,1
delay,7
animal,2
establishment,44
obeys,1
especial,7
inoperative,1
blocks,1
singular,3
muscogee,1
await,3
halted,1
fits,1
ties,7
daring,1
realized,9
element,1
commodities,1
acquitted,1
acuteness,1
asserts,2
volunteers,15
move,1
doubtful,2
produced,4
directs,2
bimetallism,2
perfect,6
chosen,7
dispose,2
meantime,6
degrees,1
instruments,2
puerto,40
therefor,2
designs,4
outlined,1
prevision,1
dock,2
mitigated,1
realize,6
presidential,3
intelligent,6
traced,1
merge,1
peking,17
shortage,1
persia,1
accompanied,2
beneath,1
doing,8
deficiency,7
books,1
thirteen,1
irritation,2
tenth,2
witness,4
bolos,1
dismissal,1
evacuation,7
unprepared,1
annexed,1
czar,2
shut,1
perish,1
inferiority,1
adherence,4
surely,5
embarrass,1
noncombatants,1
craving,1
godfrey,1
could,47
put,25
david,1
length,5
ratification,11
assumed,10
davis,1
stimulate,1
jurists,1
sacredly,4
scene,4
owned,1
jesus,1
affliction,1
owner,2
underappraise,1
opportune,1
legislative,17
ordering,1
kutien,1
system,60
guerra,1
inalienable,1
efficiently,1
interests,75
enforcement,12
unexpended,2
coinage,1
incongruities,1
steel,2
warfare,10
woodford,6
dissensions,1
devotion,6
collecting,2
false,1
shrinks,1
reassuring,1
defending,1
clearly,9
necessities,4
prohibits,2
mountainous,1
studying,2
therewith,4
mills,2
demolished,1
ashore,1
competence,1
accuracy,2
cushman,1
allow,2
courtesy,3
enrolls,1
medal,2
fervent,2
so-called,3
placement,1
stronger,2
thanksgiving,1
enlist,2
mechanical,1
wounded,10
subject-matter,1
fact,38
perversion,1
chippewa,1
terminate,4
centralized,1
bring,20
inviolability,3
asylum,1
trivial,1
brink,2
decade,3
wolcott,1
nominally,2
entangling,2
should,226
preliminaries,1
hope,24
exchanged,7
means,37
familiar,6
prohibition,3
exchanges,6
emissaries,1
shaping,1
committees,5
embedded,1
h,6
wilmington,1
comprising,1
taxes,7
reid,1
ohio,3
intervening,1
requisites,2
succored,1
temporarily,5
allusion,1
frame,6
unacted,1
flattering,1
dissipate,1
agricultural,22
bidders,1
destiny,3
kindliest,1
partisan,3
injustice,2
ends,5
negotiated,3
specious,1
bolivian,1
advisability,4
seaboard,3
restrictions,4
marts,2
deficits,1
etc,1
figures,2
invites,4
quitted,2
adjusted,11
conclude,2
indict,1
acres,25
attorney-general,6
attainder,1
poured,1
compensating,1
utilizing,2
waste,9
recurring,2
lawlessness,1
spain,127
garrisons,3
expiration,3
discoveries,1
concerted,1
ripe,4
vi,1
diversification,1
site,3
arms--and,1
conserve,2
greater,31
jenner,1
juan,9
matthew,1
outbreak,8
atacama,2
columbia,8
upon,263
unsympathetic,1
forecasts,1
kidnaping,1
adherents,1
monopolize,1
off,15
forty-eight,1
disrupted,1
command,14
drawing,1
lest,3
over-looking,1
less,51
moments,1
rooms,3
paul,1
thither,1
commemoration,1
generous,16
arrest,6
exempt,2
increased,37
government,551
smithsonian,2
increases,3
five,22
capitulation,4
belgium,3
tick,1
canyon,1
undertaking,6
become,22
replacement,1
amendment,6
surest,2
indications,1
liquidation,1
guaranty,5
postmastership,1
choosing,1
springs,2
transport,3
contested,1
ascertainment,2
chickasaw,1
avoid,11
salaries,1
does,11
passion,5
penalize,1
choctaws,3
crop-harvesting,1
pressure,2
unrebuked,1
residences,1
r,4
loans,8
trials,1
counties,1
stage,3
gained,6
sister,1
laboring,2
merited,1
holdings,4
seeds,3
insufficient,3
concession,5
revise,3
registry,1
alliance,1
letters,3
bacteriological,1
cultivated,1
roads,4
charities,1
mere,5
terminated,2
ennobling,1
justifying,5
disapproval,1
terminates,2
naturally,3
function,2
fiscal,34
cosmopolitan,1
delivery,8
construction,18
observes,1
nation-wide,1
illustrative,1
disbursement,1
places,22
society,2
official,11
smooth,1
triumphant,1
excitement,1
placed,11
convince,1
monument,2
distribution,8
cordial,14
rightly,2
recognize,11
contribute,2
dissemination,1
tridominium,1
sulus,1
major-general,8
effected,11
planting,2
compared,6
efficacy,1
promulgation,1
agriculture,16
forests,6
lately,5
details,12
gallantly,1
reckless,1
schoolhouse,1
francisco,3
monday,3
oppression,3
outlets,1
baffling,1
chance,2
pacify,3
repeal,1
exposure,1
searches,1
imposes,5
frightfully,1
lasted,1
rule,16
pension,11
rural,5
gardens,1
desirable,11
mansion,1
repress,2
integrity,11
admixed,1
pedro,1
unanimity,1
invaders,1
edward,1
voted,6
worth,5
compassion,2
productiveness,2
national-defense,1
summarized,1
jacob,1
exporters,2
succumbing,1
malietoa,4
presidency,1
unrest,3
chamizal,1
delegate,1
triumph,5
jamaica,1
horn,1
pando,1
rigorous,1
established,42
irrevocably,3
consequent,3
establishes,1
churches,2
officially,3
consisting,9
told,2
simultaneously,3
kindred,1
richest,1
protection,48
pursuit,2
miscarriage,2
celebration,6
obtained,9
rigorously,1
employees,5
envoy,11
ignominious,1
postponed,7
alleviated,1
secure,29
highly,4
total,37
gallatin,1
devastation,4
indians,13
world's,15
memoranda,1
exacts,1
separated,3
tolerated,3
award,15
continual,1
allies,1
tariff,16
twenty-one,2
permits,2
work,65
tinder,5
era,3
foreshadows,1
indicated,7
india,2
impair,2
indicates,1
indies,3
indifferent,2
provide,41
boats,5
ordinary,15
fever,4
merritt,1
whitelaw,1
coined,3
after,59
memorial,3
customs,19
lay,7
suing,1
law,104
hasty,2
appreciate,4
greek,1
counseled,1
haste,1
order,81
office,26
claimant,4
consent,12
missionary,1
satisfied,7
japan,15
enlistment,2
befallen,1
tofore,1
production,14
valor,2
precipitate,1
harmony,7
then,49
them,117
affected,3
remission,1
safe,10
break,1
band,3
they,152
bank,1
reasonably,3
classified,6
l,2
non-interference,1
deficient,3
reasonable,14
demarcations,1
xgo,1
lifted,2
schemes,1
observance,8
councils,2
crimes,4
desolated,1
flock,1
sectionalism,1
forts,8
forty,2
vessels,41
strangers,2
fellowship,1
medicine,1
forth,12
forcible,4
veto,2
lawless,2
standard,16
admits,1
appointments,4
disputes,5
people's,4
forcibly,2
enlightened,4
certified,1
unfulfilled,1
created,23
creates,2
renew,6
oppose,1
incorporated,1
footsteps,1
organize,4
render,6
railroads,2
another,27
illustrate,3
protracted,4
approximately,2
rates,3
observations,2
john,10
damaging,1
happily,8
diversified,3
honolulu,2
wasted,1
self-governing,3
mercy,1
scenes,1
cristobal,1
historical,5
unconditionally,2
powers,82
manned,2
respecting,6
manner,15
forced,3
strength,11
genuine,3
convenient,7
latter,17
artisan's,1
subjects,21
forces,44
transmit,7
conducive,1
culminated,1
acquire,1
roumania,1
indemnification,1
sue,1
exercised,11
extending,8
involving,4
germany,17
phase,6
imported,4
grave,14
indorsement,1
inferred,1
voting,3
responded,2
fitted,2
reserve,30
brief,11
respectfully,5
protocol,11
enjoyed,7
painfully,1
guidance,7
deepest,1
pursuing,1
adequate,21
personality,1
predecessor,12
do,38
de,11
preferred,3
yielded,2
prohibitory,2
happiest,1
dr,1
covering,1
suffrage,1
stead,1
insurgents,37
squadron,7
steam,1
secretary,73
human,8
triumphed,1
observed,10
depends,1
cattle,4
discussions,1
away,3
sweden,2
unable,12
cooperation,7
contraband,6
drawn,3
encounters,3
accord,4
terms,32
wu,1
overestimated,2
foes,1
climate,1
ill,1
receives,1
receiver,2
exceeds,3
requests,1
pinar,4
con,1
negotiation,10
seizure,7
tons,4
wider,2
beheaded,1
speak,7
gratitude,6
governor-general,3
petty,1
debt--through,1
condemned,1
disparity,1
paris--were,1
duties,33
repelled,1
families,1
beloved,3
attacked,2
concerning,6
gracious,1
convening,2
east,7
thenceforth,1
reciprocal,9
aim,8
rationally,1
abrupt,1
applies,1
aid,29
voice,2
straits,1
postmaster-general,7
world-wide,2
comparative,3
confirmed,5
patent,3
apparently,2
admiration,1
imbued,1
involuntary,1
accumulating,1
convictions,1
unharmed,1
independent,21
competency,1
rail,1
evil,7
hand,13
liberties,3
hans,1
palpable,1
prescribed,4
vermont,2
kept,12
whereby,19
director-general,1
humble,1
humbly,1
the,9431
camps,4
importance--are,1
stringent,2
traditions,6
repose,3
farther,3
adding,1
hills,1
cornell,1
occupants,1
evidences,4
wright,2
spread,4
board,14
evidenced,3
righteous,5
expelled,2
harmoniously,1
progressed,2
boxer,1
unification,1
cape,2
unmolested,1
unfounded,1
retreat,2
disadvantage,1
insurgent,7
disinclination,1
securities,3
night,7
invaluable,2
security,18
starvation,4
coppered,4
mazes,1
honored,3
born,1
productions,10
bore,2
unrivaled,1
congratulate,1
phenomenal,1
unavoidable,1
asking,1
denied,6
participation,11
confer,4
natives,12
outlays,3
architectural,2
substitution,1
post,5
rallying,2
increasingly,2
months,15
hostilities,19
constituting,4
cherish,1
considerations,7
wasting,1
prisoners,4
profession,2
bound,6
rendering,3
speediest,1
formidable,3
dean,3
strangely,1
legislation,63
sovereign,14
fight,1
accordingly,3
conservation,1
way,45
accords,1
was,519
war,158
lowest,2
becoming,6
sundry,2
ceded,5
peninsula,1
true,17
absent,1
responding,1
denominates,1
maximum,5
liens,2
anew,2
inquiring,1
schurman,1
mails,1
promises,6
inclusive,1
frederick,1
umpire,3
religiously,1
evidence,11
promised,4
prayer,4
face,6
physical,4
mid-pacific,1
weakened,2
disloyal,1
reality,2
interested,10
holding,6
test,6
unwilling,4
shrink,1
brothers,1
o'clock,2
welcome,4
convincing,1
concurrent,2
bestowed,1
interval,1
flag,22
together,9
loyal,5
rainier,1
reception,6
precedent,6
tribunals,1
diplomacy,2
strengthened,10
consul,6
supplement,4
forty-six,2
battle,19
devoted,6
repression,1
certainly,4
zone,1
hereof,1
permanently,1
chaplain,1
smallness,1
signally,6
disapproved,1
southwest,1
division,11
protective,1
emergencies,2
entries,1
afognak,1
perceived,1
presented,29
gun,1
ascertaining,3
p,4
edicts,1
jurisdictional,1
revolution,9
regret,1
regained,1
discover,1
affiliation,1
cost,19
scarcity,1
helpless,4
penetrated,1
cargo,1
appear,14
assistance,12
foregoing,2
havoc,1
uniform,5
shared,1
appeal,4
satisfy,2
explosion,2
efficacious,1
inauguration,2
sojourners,1
combatant,1
teaches,1
appears,5
change,19
sending,2
exemption,1
flames,1
cantonal,1
trial,20
burdensome,1
patriotic,7
country's,2
retired,1
extra,5
marked,13
sincerely,2
italians,2
sufferers,8
rarely,1
market,15
prove,6
beneficence,1
territories,13
live,2
commissioner,10
missionaries,7
merrimac,2
szechuen,1
commissioned,4
hesitated,2
organizations,3
fortified,1
secretaries,6
incidents,3
can,87
niagara,3
pretoria,2
heart,3
dedicated,1
grievously,1
december,44
supremacy,4
heard,1
fortunes,1
renomination,1
occur,3
forty-ninth,1
productive,9
writs,1
fortunately,7
discussion,16
bonds,35
write,1
criterion,1
re-enactment,1
economy,8
armies,3
product,3
superintend,1
sacrifice,3
southern,8
produce,6
commit,3
drastic,2
heroes,2
nomination,3
goal,1
remember,3
whenever,3
ordinance,1
sibutd,1
guanica,1
typical,1
serving,2
nonpayment,1
indeed,6
friction,3
displayed,2
consulting,1
ended,8
statistical,3
still,40
tending,2
acknowledge,1
conquerors,1
vicinity,2
inflicted,1
forms,13
norway,2
inefficiency,1
correspondence,6
non,1
influences,4
fling,1
introduce,2
projectiles,1
half,5
not,412
now,132
provision,35
discuss,2
nor,37
enacted,13
organ,1
james,1
avocations,1
denmark,3
entirely,7
naturalization,4
el,2
domain,5
en,1
prompted,2
directing,5
hurried,2
challenges,1
fires,4
year,146
naming,1
avoided,4
monitors,2
hemispheres,1
shown,27
accomplish,8
opened,12
space,13
belligerence,3
lawyers,1
hastily,2
looking,13
rational,7
belligerency,13
ruinous,1
receiving,7
shows,8
insular,10
defenses,1
divergence,1
intruding,1
dependencies,2
advantages,3
rebel,1
obligation,18
marine,16
inevitable,7
care,23
contemplation,2
transition,1
british,29
honest,4
invitation,13
american-owned,1
promotion,6
support,24
blind,2
striking,4
omitted,2
municipality,2
comprised,1
directly,2
comprises,1
impossible,13
message,57
ways,6
size,1
checked,2
lightened,1
tragic,1
recess,1
that,894
appreciates,3
expanse,1
inmates,2
brigandage,1
eliminated,1
peck,2
appreciated,6
accordance,16
recruit,1
disavowing,1
monopolies,3
fruits,5
happy,4
troublesome,1
remained,15
premier,2
therefrom,2
posited,1
recover,3
offering,2
veteran,1
manufacturers,6
overcoming,2
equipment,2
impairment,1
berne,1
santiago,19
oppressive,1
price,9
plainer,1
successive,5
undertakings,1
america,23
imposition,1
forever,8
reform,6
steady,1
mrs,1
hurled,1
dispersed,1
tallulah,3
german,12
fifty,1
tonnage,4
gratified,1
maine,8
fifth,5
ground,13
enriches,1
ratio,1
almodovar,2
title,13
proclamation,11
proportion,3
self-supporting,2
filipinos,7
only,106
threefold,2
jolo,6
inventions,3
interstate,2
truly,1
fortifications,3
cannot,28
bagley,1
lynchings,2
seldom,1
effectual,2
inside,2
concert,4
protestations,2
elected,11
namely,4
actively,2
culpable,1
concern,10
expeditiously,1
justifies,2
materials,4
ottoman-born,1
between,124
unanimous,8
justified,5
notice,9
styles,1
armenian,1
article,20
impromptu,1
diligent,1
installation,6
pertain,1
unstinted,1
enabling,3
resided,1
comes,3
nearby,1
impediments,2
deviating,1
dispatch,5
promptness,2
learning,1
moreover,2
fruitful,1
informed,5
territorial,8
cared,1
dangers,5
partisanship,2
exhaustion,2
systems,5
impugn,1
aggressions,1
denby,1
wounds,1
observers,1
external,3
abridging,1
suspected,2
scrupulously,1
countless,1
developing,3
these,147
alter,1
invited,14
determination,13
soil,2
commander,13
anxieties,1
austro-hungarian,5
embrace,3
commanded,2
waterway,2
ship,11
magellan,1
develop,5
inquire,2
anglo-venezuelan,1
delusive,1
gentlemen,5
epoch,1
officered,2
streams,1
noble,8
investigated,1
centuries,2
enjoyment,3
meteorological,1
recast,1
fruit,6
theater,1
charges,4
immeasurably,2
constitutional,16
agreeing,1
severe,4
charged,13
commodore,3
generally,3
valuable,13
civilized,28
inflammatory,1
storming,1
touch,3
speed,5
renewed,10
improvement,13
lender,1
treatment,15
struck,3
real,10
read,4
ruler,2
early,43
earnest,30
campos,1
culprits,1
using,1
execution,10
reap,1
field-work,1
fortune,2
supernumerary,2
utterances,1
greeting,1
miracle,1
engross,3
benefit,10
t,5
fully,24
output,1
twelve,6
verbal,1
exposed,4
envoys,7
pursuance,3
duration,5
recorded,2
conservative,3
deficit,13
intrenched,1
trans-isthmian,1
assembly,1
business,58
sixth,3
equivalent,2
seine,1
strained,2
uncivilized,3
inherent,1
sixty,2
exciting,1
throw,1
comparison,1
central,39
friendship,8
delimitation,2
fell,6
greatly,9
testimony,3
intent,1
assassin,1
outlook,1
protests,1
sedulously,1
commodious,1
shipbuilding,2
garrisoned,1
your,34
intervention,20
supervising,1
weight,4
prepare,2
area,20
removing,6
start,2
low,2
lot,2
assumes,2
drains,1
smuggling,1
delayed,5
gunners,1
iloilo,1
attainable,1
trying,3
fraud,1
dominican,3
circulation,5
stanford,1
louisiana,4
lawfully,3
builders,2
beliefs,1
subdue,1
moved,8
sales,2
scanned,1
ardent,1
hospitals,2
unwelcome,1
completeness,2
administered,4
anarchy,3
fifty-five,1
semiarid,2
you,31
gaining,2
perils,4
desolation,2
arbitrator,7
endeavors,6
massachusetts,2
suited,1
building,19
loyally,1
controlled,4
doubted,1
embracing,9
outlining,1
surrounded,3
exhibitions,2
pointing,2
month,9
ceased,3
thoughtful,1
religious,11
conger,4
dreadful,1
referring,1
pledged,5
wyoming,2
upbuild,2
foster,2
adjutant-general's,1
fervor,1
weyler's,1
safety,18
pledges,3
cardenas,4
confidential,1
homes,12
very,30
horror,2
bombarded,1
decide,1
securely,3
--,12
louis,1
ceaseless,1
circuit,5
ship-canal,2
streets,1
nearing,1
self-contained,2
enjoin,1
conscience,4
consumers,1
witnessed,1
investing,1
witnesses,4
fractional,1
certificates,5
repugnant,1
entailing,2
modify,2
mendacious,1
tracks,1
excess,10
eventful,2
strong,9
rockhill,1
timekeepers,1
colored,2
conviction,5
disclaimers,1
outgrowth,2
inspired,1
losses,5
delagoa,2
reason,23
soldier,3
amount,35
indirection,1
sealing,3
successors,3
family,6
mediator,2
requiring,4
tendered,4
aimed,4
trained,4
teach,1
dowager,2
ofoo,1
conventional,5
takes,1
contains,2
seminole,1
taken,42
injury,12
entails,3
authorization,1
ejected,1
unrelaxed,1
instrumental,1
commenced,4
broke,3
hannen,1
factories,3
sovereignty,32
weighed,1
offended,2
nebraska,2
nine,2
self-conscious,1
history,21
pan-amencan,1
courtesies,1
archipelago,17
pushed,1
climates,1
exclude,1
species,2
firmly,7
ratified,12
foreseen,2
reject,2
vigilance,3
tried,3
communicating,1
triumphs,3
thirty-seven,1
ladrones,3
invasion,8
twenty-nine,1
compulsory,1
a,1312
dread,1
healthfulness,1
banks,12
help,5
reservoir,1
progressing,1
soon,24
held,47
committee,13
committed,13
discloses,1
betterment,1
reluctance,1
actually,7
absence,9
disclosed,2
radical,1
founders,3
fines,1
evening,1
food,10
permissible,2
soundness,3
foot,7
erection,3
occasions,6
intervene,5
enlarged,11
xth,1
stopped,4
referred,12
heavy,3
injured,6
taft,4
exclusiveness,1
irreconcilable,1
enemy's,6
inspections,1
beyond,14
event,14
basements,1
robert,1
since,44
testify,5
trusts,8
sustain,3
issue,18
favored,3
story,3
houses,6
untiring,2
base,1
brightest,1
dire,1
ask,3
earliest,10
heroic,1
revolutionary,1
terrible,2
americas,1
terribly,1
american,178
devolve,1
assign,1
probability,1
reflected,1
unaccompanied,2
miss,1
arbitration,25
inure,1
obedience,4
obtainable,1
station,6
dealing,4
hundred,19
insure,10
selling,3
storm,1
authors,5
taxable,1
translation,1
scheme,12
kindly,9
imperiled,1
miseries,1
finances,4
autumn,2
attorney,5
toward,56
sentenced,1
urgently,6
heaviest,2
substantial,8
comrades,1
concentration,3
lie,3
adrift,1
evasion,1
cherokee,1
empowered,3
officers,85
cargoes,4
useless,2
comprehended,1
pago-pago,1
experienced,3
invalided,1
exempted,1
experiences,1
unfitted,1
eluefields,1
barbarism,1
approved,31
prolongation,6
sturdy,1
clear,5
unreasonable,2
humbert,1
succor,4
creeks,1
latest,4
registers,1
impressively,1
consonant,1
completion,8
reenacted,1
northern,9
justice,43
assertion,2
circle,1
dominant,1
meanwhile,8
domestic,15
trees,1
feels,1
competing,2
combinations,10
during,106
alexander,1
jaluit,1
co-operate,2
adhering,2
retaliation,1
sacrifices,3
recommendations,17
switzerland,2
x,2
patriotism,9
throwing,1
xxiii,1
culture,2
descriptions,1
close,15
probable,8
pictures,1
firmest,1
won,10
probably,5
conditions,60
years',4
stagnation,1
ranked,1
abruptly,1
both,66
garrison,2
sensitive,1
forgotten,2
experimental,1
puritan,1
whatever,25
hawaiians,2
vessel,9
yukon,2
described,2
inadmissible,3
maintenance,17
collected,5
territory,68
scandella,1
walter,1
decisiveness,1
partly,3
citizen,11
recalled,2
utmost,5
look,3
animates,2
governor,33
pace,1
while,99
fleet,14
animated,1
guide,4
depleted,1
costly,1
voters,1
funded,3
herein,3
ready,11
clerical,1
grant,10
belong,1
makeshift,1
grand,4
modification,3
composition,2
conflict,21
used,13
temporary,10
transitory,1
censure,1
soberly,1
arbitrators,2
memorialize,1
uses,3
user,1
brussels,4
herewith,2
older,1
obviously,2
accrediting,1
reclaim,1
mobs,3
ambassador,7
settlements,2
reviewed,3
elect,2
praying,1
company--the,1
$,258
wounding,1
guaranteed,1
exercising,1
questioned,2
guarantees,4
remaining,8
march,46
lacking,2
showing,10
enthusiastically,1
wiser,1
damage,2
outright,1
success,16
submission,6
signal,8
resorted,2
ting-fang,1
strife,11
ordnance,5
provoking,1
unflinchingly,1
popular,8
mathematical,1
fathers,4
creation,6
some,64
urgent,9
economic,4
delivered,3
dilapidated,1
exceeding,4
providence,3
civilization,13
measures,30
run,2
lakes,2
step,10
negatives,1
lasts,1
abroad,19
wealth,2
faith,8
entailed,1
tracing,1
allotment,5
ide,2
silence,1
trans-atlantic,1
within,74
rolls,8
statistics,3
placing,3
besieged,6
rivalries,2
heritage,2
disallowed,1
manufacture,9
uncomplaining,1
withholding,1
himself,5
energies,2
duly,7
registered,2
reiterated,2
properly,6
authority,87
russian,9
ceremonies,2
vacancies,3
foresight,2
politic,2
accustomed,3
similar,13
ordered,8
legislated,1
mindful,1
metals,5
precept,3
trans-asian,1
estrangement,1
unwise,3
cotton,1
amounts,4
prerogative,2
fears,1
application,14
electrical,2
recognition,47
department,57
ooo,3
draw,1
kansas,6
fewest,1
regulations,10
validity,2
reservation,2
structure,3
independently,1
e,3
practically,7
required,31
depth,1
everywhere,6
requires,8
aggregating,1
undisposed,1
farms,4
proposition,7
notify,1
go,13
attendant--a,1
compact,8
shackles,1
baron,1
transacted,1
suits,1
friendly,33
prudence,1
miners,3
cagayan,1
positions,2
michael,1
verdict,4
inspection,4
enforce,8
comforts,1
decreed,1
decrees,5
climes,1
auspices,3
colonel,2
guaranties,5
experiment,8
collins,1
nicholas,1
distressing,1
prescribe,3
following,28
quell,1
canals,1
referable,1
repel,1
products,55
chang,2
commendable,2
patents,7
examining,1
daybreak,1
danger,12
win,3
centum,1
manage,1
clara,2
subserve,2
addressed,8
wit,2
horticultural,1
cloud,1
announced,13
consignments,2
blockaded,1
remains,10
adversary,1
contentment,2
subsidized,1
exhaustive,2
indefensible,3
belgian,6
formally,2
becomes,4
testified,4
vicinage,1
untarnished,1
felicitate,1
rivalry,7
appointed,30
laupepa,2
announcing,1
consort,1
ricans,2
lapse,2
recession,1
crossed,1
servants,1
vexatious,2
meet,35
conformity,1
certainty,1
control,59
escaped,1
promptitude,3
body-politic,1
sought,7
wonderful,2
hesitate,5
invincibility,1
embodiment,1
defective,1
semitropical,1
arrangement,15
enactments,1
blessings,4
sentiments,2
guatemalan,2
ferdinand,1
reestablish,1
circular,2
farm,5
tsung-li,6
chiefs,2
rations,1
advocated,6
fruit-growing,1
advocates,1
facilitated,1
rebellious,1
including,28
mentioned,3
subversive,1
exclusion,3
equanimity,1
thence,1
masses,1
pensioners,3
massed,1
pure,1
exhibiting,2
stout,1
hands,14
front,5
handy,2
mastery,1
university,2
adjournment,2
magnitude,4
nationals,1
prevailing,5
commonwealth,3
conceiving,1
globe,1
pursuits,5
constitute,4
exceeded,8
separating,1
special,42
gallant,2
actor,1
armor,12
unlawful,5
subserved,3
thriving,1
peace-loving,1
cause,24
achievements,6
alleged,8
withdrawal,6
humiliating,1
delegates,11
attending,4
completely,4
negros,8
delegated,1
resumed,5
hostile,9
determining,1
route,12
diminished,5
times,28
keen,2
benediction,1
designed,3
prospective,2
wholesomeness,1
possessing,4
powerful,7
improving,2
flows,1
eminence,1
quality,4
long,37
insufficiencies,1
bears,1
durable,2
achieved,1
inasmuch,2
adopted,19
attach,3
attack,14
gainful,1
belligerents,5
final,16
circulate,1
pribilof,1
punish,6
manufactories,1
rst,1
herself,6
ultimatum,1
aspiration,1
submitted,16
claim,37
providing,23
distinguished,9
exhibit,18
enforced,5
conger's,1
lightly,3
journey,2
unchanged,1
horrors,6
thereto,7
becloud,1
need,22
constrained,8
border,4
pursued,9
able,17
subdivisions,1
purchasing,1
ably,3
instance,8
issuing,1
jail,1
medals,3
mileage,1
expires,1
intentions,5
connected,7
but,194
counterbalance,1
expired,6
gallery,1
consequences,9
undeniable,1
upset,3
proceedings,9
violation,3
anyway,1
halting,1
soldiery,2
well-being,2
soldiers,11
untimely,2
unfinished,2
sheriff,3
earned,2
hopeful,5
brighten,1
rash,1
bases,1
employee,1
employed,9
mortality,3
commendation,4
fellow,1
michigan,3
leased,3
maritime,15
joint,38
legitimate,5
assistants,2
buyer,1
dwellings,2
endless,2
gray,2
processes,2
evident,6
tobacco,3
encampment,1
quarantine,4
eyre-cragin,1
felipe,1
exercises,4
she,16
dangerous,3
uniformed,1
widow,1
accused,2
reinforcements,1
powder,1
desperate,3
humane,8
incline,1
timeliness,3
illusory,2
tend,6
written,1
allotted,5
tens,1
neither,16
franchises,1
sole,4
sorely,1
importance,30
interfere,3
spared,6
merry,3
police,5
precious,1
problem,15
undetermined,2
hitt,1
limits,7
career,1
admit,8
manifestations,2
oquendo,1
lofty,2
jersey,1
diplomats,1
bearing,3
habitual,1
penetrating,1
franchise,1
congresses,3
instituting,1
attests,1
accomplishing,1
addition,11
discrimination,7
deaths,1
cent,26
immense,1
slowly,1
treat,6
armistice,6
oth,3
diversity,3
releasing,1
guerrillas,2
expenditure,5
decreased,4
foreclose,1
supervened,2
resident,3
examined,1
capture,7
fortification,1
began,8
strange,2
speaker,2
incumbent,2
party,37
fide,1
rightfully,5
absorb,1
boxers,6
effect,35
fierce,1
frequently,2
destruction,20
scarcely,5
transaction,1
i,325
variety,3
well,45
deadly,1
arbitrarily,1
enormously,2
discord,2
ocean-going,1
accurate,2
filibustering,1
sources,13
marauding,1
distant,10
advertised,1
skill,8
ushered,1
bequests,1
deposits,3
peninsular,3
extends,2
definitive,2
ample,10
crushed,1
historic,5
burden,7
bottoms,1
immediately,15
amply,3
prominent,3
loss,11
lincoln,1
necessary,70
lost,10
stevenson,1
payments,7
lose,3
page,2
therein,6
daiquiri,1
belonged,1
library,4
motive,1
repeat,3
cleveland,4
home,34
investor,1
competitor,1
demonstrates,1
delaware,1
quarts,1
demonstrated,10
limitations,4
decline,2
monetary,2
expansion,7
prohibited,1
offset,2
instinct,1
refuge,2
science,7
gordon--who,1
cordiality,2
sinister,1
recognized,18
compatible,4
dominion,8
recognizes,2
commission's,1
equally,4
contending,5
previously,7
primal,1
washington,23
attains,1
relinquishment,2
additions,4
managing,1
utility,6
doubtless,8
mississippi,1
rejoice,3
impatience,1
sternness,1
museum,3
relegated,3
imperial,23
inspiration,2
recruited,1
revised,1
north,11
sea-carrying,2
norte,1
admonish,2
neutral,20
gain,6
courts,31
ordinances,4
highest,25
ultimo,4
he,44
signed,27
carriage,1
chairmanship,1
limit,5
piece,1
display,6
urging,2
mechanics,1
diligently,1
plenipotentiaries,5
devise,4
reservations,7
universal,11
post-roads,1
education,18
cavalry,2
functions,10
contest,19
importations,1
offensive,1
publicists,1
disposing,1
expositions,1
star,1
astounding,2
thirty-six,1
friends,5
dewey,5
appoint,9
portion,14
theretofore,2
lives,9
rebuilding,1
indirectly,1
aided,7
dissolution,1
protest,5
perverted,1
consists,5
captain,4
whose,32
re-establishment,1
disability,1
pensions,12
crozier,1
presents,3
boastfulness,1
abra,1
teaching,1
contemned,1
promulgated,4
cruising,1
rescue,1
destitution,5
void,2
misunderstanding,4
reforms,9
affect,5
vast,20
deplorably,1
clothed,1
companies,8
commons,1
extinguishment,2
enhance,2
deplorable,3
force,61
warns,1
japanese,9
likely,3
subordinate,1
even,30
ex-post,1
saved,5
panama,4
asia,1
lights,1
reverently,2
new,103
net,7
undisputed,1
ever,27
harbors,5
deemed,9
statehood,5
men,59
met,21
voter,2
systematized,1
active,14
eliciting,1
interpret,1
contraction,1
suitably,1
rests,12
unexampled,1
credit,18
permit,17
complicated,4
adopting,2
suitable,10
campaign,7
bayonet,1
county,2
ninety,1
moral,6
guests,1
criminals,1
army,57
spaniards,4
arms,15
tabulated,1
call,17
recommend,32
type,2
tell,1
posting,2
wars,4
post-office,5
berlin,1
ware,2
room,1
rights,67
superstructure,1
exceptions,1
root,1
give,47
assent,3
involve,2
advancing,4
autonomy,3
titular,2
elicited,1
answer,5
minority,1
undergoing,2
vicious,1
president,83
purchase,10
attempt,10
third,17
maintain,16
waited,1
operate,5
operations,24
seagoing,1
cession,9
agriculturists,1
co-operating,6
responsive,3
appropriating,2
before,67
colliers,1
personal,8
crew,1
better,20
barbarities,1
enlisted,18
weeks,5
confidently,6
combination,4
weakness,1
landholders,1
eight-hour,2
meat,2
sleepless,1
arrested,1
disputed,3
victories,2
fifty-first,1
went,4
side,8
mccord,1
bond,6
interruption,2
calmly,1
durability,1
spanish,81
principles,18
taught,2
trading,2
navy,50
aids,1
cherokees,1
imperiling,1
decree,9
redressed,1
restricted,2
content,2
domingo,1
surprise,1
venezuela,6
cerruti,1
turning,4
resume,5
revenge,2
struggle,15
abate,4
professions,3
messages,3
deems,2
signature,3
moving,2
wronged,1
twenty-two,1
features,5
thereon,9
grade,2
workingmen,1
thereof,21
dwelt,1
abundantly,2
redress,4
dwell,1
inflow,1
solemnly,1
alfred,1
villages,1
self-restraint,1
somewhat,2
requisite,5
peculiar,4
begins,1
distance,1
anxiety,1
enabled,4
bitterness,1
imputation,1
preparation,17
matter,36
deserving,4
bidder,3
cheek,2
palace,3
modern,12
mind,11
mine,4
yachts,1
ketteler,1
seed,1
seen,7
seem,8
seek,9
expeditions,2
fitting,8
auditor,2
irrigated,1
replenished,1
regular,19
maria,1
mitigate,1
observation,4
medical,3
m,8
competitors,1
points,10
principle,21
consumer,1
urgency,3
discontent,1
hunger,2
armament,4
ending,15
treaties,20
attempts,2
chartered,1
uneasiness,1
supplied,4
sneaking,1
hobson,1
judges,3
resisting,1
debts,2
sugar,4
judged,2
inventor,1
edict,2
exports,10
reconstruction,5
stop,8
coast,37
quarters,8
earl,1
bar,2
fields,13
bay,9
bad,4
favors,2
unworthy,4
reference,12
zones,3
decided,4
incorporating,2
subject,76
brazil,5
voyage,3
said,57
narrated,1
prince,2
winfield,1
adjudged,1
ignorance,1
residual,2
zaca,1
suggested,9
uncertainty,2
against,63
ascendancy,1
distinction,5
contribution,2
confronted,5
exemplary,1
appeared,7
cemetery,1
incessant,1
initiative,1
deleterious,1
loaded,2
administrations,4
apprehended,1
isthmian,2
proceeded,5
basis,24
three,38
particulars,1
commission,113
interest,66
entered,18
topics,1
prosperous,4
acres--while,1
suppress,4
deepen,1
exception,5
affirm,1
illiteracy,1
near,14
imperatively,2
tanu,1
balance,9
study,9
twenty-four,3
seven,6
cane,1
mexico,25
reversionary,1
is,670
it,635
defeated,1
iv,2
ii,1
soils,1
clinging,2
in,2045
disappear,1
if,83
grown,6
waging,1
make,67
unfortunate,4
colonies,6
grows,2
entitled,15
ynez,1
discriminatory,1
governors,3
declaring,4
undaunted,1
manchu,1
jealous,1
reconquer,1
opportunity,16
thoughts,1
practiced,1
settled,17
failing,2
cervera,2
approbation,1
practices,2
resuming,2
qualities,2
claims,28
investments,1
left,11
entanglements,2
facto,5
just,42
wasteful,1
assigned,5
czar's,1
fullness,1
facts,10
yet,33
impending,1
pecuniary,2
regarded,8
assassination,3
character,39
n,1
copyrights,3
save,8
goes--not,1
designate,2
sailors,8
perfunctory,2
auspicious,1
vanity,1
dignity,6
performing,5
unnecessary,1
sinking-fund,1
adlai,1
navy-yards,1
nonexecution,1
cowardice,1
conciliation,1
deal,9
'alliances,1
maxim,1
dead,1
readmitted,2
dear,1
manifest,5
unfit,1
undisturbed,1
notification,5
investigations,1
distrust,4
dispelled,1
beget,3
bold,1
subscriptions,1
sze-chuen,1
burn,1
cashcentral,1
chilean,6
afternoon,1
islands,126
marshal,2
nerve,1
coins,2
formerly,1
amounted,12
lien,8
down,4
lies,2
tribes--,1
doctrine,6
annoyance,1
initial,2
effaced,1
fraction,1
bolivia,5
form,27
landing,7
failure,9
indiana,1
surrender,8
evinced,2
continuance,9
traits,1
attached,2
bounds,2
gould,1
attaches,1
temper,1
strengthening,6
fragmentary,1
sale,25
major--general,1
floating,1
widows,6
fraternal,4
marking,4
discriminate,1
locality,1
authoritative,2
excel,1
handed,2
answerable,2
holls,1
molested,1
faction,1
felt,15
diet,4
insurrections,1
abettors,1
exported,5
authorities,39
died,2
billion,1
assume,10
daily,11
premiums,1
parcels,1
restored,9
customary,2
relieve,9
branches,7
invent,1
abatement,3
mile,1
abundant,7
anticipation,2
depend,4
disorders,3
striving,1
father,2
finally,6
petersburg,1
marks,1
suffered,14
fancied,2
advises,2
wages--gives,1
congratulating,1
defying,1
advised,7
wintering,1
governments,65
staples,2
banished,1
did,18
economize,1
proposals,4
excellence,4
dis,1
olympic,1
unexpected,2
fearing,1
proclaimant,1
bombardment,2
sordid,1
majors,1
adds,1
ta-lien-wan,1
annals,1
international,96
filled,7
transportation,14
guardian,1
henry,3
availed,1
french,12
superstition,1
signalized,1
wait,2
canadian,2
institute,2
salvage,1
expulsion,2
spheres,2
suggestion,7
priceless,2
conveniently,1
useful,10
merely,7
flexibility,1
modus,4
bond-issuing,1
troops,27
otis,4
sake,1
visit,4
france,13
peru,5
handy's,1
cooperated,3
lessened,4
unequaled,3
acceptable,1
unselfishly,1
rigid,2
effort,32
capturing,1
walled,1
avoiding,3
soul,1
growing,18
making,30
arrive,2
nearest,2
firing,2
uruguay,2
agent,2
council,12
justness,1
commissioner-general,3
pine,1
provisioning,1
strikingly,3
sword,1
tile,2
may,192
forty-first,1
trade-marks,1
mankind,3
destructive,4
indemnities,1
grow,3
man,5
relinquish,6
provided--,1
maybe,1
borrowing,3
unmindful,4
q,1
inhabitants,26
undutiable,1
pickets,1
deposit,7
african,2
gradual,2
pointed,5
entity,5
stability,8
fatalities,1
texan,1
group,7
months',1
interesting,5
policy,62
ours,4
main,5
undermines,1
texas,14
truest,1
finance,2
views,17
sooner,3
elasticity,1
interview,1
touching,5
gate,1
aspirations,5
killed,10
possess,2
attorneys,1
obviated,1
rock,3
conventions,9
richly,1
aloof,2
summary,1
thoroughness,3
canada,7
living,3
jackson,4
interference,5
imperative,4
emerged,1
dutch,1
correct,1
assurance,3
earlier,3
mercantile,1
telegraphy,2
california,6
trademarks,1
brooke,2
predicated,1
milburn,1
advance,16
language,8
contented,3
thing,4
proffered,2
exportations,1
think,3
frequent,2
first,63
dwelling,1
fleeing,2
discharges,1
placards,2
americans,8
fast,4
suspended,4
carry,18
corporations,1
discharged,9
interchange,1
little,12
unduly,2
plains,1
escort,2
noninfected,1
participated,3
speaking,1
bloodshed,5
mining,5
inefficient,1
continuous,1
untried,3
stipulation,3
undoubtedly,1
framers,1
encomiums,1
protected,5
venture,1
were,246
commends,1
gathering,1
fish-culture,1
sulu,3
improbability,1
conspiracy,2
spectacle,2
occupied,7
efficient,10
cuba',1
shocked,3
endangered,2
potential,3
interior,26
performance,10
healthful,1
channel,3
normal,1
treasury's,1
paid,26
assault,7
complaints,2
conspicuous,1
cuban,38
especially,22
pernicious,2
precise,3
shot,2
show,11
accession,2
supposition,1
sites,1
elevate,1
threshold,3
corner,1
treasure,2
behind,1
black,2
treasury,59
sanguinary,5
hungarian,2
get,4
contracts,2
designated,5
employers,1
unimportant,1
inquests,1
nearly,17
conduces,1
conjunction,1
gen,1
secondary,2
bearings,1
yield,4
morning,3
mattie,1
miles,12
communicated,9
declared,13
honesty,3
seas,11
eighteenth,1
seat,6
relative,4
declares,2
seal,3
unaltered,1
indicted,1
rigidly,1
ornament,1
forecast,2
boundaries,3
enough,9
permeated,1
across,7
august,27
parent,2
killing,4
countenance,1
crop-moving,1
nationality,2
dates,1
dedicate,1
dated,4
cognizance,1
harbor,13
holders,4
among,55
accusation,1
maintained,19
grants,1
technicalities,1
considering,2
sensible,3
arts,4
corrective,1
capable,12
fellow-citizens,5
mark,3
attaching,1
acre,1
employments,3
offered,12
declaration,16
those,92
sound,7
compile,1
associates,2
promising,5
awakened,1
margin,2
inadvertence,1
conferences,1
eventually,4
sincere,9
coffee,2
according,18
strain,4
sudden,3
dangerously,1
providing--,1
wisely,8
movements,4
different,19
pay,18
same,68
speech,2
arguments,1
contain,1
afflicts,1
disappointment,1
dishonorable,1
extended,17
assist,4
companion,1
diversion,1
drain,3
largely,7
convenes,1
mortgages,2
objection,1
accountable,2
solve,2
convened,3
consisted,5
gates,1
pacified,1
money,39
aspect,2
barbados,1
statesmen,1
postmaster,3
suitableness,1
extensive,3
careers,1
docks,1
considerately,2
inhibition,1
secrecy,1
credentials,4
railroad,9
aiming,3
disappointed,1
acquainted,2
macarthur,1
slain,1
indisputable,2
chamber,1
either,32
robbery,1
served,6
voluntarily,5
afflict,1
imprisonment,2
dole,2
slavery,2
pasture,1
organizing,3
confirm,2
colonial,4
footing,4
extensively,1
patriotically,1
critical,4
ratifications,8
securement,1
manufactured,8
each,42
notable,7
unusual,6
notably,1
broken,2
transpiring,1
manufactures,10
manufacturer,1
william,13
stations,5
island,109
violence,2
meaning,1
thrive,1
practical,20
provisional,7
road,4
lands,30
fertile,3
spreading,3
skilled,1
blessed,3
empress,2
references,1
aggrandizement,1
one-fifth,1
acquiesced,1
distracted,1
decisive,4
passports,2
unsettled,3
apia,1
hurricanes,1
hesitancy,2
borders,4
belated,1
arranged,3
netting,1
wei-hai-wei,1
powerless,3
deliberation,3
deep,6
undiminished,1
examine,1
deem,8
departments,16
deed,1
cables,7
fill,4
again,26
amendments,8
assessing,1
field,13
president's,2
fruitless,1
equitably,1
treacheries,1
shelter,3
reenforced,1
deriving,1
important,67
equitable,6
prudent,3
will--a,1
conclusive,2
havana,11
remote,2
u,1
starting,1
represent,4
needful,4
forget,1
suns,1
forbidden,1
dollar,5
founded,3
sunk,1
expressions,4
behooves,3
children,6
reluctant,1
preserved,6
tranquillity,5
enjoying,1
premium,2
returning,3
fall,3
difference,5
vouchsafe,1
dictatorship,1
benevolent,1
applicable,5
truer,1
neighborhood,1
withheld,2
titles,3
further,48
appreciating,3
repeals,1
stood,2
illogical,1
swamps,1
diffusing,1
cienfuegos,3
diaz,2
judicious,6
public,114
movement,16
-inch,1
outgoing,1
component,1
transferred,3
nation's,3
operating,3
constituency,1
campaigns,1
search,4
stretching,1
published,3
formation,8
common-sense,1
narrow,3
authorize,7
transit,4
africa,5
sanction,3
rican,2
extinction,2
armed,9
detecting,1
deeming,2
readily,1
eye,1
uniformity,6
distinct,3
interest-bearing,7
two,71
governance,1
dispatching,1
cultivation,6
restraints,2
achieving,1
much-needed,1
formality,1
stable,9
landed,7
controlling,4
particular,12
adulteration,1
borkum,1
nineteen,3
coincidently,1
town,1
none,16
tuan,1
hour,9
middle,3
recall,6
guards,4
remain,15
pressing,4
del,5
abandon,1
purchaser,2
purchases,1
bravely,1
gravely,1
galleries,1
share,14
sphere,3
minimum,4
numbers,9
purchased,1
sharp,1
hours',2
homicide,1
needs,29
obnoxious,1
needy,1
acts,19
maps,1
self-control,4
advice,3
par,4
blood,1
coming,7
deducible,1
response,8
entry,3
crowded,4
unreservedly,1
responsibility,17
sect,1
pleasure,3
industrial,28
through,61
heirs,1
existence,16
suffer,3
attacking,1
hundredth,1
arteries,1
thrilling,1
assailable,1
possessions,10
forthwith,6
thirty-year,1
late,15
misunderstandings,1
well-considered,1
good,62
seeking,5
prejudices,2
primary,4
obeyed,1
walls,4
compound,2
prejudiced,1
complain,1
association,9
easily,2
divested,1
accusations,1
safe-keeping,1
porte,2
ashes,1
habits,2
subjugation,4
exiled,1
repeating,1
ports,23
harm,2
house,17
fish,3
hard,1
idea,2
engaging,1
oil,2
countrymen,15
annually,2
orient,4
mustered,3
creditor,1
projected,3
seaport,1
acting,4
avenge,1
print,1
lawrence,1
enforcing,2
difficulty,5
members,24
backed,1
beginning,10
benefits,9
co-operated,1
settlers,1
omit,1
running,1
conducted,6
indebted,1
waged,4
obstructionists,2
juncture,4
instances,4
utilized,1
done,29
embraced,5
wages,5
wager,1
paine,1
twenty,4
revive,2
least,14
regulation,8
assumption,2
statement,7
compromise,5
lease,1
favorably,3
part,97
favorable,16
believe,16
inconvenient,1
b,2
mahan,1
mortgaged,1
previsory,1
contrary,4
treated,1
declare,2
concludes,1
philippine,27
notwithstanding,7
three-quarters,2
aged,1
orders,15
paths,4
built,5
blanco,1
majority,2
appellate,1
build,4
insufferable,1
province,4
conspicuously,3
most,109
significant,3
services,7
soldierly,2
engagements,2
clemente,1
mediation,9
charitable,3
pekin,1
directness,1
weigh,3
joining,1
thomas,2
particularly,7
rebels,1
disturbances,5
obligations,34
commissions,6
scattered,5
noblest,1
relation,21
carefully,9
fine,1
find,13
ruin,4
distributed,5
unhappy,3
permission,5
luke,2
express,4
courage,3
annexation,13
inaugurate,3
merchandise,5
forty-five,1
resolve,1
testifying,1
doubled,3
safeguarding,1
common,27
semiannually,1
tended,1
overburdened,1
individual,12
gravest,2
surrendered,3
metes,1
forthcoming,1
materially,6
feared,1
desires,3
expert,4
superseded,2
electoral,3
smallest,1
burned,1
firm-set,1
responses,2
presumption,1
commercial,62
oppress,1
forwardness,1
scuttle,1
guantanamo,2
floats,4
appropriations,12
solely,1
annual,33
foreign,88
complacently,1
supply,14
simple,3
tennessee,2
simply,4
unsuccessful,1
asserted,11
ravaged,1
suppressing,4
expensive,2
raise,5
frets,1
create,4
rivals,2
faithfully,11
meeting,6
annihilating,1
understand,2
prices,6
resisted,1
rupture,4
nanking,1
strictest,1
grains,2
foreshadowed,1
bill,11
tolerate,1
elections,5
replaced,2
consular,13
site--less,1
birthright,1
impracticable,4
portugal,4
century,15
cents,1
drawbacks,1
encountered,2
itself,22
reconnoissance,1
all-important,2
monroe,1
unaffected,1
italy,12
engrossed,1
wherein,2
emphasize,1
proved,14
development,26
assignment,1
yesterday,1
solicited,2
husbands,1
moment,6
purpose,61
aggregate,9
realm,1
predecessors,2
tugs,1
sidereal,1
rules,19
forfeited,1
flags,2
withdraw,7
toil,2
organization,23
prevention,2
untrammeled,1
profoundly,3
shape,2
unsought,1
mob,3
alternative,7
injuries,7
timber,1
discipline,1
impetus,1
cut,6
source,3
administrative,16
juries,3
adversaries,2
big,1
bid,13
matters,18
redeem,9
messengers,1
foreigners,9
cambon,5
effectiveness,1
follows,9
austria,1
chow,1
forty-four,2
indication,1
valleys,1
often,12
absolutely,1
obliged,2
magnificent,2
back,6
delegation,2
nicaragua,29
ourselves,20
pronounced,3
scale,7
decision,5
per,39
newark,1
connecting,1
augmenting,1
resolutely,1
patient,1
peculiarly,3
continuing,6
virtues,1
well-ordered,2
assenting,1
goods,10
constraint,2
conciliatory,1
antillean,1
relapsed,1
unmeasured,1
invading,1
framed,4
martinez,1
neutrality,15
ontario,1
errand,1
manifested,4
forward,4
invite,14
adjusting,1
exterminated,1
immigration,4
hoped,15
hopes,1
directed,33
extra-territorial,1
requesting,2
protectorate,1
autonomous,3
sort,1
partition,1
constant,25
expedition,11
stripped,1
deprive,1
single,14
cure,2
swerved,1
prevail,7
denying,1
composing,1
dutiable,1
statutes,10
accidental,1
lend,2
heir,1
aggregates,1
printing,1
prepared,11
restoration,11
utterly,1
lent,2
desert,4
rallied,1
statesman,3
pecos,1
wards,1
repudiation,1
dispassionate,1
ascertained,5
presenting,3
initiating,1
dogged,1
intricate,2
pacific--dividends,1
graver,2
lattimer,2
enjoined,2
literary,1
exit,2
pleasing,2
brigade,2
labels,1
putting,2
arrange,2
severely,1
profligacy,1
government's,3
transgressed,1
crow,1
demonstrations,4
rivers,1
precipitately,1
depression,4
scientific,6
doctrines,1
protraction,1
chicago,3
giving,14
assisted,3
inconveniences,4
severalty,1
exercise,27
body,22
justification,3
exchange,17
jointly,2
packing,1
objects,8
others,16
hobart,1
safer,2
irritating,1
extreme,3
alaska,13
later,14
cervera's,3
honor,36
composed,8
named,4
formulated,2
private,13
extravagance,4
decrease,8
names,4
resolutions,4
staple,1
impotency,1
fittingly,1
punishments,1
reciprocity,9
butler,1
themselves,23
apprentices,1
them--another,2
trail,1
transient,1
prizes,1
ashamed,1
tropic,1
arranging,1
iii,3
account,8
f,4
dingley,1
obvious,5
praise,2
internecine,1
closing,2
rehabilitation,1
admiralty,1
blaine,1
reserved,8
proportions,4
infantry,3
effectively,3
reserves,7
fulfillment,7
native,18
varied,5
holds,1
regions,7
responsibilities,10
forest,13
buildings,2
relates,2
waters,14
collection,5
incompetency,2
mexico's,1
bind,1
lines,30
correspond,1
chief,21
subsequently,7
lined,1
furnish,2
six,9
disarm,1
inaugural,4
meted,1
austrian,3
unquestionable,1
spasmodic,2
industries,17
revived,1
unstained,1
la,1
whereof,2
accredited,9
labor,31
resorting,4
heroism,2
willing,5
criminal,12
extradition,12
descriptive,1
descendants,1
dam,1
mention,4
cutting,3
mandate,1
insisting,1
kindness,2
day,49
applicants,1
february,29
verifying,1
warned,1
preclude,1
disregard,3
dixie,1
caimanera,1
abrogation,1
accumulated,1
announces,1
defend,2
relinquishing,1
wholly,9
potomac,1
messenger,1
coamo,1
postpone,3
affirming,1
thereupon,12
frank,2
dewey's,2
quo,1
receipts,41
cured,1
deprived,4
allied,2
qualification,1
retain,1
arbitral,2
facilitate,7
south,19
domiciled,1
reaches,1
strategic,5
embarrassed,2
improvements,3
reached,20
ancient,2
sampson,3
arcos,1
establishments,5
sagasta,2
acquiescence,1
gear,1
smolder,2
completed,20
nobody,1
self-sustaining,1
perforce,2
reaffirm,1
discretionary,2
flashed,1
compensation,3
lover,2
visited,4
abolished,1
coronation,1
regenerated,1
tide,1
have,428
dictate,1
demonstration,6
gravity,2
incentive,2
concerns,3
shipyards,1
unless,10
procure,1
eight,7
preliminary,8
prisoner,1
payment,17
profoundest,1
inexorable,1
beets,1
alaskan,3
enthusiastic,2
stranded,1
request,5
disease,6
capita,3
absurd,1
rendezvous,1
relievers,1
occasion,20
selection,4
text,4
charles,2
antiquated,2
thicket,1
staff,2
inspiring,2
knowledge,9
concurred,1
bernard,3
ambiguity,1
inferior,1
regularly,1
higginson,1
exceptional,4
bear,5
accrue,1
october,22
perfection,1
deputies,5
areas,5
exportation,4
misguided,2
calling,6
shelling,1
fixed,16
pertains,1
conform,2
omission,2
exists,8
national,95
we,230
dislodge,1
enhanced,3
greece,2
cashmaking,1
awaits,5
phases,1
precedents,4
turks,1
attempting,3
helped,3
difficulties,9
progress,52
boundary,19
colombian,3
sorrow,2
deliver,2
realization,3
armenia,1
nightfall,1
optional,1
instant,11
revoked,1
freely,4
taking,13
equal,21
attributed,1
fulfilled,4
assure,5
insidious,1
attributes,3
passing,4
guerrilla,1
glorious,3
otherwise,13
vent,1
relevant,1
fostering,2
harpoot,1
commend,7
chickasaws,3
ad,1
tremendous,1
attends,1
proposal,4
curtail,1
define,1
arises,2
stationed,4
received,26
essentially,3
bulk,2
finished,1
general,117
arisen,9
volunteer,14
divisions,4
manila-hongkong,1
plain,4
fifty-sixth,3
appearance,3
value,31
promoted,2
advisable,5
hampering,1
almost,11
bond-aided,1
respected,4
arrangements,13
claimed,7
inspector,1
deterrent,1
watchful,4
untoward,1
administration,61
defiant,1
twelfth,4
disseminating,2
material,14
consul-general,3
selfish,5
spirituous,1
judgment,19
numbered,2
retard,1
recourse,1
center,2
rapine,1
nevertheless,2
weapon,1
seth,1
thought,13
sets,2
position,17
arising,6
usual,4
lynching,4
storer,1
ratify,2
proximity,1
executive,56
numbering,2
hoped-for,1
evince,1
surpass,1
protecting,5
absorption,3
onward,2
lake,4
recommending,4
add,3
delegations,1
propositions,4
ought,13
characteristically,1
tests,3
unhampered,1
elapsed,1
displaced,1
capacities,1
like,24
inviting,6
admitted,10
cases--that,1
works,3
italian,10
accessible,1
alive,2
convey,2
recommendation,24
proper,30
happens,1
jurisprudence,1
hurricane,1
garrets,1
discretion,8
economical,2
assuming,2
conservatism,1
thinly,1
slight,1
lieutenant,1
ratied,1
although,20
worthy,8
well-informed,2
narrate,1
about,49
bills,2
actual,12
boards,1
withdrew,2
peradventure,1
introduced,4
rendered,14
billions,1
chronic,1
guard,7
esteem,2
interdependence,1
naturalizing,1
exactions,1
confident,2
stainless,1
vegetables,1
awarded,5
avowed,1
seminoles,1
buy,3
amity,4
tilled,2
preparations,8
repeated,7
subdivision,1
partially,1
lynn,2
wise,26
glory,1
inculcating,2
wish,4
j,2
supreme,9
andean,1
measure,26
periods,5
ambassadors,1
collier,1
proceeds,4
sap,1
revocation,3
corporation,2
claiming,2
detail,10
virtual,4
forestry,2
internal-revenue,3
thanks,5
enlargement,7
augmentation,1
acknowledgment,5
stirred,1
resolution,35
baker,1
augmented,2
limited,6
assembles,1
comparatively,3
facilities,18
collating,1
intercommunication,1
assembled,14
poorly,1
sanford,1
violate,2
paris,24
crises,1
supported,4
under,244
pride,4
trolled,1
divergent,1
merchant,14
applied,9
conjecture,1
risk,1
rise,5
every,112
gratification,2
vastly,1
encounter,2
school,2
greenbacks,3
amendatory,1
exequatur,1
shafter,2
enjoy,5
veritable,1
leaders,4
manua,1
construed,4
consistent,6
fairness,2
estimates,8
direct,25
estimated,14
solemn,6
selected,8
liberty,21
conduct,24
supplies,9
seeks,1
ulterior,1
hundreds,3
represented,10
path,3
lieutenant-colonel,1
property,51
forum,1
ventures,1
settler,1
changed,4
stipulates,2
disclaims,2
stipulated,5
changes,14
punishment,10
prints,1
erected,2
visible,1
meats,2
would,111
island--a,1
hospital,2
tenders,3
lessening,1
mediate,1
asser,1
asset,1
debt-bearing,1
barbarous,3
anchorage,1
acceded,1
grief,1
excellent,1
casualties,3
supplemental,1
must,114
me,33
join,3
'necessary,1
entertained,3
deficiencies,3
mr,23
my,137
fortress,1
quarrel,2
estate,3
preserving,2
scheduling,1
keep,14
guarantee,1
end,50
telephonic,2
writers,1
adjacent,3
unconcluded,1
widespread,4
self-controlled,1
demanding,4
four-and-a-half,1
mesa,1
parallel,2
provisionally,3
splendid,1
acknowledged,1
arbitrate,1
unpunished,1
perform,5
ultimate,8
enter,9
civil-service,4
executed,5
interpretation,3
over,78
expects,2
london,3
fealty,1
expectations,2
exhibits,13
destroyed,9
signatory,2
iowa,2
diseases,2
prevented,6
felicitous,1
rental,1
netherlands,3
notified,1
detroit,1
herald,1
filling,1
victory,9
fitness,7
lasting,5
consolidate,1
signing,1
hanged,1
combining,1
saturday,1
clothe,1
fraught,1
god,9
counselors,2
laid,20
lain,1
newly,6
twenty-five,3
independence,22
arizona,2
eternal,1
free,48
aforesaid,4
salutary,3
whereupon,1
rain,1
reinstatement,1
alarmingly,1
laborer,1
grasses,2
correctness,1
days,20
praises,1
non-partisan,1
hopeless,4
cooperating,1
gloucester,1
already,52
encouraging,8
rank,7
hearing,5
rant,1
occupancy,2
revival,7
tow,1
viceroys,1
ton,1
too,27
percentage,2
unbroken,4
consented,2
reparation,6
murder,5
serve,6
took,16
negotiating,1
incur,1
western,20
unsanitary,1
abated,1
orinoco,1
bulletins,2
immigrants,1
classes,6
flame,2
administrated,1
mere]y,1
to$,1
bridge,6
ran,1
ram,1
raw,3
advising,1
regulate,2
thoroughly,4
isolated,3
thorough,5
localities,2
degenerated,1
conferment,2
though,9
tientsin,2
plenty,1
commanding,8
coin,10
prevails,1
devastating,1
flow,1
treaty,83
orderly,8
reputation,2
enterprise,10
whomsoever,1
levying,1
currants,2
inspire,1
reductions,1
queen,2
earth,5
bail,1
claude,1
situations,1
delays,1
pacification,10
minnesota,1
lodge,1
announce,9
hostility,1
watch,1
guatemala,5
despite,7
report,58
haiti,2
countries,49
anxiously,1
collusion,1
twice,1
shots,1
ruins,1
brigadier-general,1
swept,1
guiana,3
liquor,2
sporadic,1
limiting,1
capacity,19
temptation,1
continually,2
hopefully,1
approach,4
discovery,3
reiterate,1
jose,2
purity,3
confusion,2
weak,1
however,35
olosenga,1
southeast,1
sugar-beet,1
dedication,1
news,4
improve,3
faced,2
protect,14
sanitation,1
fault,2
securedkansas,1
participating,3
merging,1
faces,1
unheeded,1
expense,4
confide,2
epidemic,1
trust,21
conference,20
been,436
submarine,5
belongs,1
expected,4
well-devised,1
taiping,1
affixed,2
enterprises,5
majesty's,5
deliberations,4
~~more,1
schley,1
lessee,1
apprehension,5
legislating,1
inviolable,1
griggs,1
lesser,1
stopping,2
procedure,9
inexplicit,1
provocative,1
brewer,1
expenses,17
experts,5
experience,15
exterior,2
containing,1
suggest,6
prussia,2
enlightenment,1
complex,3
preconceived,1
several,54
inventors,1
misery,4
greeted,1
action,89
deadwood,1
visayan,1
mentions,1
workings,1
specialize,1
embarrassments,1
possessed,8
ocean,9
savings,3
hearty,1
greatest,9
incapable,2
mother,7
hearts,5
alabama,1
possesses,4
assembling,1
graded,1
proposed,20
proposes,3
grades,1
battles,1
authorship,1
campbell,1
depart,1
forfeiture,1
dearer,1
explanatory,1
humanity,25
gave,11
advances,2
bando,1
judge,5
sanitary,7
befit,2
advanced,15
apart,8
appearing,2
gift,1
zeal,5
specific,3
offices,21
officer,5
arbitrary,2
hung,1
successfully,6
election,17
escape,3
peacemaker,1
contests,1
perfected,1
rapidity,2
embodied,1
proceeding,3
combat,1
establish,14
everything,8
embodies,2
mosquito,2
behoof,1
dropped,1
corn,1
ramsden,1
disappeared,1
littoral,1
permitted,7
chapter,2
limitation,3
census,15
attacks,3
plying,1
steadily,13
efforts,31
duke,3
discharging,3
destination,2
portuguese,2
civil,63
obtaining,7
naturalized,5
laborers,1
existed,7
rely,2
coast-defense,3
outbreaks,1
indispensable,10
why,4
gig,1
fought,2
purposely,1
wavering,1
questionable,2
vice-admiral,2
medium,7
attempted,3
differences,14
heinous,1
payable,3
hear,1
satisfactorily,1
liveliest,1
sustained,5
removed,5
counsel,1
portions,4
muster,3
bids,3
ruined,1
exhaustless,1
submitting,1
mustering,1
felicitation,2
camara,1
peruvian,1
disfavors,1
check,8
constructed,2
faithful,12
pledging,1
no,195
whereas,6
when,83
intellect,1
setting,3
whet,1
papers,1
permitting,1
cede,2
waterways,2
preceding,19
miscellaneous,3
discharge,10
to-day,4
longer,16
corresponding,5
vigorously,4
greetings,1
apprehensions,2
withhold,2
serious,12
intimacy,4
undoubted,2
neighbors,2
remarkable,11
regulars,6
varying,5
alternatives,1
obviate,1
leads,2
tripartite,4
displaying,1
passage,6
newel,1
charge,19
promoting,6
federation,2
advantage,13
exalted,6
emphasizes,1
unfamiliar,2
li,1
emphasized,3
annihilated,1
impressive,1
philippines,35
posts,6
hawaii,25
invidious,1
yale,1
quick,2
bahia,3
pork,1
says,3
injunction,1
inland,3
invaded,3
dried,2
ottoman,3
port,14
constitution,33
agrees,2
paragraph,1
long-standing,2
reply,11
amounting,10
trans-missouri,1
water,7
attainment,3
entertain,1
illustration,1
tagal,1
supplying,1
noticeable,2
expressly,3
guilty,2
law-abiding,2
hospitality,1
navigation,7
shelled,3
paralyzed,1
crisis,5
trinidad,1
wrecking,1
wrongs,6
necessitous,1
upheld,5
memory,4
candidates,1
today,2
reenforcements,2
sessions,1
neglected,1
declaring--,1
attained,7
cases,25
tribunal,9
impenetrable,1
local,33
modified,1
longitude,1
districts,9
achieve,2
slightest,1
attain,3
deservedly,1
accepts,1
expectant,1
performed,9
andrade,1
requirements,3
inheritance,1
secured,21
cuba,149
meager,1
vital,5
fourth,13
secures,2
paramount,7
impartial,11
representations,5
eighth,1
weyler,1
commodity,1
propriety,1
imminent,1
representation,12
lamented,3
impartially,1
exclusive,15
comfort,2
furnished,5
mainly,2
primitive,1
furnishes,1
outworks,1
worship,4
blocked,1
supplemented,2
presence,8
platform,2
offers,4
amelioration,4
farmer,2
mckinley,4
pan-american,3
meridian,2
happened,1
sacred,3
evolution,1
warranted,1
qualified,1
relinquished,1
above,11
term,7
equality,6
name,13
inter-island,1
sensibilities,1
possibilities,1
bullion,7
importation,7
inaugurating,1
revenue-cutter,1
indianapolis,1
begun,7
self-government,9
plans,13
ultimately,1
concur,8
intercourse,19
factors,4
profit,3
oklahoma,1
litigants,1
factory,4
attracted,2
attended,4
theory,1
dispatched,3
unfriendly,1
skillfully,1
commonwealths,1
accommodation,3
widow's,2
impose,3
motion,1
turn,3
place,30
conveniences,1
view,50
discontinued,1
origin,6
merrill,2
pensionable,2
revenue,35
accorded,7
accruing,1
clumsy,1
simplified,1
george,4
millions,10
disinterested,1
given,58
necessarily,12
district,24
stimulation,1
returns,2
convention,62
white,8
gives,11
unfaltering,1
cope,2
season,3
inexpressible,1
jackson's,1
released,3
copy,3
holder,2
population,32
wide,2
unfortunately,3
require,18
diplomatic,22
almirante,1
officials,9
marines,10
outcome,5
oath,4
usefulness,2
and,3443
armored,4
head,3
suspense,1
fifty-eight,2
commissioning,1
any,156
prosperity,29
ideas,3
urge,8
sure,13
azores,1
sherman,2
clearer,1
falls,2
visitors,1
stormed,1
wireless,1
annum,6
annul,1
considered,13
adopt,8
cortes,3
quantity,1
pursuant,8
enfeebled,1
gulf,2
favor,28
state,84
crime,6
explicitly,1
believing,2
dreaded,1
subjugated,2
horrible,3
broadest,2
expectation,2
clerks,1
installed,1
homestead,1
regarding,6
orphans,2
naked,1
embassy,2
predicted,1
discussing,2
adoption--the,1
imposing,5
violated,2
labors,14
college,2
insuring,6
fails,1
invoked,2
voluntary,1
mortgage,7
farmers,2
federal,35
subsequent,3
review,5
definite,4
outside,8
invokes,2
untrustworthy,1
arrival,4
multiplied,3
receivers,1
philanthropic,1
inseparably,1
inclusions,1
multiplies,1
cities,12
come,28
grieved,1
isthmus,3
efficiency,11
embarkation,1
region,3
contract,10
managua,1
memorials,1
designations,1
senator,1
railway,8
penal,2
utterance,1
duty,77
cridler,1
afterwards,5
adaptabilities,1
hereunto,2
period,20
insist,1
satisfaction,15
colon,1
approval,30
endeavor,10
turkey,6
fury,1
neutral's,1
deposited,5
peaceful,10
hardly,9
direction,27
reimburse,1
blessing,3
andrew,2
minister,43
careful,19
spirit,24
case,27
myself,1
eliminable,1
amend,2
mount,1
embodying,2
cash,7
premature,1
cast,1
unsatisfactory,4
vest,1
compensations,1
self-rule,1
converts,3
unreserved,1
volition,1
author,1
granted,15
reminded,1
injurious,6
bermuda,1
manila,36
distilled,1
events,16
status,10
vivendi,4
refusal,3
producers,7
persons,15
statutory,3
prospered,1
delicate,3
unqualified,2
changing,2
minimize,1
recital,2
without,95
relief,31
relied,2
inability,1
termination,7
reward,1
bodies,3
justify,10
desolate,1
seventy-two,1
non-catholic,1
tip,2
guided,2
unconstitutional,1
violent,1
cease,5
harrison,3
perilous,3
captured,4
blow,2
announcement,2
regent,2
seems,9
except,23
samples,1
kingdom,1
evasive,1
porto,1
confines,2
schedules,1
confined,5
accepted,15
acute,4
predecessor's,1
marblehead,1
wrongful,1
reduced,16
burdens,9
madrid,8
competition,11
provided,46
caribbean,3
renounce,1
freer,1
legal,6
kingship,1
imputed,1
provides,10
compulsion,1
porter,1
freed,2
communicate,6
slaughter,2
intrusted,5
affording,3
captain-general's,1
on,407
subdued,1
demarcation,1
polity,1
zealous,2
of,5991
discussed,3
mutually,3
whence,2
stand,5
tariffs,4
or,315
accredit,1
ladies,1
communication,26
rising,3
determine,10
abrogate,1
strictly,4
there,141
disposed,5
ponce,1
strict,3
desirability,1
valley,1
energy,8
municipalities,4
vested,10
tranquility,3
regard,44
cabinet,5
strenuous,1
promote,13
faster,1
applying,1
artisans,2
extermination,5
sacks,1
life-insurance,1
strongly,6
accentuated,1
contributory,1
britain,22
governed,4
politics,1
onerous,5
piracy,2
deserve,1
discerned,1
compel,4
erecting,1
insurance,3
rubber,1
igo,1
announcements,1
residence,1
immunity,2
requested,1
briefly,2
replenishment,1
conspiracies,1
separate,8
symbol,2
contradicted,1
includes,2
bullets,1
included,11
complications,3
stocks,1
assassins,1
applause,1
calls,8
invest,1
missouri,1
directory,1
spoliation,1
transports,1
all,309
chinese,35
lack,5
seals,2
unmoved,1
follow,7
settlement,48
decisions,2
wanton,1
catastrophe,3
tagals,1
subjected,6
opportunities,10
removal,6
tagalo,1
presentation,4
belonging,5
worse,2
far,48
induce,4
worst,1
awful,2
treating,1
stimulus,1
regiments,5
list,3
prolonged,1
singularly,2
indemnity,12
programme,2
employing,1
grateful,2
ten,18
tea,2
reins,2
tex,1
rate,8
invention,3
design,1
what,29
hesitation,1
advantageous,5
deeply,7
sum,40
circumstance,1
anniversary,6
overload,1
crush,1
toilers,1
disbursed,4
guns,3
unquestioned,2
asiatic,1
christian,2
hopelessness,1
directions,2
observing,5
thrift,1
naval,40
extraordinary,14
allows,1
tumult,1
chain,2
cataract,1
ex-president,1
disposition,21
commandments,1
texts,1
appliances,1
pervades,1
proceed,8
pervaded,2
dissatisfied,1
markets,25
minor,2
horses,1
exigency,2
definition,2
domination,1
stich,1
known,24
glad,5
mirs,1
salvador,8
shielded,1
self-sacrifice,1
forbearance,3
ineffectual,1
martens,1
seaports,1
embarrassing,3
salted,1
abandonment,1
self-administering,1
protects,1
arise,7
woodford's,1
cultivate,5
influenced,1
court,28
upbuilding,1
rather,6
breaking,1
buenos,3
extinguished,4
electors,2
sponsors,1
replace,1
indomitable,1
concentrating,1
proclaimed,13
liability,4
short,15
chiefly,1
devote,1
prefers,2
departure,5
supervision,11
groundless,1
shore,1
grande,3
outrages,1
september,13
developed,14
mission,12
unite,3
repletion,1
avenue,4
inquiries,4
bureau's,1
assaulting,1
resort,7
parts,10
argentina,3
might,35
thereafter,11
argentine,6
incompleteness,1
return,18
generously,1
hunter,2
denounced,1
disregarded,1
communities,6
adventurous,1
instructions,12
accommodated,1
difficult,13
intolerable,2
characterized,2
formulate,2
needless,4
decennial,1
beneficent,11
trabuco,1
defacto,1
expect,4
undertake,6
seditious,3
reverent,3
consonance,2
chaffee,1
adhere,3
commemorative,2
health,6
shipment,1
congenial,1
benjamin,1
experimenting,1
abeyance,3
enrollment,1
randall,1
attendant,1
improved,7
thrown,1
year's,3
prejudice,3
threat,1
consequence,3
fallen,1
throws,1
seeming,1
feel,10
relate,2
linking,1
feet,5
sympathy,7
sailor,2
brave,3
defects,1
colombia,6
fees,1
illustrating,1
abrogated,1
passes,4
pensioner,1
impairing,1
leading,8
coasts,5
hangs,1
pensioned,2
passed,27
aristocracy,1
ecuador,1
temptations,2
option,2
relieved,6
treasures,1
rifle,1
inaugurated,10
king,4
kind,10
instruction,6
japan's,3
aims,2
jurisdiction,28
architect,1
doubly,1
munificence,1
liabilities,4
obstacles,5
outstanding,6
strengthen,9
imports,11
suspicious,1
alike,8
cognizant,1
'healthy,1
wilson,1
stigmatized,1
conforming,1
chairman,4
finding,2
populous,5
interfered,2
hormigueros,1
added,12
electric,2
bands,1
ozama,2
pillage,1
inconvenience,3
reach,11
gila,1
reunited,1
enduring,10
nothing,18
seasons,3
prestige,3
measured,4
achievement,7
stands,3
traditional,3
dissolved,1
hindrance,1
coincided,1
institutions,9
lying,7
quartermaster's,1
restore,8
memorandum,1
shares,1
cayetano,1
securing,10
abiding,1
unsuited,3
moses,3
his,109
founding,1
gains,1
revered,1
mistaken,1
him,25
grievances,2
commensurate,5
medicines,1
investigate,3
activity,10
precaution,2
forego,1
art,7
manchuria,2
principal,28
intelligence,1
audiencia,1
defense,13
are,352
chambers,1
bark,1
arm,8
declined,5
distinctive,2
libraries,1
various,29
numerous,8
latin,1
recently,6
creating,3
sold,5
attention,55
denomination,1
rapid,6
opposition,8
competent,8
relying,1
bronze,1
liquors,2
c,8
blazed,1
became,20
redemptions,3
fraternity,1
finds,5
twentieth,1
reside,3
distress,4
reasons,4
regulated,3
startling,1
xixth,1
political,21
due,38
dug,1
whom,21
reduction,8
pa,1
transferring,1
precision,1
demand,37
incoming,1
surveys,9
plants,4
conception,2
thirty,5
indefinitely,1
unprecedented,4
healthy,1
barricade,1
engineers,5
canvassed,1
luzon,1
obtrusive,1
disappointing,2
rio,7
awakening,1
obstacle,1
headway,1
lodged,1
authenticated,1
stimulated,2
widely,5
peoples,14
advise,1
higher,5
mountain,1
restraint,7
cement,2
usually,1
arrived,3
lower,4
try,1
shelby,1
machinery,6
stating,1
abilities,1
scrupulous,1
competitive,3
questions,37
continent,6
profitable,7
old-time,1
exclusively,3
speedily,6
governmental,4
judiciously,1
violations,3
associations,2
cashnotes,1
complaint,4
emperor's,1
amended,3
condemnation,3
unlimited,3
aggregation,1
clemency,2
awaken,1
modifications,4
shaped,2
confront,1
commanders,7
separately,3
collect,1
arthur,1
rearrangement,1
unendurable,1
essential,21
understood,7
selfishness,3
prop,1
seamen,5
prof,5
mart,2
beleaguered,1
dawes,3
pago,2
lu,1
refused,5
weil,2
telegraphed,2
intense,1
recites,1
ordeal,1
recited,1
range,2
militia,5
complimentary,1
fleets,3
conquest,3
heedless,1
non-interest-bearing,4
canal,31
impressed,2
whims,1
misgovernment,1
question,54
amidst,1
gainsaid,1
prey,1
conceivable,1
sections,12
vienna,1
mountains,2
mistreatment,1
fisheries,2
repeatedly,5
filed,1
upright,2
encourages,2
raising,5
gallantry,4
consist,2
fulfilling,1
characteristic,1
declarations,6
shafter's,3
gratifying,25
wheeler's,1
z,2
called,28
imposts,2
humanitarian,2
associated,3
long-established,1
entrance,6
warning,2
frear,1
rainy,1
tentative,1
evils,12
employment,12
peace,117
income,9
unjustifiable,2
problems,11
helping,1
insect,1
rightful,7
remit,1
bulletin,1
lafayette,1
broad,7
buffalo,4
once,30
issued,19
resistance,7
alien,10
ivth,1
loyalty,3
adjustment,20
contributions,2
magnifying,1
issues,8
bank-note,1
cruiser,2
uphold,7
disposal,6
shanghai,1
languages,3
swelling,1
breach,1
include,10
confirmation,5
seized,3
wishes,1
bounding,1
disclaimed,1
notes,16
manifestly,3
friendliness,2
noted,1
assemblage,2
concluded,14
smaller,5
lightest,1
remarriage,1
plead,1
obey,1
hourly,1
concessions,3
reaching,6
waiting,2
capital,39
renders,1
ammunition,4
chose,1
degree,12
categorically,1
desired,5
separation,2
unremitting,1
distressed,3
larger,25
leaving,15
suggests,2
unconditional,1
examinations,4
apple,1
deputy,1
forbid,1
ensign,1
wilininglon,1
apt,1
langfang,1
ripeness,2
apply,6
unprovoked,1
use,30
from,348
consumption,5
few,24
examination,8
expanding,4
possession,7
grandest,1
parliament,8
factor,3
impress,3
infection,1
steadfastly,1
capitulated,1
benignant,1
women,2
paralleled,1
instrumentalities,2
anywhere,1
freedom,19
accrued,5
all--no,1
proof,9
semiwar,1
patrol,1
patron,1
earnestness,3
inaccessible,1
tax,5
something,3
perplexities,1
sir,3
united,403
mindanao,1
justifiable,1
struggles,1
fortunate,3
traders,1
instead,6
panic,1
attend,1
tact,1
barricades,1
abuse,3
distances,2
readiness,3
light,6
arduous,2
interrupted,4
honestly,4
tenure,1
perishing,2
sanctioned,1
unfortunates,2
farming,1
interpreted,2
strove,1
dearest,1
jimenez,2
peck's,1
assurances,4
ships,27
estimating,1
permanent,26
restrain,2
orange,1
covered,8
defining,1
pending,26
eastward,1
contention,5
richness,1
plenipotentiary,5
flour,3
practice,7
commended,6
invitations,1
ambition,1
republican,3
reconcentrados,5
fled,1
successor,3
articles,12
admonished,1
profound,1
transmitted,8
grant's,1
deteriorate,1
erratic,1
lawful,5
related,4
remove,9
sectional,2
our,670
out,67
category,1
respects,1
honorably,4
sentiment,13
frontier,5
herded,3
performs,1
impart,1
honorable,17
yankee,1
proviso,3
averted,1
promptly,14
bering,4
york,4
conflicts,6
obliteration,2
additional,21
organic,3
g,3
feasible,1
enfranchisement,2
regaining,1
precepts,1
timbers,1
plainly,1
hitherto,5
proposing,1
enormity,1
kiao-chow,1
straight,1
continental,6
salient,1
publicly,1
unknown,1
their,316
siam,3
shell,1
consoling,1
reversed,1
regards,3
constituent,2
july,48
institution,4
hearings,1
succeeded,1
objectionable,2
isolation,4
discriminating,1
creditors,1
tracts,3
westward,1
tender,1
callings,1
sincerity,3
linked,2
agency,6
admittance,1
which,688
clash,1
who,91
invests,1
emancipation,2
class,17
statute,4
neighboring,7
exhorting,1
looked,2
adverted,2
schwan's,1
ensued,1
agreed,12
tidings,1
purely,5
utter,3
fear,3
pleased,2
chanced,1
unanimously,3
surroundings,1
reign,1
thousands,10
nonunion,1
vigor,3
bacteriologists,1
words,11
spur,1
suez,1
brain,1
married,1
compliment,1
ascertain,3
deceived,1
bulletined,1
europe,3
requirement,5
inventive,3
humiliation,3
acquired,11
merits,4
sparsely,1
closer,1
young's,1
cruel,6
genius,5
converted,3
identification,1
closed,5
rendition,1
torpedo,7
bought,1
jot,1
ability,20
opening,13
joy,1
in-trenched,1
agencies,7
uncompleted,1
embarrassment,10
swift,4
declining,1
commands,3
april,47
safely,2
grounds,6
withdraws,1
interchanges,1
wall,1
walk,2
respect,23
narrowed,1
withdrawn,6
provinces,15
literal,1
agreements,2
settlement--a,1
enlarging,2
remedies,1
sufficient,18
meritorious,1
scrutiny,1
overture,2
unpeeled,1
confers,2
remedied,1
last,92
present,93
cash$kansas,1
abandoned,7
fearful,1
sultan,7
will,392
inaptly,1
thus,54
encouragement,6
dual,1
erie,1
perhaps,7
privileges,9
cross,9
enumeration,2
member,7
adverse,1
unity,3
merciful,1
geographical,4
largest,12
gets,2
unroofed,1
residing,1
slave,2
shan-tung,3
conceived,2
disagree,1
issuance,3
student,1
liberality,2
appropriated,8
whole,17
slaughterhouse,1
fighting,4
spectator,1
english,5
undertaken,7
ministration,1
excessive,2
heavily,4
tendering,1
obtain,7
replenish,1
batteries,4
treeless,1
happiness,7
disturbance,13
point,16
interoceanic,3
hall,3
concourse,1
adoption,8
attractive,2
cruisers,9
earnestly,13
loan,6
enact,5
identical,1
sick,1
provisions,36
execute,7
republics,20
press,7
helpful,4
perpetual,1
overtures,6
january,19
agents,4
parity,7
exceed,6
because,29
sequence,1
advent,1
contemporaneous,1
searching,4
reprobation,1
growth,12
export,8
empire,15
privateering,1
cutters,3
throughout,23
lead,8
severance,1
mines,9
leader,4
ayres,3
june,49
dismissals,1
murdered,1
conveyed,2
nationalities,1
throne,2
rare,1
carried,10
extension,24
column,3
dependence,2
urged,7
dependency,2
carries,1
urges,2
emperor,4
outset,7
own,70
wilderness,1
russo-american,1
owe,1
weather,1
promise,2
registration,3
fired,4
van,1
transfer,10
trenches,1
preferment,1
intention,8
rear-admiral,5
dynamite,1
appointing,3
preceptor,1
funds,3
volume,13
coupling,2
made,171
instructive,1
whether,22
chicago--the,1
distract,1
record,5
below,1
demonstrate,3
stirring,1
combatants,3
inadequate,7
dearth,1
resumption,4
confided,6
mutual,10
illinois,4
other,163
branch,11
disproportion,1
repute,1
percents,2
importuned,1
conclusion,22
kinds,2
corcoran,1
apportioned,1
jung,1
money-order,1
incurred,1
upwards,1
auxiliary,5
ranks,2
coincidentally,1
britain's,1
volumes,1
