aided,3
chile,2
augustine,5
limited,4
consolidated,1
comparatively,1
desirable,10
monte,1
yellow,2
facilities,1
nursery,1
perverted,1
wholly,2
saved,1
assembled,3
aggression,1
undisputed,1
increase,9
effectually,1
granting,1
obstructions,1
paris,3
indulged,2
hordes,1
seriously,3
james,1
invaders,1
bays,2
under,111
teaching,1
pride,2
youngest,1
supreme,6
sinking,4
nourishes,1
invariable,2
cruising,1
rescue,1
dispense,1
desired,7
rise,4
contravention,1
subserved,1
appropriation,13
every,138
gratification,3
govern,1
affect,5
bringing,2
vast,26
school,1
recollections,1
internally,1
reciprocal,5
executing,2
cause,46
companies,2
extinguishment,2
woods,1
assurance,1
judicial,1
enhance,2
shows,1
deplorable,1
petersburg,4
triumph,1
enjoy,10
expanded,1
force,69
specially,2
construed,1
consistent,5
welfare,9
surmounting,1
direct,7
appropriated,8
insult,1
second,2
attended,9
sustaining,5
estimated,20
even,27
established,17
errors,2
incompatible,1
desirous,2
contributed,4
supplied,2
consequent,1
provident,1
above,7
conduct,21
new,44
increasing,7
ever,7
consisting,5
seeks,1
pressed,1
proportionably,6
deemed,10
dispatched,3
avert,1
whose,16
seventh,2
men,11
here,9
met,4
protection,38
pursuit,3
wonted,1
represented,2
path,1
growing,2
violate,1
obtained,14
prussia,4
property,11
rests,5
pretensions,3
study,1
changed,2
envoy,4
reports,6
controversy,3
credit,4
calculations,1
abolition,1
permit,4
military,28
adopting,1
suitable,9
settled,14
subjected,2
mutual,5
cheerfully,1
secure,10
campaign,3
inexhaustible,1
belongs,3
explained,2
inflicting,1
perpetuated,1
highly,11
brought,11
shun,1
dauphin,1
medium,2
total,2
receivable,1
devastation,1
cherishing,2
charge,2
would,134
army,13
compensation,2
foretell,1
indians,14
arms,3
inevitable,5
distributing,1
suit,1
mediate,1
come,3
therefore,26
recommend,6
indiana,3
until,15
expiring,1
tolerated,2
tranquillity,1
successful,9
expose,2
acceded,6
wars,24
aware,1
post-office,2
equipments,1
uncertain,2
menaced,6
separates,1
continual,1
inhabited,4
casualties,1
mountains,2
circumstances,33
me,16
join,1
rights,39
pursue,5
interposition,7
work,11
refusing,1
entertained,20
expenditures,13
ere,4
obstacle,1
abundance,1
divided,4
determining,1
exceptions,2
grenada,1
revenues,1
my,55
example,11
aggrandize,1
merchant,1
transition,1
indicated,1
give,23
diminished,6
artillery,4
organized,9
involve,2
currency,1
indies,11
adverting,1
caution,1
kingdoms,1
degenerate,1
mail,6
premium,1
keep,6
discountenance,1
advancing,5
returned,2
legislate,1
admission,1
end,5
recovery,1
actions,1
carriers,1
provide,9
topographical,3
very,47
louisville,1
allied,5
adjacent,1
answer,3
ordinary,9
quapaw,1
beach,1
productiveness,1
commencing,2
oceans,1
description,2
ambassadors,1
after,27
ascertain,1
confirmed,1
customs,1
lay,1
president,2
law,37
purchase,2
attempt,6
effective,1
youths,1
seduce,1
acknowledged,8
greet,1
fever,2
maintain,17
green,1
ultimate,1
enter,8
floridas,3
operate,5
order,23
operations,10
restriction,1
surest,1
cession,6
interpretation,1
office,9
consent,4
over,24
patronizes,1
prohibition,2
satisfied,11
presence,3
london,5
misconduct,2
fidelity,3
indigence,1
wrought,1
digest,3
before,31
fit,1
personal,2
heretofore,13
fix,1
interfere,3
comprehend,1
survivors,1
anticipations,4
ceding,1
omitted,1
hidden,1
confidently,2
then,32
them,165
affected,12
diseases,1
combination,8
prevented,8
safe,1
break,3
band,3
detachment,1
repulsive,1
effects,2
they,152
indulge,1
interrupt,2
hitherto,1
bank,9
moneyed,1
netherlands,3
indeed,4
controvertible,1
regularly,7
reasonably,2
leading,2
benevolent,3
victory,1
reasonable,7
each,71
entitled,9
interfering,2
side,14
confiscations,1
mean,2
afforded,18
preceded,2
observance,2
directly,1
independent,19
councils,4
crimes,1
principles,35
ricarees,2
literature,2
trading,5
combining,1
navy,23
temporary,2
collector,1
borne,1
contend,1
misfortune,1
precisely,1
fraught,1
restricted,1
pensacola,9
forty,1
vessels,52
revolting,1
rd,3
laid,9
adjust,1
affords,7
imperfectly,1
check,3
surprise,5
size,1
venezuela,4
independence,21
york,1
foundation,5
turning,1
barrier,1
resume,3
lawless,1
fugitive,1
stipend,1
depots,3
admits,1
appointments,1
management,3
formation,1
struggle,7
barracks,1
forcibly,1
enlightened,16
universally,1
ordnance,3
rewards,1
created,1
days,2
bears,1
shipped,2
disturbed,1
speedy,2
incorporated,2
signature,1
conducted,3
repealed,5
cooperating,1
already,19
features,1
render,2
grade,2
encouraging,1
thereof,4
executions,1
establishments,8
another,9
seizures,1
dwelt,1
pretenses,1
service,19
seduction,1
protracted,1
fabrication,1
graciously,1
too,20
facilitated,1
ascendency,1
adriatic,1
invalids,1
solemnly,1
happily,4
estimates,3
took,6
rejected,1
wisdom,8
incur,1
western,15
corresponded,1
practiced,2
requisite,5
abandoning,1
peculiar,10
distance,8
anxiety,1
disciplined,2
admonitions,1
enabled,7
scenes,1
nations,42
preparation,5
matter,1
classes,1
flame,1
deserving,2
unconditionally,1
feeling,3
powers,86
acquisition,5
malady,2
recommence,1
willingness,1
exploring,3
respecting,35
boston,3
modern,1
mind,6
elevating,2
well-,1
raw,4
manner,33
seen,12
seem,3
ocean,12
seek,1
alive,1
affairs,11
strength,17
wholesome,1
rapacity,1
convenient,3
latter,17
responsible,6
-,6
thorough,6
investment,1
sound,3
recommended,8
subjects,16
forces,1
season,12
transmit,2
demoralizing,1
explanation,3
conducive,1
reelection,1
committing,1
shall,47
replenished,1
object,56
diminishing,1
exercised,2
extending,8
paved,1
regular,13
mouth,9
plenty,2
commanding,5
imported,6
drought,1
acknowledgements,1
the,4680
manifested,3
morality,1
reimbursement,3
mitigate,1
observation,1
calculated,5
partition,1
flow,1
inferred,2
treaty,82
solemn,1
points,10
principle,19
enterprise,6
respectable,1
diffusing,1
came,1
discontent,1
seizing,1
pardoned,1
inspire,1
reductions,1
retire,1
precarious,1
treaties,5
colors,1
liberty,8
constituent,1
earth,6
enjoyed,6
lessons,1
orleans,1
execution,22
latent,1
proposed,7
comported,1
explain,3
debts,1
universal,1
appreciated,5
rico,2
touched,2
pursuing,3
adequate,21
emphatically,2
predecessor,4
do,24
exports,3
plata,2
beneficial,2
intersecting,1
ardor,2
hostility,6
designing,1
perceive,1
convulsed,1
coast,44
judicious,2
guatemala,1
altogether,10
report,28
disadvantage,3
arsenals,3
comply,1
warfare,1
wrested,2
countries,30
exchanged,2
officially,2
chesapeake,3
bay,10
twice,1
intervals,1
inducement,2
release,1
trusts,1
squadron,12
explanations,7
secretary,13
decides,1
fair,14
expediency,2
consummation,2
reported,1
eleven,2
resist,2
facts,7
depends,5
decided,3
result,32
fail,19
disturbing,1
galvezton,1
best,28
subject,48
brazil,4
diffidence,1
accede,3
capacity,2
perils,1
temptation,1
lots,1
away,2
sail,3
solicitude,4
deferred,1
continent,10
pressures,4
future,21
cooperation,3
drawn,13
approach,4
counsel,1
privilege,2
preserve,17
profitable,3
we,164
never,17
terms,2
perceived,1
extend,16
nature,13
oldenburg,2
fruits,2
however,32
authorizing,5
thereon,1
extent,47
defiance,1
debt,30
improve,2
suggested,8
received,35
protect,10
disorderly,1
assistants,1
refinement,1
country,62
ill,2
uncertainty,1
adventurer,2
movement,4
against,29
installments,1
variance,4
expense,15
adapted,9
asked,2
negotiation,34
prospect,4
assassination,1
exemplary,1
compromit,1
enables,1
had,142
vain,1
relaxation,1
seizure,2
height,2
active,4
unprotected,1
wider,2
administrations,2
trust,16
apprehended,1
speak,1
gratitude,3
proceeded,7
recur,2
basis,19
union,61
condemned,1
deprecated,1
three,14
been,515
commission,7
much,47
manners,1
interest,52
expected,22
entered,7
burthen,3
incompetent,3
duties,52
life,9
ordinance,1
prosperous,8
eastern,5
suppress,10
concerning,4
excite,1
wish,3
moneys,5
decrepit,1
masters,7
majesty's,1
doubts,1
chili,2
regretted,2
loftiness,1
gracious,1
applied,11
commerce,78
exception,3
has,376
manhood,2
contemplated,7
major-general,2
propositions,2
lessen,2
lubeck,1
remaining,5
employ,1
near,6
applies,1
appeals,1
aid,16
balance,8
thompsons,2
launched,2
compliance,11
mexico,11
repairs,5
is,508
lurking,2
it,777
defeated,1
expenses,6
characterize,1
postmaster-general,1
in,1182
comparative,2
evincing,1
if,76
grown,1
infringe,1
containing,3
sap,1
perform,8
suggest,4
make,29
wound,1
rebellion,1
pardoning,1
harmony,5
unfortunate,1
advances,2
monarch,1
colonies,37
several,52
european,13
exertion,1
fairly,3
catholic,11
evil,2
hand,3
liberties,7
seamen,1
hastening,1
ownership,1
$these,1
palpable,1
opportunity,7
extenuating,1
prescribed,5
stipulated,6
kept,3
whereby,2
matters,2
performance,5
embarrassments,5
possessed,1
humble,1
maxims,1
punishment,7
efficient,4
approbation,3
materials,12
matured,1
greatest,14
incapable,3
claims,19
alabama,1
left,9
opinions,1
facto,1
capitol,2
just,52
repose,1
assigned,4
grades,2
sovereigns,1
human,2
augments,1
followed,1
houses,1
yet,27
succeeding,2
previous,3
adding,1
piracies,4
endangered,1
pecuniary,4
regarded,1
indispensable,8
character,23
advancement,1
exempting,1
greatly,4
collections,1
board,14
easy,4
east,4
humanity,7
gave,3
comprehensive,1
race,1
elevation,1
usurpation,1
achieved,2
disagreement,2
possible,2
auspicious,1
whichever,1
vibrations,1
suffering,2
consisted,2
judge,6
cape,4
banda,1
unfounded,1
advanced,9
occurring,1
desire,10
dignity,1
appearing,4
specie,1
tendered,1
zeal,6
tunis,1
performing,1
unnecessary,1
universe,1
offices,2
officer,7
security,12
unexplored,1
portuguese,2
attorney,3
right,35
conciliation,5
people,66
staff,4
successfully,2
maxim,1
proportionally,2
viz,1
productions,13
election,1
excepted,1
dear,1
animate,1
contests,1
dauphine,1
perfected,1
seized,4
proceeding,13
trace,1
for,407
collect,2
stronger,1
establish,9
ice,1
everything,3
continue,14
denied,2
subordination,1
participation,5
illustration,1
defensive,1
losing,1
post,19
manufacturing,3
permitted,8
shaken,1
britannic,1
compose,1
limitation,1
census,1
adjoining,1
flourished,2
narraganset,1
theirs,1
niagara,1
months,4
hostilities,4
recollect,3
constituting,3
flourishes,1
cherish,6
islands,2
efforts,8
marshal,1
considerations,7
raised,13
destination,1
statements,1
formerly,1
facility,9
civil,17
successive,1
obtaining,1
bound,5
negative,1
down,4
lies,1
magazines,1
furnishing,1
doctrine,1
formidable,2
honored,2
reducing,1
shortly,2
existed,6
rely,3
knowingly,1
fabric,1
attainments,2
support,19
constantly,2
illustrious,1
sovereign,6
liquidated,1
fervent,3
avail,2
absolutely,1
accordingly,4
fought,1
authorized,18
way,3
greatness,1
letter,1
was,256
war,100
happy,22
head,3
insurrection,1
tiber,1
offering,2
offer,4
attempted,3
becoming,4
differences,19
pensions,3
ceded,13
payable,1
talents,3
powerfully,1
incorporation,1
satisfactorily,2
justify,2
sustained,13
removed,7
true,5
atrocities,1
evinced,7
continuance,2
congratulations,1
injury,6
portions,6
pretension,1
extremity,1
attached,3
less-favored,1
plymouth,1
main,1
debarred,1
submitting,2
sides,3
unusually,1
interdicting,1
fate,1
separated,1
promises,3
adopt,12
liberal,6
inclusive,1
request,1
abstract,1
covers,1
evidence,3
proves,1
exist,14
prayer,1
ship,6
incursion,1
marys,5
negotiations,5
constructed,2
willingly,1
marking,1
faithful,15
no,95
imputable,1
nc,1
when,49
reality,1
ny,3
interested,7
republic,3
holding,1
papers,4
test,1
unwilling,1
murder,1
shrink,1
molested,2
permitting,1
delivered,2
why,2
felt,18
transported,2
intent,3
rising,1
climate,4
authorities,5
dense,2
seeing,2
digested,1
annum,2
longer,3
bestowed,3
assume,1
interval,5
flag,4
daily,7
withhold,2
ardently,1
reception,1
time,43
push,1
serious,13
quantity,1
unprincipled,1
restored,2
neighbors,7
tribunals,3
managed,2
remarkable,1
ungranted,1
strengthened,2
relieve,3
cheapness,1
mild,4
grateful,8
abundant,6
devoted,3
certainly,3
hold,3
depend,9
zone,1
foe,1
tariff,2
warning,1
april,4
father,1
contemplating,2
passage,2
recurrence,4
answered,1
finally,4
promoting,3
gratulation,1
marks,2
terror,1
sovereignty,14
must,29
likely,1
persevere,3
division,2
buccaneering,2
advantage,23
exalted,2
navigable,2
bluffs,3
keeping,1
diminish,4
unfriendliness,2
emergencies,1
gloomy,1
fullest,1
little,7
exact,1
feeble,2
minute,2
governments,49
incitement,1
presented,9
did,9
proposals,2
ascertaining,1
augmenting,4
leave,4
settle,2
excellence,2
encroach,1
accumulation,1
pontchartrain,1
upper,5
revolution,9
alluded,1
regret,10
injunction,2
d,1
inland,8
invaded,2
unconnected,2
port,10
penetrated,1
purchasers,2
endangering,1
adds,1
constitution,16
assistance,1
contracted,2
uniform,2
current,12
health,2
supplies,7
falling,1
appeal,3
amounting,4
filled,1
satisfy,2
supporting,1
dispose,1
transportation,10
mechanic,1
guardian,1
mr,1
french,9
agreement,6
attainment,4
entertain,1
yards,1
alone,7
along,18
colonization,1
appears,14
change,16
comptroller,3
redemption,1
institute,2
endow,1
funded,1
spheres,1
accomplished,7
piers,3
patriotic,4
vitiated,1
navigation,15
engineer,1
useful,10
consolation,1
transcend,1
merely,1
vitals,1
prefer,1
marked,5
retires,1
surmount,2
subfactors,1
crisis,2
market,6
undergone,1
wealth,1
prove,3
perished,1
republican,1
visit,2
abroad,2
wrongs,3
territories,11
cherished,4
prey,2
memory,2
black,1
associated,2
rios,1
commissioner,1
preserving,4
afford,12
assent,1
acceptable,1
apparent,2
odious,1
asserting,2
ignorant,1
virtue,8
amelia,5
cases,12
effort,9
capturing,1
demolish,1
jealousy,1
fortified,1
facilitating,2
modified,1
districts,3
harmonious,2
incidents,2
can,69
believed,21
making,17
discharging,3
dispute,1
slightest,4
numbers,1
claim,16
citizens,64
want,5
arise,2
agent,5
sphere,1
heard,3
narrows,2
purity,3
council,3
allowed,6
offense,3
evidently,3
impartiality,2
restitution,2
productive,5
commendation,1
quaupaw,1
fortunately,1
oppressing,1
secured,13
cuba,5
mingles,1
species,1
vital,4
fourth,1
holland,1
husbandry,1
eight,1
secures,2
undertook,1
economy,9
professing,1
may,162
sacrifice,2
steadily,5
southern,7
grounds,2
produce,23
mankind,1
commit,1
date,9
such,138
destructive,5
nomination,1
mcree,1
man,1
temperate,1
branches,10
varieties,1
succeeded,3
conscious,2
whenever,1
explicit,2
yielding,3
st,27
inhabitants,8
so,112
progressively,1
african,1
conquests,1
lamented,1
outlet,1
exclusive,4
acts,16
repair,4
gradual,3
displayed,3
consulting,1
years,31
furnishes,7
course,34
incapacity,1
perpetrate,1
unfavorable,5
still,32
tendency,4
constituted,4
tending,3
derive,13
police,1
solace,1
how,11
interesting,11
amounted,11
inflicted,3
forms,3
amelioration,1
policy,36
ours,1
troubled,1
norway,2
abusive,1
texas,2
emigrants,1
correspondence,3
cling,2
thereby,11
views,14
profession,1
nation,49
process,5
touching,3
compelled,4
half,1
not,252
now,44
provision,25
killed,1
nor,18
possess,6
administer,2
term,15
equality,5
name,3
neutrality,9
january,12
avocations,1
legislation,1
establishing,2
uncultivated,1
denmark,1
dishonor,1
importation,1
entirely,4
quarter,19
repaired,1
individually,2
domain,1
prompted,1
shews,1
lieu,1
directing,2
manifests,1
inhabiting,4
shewn,5
entering,4
year,77
aloof,1
tumultuous,1
self-government,3
plans,3
adduced,2
shown,6
accomplish,7
jackson,2
opened,7
intercourse,25
factors,1
profit,3
greeks,1
interference,2
astray,2
looking,3
contained,1
investigation,1
edifices,1
correct,5
indicating,3
bordering,4
virtues,1
earlier,1
annoyance,4
sympathize,1
million,30
incentives,1
authorizes,1
possibility,1
unfriendly,2
dependencies,1
advantages,15
besides,2
obligation,7
remainder,1
accommodation,11
forbids,1
care,8
thinks,1
advance,1
contemplation,3
unlicensed,1
impose,4
british,31
motion,1
turn,4
place,21
invitation,2
routes,5
charleston,1
impost,1
associates,2
think,3
frequent,1
first,43
origin,6
suspend,4
saving,3
surviving,2
revenue,55
clause,3
one,34
injuring,1
adverted,3
commissioners,15
specifically,1
suspended,8
spanish,19
carry,15
impossible,11
message,1
accountability,2
open,10
discharged,5
spread,2
disinterested,4
city,12
given,33
necessarily,3
checked,1
district,7
pushed,1
fl,1
caught,1
impracticability,1
remotely,1
anyone,2
indicate,1
returns,3
proclaimed,2
escort,1
convention,24
white,1
friend,1
gives,4
acquisitions,1
excellent,2
arouses,1
overture,1
that,746
admonition,1
taxation,1
crews,1
proving,1
resulted,1
copy,3
undoubtedly,2
than,55
population,22
dukedom,1
unfortunately,1
sailing,1
depressed,1
require,20
folly,1
diplomatic,2
transferred,2
seminaries,1
protected,10
venture,1
were,99
gigantic,2
russia,11
respectability,1
and,1602
re-shipped,1
remained,5
exceeded,9
argument,1
medical,1
suffrages,2
spectacle,6
uninterrupted,1
recover,2
any,115
elsewhere,1
prosperity,12
form,13
spoliations,3
warriors,1
manufacturers,4
aside,1
instructed,12
note,1
equipment,1
intends,1
unavailing,1
take,18
repeatedly,1
forming,4
interior,9
destroy,2
rages,1
relaxed,1
channel,2
flattered,1
urge,2
handing,1
sure,2
altered,1
oppressive,1
opposite,2
track,1
invasions,2
price,13
knew,1
paid,12
landing,1
occurred,17
tract,1
remarks,1
america,9
inserted,1
conspicuous,3
susquehannah,1
peaceful,1
forever,4
annul,1
especially,23
fills,1
considered,13
average,1
proud,1
steady,5
sale,9
pernicious,5
prepare,1
slaves,5
infringement,1
dispersed,1
cortes,3
laws,35
precise,5
perpetrated,1
conjunctures,1
surplus,4
show,2
circulating,2
allegations,1
accession,3
merit,8
sites,2
discovered,1
elevate,1
executed,6
inconsistent,1
misrepresenting,1
tonnage,10
gratified,1
inequality,2
fifth,1
ground,10
osages,1
slow,2
gulf,9
title,7
proclamation,3
treasure,1
proportion,7
crime,5
only,46
explicitly,1
believing,5
treasury,45
outrage,2
fort,6
dreaded,2
carolina,2
depressing,1
guarded,2
closed,1
contracts,1
cannon,4
lighten,1
designated,4
expectation,3
d'affaires,1
harbors,1
fortifications,29
cannot,1
nearly,8
distinctly,4
applause,1
neither,6
gallantry,3
village,2
objection,3
regarding,6
resource,4
seldom,2
especial,1
yield,2
across,1
effectual,5
miles,2
though,3
liable,5
where,18
communicated,17
declared,13
concert,4
seas,9
violated,2
labors,3
stipulation,2
relative,4
elected,2
actively,1
appropriating,1
impressions,2
heavy,1
concern,6
foresight,1
satisfying,2
inequalities,1
enlightening,1
subsequent,5
review,3
ornament,3
representatives,18
navigated,1
dismemberment,1
boundaries,5
between,111
affecting,7
justified,3
presage,1
checks,1
arrival,4
multiplied,1
notice,3
august,4
parent,2
parental,2
inseparable,7
arbuthnot,1
countenance,1
awards,1
prematurely,2
menacing,2
article,34
cities,7
suppressed,6
originates,1
postage,3
stages,1
possessions,1
spared,2
many,42
according,15
contract,2
forthwith,4
s,1
present,69
disappointment,1
conducting,1
expression,3
comes,1
allowance,2
duty,30
among,23
impediments,1
afterwards,5
sixth,1
period,29
dispatch,3
adjudication,2
satisfaction,26
maintained,17
grants,5
learning,1
ordered,4
endeavor,5
mortification,1
considering,3
better,9
arts,7
subscribed,2
capable,3
west,16
informed,4
wrt,2
fellow-citizens,15
almighty,4
production,1
punished,1
combined,1
motives,6
dangers,15
rebuilt,2
hardly,1
sensibly,5
systems,1
wants,9
direction,8
relations,45
thousand,1
formed,30
dangerous,1
observers,1
observe,2
minister,34
declaration,4
suspected,1
attentive,2
spirit,26
those,140
missions,1
paying,5
myself,1
distressing,1
these,135
accommodating,1
intimately,1
cultivator,1
residence,3
situation,14
invited,6
perpetuate,1
vest,2
soil,6
sincere,3
fabricating,1
engaged,20
blockades,1
commander,1
middle,3
sudden,2
embrace,2
disciplining,1
commanded,1
wisely,1
floating,1
movements,2
par,2
verified,1
author,4
pay,1
granted,11
same,49
injurious,3
epoch,6
agitated,2
physical,2
charge',1
events,12
extended,15
assigns,1
closest,1
sickness,2
enjoyment,5
landed,1
driven,2
persons,9
fruit,2
arose,3
changing,1
all-merciful,1
implements,1
odium,1
theater,1
undefined,1
shared,1
traded,1
vacant,2
constitutional,6
evils,1
severe,1
without,48
relief,7
relied,1
inability,1
termination,5
reward,2
bodies,2
charged,3
summer,4
manifold,2
being,38
money,9
guided,2
rest,4
judiciously,2
communities,3
civilized,15
cease,6
alloyed,1
aspect,1
positions,3
postmaster,1
presumption,3
death,3
rose,1
munition,1
seems,10
except,6
improvement,29
instrument,3
treatment,1
overthrow,1
prominently,1
extensive,15
real,3
negotiating,1
alleghany,1
porto,2
rules,3
narrower,1
sums,4
admitting,1
usefully,1
early,28
earnest,8
permanence,1
traffic,2
detract,1
unaccounted,1
confined,7
world,17
accepted,7
disappointed,1
calculate,1
rear,1
rocky,2
acquainted,1
fortune,1
disposing,1
schools,2
offenders,4
exploit,1
annually,7
benefit,3
either,24
fully,16
animating,1
revision,1
stationary,1
reduced,5
satisfactory,20
burdens,4
exposed,5
failure,1
madrid,5
instituting,1
depredations,1
competition,4
zealously,1
specified,10
duration,3
divine,2
organizing,2
extinct,2
deputy,1
provided,22
passions,1
countenanced,1
dimensions,2
confirm,1
colonial,2
apalachicola,2
footing,13
extensively,1
legal,2
critical,1
imputed,2
expressing,1
happened,2
moderate,6
preceding,7
porter,2
refer,8
turkey,2
metropolis,1
ratifications,2
assembly,1
contingent,2
business,3
retains,1
equivalent,3
communicate,7
accomplishing,2
intrusted,1
broken,1
utter,1
accompany,2
affording,3
postponed,1
manufactures,28
manufacturer,1
on,438
stone,2
central,1
stations,2
zealous,2
island,19
industry,10
cares,1
discussed,1
practical,2
mutually,2
whence,5
stipulations,3
stand,2
act,62
injuriously,1
tributary,1
or,86
road,8
tribe,5
lands,17
fertile,3
suppression,11
prohibit,1
states--a,1
communication,13
skilled,3
blessed,8
attributed,1
copies,2
commodious,1
references,1
parties,52
accumulated,1
your,25
aggrandizement,2
acquiesced,1
her,40
calamities,5
assumed,7
strictly,2
there,100
disposed,3
desert,1
strict,9
low,1
oppressions,1
decisive,4
fish,2
mischief,1
complete,19
vested,8
unsettled,15
smuggling,2
regard,25
cabinet,1
posterior,1
explanatory,1
survived,1
e,1
promote,13
with,478
enlarging,2
abused,1
rush,1
october,2
arranged,3
monopoly,1
lawfully,1
indisposition,1
nearest,1
impute,1
abuses,1
severally,1
agree,2
affection,2
connect,3
detailed,2
gone,2
undertake,1
deliberation,3
hanseatic,1
exhausted,1
certain,26
describe,1
am,15
sales,1
deep,6
general,26
britain,21
educated,1
ensuing,5
at,217
diversity,1
himself,1
fill,1
again,6
amendments,1
piracy,9
administered,2
compel,1
bremen,1
thither,2
field,2
terminating,1
lafayette,1
you,23
offered,3
disgraceful,2
gaining,1
requested,2
congress,116
separate,1
shelter,1
desolation,3
remarked,3
merchants,1
deriving,3
absconding,1
important,56
bounded,1
intimation,1
included,1
legitimate,1
conclusive,1
building,2
shipping,1
remote,5
redressed,1
dismission,1
prosper,1
mask,1
cupidity,1
exhausting,2
posts,12
fraudulent,1
u,1
doubted,7
treason,1
sensibility,4
resolution,5
original,8
remonstrances,1
all,193
surrounded,1
consider,7
ceases,1
hamburg,2
bosoms,1
month,4
founded,17
ceased,2
[--],32
invariably,6
follow,3
settlement,13
decisions,3
children,1
causes,26
repetition,1
corps,16
defaulters,1
pledged,3
propensities,1
opportunities,1
former,10
to,1889
preserved,16
th,41
sustain,4
enjoying,2
immutable,1
case,15
belonging,4
appointment,5
worse,1
far,24
removing,1
induce,1
blockade,1
candid,1
worst,2
decide,4
fall,4
difference,10
condition,27
well-organized,1
squadrons,2
norfolk,1
ricaree,1
--,6
forth,1
list,1
applicable,10
punish,1
large,11
deliberations,3
renown,1
last-mentioned,2
armories,2
small,8
indemnity,15
society,2
economically,2
neighborhood,1
withheld,6
ten,1
penalties,1
presqu'isle,1
past,6
rate,3
titles,1
carriages,1
pass,2
further,21
destitute,2
situated,2
residue,1
what,27
hesitation,2
assured,1
advantageous,7
witnessed,2
deeply,7
sum,18
lawrence,1
eminent,4
emotions,1
crush,1
prevailed,5
destroyed,4
prohibitory,1
public,104
expiration,2
full,24
threatened,2
inconsiderable,4
anticipation,2
decay,1
free,19
excess,3
strong,26
observing,1
criminality,1
interposed,1
search,3
naval,28
conviction,5
difficulty,5
hearts,1
inspired,1
losses,15
experience,18
superintendence,3
champlain,1
thoroughly,1
amount,37
extremes,2
partaken,1
social,2
action,6
raritan,1
successors,1
smuggle,1
faculties,1
authorize,4
proscription,1
alexandria,1
depart,1
members,1
family,1
requiring,3
africa,5
ask,2
apprised,2
regiment,1
trained,2
sanction,4
overwhelmed,2
extinction,4
armed,6
estimate,10
pervades,1
proceed,7
uniformity,2
injure,1
distinct,5
contains,1
two,32
abstaining,1
captain,2
apprehend,4
cultivation,1
archives,1
seminole,1
libel,1
taken,26
restraints,2
amassing,1
markets,1
more,84
diamond,1
door,1
exigency,1
aix-la-chapelle,1
purse,1
corrected,2
instrumental,1
commenced,12
controlling,1
particular,9
known,22
foundations,1
objections,1
sustenance,2
producing,2
suffered,8
presumed,29
town,1
none,17
despotism,1
shielded,1
science,6
forbearance,1
remain,14
examined,5
sent,4
learn,1
abandon,6
history,6
purchases,4
compare,1
prompt,4
stated,5
trial,2
share,1
accept,3
states,266
collision,2
protects,1
attain,2
purchased,1
sense,12
designate,2
cultivate,4
deplored,1
information,18
respective,18
court,7
rather,4
imminent,2
comfort,4
pressing,2
enlarge,1
ratified,13
justifies,2
occasionally,4
sacred,6
extinguished,1
occur,9
vigilance,2
profiting,1
simplicity,1
sabine,3
persevering,2
intended,14
rude,2
communicating,3
disgraced,1
advice,2
derived,10
long,38
consolidation,1
reflect,1
replace,1
thirty-seven,1
adventure,2
invasion,9
courts-,1
authentic,1
countervailed,1
a,746
usurper,1
surgeons,1
short,10
crowded,1
prefers,1
departure,2
fortification,2
shore,1
wishes,4
responsibility,4
dread,2
banks,3
pleasure,3
traders,1
replied,1
infant,3
remnants,1
magnanimity,3
outrages,1
september,11
detained,1
nugatory,1
insuring,1
soon,28
definitive,2
trade,29
held,9
attitude,4
paper,1
through,23
committed,15
existence,6
suffer,5
its,149
disagreed,2
rapidly,4
assailable,1
live--a,1
severely,1
susceptible,2
reluctance,1
bosom,1
late,30
resort,5
territorial,2
strange,1
disclosed,2
symptoms,2
arrange,3
might,52
alter,1
good,29
return,9
reappearance,1
seeking,1
propose,3
hunter,2
reigning,2
prejudices,2
anticipated,8
obeyed,1
walls,1
rank,4
commodore,5
foot,1
complain,2
instructions,11
easily,3
document,2
hereafter,4
designation,1
sympathy,2
always,26
harbor,5
academic,1
stopped,1
seat,3
disclaimed,1
found,20
shocking,1
residing,6
friendship,4
ports,24
characterized,1
referred,9
amending,1
weight,6
reconsideration,1
house,15
contiguous,2
beneficent,1
reduce,2
idea,4
engaging,1
expect,7
inflict,1
columbia,3
operation,10
beyond,9
event,16
standard,1
perry,1
funding,1
since,44
continually,1
projected,1
adhere,2
acting,4
reestablishment,1
safety,5
shunned,3
urgent,1
induced,4
issue,1
algiers,1
henceforward,1
talcott,1
superintend,2
belief,2
risen,1
circumstance,5
favored,6
confidence,16
differ,1
extraordinary,11
reason,15
peaceable,2
disposition,9
put,7
exportation,1
heroic,4
revolutionary,8
reared,1
retained,2
perceptible,1
terrible,1
american,8
prejudice,2
elective,3
w,1
expedient,12
consequence,13
indemnified,1
july,6
fallen,2
exhibited,2
indebted,1
$m,19
probability,1
prevent,14
feel,4
radical,1
belligerent,4
maritime,10
number,12
preservation,4
obedience,1
well-known,1
instances,10
enlarged,2
unexpected,4
done,13
defects,5
colombia,5
ninth,1
occurrence,2
passes,1
exertions,9
impairing,2
heads,1
introduction,2
together,10
interviews,1
coasts,1
revive,2
least,10
obligatory,1
acknowledgment,1
regulation,3
station,11
endearing,1
passed,8
reverence,1
finances,3
peaceably,1
justly,3
statement,2
purer,1
relieved,1
immediate,5
part,57
favorable,21
off,2
imposing,1
rivers,7
convinced,1
king,4
kind,17
anticipate,2
instruction,7
dispensed,1
youth,2
i,145
contrary,4
supposed,3
sole,3
toward,8
treated,1
declare,4
deciding,1
obstacles,2
pre-existing,1
classing,1
imports,1
ages,3
notwithstanding,2
substantial,1
vitally,1
alike,4
concentration,2
dismember,1
salutary,5
orders,9
option,1
sell,1
lie,2
evasion,1
depending,5
cherokee,1
self,1
interferes,1
officers,29
reliance,2
also,49
norwegian,1
internal,24
useless,1
interfered,3
province,5
experienced,4
pervaded,2
bands,1
frauds,1
intervened,1
pillage,2
measures,25
reach,2
exempted,2
conspicuously,3
complaints,1
most,86
plan,13
undertaken,1
nothing,9
seasons,1
engagements,1
appear,10
seize,5
mobile,3
clear,1
mediation,1
unreasonable,3
concessions,3
creeks,1
colonel,3
usual,6
institutions,9
nobility,1
belle,1
particularly,21
languid,1
cruises,2
obligations,3
commissions,4
accommodations,1
excises,1
defended,1
session,52
relation,7
malignant,1
carefully,1
arming,2
inconveniences,1
find,11
occupation,1
completion,5
access,2
believe,13
depended,1
northern,4
justice,14
ruin,3
discord,2
ambristie,1
apprehending,2
failed,4
unjustly,1
experiment,3
captures,1
indifference,1
his,75
dependent,4
adventurers,12
express,4
impregnable,1
resent,2
remedy,3
valuable,2
closely,2
reply,1
adhered,3
during,49
items,1
him,14
merchandise,2
enemy,7
progressive,2
strictest,1
disregarding,2
adhering,2
alteration,1
remove,5
effecting,1
sacrifices,3
recollection,1
common,6
activity,4
lofty,1
river,18
precaution,1
approaching,3
inferior,3
set,3
patriotism,6
creator,1
intelligence,4
concurring,1
instituted,9
tended,1
correspondent,1
culture,2
see,6
defense,30
sec,1
are,183
sea,17
lisbon,2
close,6
materially,2
arm,3
declined,5
project,1
#,2
eminently,8
unrestricted,1
seconded,1
explored,1
surmounted,3
tolls,1
various,20
probably,7
conditions,31
europe,23
candor,7
recently,8
creating,1
dividends,1
sold,1
attention,46
enormity,1
confiscated,1
denomination,1
untouched,1
incident,10
succeed,2
opposition,1
competent,11
understanding,1
relying,2
legislature,5
both,56
garrison,1
last,97
license,1
appropriations,9
solely,1
annual,11
foreign,43
connection,4
became,3
retarded,1
overset,1
bond,4
whole,55
finds,2
baltimore,1
reside,4
distress,2
majesty,17
supply,11
reasons,5
loan,6
corresponds,1
community,9
improper,4
signalized,1
unfolded,1
regulated,4
consideration,45
vessel,5
throughout,11
suppressing,1
dissipated,1
expensive,1
decline,1
described,1
angostura,1
create,1
outstanding,1
political,7
due,41
whom,37
reduction,5
practicable,13
captain-general,2
disunion,1
collected,6
extends,2
territory,52
rendering,3
twenty-eight,1
empty,2
firm,4
resting,3
partly,1
exempt,3
remark,3
fund,7
moderation,3
determination,2
representative,2
systematic,3
demand,13
prices,3
resisted,1
towns,4
surveys,1
delinquencies,1
georgia,3
utmost,8
look,8
solid,1
warrant,1
bill,1
governor,7
brilliant,1
while,18
consular,1
withdrawing,1
animated,1
unexampled,1
engineers,14
kingdom,2
impracticable,2
portugal,9
comport,6
encountered,1
rio,1
itself,18
confining,1
strengthen,1
ready,1
all-important,1
examine,4
different,12
regulate,3
provisions,10
grant,2
belong,5
shorten,1
shorter,1
benign,2
repel,1
prescribe,1
firearms,1
grand,1
survey,10
conflict,9
higher,5
recommencement,1
arrives,1
exigencies,2
restraint,1
friends,2
transitory,3
censure,3
judiciary,1
arbitrators,1
usually,1
arrived,4
purpose,39
necessity,9
contractors,3
aggregate,1
infused,1
justifiable,2
predecessors,1
recent,3
dark,1
entre,1
herewith,4
solemnity,1
makes,2
forfeited,1
county,1
obviously,1
person,5
regulating,3
machinery,1
withdraw,3
consistency,1
organization,14
stating,3
comprise,1
know,8
distances,1
exploits,1
ruler,1
settlements,8
examinations,1
quarters,12
profoundly,3
culprits,1
shape,1
unsought,1
inlets,3
questions,6
vigilant,1
love,2
alternative,1
cargoes,1
injuries,13
uselessly,1
timber,1
discipline,7
retirement,2
$,78
undertaking,2
danger,8
protecting,1
exercising,3
exclusively,12
enjoys,1
source,7
location,1
violations,1
mandan,1
excited,6
complaint,3
march,3
emergency,7
demands,10
enable,8
dominions,11
extirpation,2
game,2
wings,1
projects,1
formal,1
imposed,10
success,18
submission,1
systematically,1
twenty-five,1
signal,2
incidental,3
resorted,5
manifest,12
heart,4
communications,4
individuals,8
yields,1
popular,1
tribes,40
essential,9
amicably,2
irresistibly,2
often,5
aliment,1
senate,16
spring,3
creation,1
some,52
back,4
understood,14
strongest,1
added,4
examples,3
sight,1
accomplishment,3
ourselves,5
amicable,13
savage,6
gradually,5
scale,6
frigate,3
decision,14
transactions,6
exceeding,4
per,3
providence,2
discharge,11
civilization,8
connecting,2
laden,1
prosecuted,2
tends,1
convulsions,1
pea,2
inclination,1
be,679
inconvenience,4
performed,1
indemnification,1
peculiarly,6
dictates,1
lakes,10
refused,2
erected,4
restrictive,1
santa,1
served,2
defrayed,3
relating,12
dictated,3
by,542
troops,6
faith,5
goods,5
blockaded,1
tracing,1
conciliatory,2
frightful,1
recited,3
range,2
involving,2
militia,14
positive,1
benefactors,1
youthful,2
aires,2
anterior,1
accessible,1
long-,2
decease,1
into,86
within,52
exceed,7
unimpaired,1
ensue,1
services,8
appropriate,3
repaid,1
france,31
convulsion,1
canal,2
impressed,3
ontario,1
acquiesce,1
renewal,3
governed,4
apparently,1
placing,3
question,14
live,1
submit,10
custom,3
occupy,2
unceasingly,1
derangement,2
forward,3
sections,2
opens,1
manufacture,2
considerably,5
plunge,1
an,188
invite,3
energies,2
duly,12
healthful,1
immigration,1
hoped,13
fisheries,5
atlantic,16
pacific,13
scope,2
upright,2
line,9
considerable,20
raising,2
posted,1
directed,4
inducements,2
comports,1
consist,1
redeemed,4
fulfilling,1
vacancies,1
up,7
us,53
gratifying,18
maturity,3
growth,6
accustomed,1
mature,1
armory,1
similar,8
called,9
imposts,4
sometimes,1
constant,3
reconcile,1
expedition,5
likewise,38
influence,8
entrance,2
deprive,1
single,5
cure,2
surveying,3
prevail,2
brethren,2
%,8
calm,2
amounts,3
peace,41
composing,1
redeeming,1
application,7
reputation,2
department,33
unjustifiable,2
confine,4
fugitives,1
explaining,2
draw,3
elements,1
spectators,2
calculating,1
gross,3
prosecution,3
breasts,1
visits,1
prepared,14
regulations,12
meaning,3
rested,1
allowing,4
utterly,5
restrained,2
flags,3
ago,1
urged,2
independently,1
land,14
happier,2
age,5
required,10
departments,6
annoyed,1
dispassionate,1
ascertained,5
train,4
arisen,6
presenting,1
failures,1
menace,1
requires,2
having,44
thenceforward,1
issued,7
results,3
existing,26
illustrated,1
proposition,5
gb,1
go,2
croix,3
adjustment,5
seemed,4
compact,3
venerated,1
averting,1
concerned,1
disturbances,1
jealousies,2
send,5
preeminently,1
stable,1
breach,4
propriety,5
include,2
friendly,33
resources,19
virtuous,8
jurisdiction,2
wished,1
provides,1
tribunal,1
contending,2
reserved,2
continues,9
aborigines,1
felicity,7
continued,9
recollected,6
timely,1
northwestern,1
barbary,6
respectful,1
transmission,1
experiencing,1
notes,1
unusual,2
anxious,4
disbursements,5
manifestly,2
enforce,3
rigolets,2
concluded,22
toils,1
pledge,1
participate,1
mediterranean,10
manifesting,1
decreed,1
imply,1
video,1
munitions,4
ardent,3
correspond,1
depression,5
auspices,1
developed,1
power,79
giving,5
emigrations,1
assisted,1
expressed,3
practices,1
henceforth,2
indian,18
capital,6
renders,1
exercise,7
mortifications,1
body,6
advantageously,2
led,2
lee,1
degree,21
exchange,6
respectively,4
pushing,1
commercial,22
judges,3
umpirage,1
following,4
explore,1
objects,25
let,5
others,18
ghent,10
canals,6
sanguine,1
cumberland,3
settling,2
great,210
arrive,1
securing,1
burthens,1
receive,5
involved,4
larger,2
leavenworth,1
murdered,1
extreme,1
leaving,8
engine,1
expire,3
resulting,5
warnings,1
defeat,1
principally,7
opinion,16
fellow-men,1
honor,11
fulfill,2
balances,6
examining,1
named,1
countervail,1
foresee,1
well-digested,4
centum,1
renounce,1
private,4
surveyor,1
addressed,2
counsels,1
names,2
apply,4
resolutions,2
route,3
unprovoked,2
standing,1
use,3
fee,1
from,307
consumption,2
remains,4
illegal,1
ministers,8
next,25
few,9
confiding,1
doubt,8
examination,5
reciprocity,9
save,1
themselves,26
reflects,1
judged,1
possession,9
parliament,3
assailed,1
comparison,1
unremitted,2
emigration,3
carrying,12
magnanimous,1
felicitate,2
resemblance,1
appointed,20
account,5
practicing,1
extension,1
augment,4
this,301
lapse,1
obvious,14
servants,1
of,2707
accrued,5
meet,17
conformity,7
dissolve,1
proof,11
control,5
indulgence,3
choctaws,1
infantry,1
tax,2
purposes,31
high,32
promptitude,4
fulfillment,3
sought,3
voice,1
native,3
generally,2
united,213
well-founded,2
destroying,1
six,3
arrangement,23
delay,10
sentiments,16
complained,1
frontiers,8
instead,2
establishment,22
stock,17
buildings,8
de,2
attend,2
waters,9
await,1
space,1
collection,7
regency,1
sardinia,1
abuse,4
bluff,1
debasement,1
ties,4
yielded,1
realized,3
introduced,1
indemnifying,1
light,13
arduous,1
interrupted,3
chief,4
honestly,1
realizes,2
subsequently,1
diminution,1
discussion,6
furnish,3
holds,2
sanctioned,4
ambition,1
move,1
outset,1
doubtful,2
produced,7
whilst,3
rendered,8
including,9
cruise,1
mentioned,3
agricultural,1
fortunate,1
happiest,3
perfect,6
superior,3
revived,2
disregarded,1
la,2
ships,19
whereof,2
accredited,3
labor,6
owe,6
permanent,17
degrees,3
choose,1
instruments,1
latitude,1
robbers,3
derelict,1
criminal,1
delicacy,1
sweden,4
pending,2
eastward,3
acknowledgments,4
greater,19
plenipotentiary,9
practice,9
invitations,2
mention,1
hands,6
front,1
kindness,1
affections,2
day,22
articles,19
february,1
admonished,2
abolish,1
profound,2
intelligent,1
bled,1
traced,3
adjournment,1
identified,1
accompanies,3
sufficiently,1
magnitude,3
transmitted,8
mode,11
truth,2
disregard,2
defraying,3
circular,1
upward,2
doing,1
unshaken,1
globe,4
cultivated,1
fostered,2
constitute,3
deficiency,7
intrinsic,1
measure,17
relates,11
patch,2
agriculture,4
witness,3
out,8
gallant,3
respects,8
omnipotent,1
sentiment,8
populace,1
arriving,1
announces,1
defend,2
unlawful,2
passamaquoddy,1
arkansaw,1
impartial,5
potomac,3
dominion,2
oriental,1
unprepared,2
honorable,9
supports,2
announced,1
shut,1
approached,1
frank,1
maintains,2
incalculable,2
promptly,7
attending,5
completely,6
surely,3
hazard,1
conflicts,1
dissensions,1
receipts,18
resumed,2
dismantled,1
allies,1
hostile,4
buenos,11
cadiz,1
deprived,3
could,38
florida,23
times,5
illicit,1
length,4
ratification,16
wounded,1
barbarity,1
retain,2
discussions,1
stimulate,1
south,12
preferring,1
third,1
possessing,3
powerful,8
scene,1
alleged,3
improving,3
improvements,10
occurrences,8
thereafter,1
reached,2
peters,3
quality,4
moiety,1
destinations,1
legislative,4
ancient,4
reference,4
atkinson,1
ordering,1
unknown,2
demonstration,2
unequivocal,1
interlocks,1
system,45
adopted,14
barnstable,1
their,303
attack,5
ferocity,1
final,5
painful,2
misunderstood,1
interests,44
vigorous,2
unceasing,7
consoling,2
academy,5
completed,13
acquire,4
manufactories,2
reflecting,1
manifestation,2
unexpended,1
natural,4
inestimable,3
overwhelming,1
herself,9
commence,5
outline,2
observed,3
convenience,1
things,1
objectionable,1
lying,1
submitted,23
discriminating,1
armament,1
calamity,1
individual,11
bind,1
manly,1
providing,7
distinguished,10
devotion,3
descriptions,1
exhibit,4
tracts,1
unchanged,1
westward,3
corrupt,1
thereto,2
defending,1
have,439
dictate,2
need,5
constrained,1
border,1
emptying,1
viewed,4
continents,2
necessities,1
competency,3
documents,9
inform,3
pursued,18
able,9
incentive,1
deserts,1
instance,10
concerns,16
which,719
inroad,1
savages,12
unless,4
immunity,1
who,66
courtesy,1
said,3
connected,23
but,81
counterbalance,1
incursions,1
expired,1
payment,8
probable,5
consequences,8
neighboring,12
enthusiastic,1
fountain,1
repeated,3
pretext,1
astonishing,1
ashley,1
proceedings,5
unvaried,1
rendezvous,1
occasion,4
ensued,1
fact,3
impression,4
selection,1
violation,4
signally,2
agreed,5
supported,6
terminate,9
bring,9
soldiers,2
fear,1
asylum,2
pleased,2
principal,14
apollo,2
knowledge,15
conciliate,1
commissariat,1
should,143
planted,1
reorganizing,1
constituents,9
attained,6
employed,19
inhabit,3
local,10
secretaries,1
hope,19
vigor,5
commanders,3
improvident,1
recollecting,1
comforts,1
means,19
convert,1
michigan,3
massacre,1
bear,1
accrue,2
joint,2
disbursement,2
perfection,7
magistrate,1
tactics,1
defenseless,1
ascended,1
stability,1
committees,1
glory,1
unauthorized,1
numerous,2
imperious,2
comprising,1
taxes,7
calling,2
she,16
embracing,2
ohio,10
sworn,1
fixed,5
view,53
knowing,6
omission,1
perdido,1
exists,5
prayers,3
acquired,6
national,39
bainbridge,1
capitalists,1
accord,10
operates,1
rip-rap,1
merits,4
changes,2
greece,6
operated,1
humane,2
closer,1
piratical,3
error,1
destiny,4
encounter,1
vows,1
tend,3
favor,23
state,87
difficulties,10
injustice,1
correctly,1
invigorated,1
progress,46
boundary,11
prevailing,1
rigor,2
admiration,2
subversive,1
annulling,1
ability,3
god,2
opening,5
importance,38
joy,1
cessions,3
deliver,3
negotiated,2
ignorance,1
efficiency,5
declining,1
commands,1
chain,1
limits,32
career,5
entry,1
taking,6
thence,3
equal,41
minds,3
assure,1
admit,8
streams,3
sexes,1
section,2
passing,1
rodney,1
glorious,1
otherwise,9
adjusted,5
agents,5
conclude,2
removal,1
fostering,2
well-informed,1
plenipotentiaries,3
chickasaws,1
compromitments,1
respect,19
winning,1
flourish,1
withdrawn,3
flourishing,2
provinces,18
subdue,3
estimating,1
addition,4
prince,1
steadiness,1
immense,1
willing,4
depositaries,1
treat,2
entitle,1
restrain,1
proposal,11
waste,3
louisiana,7
naples,1
remedies,1
objected,1
corresponding,13
stationed,5
moved,1
sufficient,11
meritorious,2
essentially,15
bulk,1
finished,2
expenditure,6
watches,1
remedied,3
improved,4
fellow,17
spain,106
unquestionable,1
divisions,1
garrisons,3
abandoned,2
plain,1
appearance,1
as,299
value,16
will,285
deem,4
persevered,3
promoted,4
advisable,7
prohibiting,2
buzzards,1
almost,11
blood,1
thus,19
site,1
encouragement,14
clearly,4
respected,5
plundered,1
arrangements,4
demanded,1
claimed,4
uninhabited,1
privateers,3
watchful,1
education,1
perhaps,2
janeiro,1
administration,13
unite,3
undisturbed,1
member,2
adverse,3
parts,32
northwest,1
incumbent,5
largest,1
party,28
difficult,6
material,2
slave,11
forgotten,1
upon,23
effect,75
exceeds,1
distinction,1
liberality,2
judgment,8
scholars,1
expand,1
destruction,4
insure,1
scarcely,7
transaction,1
recourse,2
reflection,1
dock,1
nevertheless,7
variety,1
well,37
elude,1
rodgers,1
thought,36
sufferings,1
qualified,1
command,5
redeemable,7
deserve,2
position,10
arising,2
latest,3
stores,1
excise,2
less,28
percent,5
proximity,1
executive,22
domestic,18
obtain,12
erecting,1
forty-four,1
sources,8
evince,1
interim,1
distant,8
surpass,1
tone,1
skill,3
lately,5
happiness,13
afflicted,1
unjust,1
generous,8
rapid,5
entire,2
point,19
lake,11
recommending,2
realize,1
appeared,4
add,15
imposes,2
adoption,3
maintaining,3
citizen,5
cruisers,2
earnestly,3
diverted,1
acted,4
ought,25
details,5
resolved,2
increased,18
ample,4
government,199
devised,4
erection,1
execute,7
republics,4
elapsed,1
five,1
whatever,13
presume,4
perpetrators,1
immediately,14
amply,4
domains,1
prominent,1
loss,7
necessary,58
like,28
lost,4
perpetual,1
admitted,18
overtures,1
tennessee,1
payments,7
lose,3
become,19
repressed,1
works,19
presquille,1
amendment,5
fruitless,1
shed,2
because,10
infusing,1
belonged,3
flagrant,2
authority,24
motive,4
shew,2
therein,5
redress,6
export,1
convey,1
recommendation,2
proper,59
home,10
proofs,6
employment,5
projecting,1
recognition,3
indefinite,2
lead,5
avoid,4
delaware,6
never-ceasing,1
mines,1
civilize,1
does,8
discretion,1
economical,1
assuming,1
prospers,1
warned,1
vesting,1
demonstrated,2
limitations,1
benefitted,2
ayres,9
slight,1
oppress,1
expansion,4
pressure,2
recompensed,1
conveyed,2
prohibited,1
although,18
worthy,3
posterity,4
imaginary,2
loans,4
stage,5
gained,4
about,7
actual,8
carried,14
minutely,1
debentures,1
freedom,4
certainty,2
dependence,2
recognized,2
merited,2
compatible,2
blessings,15
places,7
insufficient,1
concession,2
emperor,7
persuaded,2
revise,1
equally,33
own,34
letters,1
wilderness,1
mineralogy,1
previously,3
around,1
well-merited,2
washington,2
promise,1
erect,2
lawful,3
roads,6
additions,2
purposes--the,1
mere,2
utility,2
terminated,6
mississippi,23
henlopen,1
rejoice,1
additional,15
confident,1
transfer,1
justifying,1
faithfully,2
imperial,9
intention,6
pa,1
development,2
naturally,3
seminoles,1
fiscal,2
fundy,1
north,9
funds,3
amity,9
preparations,5
pursuits,2
admonish,1
neutral,11
construction,25
courts,2
distinctions,1
highest,21
institution,5
he,33
made,143
wise,5
evident,2
instructive,2
whether,29
meeting,6
official,4
signed,2
warmth,1
excitement,3
placed,14
below,3
owing,2
limit,9
distribution,3
preyed,2
russian,1
bearing,9
penetrating,1
reciprocated,3
affectionate,1
reservations,2
accounts,10
contribute,4
atrocious,2
well-defined,1
interchanged,1
our,506
paraguay,1
erie,8
proceeds,3
effected,2
cavalry,1
functions,1
contest,16
trials,3
attacked,3
claiming,4
detail,6
illinois,2
confided,1
old,5
other,196
special,3
branch,17
martial,1
mass,1
behold,5
conclusion,5
semblance,1
kinds,2
living,1
ratify,5
feelings,5
oppression,1
missouri,7
june,3
ultimately,2
enlargement,1
augmentation,16
concur,1
repeal,4
hemisphere,8
spoliation,4
incurred,2
extinguishing,1
appoint,2
auxiliary,1
frontier,8
rule,2
portion,26
arkansas,1
lives,5
commencement,12
augmented,17
