hordes,1
four,4
aegis,1
self-reliant,1
aggression,10
marching,1
looking,1
granting,3
eligible,3
deep-graven,1
oceans,4
appropriation,12
bringing,2
disturb,2
uttering,1
persisted,3
immunities,2
charter,2
specially,1
inevitably,4
cordially,1
second,12
errors,1
relieving,2
contributed,2
increasing,14
inducement,5
avers,1
avert,2
error,1
here,8
china,2
substance,4
pretensions,9
elaborate,1
reports,4
controversy,13
military,45
appropriately,1
explained,1
precincts,2
brought,14
remnant,2
stern,4
insecurity,1
exhort,1
statesmanship,2
panoply,1
refunding,1
therefore,45
strike,1
until,18
expiring,1
populations,3
successful,9
hereby,1
menaced,1
midst,2
hold,8
circumstances,27
pursue,2
debark,1
accomplishment,8
example,7
wane,1
unjust,4
artillery,8
organized,25
currency,1
caution,1
british,37
want,6
absolute,6
provincial,1
turn,2
dignifies,1
travel,2
feature,1
how,8
fanaticism,2
abstraction,2
misunderstanding,4
shores,6
wrong,6
destined,3
effective,8
unlawfully,1
restriction,7
dreamed,1
concurrence,2
confederate,1
fidelity,2
fit,3
benign,5
heretofore,14
fix,3
men--the,1
narrowest,1
matured,2
endeavoring,3
admirable,1
educating,1
effects,3
silver,1
represents,2
crops,1
preceded,1
financial,4
concord,1
series,8
contracting,1
substantially,3
allay,1
array,1
borne,3
toleration,2
encourage,1
adapt,2
millions,11
exaction,5
misrepresentations,1
foundation,9
assured,4
threatened,4
given,23
crowned,1
estimate,2
universally,2
enormous,3
exposing,1
custom-houses,2
disturbed,6
speedy,6
reserving,1
repealed,4
purpose,38
december,4
reciprocally,1
channels,5
seizures,2
service,58
engagement,3
needed,6
bitter,1
listen,2
rewards,1
bounty,1
wisdom,25
freemen,1
peril,1
outlay,1
nations,43
project,2
idle,3
friend,1
feeling,1
acquisition,8
willingness,1
affairs,24
wholesome,1
responsible,6
recommended,8
causing,1
absorbed,2
shall,81
limitless,1
mouth,2
letter,5
conceded,9
morality,1
camp,4
regulative,1
fugitives,4
confederation,11
saying,1
meetings,1
undue,2
participate,6
lessons,1
copy,1
than,81
aspinwall,2
rico,1
rich,3
rica,7
plata,1
denounce,1
enlistments,2
sittings,1
reposes,1
unoffending,2
release,3
reposed,1
respond,1
disaster,1
fair,2
co-relation,1
consummation,4
result,21
fail,14
best,15
intellects,1
ambitions,1
solicitude,7
unalterable,1
preserve,8
men,32
extend,9
nature,34
felony,2
authorizing,1
extent,20
defiance,4
debt,19
country,123
demanded,7
installments,1
adapted,1
asked,3
vain,6
matte,1
postmasters,2
reconsideration,1
union,101
fro,1
much,32
privilege,7
exactness,1
life,11
eastern,3
moneys,1
doubts,1
worked,1
diverted,1
commerce,51
nonresidents,1
contemplated,13
contingencies,1
employ,4
contemplates,1
misconstrued,1
levies,1
congratulation,2
expending,1
characterize,2
elicit,1
levied,1
trustee,1
severity,1
things,15
enlistment,4
harmony,2
european,10
exertion,2
frenchmen,1
qualifications,2
seamen,5
symmetrical,1
intrusion,2
peremptory,1
vice-president,2
disseminated,1
opinions,9
disguise,2
sovereigns,3
previous,15
ease,1
had,121
insubordination,1
disparity,1
delinquents,1
innocent,2
prison,1
has,289
elevation,1
municipal,8
possible,25
unequivocally,3
possibly,1
birth,4
desire,12
specie,1
steps,5
effusion,1
beneficial,4
right,65
old,3
crowd,1
people,78
predominance,1
postmaster,1
enemies,5
for,560
repression,1
continue,25
exposition,5
summoned,1
extenuation,2
substitutes,1
defensive,1
memorable,2
shaken,2
dollars,4
citizens,87
anomalous,1
eightieth,1
raised,4
statements,4
facility,1
administer,2
respectable,1
magazines,3
furnishing,2
reducing,1
authorizes,3
fabric,2
support,17
constantly,7
nova,1
avail,5
koszta,4
grasping,1
authorized,1
greatness,6
resulted,6
happy,4
therefrom,7
offer,3
conclusively,1
hemisphere,1
incorporation,2
safeguard,3
congratulations,1
extremity,1
complications,1
dues,6
parleying,1
passenger,1
discountenance,3
proved,13
exist,10
negotiations,11
eventual,1
imparting,1
flood,1
republic,61
ambitious,1
conferring,2
steamship,1
intend,1
states--sites,1
models,1
transported,2
intent,5
hygienic,1
warn,2
reorganization,2
time,106
conferred,15
breadth,2
irrigation,1
army--the,1
corps,2
recurrence,4
gratulation,1
persevere,1
navigable,16
embark,1
fullest,1
exact,4
sonora,1
leave,10
settle,1
speculation,1
prevent,15
occurrence,5
sign,2
unrepresented,1
adorns,1
convulse,1
celebrated,1
current,8
understanding,8
contemplate,4
alone,13
along,1
unadjusted,1
molestation,2
passengers,5
redemption,2
studied,1
wherever,4
commonly,3
accomplished,5
influx,1
departures,1
engineer,1
love,1
disenthrall,1
prefer,1
undergone,1
voices,1
working,3
positive,6
angry,4
cherished,4
opposed,5
scope,5
introducing,1
afford,14
subsistence,3
apparent,13
validity,2
odious,2
everywhere,2
virtue,5
intemperance,1
behalf,4
originally,3
pretend,1
inflamed,5
harmonious,3
dispossess,1
believed,11
detached,1
smyrna,5
matanzas,1
allowed,6
offense,1
evidently,2
winter,1
divides,1
undertook,3
applications,4
date,13
such,203
data,1
natural,17
conscious,4
yielding,3
st,5
inhabiting,1
so,145
subsisting,2
unsolicited,1
years,34
course,27
episodes,1
experiments,2
unfavorable,1
tendency,6
solitary,1
derive,1
infirmities,1
troubles,1
attraction,1
suspicion,2
constitutes,4
suspension,4
troubled,1
equipage,1
thereby,9
nation,20
records,2
compelled,6
arriving,1
maladministration,1
maintaining,6
revert,1
establishing,5
quarter,10
repaired,1
honduras,9
owing,2
entering,3
disasters,1
canvas,1
rounding,2
abide,2
boundless,2
investigation,3
reexamination,1
siege,1
million,4
possibility,4
quite,5
disrespect,1
complicated,3
besides,3
twenty-third,1
liberally,2
patronage,1
disguised,2
readjusting,1
legislative-to,1
routes,7
neglect,3
emotion,1
symmetry,1
spoken,2
clause,10
one,112
spanish,12
vote,2
open,11
affords,7
city,7
indicate,4
realization,1
perpetuation,2
representing,2
rightfulness,1
third,7
rival,1
future,30
rivas,4
impends,1
russia,6
prospect,2
addressing,1
san,12
turned,2
argument,6
sad,1
say,15
sagacity,1
uninterrupted,1
saw,1
instructed,4
intends,1
jefferson,3
take,15
destroy,1
opposite,5
knew,2
printed,1
remarks,1
creditable,1
commutation,1
average,3
drive,1
managing,2
salt,2
affirmed,4
laws,60
event,6
madison,1
surplus,5
senators,1
propagandism,1
new-born,1
far-reaching,2
propagandist,2
inconsistent,1
aggressive,6
parsimony,1
imagined,1
slow,1
reconciling,1
going,2
outrage,1
carolina,1
guarded,3
revolutionized,1
d'affaires,1
outlet,1
awaiting,1
recurred,2
liable,4
where,34
vision,1
up,15
aroused,1
rewarded,1
alarming,1
representatives,27
navigated,1
bureau,1
--which,1
affecting,4
punta,5
checkered,1
ascribed,3
menacing,1
suppressed,1
undermine,1
residence,2
deduction,1
expended,1
expression,4
receipts,17
allowance,1
yearly,2
extravagantly,1
boat,1
west,4
concede,1
almighty,2
anticipations,1
combined,2
motives,3
wants,4
enable,5
thousand,1
formed,7
whitens,1
observe,3
former,19
contumacy,1
lawgivers,1
prominence,2
conveyance,1
overcome,5
contingently,1
situation,3
perpetuate,1
engaged,11
dubious,1
regularity,1
mercies,1
expenditures,23
verified,3
threatens,1
forebodings,1
devolves,2
devolved,6
costa,7
renunciation,1
peculiarities,1
trains,2
persistently,2
summer,1
being,52
rest,12
safeguards,1
steamer,5
disperse,1
afterwards,6
presumption,1
plunderers,1
instrument,5
aspects,1
around,4
hereunto,1
sums,6
traffic,1
chincha,1
world,16
postal,1
vague,2
superiority,1
offenders,2
expositors,1
obstruct,5
bankruptcies,1
satisfactory,17
supplementary,1
all-pervading,1
perpetrators,1
divine,2
countenanced,1
dimensions,1
memories,1
seaman,2
restoring,1
refer,13
unsuccessfully,1
scientific,1
power,156
intimate,4
retains,1
punishments,1
industry,3
stipulations,16
practicable,4
act,89
bond,1
commingled,1
burning,1
interruption,3
parties,20
accumulated,1
hidalgo,3
her,30
detachments,1
brazilian,1
slopes,1
complete,14
discriminations,1
land,34
with,431
october,1
rage,1
partialities,1
impute,1
abuses,1
severally,2
agree,4
citizenship,1
exhausted,3
certain,32
am,14
an,153
as,503
ensuing,2
at,235
aids,3
watched,1
unhesitatingly,1
injurious,4
sanguine,2
abolish,1
unparalleled,1
contend,1
congress,197
annex,1
decree,2
intimation,1
brotherhood,2
infirmity,1
waived,1
impossibility,1
mass,1
expressly--that,1
original,7
consider,5
consciences,1
caused,4
welfare,15
reasoning,1
causes,11
to,2440
th,38
appointment,2
returned,5
candid,1
condition,58
illustrated,5
accompanying,1
laying,1
joined,1
large,30
adjust,2
armories,1
small,10
confederated,1
penalties,4
past,24
pass,8
canvass,2
destitute,3
situated,4
section,9
post-offices,2
prevailed,3
colonists,1
avenues,1
contrast,1
full,29
escaping,1
fugitive,1
hours,1
fratricidal,1
concluding,1
november,2
compliance,5
aboriginal,1
experience,23
prior,2
social,23
cessation,3
followed,2
reclaimed,1
enactment,16
viz,1
pro-visions,1
coercion,1
britannic,2
freest,1
more,96
company,20
possession,9
tested,1
jealousies,1
pursuers,1
rudeness,1
objections,8
keeping,2
disquietude,1
vicissitudes,1
resources,10
male,1
beautiful,1
prompt,9
scan,1
suggestions,20
accept,2
states,543
sense,17
environed,2
condemn,2
information,14
respective,19
imminent,3
enlarge,1
dismissed,1
relinquished,3
creature,1
waved,1
intended,12
unsound,1
resentful,1
appealed,1
obtrusively,1
misapprehend,1
acquisitions,2
refuse,4
fundamental,9
functionaries,3
replied,1
mexican,19
trade,11
attitude,5
brig,2
its,262
rapidly,5
measures',1
intermeddles,1
ally,1
entire,8
propose,3
chagres,1
misuse,1
hereafter,5
designation,2
always,13
truths,1
isle,1
harbor,12
aggrieved,6
found,18
england,2
contiguous,5
reduce,3
war--yet,1
treasonable,1
operation,15
really,3
try,1
blacks,1
armaments,1
occurs,2
highway,1
belief,3
risen,1
qualify,1
imagine,1
reproach,1
definition,4
owners,1
retained,3
w,2
expedient,8
contingency,2
exhibited,2
delicate,1
rooted,2
purport,1
belligerent,10
number,15
preservation,4
contended,2
franked,1
exertions,2
peaceable,2
heads,1
introduction,3
threatening,4
calculations,2
aver,1
peaceably,1
justly,5
sympathies,1
immediate,9
consuls,1
appreciation,1
consult,2
grace,1
determined,4
fishermen,6
exuberant,2
beforehand,1
defect,1
guarding,1
servitude,2
sell,1
extorted,1
reliance,4
also,56
recognizing,4
internal,46
effecting,1
plan,9
unequal,2
seize,2
sometimes,7
cover,6
gold,1
emoluments,1
session,24
surpassed,1
occupation,6
failed,9
ordained,2
dependent,4
adventurers,4
remedy,6
closely,1
compass,1
adhered,2
banner,1
enemy,4
adapts,1
progressive,2
hitherward,1
disregarding,2
obscure,2
river,26
insane,1
body,9
set,8
instituted,3
potent,1
settlers-on,1
see,15
sea,23
avowedly,2
rejecting,1
captured,1
avoidance,2
knowing,2
buoys,5
premises,4
incident,10
death,2
diminution,1
legislature,3
last,75
offending,2
connection,14
retarded,1
whole,34
majesty,2
acted,3
northeastern,1
allegiance,1
community,11
adjoining,3
adaptation,1
contemporaneous,3
indefinite,1
monthly,2
acceptance,2
light-house,3
irritating,2
convicted,1
proprietor,3
extravagant,2
firm,2
resting,2
fire,1
fund,1
races,2
representative,1
systematic,6
judicial,7
reliable,2
receive,8
pressed,2
agents--executive,1
pound,1
agitation,18
binding,3
comport,1
renounced,2
seek,6
elevated,1
severest,2
resulting,3
comprehensive,11
necessity,15
recent,10
person,7
regulating,1
comprise,1
christendom,3
conclusions,2
admission,10
location,2
emergency,2
demands,10
suffering,5
projects,4
formal,2
imposed,11
d,6
communications,6
individuals,8
tribes,7
disorder,3
noninterference,1
amicably,2
irresistibly,1
methods,2
senate,27
spring,1
mighty,1
amicable,8
irresistible,1
religion,5
prosecuted,5
convulsions,1
be,600
object,49
agreement,4
nowhere,2
relating,4
by,683
anything,4
exaggerated,2
repair,6
reverence,2
into,82
plainest,1
appropriate,6
controversies,2
primarily,1
striven,1
submit,8
occupy,3
suit,1
redoubled,1
considerably,1
excavating,1
elsewhere,1
hawaiian,1
light-houses,9
atlantic,15
pacific,19
line,29
legation,2
considerable,8
inducements,1
condign,1
us,53
maturity,1
ascertainable,1
continuously,1
reconcile,1
defined,8
likewise,1
influence,16
consigned,1
coasting,1
diverse,1
paradox,1
granada,17
freighted,1
occasional,8
revision,3
depredations,3
elements,4
energetic,2
prosecution,1
suppression,2
sides,4
ago,3
destinies,1
age,4
interdicted,1
habitually,1
came,8
enrolled,2
fresh,3
having,39
government--legislative,1
code,2
partial,5
dawning,1
illustrates,1
results,16
existing,30
highways,2
seemed,6
one-half,1
turkish,1
concerned,5
young,1
sent,5
jurisdiction,49
continues,2
reopened,1
continued,8
treaties,8
transmission,1
anxious,5
race,3
depositories,1
insolence,3
pledge,3
mediterranean,1
licensed,1
recruitment,1
imply,4
munitions,3
incidentally,1
expressed,10
consistently,1
indian,4
led,8
eminently,4
respectively,8
gathered,2
let,7
consideration,66
fifteen,1
deduced,1
great,146
engage,4
technical,1
involved,12
survey,2
defeat,2
opinion,18
makes,1
involves,4
steamers,3
extricate,1
mariners,3
counsels,7
prohibiting,1
standing,6
confidence,14
cheered,1
illegal,7
ministers,2
next,9
eleven,2
assuring,1
doubt,11
bonds,4
forefathers,2
occurred,14
dealings,2
carrying,2
confederations,1
this,369
challenge,2
prompts,1
fulfill,4
emphatically,3
process,7
professedly,1
purposes,22
transpired,1
high,14
exceptionable,2
hereinafter,1
weaken,1
pretexts,1
fellow-magistrates,1
delay,4
procured,1
establishment,20
luster,1
especial,1
singular,1
await,1
ties,4
efficiently,1
realized,7
counter,1
element,2
allow,1
volunteers,1
altogether,1
emissaries,1
produced,9
perfect,6
decay,1
chosen,1
dispose,4
imperfection,1
meantime,6
misapprehension,1
unbounded,1
derivative,1
therefor,4
designs,2
realize,2
installment,1
undertaking,3
traced,1
sufficiently,2
vibrations,1
truth,6
accompanied,1
traces,1
doing,6
society,4
books,7
thirteen,3
irritation,1
covenanted,1
differ,3
agriculture,2
wander,1
witness,1
populace,1
waters,16
incalculable,3
ignominious,1
embarrass,3
noncombatants,1
hasten,1
mainland,1
could,45
length,13
ratification,6
assumed,13
stimulate,1
dockyards,3
sacredly,3
scene,1
alleged,6
occurrences,2
legislative,48
ordering,1
system,50
expediency,10
painful,4
interests,58
vigorous,1
commandant,1
dissensions,2
devotion,8
collecting,2
false,7
reassuring,1
defending,2
clearly,14
necessities,1
documents,6
therewith,2
injunctions,2
disturbers,1
tyrannical,1
disavowal,1
reannexing,1
unerringly,1
stronger,3
enlist,3
perceiving,3
mechanical,1
wounded,2
subject-matter,1
fact,53
atmosphere,1
signally,1
terminate,4
disbanded,1
bring,5
inviolability,1
asylum,2
trivial,1
principal,6
pause,2
entangling,1
should,88
planted,2
secretaries,2
hope,17
exchanged,1
antagonism,1
familiar,1
prohibition,3
doubtful,6
defenseless,3
committees,1
denmark,14
taxes,2
summon,1
allegation,2
ohio,5
intervening,1
withstand,1
temporarily,8
frame,2
austrian,2
wealth,7
insulting,1
partisan,2
posse,1
injustice,2
derogatory,3
negotiated,3
seaboard,3
observable,1
invited,7
streams,1
irruptions,1
exalting,1
invites,1
adjusted,2
conclude,2
labor,14
implicate,1
attorney-general,1
compensating,1
waste,2
recurring,1
chastised,1
adopted,16
arrogated,1
gunpowder,1
expounded,1
spain,26
garrisons,2
expiration,3
discoveries,1
site,2
propensities,2
tenor,3
denial,1
juan,9
soundness,1
glaring,1
conflicting,6
columbia,7
wisest,1
upon,169
infinite,1
expand,2
off,3
forty-eight,1
command,6
drawing,1
lest,2
negligence,1
less,32
afflicted,2
generous,1
outlines,1
arrest,6
terminating,1
combine,1
exempt,12
increased,11
complicity,1
smithsonian,1
cruz,1
five,5
supervise,1
become,18
preclude,2
amendment,4
indications,3
liquidation,1
guaranty,3
underwent,1
immortal,1
ballot,1
recognition,5
contested,2
colonize,1
literally,1
avoid,4
does,24
passion,6
selecting,1
pressure,1
posterity,2
counties,1
stage,2
gained,2
laboring,1
merited,2
insufficient,2
concession,5
revise,2
cadet,1
letters,1
reasserted,1
cultivated,2
roads,12
mere,12
terminated,3
justifying,2
naturally,3
building,1
complacency,1
delivery,3
construction,46
disbursement,1
places,15
deficiency,4
shrunk,1
official,15
excitement,2
placed,11
monument,2
distribution,4
cordial,5
recognize,5
contribute,1
effected,3
usurpation,2
efficacy,1
variety,2
trials,3
lately,2
details,10
predominant,1
reckless,1
repeat,4
colonized,1
repeal,19
rule,23
pension,2
practicability,1
desirable,13
rapid,8
repress,3
integrity,14
votes,5
effectually,3
potomac,1
adverting,1
merchantmen,1
progression,1
delegate,8
triumph,1
jamaica,1
established,21
incompatible,6
unmingled,1
consequent,4
above,14
officially,1
kindred,1
richest,1
protection,24
pursuit,7
dyewoods,1
obtained,8
study,1
postpones,1
adopt,6
cogent,1
far-off,1
secure,16
highly,2
soever,1
total,9
devastation,3
plow,1
indians,13
negative,1
well-trained,1
insult,1
seriously,2
administering,1
separated,2
tolerated,1
ascribe,1
aware,3
separates,2
continual,1
tariff,3
word,4
err,1
permits,2
work,7
theories,2
era,1
already,26
piers,6
radiance,1
indicated,7
sixty-four,1
impair,1
indifferent,2
provide,18
morbid,1
boats,2
ordinary,12
beach,1
horror,1
grown,3
transforming,2
after,34
customs,3
lay,3
law,113
appreciate,1
green,1
order,25
office,13
devote,1
consent,8
satisfied,1
proportionate,2
japan,3
defrauded,1
production,2
valor,1
then,35
them,120
affected,3
safe,13
break,1
band,1
they,169
rocky,2
reasonably,2
l,2
reasonable,7
schemes,4
observance,6
sectionalism,1
forts,4
forty,1
vessels,21
fellowship,1
forth,9
forcible,3
lawless,7
depredating,1
standard,6
admits,1
disputes,2
forcibly,1
enlightened,3
certified,1
created,2
renew,4
incorporated,2
baltic,6
organize,4
render,9
railroads,7
another,32
implicated,1
navigator,1
unwelcomeness,1
protracted,1
approximately,1
compromise,5
observations,1
john,1
enhancing,1
happily,5
diversified,1
rejected,4
wasted,1
self-governing,2
mercy,2
monarchies,1
unmistakable,1
binds,1
powers,80
encumbered,1
respecting,3
manner,16
impelled,2
accompany,1
forced,3
strength,19
convenient,4
latter,16
subjects,18
quieted,1
forces,6
transmit,4
completed,2
indemnification,2
exercised,7
extending,5
involving,6
manifested,6
calculated,5
afuture,1
inferred,2
swamp,3
history--its,1
voting,1
sum,20
fitted,2
reserve,3
brief,6
religions,1
respectfully,3
enjoyed,5
alluded,1
guidance,1
recruitments,1
deepest,1
adequate,6
do,32
explorations,1
lightening,1
de,6
preferred,1
yielded,2
happiest,1
covering,1
suffrage,1
irregularities,5
implication,3
explanations,2
steam,5
secretary,38
erroneous,3
triumphed,2
observed,2
depends,3
discussions,2
discontents,1
away,5
afloat,1
calamity,3
unable,2
cooperation,8
contraband,7
drawn,4
disavowed,3
we,78
terms,19
confessedly,2
intelligent,2
overestimated,1
received,33
essentially,2
exceeds,4
negotiation,3
tone,2
seizure,3
advancement,11
tons,4
speak,7
gratitude,1
slaveholding,1
observing,1
sixty-seven,1
refurbished,1
duties,43
repelled,2
families,2
easy,11
attacked,1
concerning,8
excite,1
gracious,1
ordnance,4
east,3
thenceforth,1
reciprocal,10
aim,2
applies,3
aid,15
voice,8
mistake,1
uloa,1
postmaster-general,8
comparative,2
confirmed,2
descent,1
perform,2
convictions,9
independent,19
springing,2
evil,7
hand,9
palpable,2
prescribed,5
compared,4
kept,3
whereby,1
immaterial,1
humble,3
contact,1
the,6289
stringent,2
mingle,1
quoted,1
repose,5
adding,1
attemper,1
evidences,3
belongs,3
board,7
expelled,1
unmolested,1
unfounded,3
securities,1
sparse,1
security,33
perfectibility,1
productions,4
cede,1
participation,1
confer,4
milwaukee--the,1
post,3
theirs,1
months,6
hostilities,6
constituting,2
cherish,4
propagate,1
unexplored,2
battlefield,2
wasting,1
float,1
profession,1
bound,8
rendering,4
obligate,1
formidable,2
legislation,33
sovereign,13
fight,1
accordingly,5
way,31
was,275
war,67
diligence,1
becoming,1
sundry,2
ceded,9
true,16
republic--president,1
absent,1
injury,9
plymouth,1
anew,2
inquiring,2
mails,4
abstract,2
evidence,6
promised,1
face,4
physical,2
stake,1
reality,2
interested,6
holding,3
shrink,3
polity,2
abridgment,1
bestowed,1
interval,1
together,16
cohesion,1
loyal,1
reception,3
precedent,1
tribunals,2
consul,8
indicating,1
selection,1
grateful,2
devoted,4
certainly,4
producing,2
permanently,4
perversion,1
disapproved,1
division,2
seemingly,1
entries,3
feeble,2
aggressively,1
perceived,6
evaded,1
presented,21
ascertaining,1
upper,1
brave,1
regret,10
agitate,1
affiliation,1
cost,12
helpless,1
penetrated,1
appear,7
assistance,1
avowing,1
shared,1
commensurate,3
satisfy,1
efficacious,1
appears,6
change,18
sending,1
exemption,2
coerced,1
twenty-seven,1
trial,2
franklin,4
patriotic,13
country's,1
lighthouses,1
retired,3
marked,9
sincerely,1
sufferers,1
market,7
prove,5
subvert,1
territories,41
privateer,1
commissioner,4
commissioned,3
misconception,1
incidents,10
can,83
heart,2
expanding,1
supremacy,2
heard,2
fortunes,1
purity,3
exclude,6
clothing,2
occur,6
productive,1
fortunately,1
discussion,10
undivided,1
criterion,1
economy,5
armies,6
product,1
superintend,1
sacrifice,5
southern,13
unobtrusive,1
imputing,1
commit,1
remember,1
whenever,3
explicit,3
rather,9
progressively,1
indeed,7
displayed,1
consulting,1
affirms,2
ever-recurring,1
still,36
tending,2
acknowledge,1
vicinity,2
inflicted,5
forms,5
spacious,1
showered,1
emigrants,3
correspondence,6
kickapoo,1
half,3
not,372
now,71
provision,28
nor,32
enacted,8
unauthorized,4
january,4
drop,2
encroachmeats,1
entirely,17
consummated,1
el,1
domain,13
significantly,1
another's,1
directing,1
year,72
happen,3
avoided,1
irons,1
adduced,1
shown,5
accomplish,3
opened,13
space,1
increase,21
rational,1
receiving,2
shows,2
insular,2
defenses,1
intruding,1
advantages,11
taxed,1
obligation,5
marine,8
inevitable,8
care,5
selections,1
kingdoms,1
honest,2
invitation,1
thankfulness,2
promotion,6
profess,3
suffice,4
blind,1
striking,4
omitted,2
comprised,1
untrue,1
directly,10
impossible,6
message,18
size,1
checked,2
silent,1
caught,2
impracticability,1
tragic,1
proclaimed,3
exerted,5
unconstitutionality,1
mostly,1
that,776
taxation,3
expanse,1
appreciated,2
accordance,3
transferred,4
remained,7
insurrection,8
presque,1
recover,1
equipment,2
begin,1
oppressive,1
price,2
successive,11
america,57
destiny,1
forever,1
reform,2
steady,5
dispersed,1
duplication,1
fifty,3
tonnage,6
maine,2
fifth,1
ground,7
ratio,1
title,2
proclamation,7
proportion,2
assented,1
sloop,1
only,125
threefold,1
inventions,1
truly,1
fortifications,2
seldom,1
effectual,2
unsleeping,1
concert,1
ends,2
elected,9
namely,4
actively,3
concern,3
between,111
import,4
justified,4
notice,13
article,17
emigrant,1
attaches,1
pertain,1
enabling,1
reluctantly,1
impediments,1
moreover,1
informed,1
territorial,16
punished,2
dangers,10
pugets,2
systems,2
aggressions,1
restrictions,10
wounds,1
constantinople,1
external,2
vagueness,1
scrupulously,4
countless,1
developing,1
these,125
wealthiest,1
soil,13
self-devotion,1
commander,7
anxieties,1
embrace,3
commanded,2
multitudes,1
inquire,2
delusive,3
epoch,3
inquiry,4
noble,4
enjoyment,12
instigations,1
utterly,5
complained,2
charges,3
constitutional,60
severe,3
coordinate,2
charged,5
disbursing,1
transmitting,1
protectorship,4
valuable,6
civilized,4
touch,2
renewed,6
improvement,26
allude,1
treatment,1
disproportionate,2
overruling,1
real,3
frown,2
rules,1
discontinue,1
early,22
earnest,12
using,1
execution,19
annually,3
benefit,6
fully,19
animating,1
exposed,4
servile,3
exposes,1
zealously,1
pursuance,2
duration,2
enacting,1
passions,5
peremptorily,2
conservative,1
thereunto,1
assembly,29
business,15
strained,1
uncivilized,1
assemble,3
exciting,1
comparison,2
central,39
boldly,1
journey,1
greatly,6
testimony,1
invested,6
referred,13
navigability,5
sedulously,2
consequences--a,1
commodious,1
defraying,1
elementary,2
constitutional--that,1
shrinking,1
your,56
intervention,6
prepare,3
removing,3
exonerated,1
low,1
stars,1
self-constituting,1
assumes,1
delayed,2
dorado,1
trying,1
hire,1
fraud,4
louisiana,10
lawfully,2
tones,1
inflict,2
moved,1
sales,4
reliability,1
hospitals,2
bountys,1
administered,3
thither,3
trample,1
valid,1
you,33
forcing,1
surest,1
perils,1
endeavors,4
massachusetts,2
suited,1
tendencies,1
fiscal,24
requisition,1
restored,5
doubted,5
embracing,4
since,26
ceases,1
alleviation,1
month,4
ceased,9
thoughtful,3
violative,1
religious,2
pledged,1
safety,7
homes,3
very,26
indubitable,1
vera,1
decide,3
jos&eacute,1
securely,1
heaven,1
deficient,1
louis,1
prohibitions,1
nullity,2
savage,1
attributable,4
casual,2
conscience,2
darkness,1
emotions,2
certificates,2
learned,1
recruits,3
modify,1
excess,6
eventful,1
strong,7
interposed,2
colored,3
conviction,11
losses,3
soldier,3
amount,38
indirection,1
successors,3
tranquilly,2
family,1
requiring,9
tendered,1
aimed,1
trained,1
takes,2
revelation,1
contains,3
abstaining,1
ports--namely,1
taken,24
brunswick,1
excuse,1
commenced,8
impulse,2
mounted,1
pretense,1
suffered,3
weighed,2
offender,1
commerce--one,1
nebraska,10
spontaneous,2
history,20
four-fifths,1
phrase,4
firmly,2
ratified,2
foreseen,1
reject,3
vigilance,7
threat,1
rude,1
well-disciplined,1
derived,2
triumphs,1
invasion,4
compulsory,1
a,811
undergo,1
remnants,1
soon,12
held,14
committed,6
taxpayer,1
reluctance,1
teeming,2
actually,5
absence,6
disclosed,1
differed,2
founders,2
anticipated,14
departments--the,1
indefatigably,1
commodore,1
foot,1
erection,4
occasions,7
intervene,3
capability,1
predatory,3
heavy,3
restless,1
irreconcilably,2
enemy's,1
beyond,20
anarchy,1
unsurpassed,1
presumptuous,1
surrounded,3
meditating,1
testify,2
sustain,4
issue,7
appertaining,8
favored,2
houses,11
reason,33
dire,1
put,8
earliest,1
revolutionary,14
diffused,2
persists,1
terrible,1
cheering,2
american,36
corrupting,1
devolve,1
probability,1
sloops,1
inure,1
guaranteeing,1
sandusky,1
obedience,5
station,5
hundred,2
passed,16
authors,1
consonant,2
apprentice,2
scheme,2
kindly,2
imperiled,1
anticipate,2
toward,6
deciding,1
urgently,1
rights--in,1
substantial,3
concentration,1
null,4
lie,3
constructions,3
evasion,1
speculative,1
empowered,1
officers,36
cargoes,4
comprehended,3
argument's,1
experienced,2
frauds,3
approves,1
exempted,3
isthmus--would,1
plunder,4
position,19
approved,4
clear,7
ineradicably,1
unreasonable,1
convention--the,1
begets,1
completion,8
northern,16
justice,16
assertion,4
surveyed,4
meanwhile,5
imparted,2
feels,1
pretending,2
combinations,8
during,37
exhibiting,1
sacrificed,2
adhering,2
withdrawal,3
patriotism,9
throwing,1
plausible,1
close,12
constellation,1
probable,5
tolls,4
probably,5
conditions,9
years',1
intending,1
abruptly,1
league,2
forgotten,1
battery,1
whatever,19
jure,1
unfolded,1
aggressors,2
vessel,4
described,1
inadmissible,2
exert,3
maintenance,11
collected,1
threaten,2
territory,145
partly,4
self-organized,1
propositions,2
else,1
lives,6
arduousness,1
look,6
governor,23
pace,2
while,53
confederacy,7
endanger,2
animated,1
voters,3
overlooked,1
ready,7
riotous,1
grant,8
belong,7
repudiated,1
discredit,1
madly,1
modification,5
repudiates,1
conflict,4
used,7
temporary,10
uses,2
herewith,8
older,1
underlies,1
obviously,2
grossly,1
abstain,3
settlements,7
confiscation,2
quarters,8
marque,1
inlets,2
elect,2
retirement,1
$,87
possessory,2
wounding,1
guaranteed,5
exercising,4
questioned,3
harmonize,1
remaining,8
march,14
capacities,1
dominions,1
marcy,2
overthrown,1
excluding,3
submission,2
signal,3
resorted,4
manifest,4
popular,11
fathers,10
creation,4
some,77
urgent,4
propositions--that,1
shipwrecks,1
delivered,1
exceeding,4
providence,6
civilization,1
inconvenience,1
run,3
lakes,9
colonization,5
step,6
abroad,9
troops,19
faith,22
bureaus,1
tracing,1
silence,2
disclosure,2
within,80
dissatisfaction,1
placing,1
emporium,2
heritage,1
manufacture,1
uncomplaining,1
himself,14
peru,2
duly,12
specialty,1
reiterated,2
properly,5
authority,56
politic,1
accustomed,1
heterogeneous,1
similar,9
ordered,5
unwise,4
federative,1
liberalize,1
objection,9
prerogative,2
fears,1
application,8
department,20
nay,2
draw,3
kansas,36
pretended,3
regulations,4
oregon,5
smiled,1
reservation,2
structure,1
independently,6
indissoluble,1
required,21
infringing,2
requires,10
cheerful,1
proposition,23
go,6
compact,15
excludes,1
militia--may,1
excluded,6
friendly,17
schooner,2
prudence,2
rebuked,2
frigates,2
yourselves,1
extraneous--the,1
barbary,2
positions,1
inflexible,1
enforce,6
facilitating,2
punishing,1
encroachment,4
ardent,1
auspices,1
sophists,1
guaranties,2
experiment,3
prescribe,2
umpirage,1
following,7
canals,7
enterprising,1
convert,1
withdrawing,1
referable,1
repel,4
products,4
indiscriminate,2
commendable,1
examining,2
danger,10
well-disposed,1
manage,1
thirty-one,3
addressed,2
infest,1
announced,5
blockaded,1
remains,17
adequacy,1
blockades,1
means,64
formally,1
becomes,3
missile,1
rivalry,1
appointed,9
announcing,1
lapse,1
crossed,1
servants,1
vexatious,1
meet,14
conformity,2
control,9
links,1
escaped,2
inviolate,1
sought,12
skirt,1
hesitate,1
africans,1
arrangement,21
enactments,4
located,9
sentiments,9
frontiers,2
misdirected,1
sardinia,1
consecrated,1
advocates,2
alienation,1
least,14
rebellious,1
including,16
cruise,1
mentioned,1
subversive,2
exclusion,3
thence,1
masses,3
hands,11
front,1
masters,1
entitling,1
adjournment,5
magnitude,15
mode,4
upward,4
showering,1
division--forts,1
globe,2
pursuits,3
constitute,7
measure,22
special,25
gallant,1
confess,1
unlawful,5
depreciating,1
cause,15
that--,1
recommendations,7
humiliating,1
delegates,1
attending,2
completely,2
delegated,3
resumed,2
hostile,13
determining,2
route,10
diminished,1
keep,2
mankind,3
prospective,4
possessing,3
powerful,6
improving,3
seasonable,1
quality,2
management,1
revealed,2
unequivocal,2
avowed,4
occupancy,1
attach,2
attack,7
perfectly,3
belligerents,3
final,5
prone,2
punish,3
exactly,1
manifestation,2
overwhelming,1
comity,2
submitted,16
providing,11
insignificance,1
distinguished,5
exhibit,4
enforced,2
thwarted,1
unchanged,1
ordinarily,1
thereto,2
need,5
constrained,3
assurances,2
pursued,3
able,5
ably,1
instance,5
amity,7
intentions,3
connected,8
intrinsic,2
consequences,8
undeniable,4
proceedings,3
constrain,1
affair,1
emerging,1
reprehensible,3
violation,13
well-being,3
soldiers,4
based,2
hopeful,1
rash,1
reorganizing,1
inherited,1
attained,4
employed,16
achieve,1
michigan,1
maritime,23
legitimate,14
magistrate,3
evident,2
overflowing,1
dangerous,7
solicitous,2
unfrequently,1
fictitious,1
usefulness,2
desperate,1
humane,1
tend,4
written,1
allotted,1
neither,13
prevailing,1
sole,3
constituted,13
importance,20
interfere,4
spared,1
approval,5
problem,2
undetermined,2
diligent,1
career,5
minds,6
admit,6
jetties,1
greytown,7
estimation,2
fatality,1
bearing,3
aprofound,1
accomplishing,2
tort,1
addition,5
discrimination,5
cent,1
outlaws,1
immense,2
treat,2
uplifted,1
battlements,1
senses,1
corresponding,5
both,39
expenditure,15
ours,7
harden,1
soundest,1
resident,1
examined,2
wreck,1
capture,3
calamitous,1
strange,1
northwest,3
incumbent,5
party,12
reactionary,1
rightfully,3
absorb,1
effect,44
privations,1
irrepealable,1
frequently,1
destruction,5
scarcely,4
transaction,6
reflection,5
i,185
obstacles,7
well,47
restore,1
chimerical,1
accurate,2
sources,10
marauding,2
distant,5
skill,4
patricio,1
imparts,1
deposits,1
extends,2
warrant,4
indignation,1
definitive,1
fate,1
devised,4
utah,4
acceding,1
burden,7
immediately,6
amply,1
prominent,2
loss,6
necessary,35
lost,2
payments,9
martin,1
regardless,4
therein,14
shed,2
motive,3
redress,16
home,11
proofs,1
monday,2
broad,6
objected,3
salubrity,1
demonstrated,1
limitations,5
reaching,3
monetary,1
expansion,5
imperfectly,2
prohibited,2
refuge,2
indented,1
freedom,19
consciousness,4
recognized,7
compatible,3
dominion,4
recognizes,2
persuaded,1
equally,20
contending,3
enacts,2
previously,7
washington,18
relinquishment,1
utility,4
doubtless,3
mississippi,11
rejoice,1
additional,17
recruited,1
north,28
norte,4
neutral,10
courts,5
highest,7
he,57
signed,2
carriage,1
limit,3
display,1
plenipotentiaries,2
devise,4
universal,5
post-roads,2
erie,1
functions,12
rumors,2
contest,1
offensive,2
disposing,2
expositions,1
liberal,6
stay,1
animosity,1
empowers,1
appoint,4
pestilence,2
persistent,1
portion,22
determination,9
indirectly,2
aided,3
secondly,2
dissolution,2
obstruction,6
protest,2
perverted,1
captain,2
whose,15
tehuantepec,4
contained,8
presents,4
bays,3
teaching,1
void,1
railways,4
connects,1
compacts,3
reforms,2
affect,2
courageous,2
vast,21
clothed,2
companies,3
solution,2
extinguishment,1
deplorable,1
force,58
across,17
likely,4
subordinate,2
even,26
prisons,1
desirous,2
panama,15
asia,5
ingraham,1
lights,4
new,74
net,1
ever,11
harbors,14
deemed,14
never,24
disposable,1
met,7
governing,1
systematized,1
active,8
ascribing,1
rests,5
usurpations,1
permit,5
adopting,2
suitable,8
campaign,1
county,1
moral,14
criminals,1
army,29
arms,11
call,15
calm,4
recommend,12
survive,1
wars,6
post-office,3
disruption,2
frenzy,1
inhabited,1
room,1
rights,91
interposition,8
superstructure,1
suggestive,2
newfoundland,1
give,23
assent,7
involve,3
surveyor,1
advancing,3
elicited,1
officiously,1
amazing,2
answer,4
construe,1
minority,1
indignity,1
vicious,1
long-continued,2
president,31
purchase,9
attempt,13
overtaken,1
maintain,23
inhabitant,1
operations,13
cession,7
fortify,1
shipbuilders,1
before,33
chihuahua,1
shawnee,5
personal,13
dockyard,1
better,7
enlisted,2
confidently,8
weakness,4
sleepless,1
arrested,3
disputed,2
went,3
piratical,1
side,9
instrumentality,1
afforded,11
calmly,1
successively,1
durability,2
principles,27
navy,26
clauses,2
thoroughfares,2
merchants,3
restricted,4
undeserved,1
surprise,2
assaults,2
resume,2
bestow,1
struggle,6
messages,2
signature,2
features,1
grade,2
thereof,11
peculiarity,2
plurality,1
guadalupe,5
neutralization,1
recruiting,2
union--its,1
solemnly,4
convene,1
intermeddle,1
somewhat,2
requisite,10
peculiar,11
begins,2
enabled,3
preparation,4
matter,23
deserving,1
wielded,1
enables,1
usages,1
sees,1
modern,4
mind,12
industrious,1
seen,8
seem,11
mint,1
expeditions,6
fitting,1
regular,8
affirmatively,1
exonerate,1
observation,2
alarm,1
deliberate,7
points,6
principle,36
urgency,1
discontent,1
amending,2
retire,2
ending,8
implying,1
attempts,7
liberty,16
judges,2
resisting,1
debts,1
judged,1
exports,1
rejoicing,1
stop,2
perceive,10
convulsed,1
coast,19
comply,3
traverses,1
fields,1
bay,9
bad,2
traversed,1
architecture,1
abodes,1
attest,2
unworthy,1
reference,10
decided,3
interruptions,1
subject,111
brazil,4
said,10
artificial,3
warrior,2
arrogating,1
suggested,5
uncertainty,3
against,57
distinction,7
appeared,6
incessant,1
springs,1
apprehended,2
paralyze,1
proceeded,10
recur,2
basis,5
three,7
erect,3
particulars,2
commission,9
interest,50
entered,15
occupies,1
prosperous,5
suppress,3
government,285
personally,1
regretted,1
harshness,1
exception,4
spontaneously,1
defense--a,1
near,8
suppose,6
imperatively,3
balance,13
settler,1
mexico,31
envoy,1
is,471
it,676
defeated,2
in,1367
disappear,1
if,117
extraditions,1
waging,1
make,32
colonies,9
showing,2
entitled,17
condemnation,4
governors,2
declaring,3
declarative,1
supposing,2
jealous,1
opportunity,11
thoughts,2
settled,8
failing,1
approbation,3
materials,2
qualities,2
claims,15
left,17
facto,4
just,22
sentence,1
sequestration,1
assigned,5
human,15
facts,7
yet,35
buyers,1
pecuniary,1
regarded,27
character,51
magistrates,2
defray,1
save,5
designate,2
involuntary,1
wanting,1
feelings,1
reconsidering,1
shoulder,2
dignity,3
performing,3
manual,1
unnecessary,6
cowardice,1
deal,1
dead,1
dear,1
strife,4
undisturbed,2
notification,1
dispelled,1
beget,1
bold,1
islands,8
marshal,1
formerly,2
amounted,15
down,1
lies,2
doctrine,6
preemption,1
initial,1
victorious,1
factions,2
form,17
failure,4
powerfully,1
surrender,7
atrocities,1
fort,4
continuance,6
emboldened,1
attached,6
bounds,1
stages,1
exerting,2
inchoate,4
judicial--is,1
one-third,1
sale,3
ship,4
fraternal,3
discriminate,2
locality,1
generally,8
answerable,1
molested,1
faction,2
felt,3
insurrections,1
authorities,23
died,1
apology,1
assume,8
daily,1
pertinaciously,1
profits,1
relieve,7
souls,1
mild,1
abundant,6
anticipation,3
depend,5
disorders,3
father,2
answered,1
finally,2
marks,1
sovereignty,16
abundance,1
tends,1
defying,1
advised,2
whensoever,1
governments,40
twenty-one,1
did,24
bright,1
item,1
inconsiderately,1
wherefore,1
bombardment,1
advocacy,1
adds,1
reunite,1
annals,1
international,18
unrestricted,1
filled,2
transportation,11
availed,1
french,8
ingenuous,1
signalized,1
wait,1
box,1
spheres,1
simultaneous,1
suggestion,2
priceless,1
conveniently,1
hither,1
useful,6
merely,16
conformably,1
sake,1
visit,3
france,17
calumniating,1
sharing,1
acceptable,1
rigid,3
effort,3
capturing,1
avoiding,1
growing,4
making,20
dispute,2
claim,18
uruguay,1
agent,3
pointedly,1
council,3
hungarian,1
strikingly,1
till,1
pathway,1
may,134
designed,4
destructive,1
man,4
aimless,1
unmindful,3
inhabitants,28
deposit,2
african,1
gradual,3
stability,2
group,1
interesting,5
cyane,5
policy,47
mail,11
deducting,1
main,3
texas,9
views,27
impulses,2
sooner,1
touching,2
aspirations,1
killed,1
developments,2
possess,8
feverish,1
seacoast,1
rock,1
conventions,4
requesting,1
canada,2
jackson,4
interference,19
nominal,3
imperative,4
emerged,1
actuated,1
assurance,5
earlier,2
mercantile,2
california,10
forbids,1
language,12
thing,4
think,6
frequent,4
first,44
lone,1
americans,2
fast,3
suspended,2
carry,7
discharged,5
interchange,1
little,9
anyone,1
plains,2
participated,2
speaking,1
bloodshed,1
eyes,3
continuous,2
seat,18
undoubtedly,4
illegality,3
framers,3
protected,5
venture,1
were,123
gathering,1
seal,2
counteraction,1
dash,1
spectacle,2
occupied,7
efficient,9
shocked,1
endangered,3
potential,1
interior,10
performance,3
channel,4
trace,2
track,1
paid,14
assault,1
tract,2
complaints,2
conspicuous,4
husbandmen,1
massacred,1
especially,23
surprising,1
diversity,1
pernicious,1
deportment,1
precise,2
show,8
accession,6
supposition,1
elevate,1
arrears,1
treasure,3
enough,5
impunity,3
black,3
treasury,37
enthusiasm,1
exaggeration,1
get,1
contracts,3
designated,4
nearly,19
distinctly,2
desirableness,1
secondary,4
bearings,3
yield,2
summary,1
miles,9
communicated,7
declared,7
seas,9
stipulation,3
relative,9
declares,4
misconduct,2
rigidly,1
land--it,1
boundaries,2
behind,2
enumerated,8
ensued--that,1
checks,2
august,4
parent,1
legitimacy,2
countenance,2
nationality,2
dedicate,1
disappointment,2
cognizance,2
guardians,1
among,32
maintained,14
grants,15
cancel,1
importunate,1
perpetuating,1
writing,1
custody,2
considering,7
sensible,2
arts,3
capable,6
fellow-citizens,9
constituencies,1
borders,1
offered,1
declaration,8
those,104
sound,22
antipathies,1
many,45
awakened,3
eventually,1
characteristics,1
sincere,4
according,16
sudden,2
wisely,2
movements,4
different,19
pay,9
same,90
authentication,1
speech,1
deference,2
struggling,2
dated,1
extended,9
running,2
totally,2
largely,6
substantive,2
admonishing,1
convened,1
consisted,2
money,8
aspect,2
arbitrament,1
statesmen,6
sprang,2
extensive,5
admitting,3
mob,1
railroad,14
aiming,1
disappointed,1
adams,1
serves,1
either,47
served,5
voluntarily,2
passionate,2
pronounce,3
slavery,2
specified,2
organizing,5
gross,7
confirm,5
colonial,3
footing,4
extensively,1
expressing,1
husbandman,1
ratifications,3
profusely,1
unusual,1
broken,2
despicable,1
refers,2
manufactures,3
conducting,2
island,8
violence,21
meaning,3
practical,17
mixed,1
provisional,4
road,7
quietly,1
superintending,2
beacons,10
aggrandizement,2
one-fifth,1
acquiesced,5
distracted,3
decisive,1
supposable,1
unsettled,6
arranged,1
practically,5
eschew,1
affection,2
deliberation,1
deep,3
general,109
imagination,1
examine,1
deem,7
file,1
fill,1
again,16
amendments,1
intended--the,1
retiring,1
field,21
self-reliance,1
fruitless,1
shelter,2
important,36
marshes,1
prudent,4
conclusive,1
havana,3
subdivision,4
casts,1
countermovements,1
resolution,6
represent,1
needful,6
forget,1
forbidden,2
founded,4
sunk,1
cooperative,1
expressions,4
behooves,1
children,3
inexhaustible,1
preserved,2
tranquillity,12
premium,3
returning,2
fall,2
difference,5
trustful,1
applicable,4
economically,1
neighborhood,2
withheld,4
further,16
appreciating,3
residue,1
stood,4
contumaciously,1
tribute,4
public,174
movement,5
outgoing,2
promising,1
nation's,2
beacon,4
disastrous,3
unheeded,1
depots,1
search,1
stretching,1
whereupon,1
narrow,4
authorize,3
transit,24
africa,1
sanction,6
establish,8
legislator,1
readily,4
eye,2
distinct,6
codify,1
destination,1
two,53
cultivation,1
restraints,1
scotia,1
admissions,1
landed,1
particular,28
town,7
none,9
hour,4
recall,1
guards,3
remain,9
del,4
abandon,4
bravely,1
share,1
sphere,1
minimum,1
attain,3
purchased,7
intimating,1
maturing,1
needs,1
abjured,1
turnpikes,1
acts,54
amistad,1
commercial,32
sacred,7
mutable,1
advice,1
interpose,3
blood,6
coming,1
entry,5
unreservedly,1
felicity,1
responsibility,10
infant,1
rounded,2
heartfelt,1
appeals,3
through,38
existence,10
suffer,2
arrogant,1
assailable,1
possessions,13
energies,2
bosom,3
late,8
resentments,1
good,44
seeking,1
noticing,1
prejudices,1
encouraging,1
obeyed,1
walls,1
declamatory,1
intermeddling,3
detach,1
association,4
impliedly,2
easily,1
habits,2
ports,12
house,23
fish,4
idea,12
engaging,1
countrymen,5
connect,2
seniority,1
marshaling,1
perry,1
quincy,1
projected,2
acting,3
illustrate,1
lawrence,1
enforcing,2
difficulty,6
members,16
beginning,4
benefits,8
needing,1
conducted,7
embraces,3
disregarded,6
unreasoning,1
instances,10
done,15
embraced,2
wages,1
twenty,3
jetty,1
construct,8
obligatory,3
regulation,4
assumption,5
statement,3
rates,4
favorably,2
part,89
favorable,16
obstructed,1
believe,15
carnage,1
reenlist,1
contrary,14
supposed,13
treated,4
declare,8
disunion,4
notwithstanding,10
self-sacrificing,1
orders,1
paths,1
fanatical,3
depending,1
majority,3
build,2
deepening,2
clangor,1
province,2
conspicuously,1
most,82
significant,4
services,5
engagements,5
extremely,1
faithless,1
reflections,1
weigh,1
comitatus,1
particularly,3
disturbances,4
obligations,27
noblest,1
sanctity,2
relation,35
carefully,4
fine,1
find,12
unhappy,2
coequal,2
permission,2
express,25
courage,3
judiciously,2
merchandise,2
unwarrantable,1
remove,9
common,38
wrongfully,1
opposing,1
tended,1
scenes,4
individual,17
manly,1
surrendered,3
materially,2
seventy-seventh,1
feared,1
repairs,1
visiting,1
superseded,1
toledo,1
dividends,1
complement,1
appropriations,43
solely,1
annual,11
foreign,75
point,18
prosecuting,1
ravages,1
asserted,6
ravaged,1
raise,9
create,2
faithfully,4
meeting,3
undiminished,3
understand,2
realms,1
resisted,9
judicial--yet,1
pierce,4
strictest,2
solid,3
bill,13
tolerate,1
elections,13
deferred,1
consular,1
vaults,1
elucidation,1
impracticable,2
century,5
cents,1
violently,2
encountered,4
itself,29
confining,3
arenas,5
monroe,1
unaffected,1
dishonor,1
wherein,1
nonoccupation,1
development,5
contravene,1
delinquencies,1
moment,3
appreciable,1
aggregate,9
timid,1
predecessors,4
task,7
salvation,1
appertain,1
withdraw,2
toil,1
organization,36
prevention,1
preference,3
vindictive,1
guano,1
shape,2
openly,1
alternative,2
injuries,7
discipline,6
cut,3
court-martial,1
alternate,1
source,7
deliberately,1
administrative,2
excited,4
matters,9
foreigners,5
follows,1
austria,6
indication,2
scrip,3
often,4
absolutely,6
magnificent,2
back,4
nicaragua,36
ourselves,2
pronounced,2
scale,4
affects,1
decision,3
though,13
per,3
connecting,3
exorbitancy,1
invade,1
remembered,4
peculiarly,3
virtues,1
restrictive,3
chargeable,2
defrayed,3
constrains,1
goods,3
conciliatory,1
consequently,3
abusive,1
completest,1
framed,5
neutrality,11
proportional,1
steamboats,4
controverted,2
grave,5
forward,5
invite,6
adjusting,2
hoped,8
boys,1
hopes,9
directed,5
inestimable,1
repulse,1
constant,7
expedition,6
stripped,1
deprive,4
single,5
cure,1
prevail,2
composing,1
dimmed,1
insurrectionary,3
statutes,2
calmness,1
confine,2
accidental,1
prepared,6
restoration,2
fervently,1
ariadne,1
statesman,2
implies,2
stakage,1
speculations,1
concernment,1
ascertained,4
implied,5
graves,1
graver,1
enjoined,2
preeminently,1
maryland,1
fatal,2
assay,1
putting,1
arrange,1
severely,1
respectful,1
hereinabove,1
shock,2
rivers,20
substituting,1
contingent,2
doctrines,1
confided,1
giving,3
inconveniences,2
access,5
irreparable,1
exercise,37
exactingly,1
justification,6
exchange,3
objects,46
sink,1
others,30
preamble,2
imperfections,1
extreme,6
leavenworth,3
later,4
honor,14
composed,6
named,1
presidents,2
private,34
extravagance,3
beckon,1
lima,1
reciprocity,2
themselves,45
assailed,1
apprentices,1
emigration,2
transient,1
account,16
subject--that,1
obvious,15
admiralty,2
reserved,9
proportions,2
infantry,2
fulfillment,2
varied,4
democracy,1
holds,2
regions,6
responsibilities,4
attachment,4
furnace,1
meditated,1
stock,1
buildings,8
bountifully,1
annexed,1
collection,1
nullify,2
legality,2
incompetency,1
bind,1
lines,2
guatemala,1
chief,7
subsequently,9
furnish,6
justifiable,1
seventy-eighth,2
lands,19
circumscribed,1
agricultural,5
galaxy,1
bridges,1
revived,2
la,1
casuists,1
arrangements,4
whereof,1
acres,31
resorting,1
willing,1
criminal,2
extradition,5
greater,12
descendants,1
dam,1
insisting,1
day,24
february,5
warned,1
radiant,2
disregard,8
burdened,1
empires,1
defend,2
wholly,14
invective,1
postpone,1
affirming,1
thereupon,4
fourteen,1
ask,5
deprived,3
allied,2
qualification,4
barriers,1
retain,5
facilitate,2
south,20
fast-spreading,1
reaches,2
embarrassed,2
improvements,38
reached,5
covenants,1
ancient,2
establishments,3
lamentable,1
acquiescence,6
georgetown,2
explanation,2
self-sustaining,1
negro,1
vouchsafed,1
reaffirm,1
detection,3
compensation,5
tenements,1
visited,3
abolished,3
deterred,2
tide,4
have,346
dictate,2
apparently,3
continents,1
cyane's,1
gravity,1
concerns,5
provoked,1
savages,3
unless,11
procure,5
eight,1
prisoner,1
payment,10
gather,2
request,3
disease,3
artificially,1
rendezvous,1
occasion,35
recess,1
staff,5
knowledge,4
concurred,2
revolution--it,1
inferior,1
regularly,1
bear,1
accrue,2
exportation,1
calling,3
fixed,4
conform,3
omission,1
constructing,1
exists,13
national,39
accord,2
enhanced,2
greece,1
them--that,1
watchfulness,3
precedents,1
attempting,1
clearing,1
difficulties,19
progress,30
boundary,6
reproduced,1
sorrow,3
monarchy,1
deliver,3
calamitously,1
firmness,1
instant,1
revoked,1
freely,2
taking,4
equal,17
attributed,1
fulfilled,2
assure,6
insidious,1
passing,16
glorious,1
otherwise,14
inflammatory,1
invasive,1
commend,9
manhood,1
proposal,1
define,1
stationed,1
foes,2
climate,5
assert,8
fellow,1
arisen,10
volunteer,3
divisions,2
plain,1
appearance,2
value,14
advisable,2
almost,11
dissent,1
delusion,1
respected,7
commending,1
claimed,7
bloodless,1
well-constituted,2
privateers,5
untoward,1
landmarks,1
administration,28
infer,1
injured,2
practice,8
consul-general,1
judgment,17
francisco,3
insure,5
recourse,2
rapine,3
nevertheless,8
chastisement,2
thought,3
exceedingly,1
redeemable,2
comparisons,1
arising,2
usual,4
peacefully,2
ratify,1
proximity,3
executive,27
domestic,48
protecting,4
absorption,1
onward,1
lake,4
add,7
franking,1
citizen,9
ought,9
resolved,3
elapsed,2
resolves,1
insert,1
like,29
inviting,2
admitted,20
heed,1
works,37
accessible,3
disorganizers,1
hail,1
legislated,2
recommendation,6
proper,26
halifax,1
happens,1
hurricane,1
discretion,10
economical,6
assuming,4
slight,4
although,22
worthy,7
retribution,1
inconsiderate,1
about,8
actual,10
blessings,7
tomb,1
introduced,1
condemned,2
baseless,1
injuriously,1
rendered,8
preexisting,3
guard,6
wheresoever,1
inasmuch,2
enchantment,1
sequel,3
but,260
repeated,4
remote,10
aggravated,1
wise,14
princes,1
wish,1
j,1
supreme,7
periods,3
relates,2
paraguay,2
admonitory,2
proceeds,1
claiming,5
detail,2
oar,1
stimulant,1
uttermost,1
enlargement,2
augmentation,7
transatlantic,4
bulwark,1
starting,1
augmented,6
limited,12
comparatively,6
facilities,9
assembled,1
violate,2
paris,8
whatsoever,4
under,95
pride,2
merchant,2
applied,15
dispense,2
rise,1
every,38
gratification,2
vastly,1
encounter,1
school,1
publicly,1
conceive,2
admissible,1
remoteness,2
guiding,1
enjoy,7
leaders,1
infancy,1
construed,3
consistent,6
estimates,3
direct,10
persuade,1
estimated,5
construes,1
solemn,6
selected,3
supplied,2
mischievous,3
conduct,16
supplies,2
evanescent,2
hundreds,1
represented,3
path,6
property,51
leaves,1
abolition,2
stipulated,4
changes,8
punishment,5
meriting,1
perpetuated,1
erected,3
would,129
distributing,2
slaughtered,1
acceded,4
equipments,2
ardently,1
adjourn,1
casualties,1
supplemental,1
must,46
me,53
philanthropic,1
entertained,8
mr,1
my,103
estate,1
florida,4
preserving,2
times,8
attract,1
guarantee,2
legislate,2
end,13
peculation,1
sitting,1
regaining,1
accusations,1
widespread,4
description,2
mouths,2
demanding,1
parallel,2
amid,1
acknowledged,4
unpunished,1
complexity,1
ultimate,2
enter,12
preventive,1
reforming,1
executed,7
interpretation,1
prussia,2
over,56
balize,6
london,6
blockades--there,1
fealty,2
expectations,1
exhibits,3
comprehend,1
destroyed,4
iowa,2
prevented,7
reenactment,1
hitherto,9
each,48
lasting,2
consolidate,2
mahogany,1
combining,1
fraught,2
god,5
laid,4
unabashed,1
newly,2
independence,12
perception,2
eternal,1
free,37
aforesaid,1
formation,5
clandestinely,1
correctness,1
days,3
labored,1
hopeless,2
cooperating,1
industrial,4
primary,8
rank,2
bombard,1
relations,54
ton,1
too,8
inconvenient,1
consented,2
reparation,6
murder,3
serve,5
took,8
negotiating,1
incur,1
western,3
frankly,1
classes,4
flame,1
regulate,6
relatively,2
steamboat,1
thorough,1
investment,1
localities,2
effectiveness,2
propitious,1
incapable,3
capitalization,1
infliction,1
visionary,1
coin,1
glow,1
devastating,1
flow,2
treaty,66
orderly,1
enterprise,21
whomsoever,1
entertaining,3
levying,1
reorganize,1
arrayed,1
earth,6
spite,1
delays,1
commence,1
hudsons,3
announce,4
hostility,6
watch,1
amazon,3
report,26
considerate,2
changesince,1
countries,15
twice,1
ruins,1
above-mentioned,3
presuming,1
swept,1
wrest,1
resist,3
corrupt,1
disturbing,5
accede,2
capacity,11
temptation,3
propulsion,1
continually,2
approach,1
confusion,1
weak,1
however,28
improve,1
protect,8
irregular,1
fault,1
inconsiderable,4
indoctrinating,1
expense,7
self-respect,1
agitators,6
dockyards--is,1
comprehension,1
majestic,1
trust,16
conference,5
been,289
spread,2
expected,9
captives,1
affixed,1
enterprises,7
majesty's,2
sundered,1
palladium,1
deliberations,3
apprehension,7
inviolable,1
procedure,1
oswego,1
expenses,6
exterior,1
garay,1
containing,2
suggest,13
sovereignties,2
overstep,1
complex,1
several,38
numerical,1
action,46
insisted,1
embarrassments,6
possessed,6
ocean,14
impediment,1
greatest,5
detained,2
mother,1
hearts,3
alabama,1
leagues,1
assembling,1
departed,1
proposed,31
proposes,2
transporting,1
depart,1
forfeiture,1
court-houses,1
pointing,1
humanity,2
gave,4
submissive,1
bands,3
so-called,1
judge,7
authorship,1
advanced,1
apart,1
appearing,5
zeal,6
specific,13
offices,4
officer,8
arbitrary,3
successfully,6
election,11
escape,4
indirect,3
perfected,1
proceeding,1
armed,11
everything,4
subordination,1
mosquito,7
institutions--the,1
permitted,3
limitation,4
census,3
attacks,2
trustworthy,1
steadily,8
efforts,13
primitive,1
presence,5
civil,23
obtaining,3
laborers,1
existed,10
rely,1
attainments,1
indispensable,6
sicilies,2
class,21
virgin,1
indispensably,1
questionable,2
head,2
attempted,5
heal,1
differences,4
payable,1
satisfactorily,4
sustained,3
removed,5
admiration,1
portions,5
submitting,1
penal,1
peruvian,1
annoying,2
precautions,1
constructed,8
faithful,2
no,141
imputable,1
whereas,4
when,61
setting,1
papers,5
tie,2
vanished,1
depot,1
unembarrassed,1
permitting,4
preceding,8
uniformly,3
miscellaneous,1
discharge,10
longer,4
vigorously,2
apprehensions,1
withhold,1
longed,1
remarked,2
serious,19
undoubted,4
neighbors,2
remarkable,3
leads,3
discern,1
prejudicial,1
contemplating,1
passage,1
charge,9
promoting,2
advantage,12
denounced,1
impressive,2
level,1
decennial,1
standards,1
inauspicious,1
science,4
accumulation,1
says,2
obsolete,1
inland,1
invaded,2
port,7
substitute,4
constitution,116
deluded,1
goes,2
reply,4
amounting,7
water,10
attainment,2
entertain,3
crippled,1
supplying,2
necessity--of,1
demolishing,1
thirty,4
healthy,2
guilty,5
law-abiding,1
abounded,1
navigation,36
paralyzed,1
crisis,2
point--if,1
stated,6
athens,1
wrongs,7
upheld,1
riot,1
neglected,1
cases,18
tribunal,2
unrepealed,2
collision,3
local,34
modified,3
districts,4
ferry,1
numbers,3
interterritorial,1
unarmed,1
performed,11
provoke,2
parliamentary,2
requirements,2
inheritance,1
secured,3
eloquent,1
vital,4
cardinal,1
fourth,1
speaks,1
levy,3
paramount,2
impartial,4
representations,1
eighth,3
branches,14
succeeded,5
enemies',1
inform,2
representation,2
refund,1
exclusive,9
self-extending,1
considerations,22
constituents,1
mainly,6
furnishes,2
pervade,1
happened,3
qualifies,1
warranted,1
qualified,2
endeavored,1
above-estimated,1
execute,4
equality,7
name,5
imprescriptible,1
levees,1
importation,2
individually,2
pillaged,1
populated,1
begun,1
self-government,11
plans,6
concur,3
intercourse,26
she,13
attended,8
theory,7
dispatched,4
unfriendly,2
skillfully,1
impose,7
unpaid,2
place,44
impost,2
view,29
discontinued,2
origin,7
suspend,2
surviving,1
revenue,27
accorded,1
commissioners,2
unattainable,1
cheerfully,1
surveys,5
necessarily,3
district,15
europe,31
returns,5
convention,40
legally,2
white,4
gives,1
releases,1
season,4
men's,1
debility,1
released,3
imputations,3
operates,1
holder,1
intrinsically,1
population,22
wide,2
unfortunately,5
require,24
diplomatic,8
oath,3
and,2212
any,182
prosperity,20
ideas,3
sciences,1
urge,2
sure,3
invasions,2
clearer,1
falls,2
vitality,2
precludes,1
annum,1
considered,10
proud,1
unwisely,1
quantity,6
perpetrated,4
pursuant,3
trot,1
gulf,2
favor,8
state,116
crime,1
explicitly,1
believing,2
partake,1
expectation,2
enumerations,2
regarding,11
discussing,1
imposing,6
violated,2
labors,2
professed,1
encouraged,4
squandering,1
invoked,2
voluntary,2
federal,33
subsequent,7
review,4
definite,2
outside,1
perpetuity,1
arrival,1
multiplied,2
originated,4
fearless,2
inseparable,3
densely,1
cities,10
come,5
isthmus,29
postage,3
reaction,1
acquiring,1
efficiency,7
region,4
termed,1
quiet,2
contract,9
propagation,1
railway,5
duty,49
provocation,1
colony,4
period,41
insist,2
satisfaction,11
endeavor,6
polk,1
turkey,3
forbearing,1
fury,1
fresh-water,1
peaceful,15
hardly,11
direction,8
blessing,1
minister,23
careful,11
spirit,26
case,29
myself,2
limits,24
self-constitution,1
unsatisfactory,2
trackless,1
revolutions,3
granted,10
reminded,1
check,2
bermuda,1
agitated,3
frequented,1
events,10
example--legal,1
refusal,5
driven,2
persons,49
conductors,1
arose,6
changing,1
relies,1
modes,1
without,71
relief,4
relied,1
inability,1
termination,7
reward,1
bodies,3
justify,12
guided,1
unconstitutional,4
lavish,1
violent,3
cease,3
abstained,2
perilous,2
incurring,1
blot,1
widest,2
rose,1
seems,8
except,12
kingdom,5
porto,1
virginia,2
confines,1
schedules,1
confined,6
accepted,2
wrongful,1
reduced,2
burdens,1
madrid,2
competition,2
warranting,1
provided,24
legal,17
imputed,4
provides,5
intrusted,4
surplusage,1
affording,5
on,366
subdued,1
concurrent,1
zealous,1
of,4620
mutually,3
stand,7
perseveringly,1
ot,1
or,397
tribe,2
communication,27
breakwater,1
accounts,3
determine,6
lastly,1
calamities,2
distinctions,1
strictly,5
there,95
hazards,2
disposed,8
strict,4
appeal,6
valley,2
energy,9
mischief,4
illuminated,1
vested,8
regard,39
amongst,1
strenuous,2
promote,12
terminus,1
applying,2
multiplicity,1
extermination,1
preside,2
grasp,1
strongly,1
britain,57
controlled,2
deserve,3
compel,1
erecting,1
dismayed,1
sufficient,14
immunity,2
briefly,6
separate,10
contradicted,1
includes,1
lovers,1
nucleus,3
included,3
stocks,3
arsenals,5
calls,1
unmitigated,1
missouri,8
spoliation,1
transports,1
all,297
executing,1
follow,1
settlement,9
decisions,5
wanton,1
catastrophe,1
subjected,2
subsided,2
opportunities,3
removal,3
belonging,8
incorporate,1
far,35
induce,4
sons,1
treating,1
regiments,4
list,8
singularly,1
indemnity,5
employing,1
ten,6
abstracted,1
rate,2
design,6
what,43
imported,1
advantageous,2
deeply,4
wrongdoers,1
eminent,4
prohibitory,1
asiatic,1
relaxation,1
directions,2
steamships,1
untarnished,1
naval,28
caravans,1
allows,1
infringe,1
miniature,1
extremes,4
disposition,6
suddenly,1
fearfully,1
pervades,1
proceed,3
faint,1
pervaded,1
markets,1
exigency,8
flag,6
known,10
presumed,2
salvador,1
forbearance,4
ineffectual,1
embarrassing,5
abandonment,4
arise,7
cultivate,6
allege,2
offspring,2
influenced,2
court,6
ordinance,2
occasionally,3
influences,3
extinguished,1
simplicity,1
reflect,2
castle,1
replete,1
short,6
chiefly,4
interpolations,1
departure,5
supervision,5
groundless,5
grande,1
retaliate,1
outrages,4
september,5
essence,2
mission,7
disabled,1
unite,4
pretext,2
avenue,1
eluded,1
precautionary,1
susceptible,2
border,2
resort,9
parts,15
might,39
thereafter,4
argentine,2
return,12
variableness,1
communities,2
instructions,6
inequality,1
inherent,8
difficult,8
friendship,6
characterized,3
weight,3
generation,4
posts,2
pawnee,4
beneficent,1
oppressed,2
expect,11
undertake,6
reverent,2
adhere,1
health,1
congenial,1
induced,9
wisconsin,1
encroach,2
inapplicable,1
thrown,1
success,7
year's,2
tributaries,2
prejudice,7
circuit,1
consequence,16
throws,1
feed,1
feel,3
relate,1
sympathy,4
enlarged,1
revolution,10
defects,2
abrogated,2
passes,4
leading,4
coasts,8
exhortation,1
swarm,1
storm,1
finances,3
temptations,2
imperfect,5
option,2
fiiscal,1
treasures,1
vindication,3
king,2
kind,3
double,1
instruction,5
outrageous,1
outstanding,5
strengthen,2
imports,5
suspicious,1
alike,13
finding,1
populous,4
added,9
pillage,1
measures,30
reach,8
unaccomplished,1
nothing,13
seasons,2
measured,2
stands,3
mineral,1
traditional,1
institutions,43
lying,3
readjustment,1
subject--the,1
deserts,2
securing,4
abiding,2
his,71
founding,1
invoke,2
him,24
grievances,1
insensibly,2
thereabouts,1
disbandment,1
investigate,2
activity,2
precaution,2
insensible,1
forego,1
art,2
achieved,1
intelligence,10
defense,13
bare,1
are,224
ark,1
arm,3
declined,5
libraries,1
various,10
numerous,13
navigation--there,1
frugality,1
recently,15
sold,10
attention,39
succeed,1
opposition,1
competent,3
became,17
fraternity,1
depredate,1
finds,1
reasons,13
improper,1
regulated,1
complication,1
overlook,2
political,60
due,23
whom,9
reduction,9
captain-general,2
illumines,1
affectionate,1
transferring,2
precision,1
cruisers,5
demand,17
conception,1
expressly,8
vitally,1
engineers,1
obtrusive,1
rio,1
obstacle,4
frantic,1
alliances,2
confirms,1
ample,6
stimulated,5
widely,2
higher,2
exigencies,7
restraint,1
monticello,1
negotiate,1
usually,2
arrived,3
sagacious,1
lower,1
solemnity,1
cheek,1
analysis,1
magnified,3
machinery,1
stating,2
grievance,1
polled,1
repealing,1
questions,22
vigilant,2
inference,2
continent,15
tables,3
exclusively,2
speedily,4
governmental,2
profitably,1
associations,3
complaint,6
amended,1
vindicate,3
advocate,1
unlimited,3
awaken,1
modifications,6
systematically,1
incidental,8
collect,1
distrust,1
unstable,1
essential,19
understood,7
gradually,3
constitutionality,10
uncharitableness,1
innovation,1
fragments,1
refused,8
intense,3
dormant,1
mingled,1
completing,1
range,3
militia,4
hatred,1
restrict,1
fleets,1
conquest,1
persevering,1
independent-treasury,1
extraordinary,7
canal,3
impressed,4
acquiesce,2
question,59
long,23
conceivable,2
analyze,1
sections,10
files,1
mountains,3
perplexing,1
fisheries,2
repeatedly,3
usurp,3
forbidding,1
tempered,1
gallantry,2
consist,3
gratifying,3
tumults,1
called,14
imposts,1
associated,8
long-established,1
entrance,1
warning,2
evils,8
privateering,7
endurance,1
peace,44
income,4
unjustifiable,1
nice,1
problems,1
generated,1
rightful,3
happier,1
departments,7
attaining,1
demonstrates,1
proximate,1
once,15
issued,6
resistance,6
adjustment,8
issues,1
uphold,3
disposal,1
fortresses,1
obstinate,1
stable,2
breach,5
include,1
confirmation,1
seized,4
misinterpretation,1
disquieting,1
wishes,2
importance--i,1
dealt,1
manifestly,4
settlers,2
assemblage,2
concluded,13
smaller,1
folds,1
developed,2
concessions,1
discontinuance,1
man's,1
capital,3
renders,3
ammunition,1
chose,1
degree,9
desired,4
separation,1
settling,2
larger,10
leaving,12
evading,1
tenfold,1
examinations,1
forbid,4
ensign,1
hardy,1
apply,8
use,16
from,271
few,17
examination,2
constitutionally,4
sort,1
parliament,1
inclined,1
cooperate,2
entwined,1
topic,2
augment,2
anywhere,2
dissolve,1
proof,3
tax,4
assumptions,1
commerce--it,1
something,1
recklessly,1
united,320
six,4
unquestionable,3
unquestionably,1
unites,1
instead,7
attend,1
hazard,2
abuse,4
readiness,4
light,7
interrupted,2
honestly,1
irregularity,1
sanctioned,3
well-sustained,1
devising,1
interpreted,1
whilst,5
dearest,2
looks,1
indignantly,1
unchecked,1
superior,8
inlet,2
ships,14
permanent,14
restrain,1
choose,1
inspecting,1
defining,1
pending,10
violating,1
material,11
commended,3
ambition,2
impaired,2
republican,5
successor,2
articles,11
profound,2
transmitted,6
bills,2
eases,1
cry,2
unshaken,1
sectional,15
our,305
indulged,1
out,23
respects,11
honorably,1
sentiment,2
frontier,12
radical,2
honorable,2
war--a,1
maintains,1
promptly,7
displeasing,1
york,2
conflicts,2
repairing,1
overtake,1
organic,15
produce,6
transfer,2
hence,7
locating,1
mosqttito,1
plainly,4
felicitous,1
proposing,1
preferment,2
salutary,5
intention,7
unknown,1
their,283
unceasing,1
consoling,1
doomed,1
regards,4
diminish,2
july,6
institution,7
collectively,2
objectionable,3
limiting,1
armament,2
patients,1
wilds,1
creditors,1
tracts,1
catholic,1
propriety,11
agency,4
which,534
who,76
emancipation,1
why,3
statute,17
deny,3
neighboring,2
looked,2
cloaked,1
adverted,2
ensued,3
agreed,1
purely,1
utter,1
fear,3
agrees,2
society--rest,1
furnished,7
thousands,3
vigor,4
cuba,11
ones,7
words,6
penetrate,1
suez,1
belts,2
ascertain,1
water--a,1
generations,2
deceived,1
available,3
requirement,1
ebb,1
acquired,7
admonition,3
merits,2
closer,1
genius,1
closed,2
frustrated,2
ability,3
opening,6
embarrassment,3
hypothesis,1
april,9
safely,3
grounds,7
misapplied,1
respect,29
withdrawn,3
provinces,14
fishery,3
depositaries,1
enlarging,1
naples,1
remedies,1
neutrals,1
interrupts,1
meritorious,1
scrutiny,4
confers,4
improved,4
repetition,1
present,99
abandoned,1
unlike,3
fearful,4
will,170
persevered,2
wild,2
apprehend,2
thus,87
encouragement,4
draining,1
requisitions,1
education,5
perhaps,3
privileges,5
enumeration,4
adverse,1
unity,2
merciful,1
geographical,11
largest,5
grandeur,1
residing,1
slave,4
conceived,5
proprietors,1
liberality,1
conceives,1
appropriated,3
undertakes,1
approve,1
declamation,1
undertaken,8
obtain,11
batteries,2
recollection,1
fishing,3
happiness,7
disturbance,1
supply,7
interoceanic,11
other,158
adoption,10
usage,4
earnestly,5
enact,2
identical,1
imposition,4
branch,6
provisions,34
term,2
republics,16
know,4
press,3
perpetual,4
overtures,1
agents,10
exceed,4
because,20
flagrant,1
growth,6
star,3
empire,6
employment,7
cutters,1
throughout,7
lead,2
farsighted,1
mines,1
locate,1
conveyed,1
throng,1
rare,1
carried,9
extension,8
abstinence,2
dependence,4
urged,6
emperor,6
outstripped,1
warranty,1
subjection,1
outset,1
own,46
wilderness,1
travelers,1
warrants,8
promise,3
lawful,7
undelegated,1
fired,2
friends,3
incipient,1
continental,1
uniting,2
funds,2
incursions,2
contradictory,1
assail,1
made,86
whether,42
record,4
below,3
demonstrate,1
inadequate,10
resumption,1
counteract,2
mutual,14
deporting,1
incredible,1
book,6
sick,1
conclusion,8
withstood,2
illegally,1
kinds,1
june,18
earthly,2
readiest,1
commencement,11
