,474
four,15
aegis,1
aggression,7
marching,1
looking,1
granting,4
eligible,1
quadruple,1
impoverishment,1
sinking,1
well-conducted,1
stipulate,2
appropriation,18
fur,2
bringing,7
advices,1
disturb,11
prize,1
succession,2
charter,3
specially,2
second,7
valiant,1
sustaining,2
consenting,1
errors,1
relieving,1
whaling,1
contributed,5
designing,3
increasing,25
inducement,2
avert,2
offenses,1
here,6
china,11
hers,1
borrowers,2
substance,4
pretensions,1
k,3
reports,10
controversy,6
commerce--ports,1
military,132
appropriately,2
divide,3
explained,1
brought,28
beneficiaries,1
stern,2
forbore,3
apportionment,2
insecurity,2
exhort,1
occupying,8
therefore,37
strike,3
until,51
menaces,4
females,1
relax,2
successful,29
benefiting,1
hereby,2
menaced,3
midst,4
hold,23
circumstances,33
morally,1
pursue,7
accomplishment,2
revenues,13
example,18
unjust,20
artillery,2
organized,20
currency,19
reviewing,1
want,7
absolute,4
unpaid,3
complaining,1
feature,2
how,15
minimums,1
shores,4
wrong,6
destined,3
extortion,1
effective,6
scourge,1
headquarters,4
floridas,2
wing,1
wine,7
restriction,12
concurrence,4
fidelity,1
admirably,1
fit,3
heretofore,21
fix,1
occupations,2
omitted,1
admirable,3
defalcations,1
grievous,1
thrones,2
enrich,1
effects,12
northeasternmost,2
schools,3
matamoras,3
sixteen,1
undeveloped,2
silver,7
represents,3
interfering,1
preceded,4
financial,5
concord,2
series,8
contracting,4
substantially,2
borne,11
excepting,1
encourage,4
millions,29
misrepresentations,1
foundation,7
assured,1
threatened,15
fugitive,1
faculties,1
crowned,3
estimate,15
universally,1
enormous,4
custom-houses,8
absolved,1
disturbed,5
speedy,17
reserving,1
repealed,4
channels,1
seizures,1
service,73
engagement,1
needed,13
listen,3
rewards,1
rest,5
bounty,2
expunged,3
wisdom,26
reimbursable,1
freemen,2
senates,1
surer,1
peril,1
exultation,2
nations,103
project,1
endure,2
feeling,2
acquisition,11
entail,1
willingness,1
boston,1
affairs,36
wholesome,1
responsible,13
recommended,40
absorbed,1
territory--not,1
committing,3
shall,161
object,43
diminishing,4
mouth,5
letter,15
conceded,3
retaining,2
redressing,1
camp,4
consummate,4
detriment,1
came,4
incorporate,1
departing,1
nominated,1
undue,3
participate,2
tempted,1
cheaply,2
lessons,1
capes,2
than,177
rico,3
theme,1
rich,12
rice,1
remotest,1
enlistments,1
accordance,8
adherence,3
hasten,2
leasing,1
disaster,1
fair,14
expediency,5
consummation,1
unexpectedly,1
result,35
fail,15
resigned,2
best,22
lots,1
solicitude,1
unalterable,1
counsel,1
preserve,26
discipline,7
men,34
extend,14
nature,11
invigorated,1
herrera,12
reeled,1
authorizing,7
extent,45
debt,48
tyranny,1
accident,1
country,298
demanded,15
installments,13
adapted,5
asked,4
alternate,1
twenty-three,1
irresponsible,1
postmasters,2
reconsideration,1
union,125
advert,1
much,70
privilege,4
exactness,1
life,11
retrospect,1
eastern,4
moneys,9
lift,1
doubts,5
evasions,1
worked,1
diverted,1
unsold,8
presidency,2
contingencies,1
employ,4
misconstrued,1
prostrate,1
elaborate,1
levies,1
congratulation,2
long-pending,1
characterize,4
eighteen,5
anticipating,1
levied,17
trusted,2
trustee,1
memorial,2
severity,1
things,10
rebellion,1
harmony,23
european,25
fairly,2
marches,1
exacting,1
refit,1
pioneers,2
vice-president,4
corporate,1
opinions,14
distribute,1
disguise,1
sovereigns,2
succeeding,2
previous,11
ease,4
had,330
advancement,4
thickening,1
collections,1
beloved,4
has,393
desertions,1
disagreement,1
possible,22
possibly,2
indicative,2
birth,5
usually,3
occurring,3
desire,43
specie,16
misled,1
steps,3
misdemeanors,1
battlefield,1
beneficial,10
right,65
old,7
creek,2
crowd,1
people,196
crown,2
animate,1
enemies,4
for,911
inhuman,1
contributing,3
foe,2
individuals,9
exposition,2
substituted,4
yoke,1
defensive,4
losing,1
memorable,1
manufacturing,8
dollars,11
citizens,129
raised,19
facility,3
infraction,4
administer,2
one-fourth,3
furnishing,4
reducing,4
authorizes,3
support,34
constantly,14
avail,4
impracticability,1
grasping,1
authorized,58
greatness,7
resulted,8
happy,19
insurrection,2
offer,12
magnificent,1
conclusively,1
incorporation,2
safeguard,2
blockading,1
congratulations,1
extremity,1
unanimous,3
dues,4
declared--,1
proud,4
proved,20
implications,1
crumble,1
proves,4
exist,31
negotiations,20
solicitation,1
anna's,1
treasure--the,1
warms,1
ulloa,1
ambitious,1
conferring,3
disastrously,1
intend,3
models,1
transported,3
invested,16
post-office,6
time,127
conferred,12
equalizes,1
corps,12
whoever,1
recurrence,3
persevere,2
cheap,1
navigable,1
consolidation,9
choice,4
embark,1
mourn,1
fullest,1
exact,1
minute,1
coeval,2
invade,4
leave,7
solved,1
settle,16
depository,4
speculation,3
power--a,1
prevent,21
spiritual,1
rents,1
insignificant,1
sign,3
long-suffering,1
reaffirmed,1
educate,1
exempts,1
current,2
ground,10
revulsions,5
mode--an,1
understanding,12
contemplate,1
yards,1
address,6
alone,20
heartburnings,3
along,7
unadjusted,2
momentous,1
centralization,1
redemption,1
brilliant,7
wherever,2
commonly,2
accomplished,6
concealed,1
love,4
prefer,6
pursuahce,1
undergone,1
working,1
positive,3
predictions,1
papal,1
cherished,5
opposed,5
scope,1
introducing,1
afford,24
subsistence,3
apparent,6
oregon,75
odious,1
everywhere,3
virtue,11
behalf,1
preponderance,1
originally,3
believes,1
valorem,4
values,2
believed,52
detached,4
admired,2
allowed,7
offense,5
winter,1
divided,7
vainly,2
revolted,1
encampment,1
rigors,1
spot,1
applications,3
date,22
such,310
revealed,1
temperate,1
natural,6
conscious,2
consequently,2
yielding,5
st,38
inhabiting,5
so,176
subsisting,4
unfavorably,1
years,72
course,17
lessees,1
unfavorable,1
tendency,6
colorado,1
constituted,12
derive,8
despotic,5
imperishable,1
infirmities,2
torn,1
suspicion,2
constitutes,7
suspension,2
troubled,2
conveying,2
thereby,14
integral,3
nation,60
records,4
overpowering,1
compelled,14
arriving,7
maintaining,9
one-seventh,1
establishing,12
uncultivated,1
quarter,11
repaired,2
square,4
receipt,8
owing,2
entering,2
actively,1
collisions,2
seriously,8
investigation,3
intermit,1
bordering,4
million,9
incentives,1
governing,2
quite,3
complicated,3
besides,12
remainder,7
patronage,1
disguised,2
routes,5
neglect,3
seventy-third,1
spoken,1
clause,2
reprisal,2
one,120
reopen,2
submit,19
spanish,16
vote,17
open,12
affords,3
city,30
guadalupe,7
draft,4
convene,1
lingering,1
proving,1
toilsome,1
representing,2
depressed,1
exacted,7
folly,1
future,20
russia,1
prospect,3
san,10
argument,1
say,11
suffrages,2
uninterrupted,1
decrees,1
saw,4
aside,1
instructed,10
note,14
jefferson,4
take,30
destroy,8
power--but,1
relaxed,2
appellation,1
opposite,3
knew,3
remarks,1
inserted,1
impoverishing,1
average,2
sale,19
federal,46
atlantic,13
reenforce,1
laws,115
madison,6
surplus,12
senators,10
inconsistent,3
aggressive,3
imagined,1
equipped,1
outrage,4
congressional,2
dispute,9
guarded,3
revolutionized,1
condemning,1
d'affaires,3
battalions,1
outlet,1
prime,1
resource,1
assimilate,1
liable,3
where,17
grantees,3
isabel,1
impressions,5
aroused,1
rewarded,1
wielding,1
alarming,1
representatives,65
navigated,1
bureau,1
affecting,3
enjoys,1
annexing,4
ascribed,1
laborers--and,1
concentrate,4
awards,5
menacing,1
suppressed,1
concentrated,7
many,83
besieging,1
loudly,1
expended,1
expression,1
harmony--a,1
yearly,2
adjudication,1
extinct,1
buren,2
west,39
casus,1
concede,5
almighty,6
combined,9
motives,6
likewise,1
wants,6
enable,24
thousand,1
formed,10
observe,3
presided,1
abject,1
former,13
polls,2
single,12
intimately,2
invoking,2
overcome,1
situation,4
endured,2
perpetuate,2
prevalence,1
engaged,35
regularity,1
fame,3
expenditures,50
verified,1
threatens,1
preparatory,1
asunder,1
faculty,2
sickness,1
devolves,1
mexico--causes,1
advertisement,1
devolved,6
undefined,1
vacant,2
trains,2
summer,6
being,67
postages,7
judiciously,2
interrupt,2
steamer,3
occasional,1
geological,1
instrument,9
overthrow,8
starving,2
around,5
hereunto,2
sums,4
preference,1
world,56
postal,2
bravery,2
offenders,4
obstruct,2
bankruptcies,3
satisfactory,24
superintendent,2
misapprehensions,1
pervading,1
divine,4
restoring,2
refer,11
scientific,2
power,192
intimate,1
went,2
industry,23
favorite,1
stipulations,8
practicable,31
neighbor,1
act,149
secret-service,1
stony,1
afforded,12
parties,35
accumulated,1
hidalgo,5
her,186
ever-increasing,1
detachments,2
brazilian,1
punished,3
stipulating,1
recommends,4
continents,1
discriminations,7
land,41
with,722
abused,3
rush,4
october,21
monopoly,1
impute,1
dependents,2
politically,1
agree,4
detailed,6
gone,11
ad,4
invigorating,1
exhausted,4
certain,27
am,24
an,368
as,790
ensuing,1
at,424
watched,2
tranquil,3
incautiously,1
tremble,1
drafts,1
injurious,2
extract,1
bremen,5
abolish,4
unparalleled,2
indemnify,1
congress,345
annex,4
refunded,2
decree,2
waving,1
intimation,1
brotherhood,1
shipping,3
half-clad,1
waived,1
mass,11
original,18
consider,12
caused,12
recapturing,1
welfare,6
oaths,1
to,3684
th,203
paying,4
appointment,12
returned,7
blockade,11
encroaching,1
condition,60
accompanying,24
large,78
adjust,21
small,28
confederated,8
husbanded,1
penalties,1
healed,1
past,32
guaranties--civil,1
pass,12
destitute,1
situated,6
section,9
post-offices,5
prevailed,10
hudsons,2
succinct,2
seemed,2
full,36
escaping,2
indecision,2
hours,3
concluding,3
november,10
compliance,3
aboriginal,1
experience,30
prior,2
social,2
cessation,1
murdering,1
depart,2
reclaimed,1
enactment,2
regiment,5
coercion,1
select,1
britannic,2
more,161
befitting,1
company,6
corrected,2
tested,3
jealousies,4
objections,16
bedford,1
keeping,3
pleasing,1
science,1
sent,15
learn,2
male,1
scramble,1
prompt,10
stated,17
suggestions,8
accept,12
states,613
sense,7
nonintervention,1
prostration,1
information,41
respective,23
imminent,2
enlarge,5
dismissed,1
glowing,1
musicians,1
plant,2
intended,17
waves,1
appealed,1
authentic,6
acquisitions,2
refuse,4
constitutions,3
courteously,1
inquire,1
fundamental,1
functionaries,5
replied,3
mexican,199
trade,34
attitude,3
paper,15
scott,4
signs,1
its,331
rapidly,13
termed,2
deeds,5
symptoms,1
ally,2
entire,8
propose,3
chagres,6
hereafter,13
always,18
assemblies,1
harbor,3
aggrieved,1
found,41
england,1
contiguous,5
reduce,10
exorbitant,1
operation,27
anxious,11
mockery,1
armaments,2
occurs,1
belief,11
murmur,1
reproach,2
owners,8
reared,2
retained,13
expedient,8
castle,1
exhibited,4
delicate,2
major,2
defaulting,1
precautionary,4
belligerent,5
number,65
preservation,14
exertions,2
peaceable,2
heads,5
introduction,3
justly,8
sympathies,4
warmly,1
immediate,17
consuls,2
consult,1
diffusion,1
determined,5
beforehand,1
servitude,3
sell,1
permanence,1
reliance,5
also,66
recognizing,1
internal,26
jacinto,3
effecting,1
plan,1
accepting,4
unequal,7
seize,2
sometimes,3
cover,1
cultivating,3
attacking,1
gold,17
blended,3
defended,3
session,55
tranquilized,1
overwhelmed,1
occupation,28
stockholders,2
failed,10
unjustly,3
equity,3
indifference,1
columns,1
dependent,2
adventurers,1
remedy,8
preparing,6
closely,1
devising,1
enemy,57
sects,1
progressive,2
proclaim,1
banking,5
surrendering,1
tottering,2
river,26
set,13
creator,1
instituted,5
collectively,1
see,9
sea,12
rejecting,1
guides,1
captured,6
available,4
milder,1
hardship,1
buoys,2
pluralities,1
postponement,2
incident,11
death,2
legislature,7
prospects,1
last,173
connection,8
retarded,2
poverty,1
whole,99
majesty,4
loan,31
allegiance,9
leon,1
rosa,2
adjoining,1
church,2
creeds,1
indefinite,6
reconnaissances,1
monthly,3
acceptance,3
convicted,1
extravagant,3
contained,13
firm,3
fire,1
mildness,1
fund,3
moderation,5
representative,8
towns,4
uncertain,4
judicial,11
reliable,2
expanded,3
pressed,3
error,9
owed,1
agitation,2
binding,5
owes,3
chase,1
queretaro,3
elevated,1
shorter,3
virtually,1
survey,3
adequately,1
comprehensive,2
alert,1
necessity,28
recent,5
expend,2
alleging,3
honor,34
person,8
regulating,7
construct,2
buchanan,2
arrests,1
admission,11
location,1
semimonthly,1
victims,1
emergency,14
demands,23
wives,1
suffering,6
quest,1
abound,1
projects,1
formal,5
imposed,39
d,25
slidell,8
communications,5
imposes,4
tribes,47
noninterference,3
amicably,2
senate,98
spring,2
necessaries,3
mighty,1
palo,1
amicable,14
fellow-being,1
religion,7
prosecuted,10
muscat,1
be,1399
unmindful,2
dictates,3
agreement,6
sante,1
nowhere,1
santa,12
relating,3
dictated,1
by,1310
thirty-fourth,1
deserved,2
benefactors,1
repair,4
reverence,1
into,168
plainest,2
appropriate,9
controversies,3
specifically,1
custom,1
occupy,12
elsewhere,2
light-houses,1
devolving,1
link,2
pacific,43
line,42
considerable,23
inducements,2
redeemed,1
up,30
us,42
morocco,1
--copy,1
consumed,8
genial,1
defined,7
overland,1
influence,14
coasting,1
surveying,2
defines,1
granada,2
fixing,1
preventing,4
definitely,1
revision,2
depredations,4
elements,3
energetic,3
oblige,1
prosecution,23
proclamations,3
suppression,1
sides,3
ago,8
destinies,2
age,4
summit,1
confederation,4
fresh,5
menace,1
having,47
monterey,4
code,2
partial,1
dawning,2
illustrates,1
results,14
existing,67
highways,1
debtors,1
inferences,4
luxuries,1
one-half,3
concerned,4
send,2
expeditious,1
resources,15
retire,3
continues,5
petitions,1
continued,26
minerals,1
timely,3
northwestern,1
transmission,2
experiencing,1
fewer,1
try,2
depositories,3
freed,3
pledge,1
unprofitable,1
munitions,4
incidentally,2
assembly,1
graduating,1
expressed,21
hereditary,1
henceforth,1
consistently,8
indian,46
flowing,1
harassing,2
led,7
eminently,8
orleans,9
respectively,8
antirepublican,1
cultivators,1
let,1
consideration,72
invented,1
fifteen,3
deduced,1
great,165
engage,7
receive,32
involved,15
resulting,2
defeat,6
opinion,46
makes,3
involves,2
steamers,36
distrusted,1
assemble,2
counsels,3
prohibiting,2
ninth,6
desiring,1
standing,9
confidence,5
cheered,1
excursions,2
ministers,5
next,18
doubt,23
forefathers,1
occurred,12
disarming,1
carrying,4
delegating,1
customer,2
this,576
reprisals,4
thin,1
fulfill,1
weaker,6
process,2
purposes,20
transpired,1
pieces,1
high,31
co-equal,1
weaken,2
pretexts,4
delay,26
aristocratical,1
establishment,36
greatly,23
await,1
ties,2
coast,38
efficiently,2
realized,5
tributary,3
element,2
commodities,2
asserts,3
volunteers,18
counted,1
produces,1
altogether,11
doubtful,3
produced,13
perfect,6
chosen,10
dispose,6
meantime,11
degrees,3
misapprehension,1
unliquidated,1
therefor,1
memorialists,1
physicians,1
prosper,3
dock,1
realize,3
presidential,1
installment,5
undertaking,1
internal-improvement,1
accompanies,1
sufficiently,1
truth,4
rising,2
beneath,1
doing,3
deficiency,1
books,1
thirteen,4
irritation,4
tenth,6
wander,1
witness,4
',7
dismissal,1
annexed,4
incalculable,2
release,3
surely,4
embarrass,3
reposed,1
mainland,1
transferable,3
could,86
length,9
ratification,17
removing,2
stimulate,1
sacredly,2
manuscript,1
owned,3
alleged,1
occurrences,1
owner,1
blows,1
legislative,25
fascinating,1
detailing,1
system,126
painful,2
adopts,1
interests,91
enforcement,1
accompany,1
unoccupied,1
laymen,1
unexpended,3
coinage,1
warfare,5
aggressor,3
disband,1
dissensions,6
devotion,2
collecting,5
false,7
shrinks,1
partnership,1
defending,2
fourteenth,2
clearly,11
viewed,2
necessities,2
documents,13
adjunct,1
jefferson's,1
device,1
stronger,3
face,8
perceiving,3
mechanical,1
wounded,1
fact,33
signally,1
terminate,12
disbanded,2
bring,10
unconnected,1
trivial,1
principal,32
nominally,1
planter,2
conciliate,1
entangling,1
should,323
planted,2
preliminaries,1
hope,17
exchanged,4
handle,1
means,67
familiar,1
prohibition,1
exchanges,2
defenseless,3
committees,3
h,1
taxes,18
vying,1
taxed,7
favoring,1
intervening,2
withstand,1
temporarily,4
perdido,1
exerted,4
unacted,1
agricultural,7
bidders,1
destiny,2
injustice,6
wabash,1
ends,4
revived,3
strides,1
restrictions,7
marts,1
etc,1
streams,2
invites,2
adjusted,8
conclude,14
acres,15
shudder,1
attorney-general,5
entitle,1
waste,1
louisiana,19
adopted,44
spain,24
wearied,1
garrisons,2
expiration,5
discoveries,2
delaying,1
designs,2
tenor,1
juan,1
concealing,1
conflicting,4
columbia,11
wisest,2
upon,333
infinite,2
monopolize,1
off,15
unceasingly,1
depredation,1
drawing,2
lest,3
less,43
thither,2
web,1
generous,4
arrest,4
valid,5
exempt,4
vain,9
burthened,1
increased,60
government,514
checking,3
cruz,10
five,13
belgium,2
heaven-favored,1
redound,1
imprison,2
become,62
amendment,5
surest,1
liquidation,1
guaranty,6
ballot,2
transport,1
contested,2
merge,1
avoid,12
salaries,2
does,27
manifest,17
selecting,1
impose--that,1
pressure,9
accompanied,6
posterity,2
imaginary,1
loans,15
counties,1
stage,1
gained,2
sister,6
laboring,2
monroe's,1
all-engrossing,1
concession,8
executives,1
alliance,1
letters,10
uninterruptedly,1
roads,2
mere,11
privates,4
terminated,3
disapproval,1
exchanging,1
terminates,1
riflemen,2
naturally,4
building,1
delivery,6
construction,21
compromitted,1
disbursement,8
evident,1
society,8
official,21
incompetent,2
excitement,3
placed,27
convince,2
problem,1
bearing,8
rightly,1
recognize,10
contribute,10
hearers,1
plundered,1
major-general,3
effected,10
planting,1
compared,4
efficacy,1
variety,2
dilatory,1
agriculture,12
lately,4
details,10
suppress,1
gallantly,1
francisco,3
monday,3
oppression,3
treason,6
arbiter,1
repeal,6
much-injured,3
rule,15
compete,3
practicability,2
brevet,1
consolidated,2
desirable,5
saved,7
chili,1
votes,4
effectually,6
unanimity,6
voted,3
arkansas,2
worth,1
commerce,80
contemplated,10
delegate,1
occasioned,2
horn,1
cementing,1
rigorous,1
planters,1
established,79
deliberate,5
bounties,6
revolutionize,1
consequent,2
establishes,1
churches,2
officially,3
consisting,3
simultaneously,1
richest,1
protection,82
pursuit,2
catastrophe,1
obtained,17
balance,12
rigorously,1
envoy,23
adopt,14
postponed,7
secure,21
highly,15
thursday,1
total,2
indians,15
negative,4
insult,3
separated,5
tolerated,2
reign,1
it,1169
separates,1
tariff,42
overrun,1
word,3
permits,1
work,3
refusing,8
theories,1
era,1
mechanic,6
piers,2
indicated,2
india,1
impair,1
indifferent,2
inhabitants,39
ordinary,8
resignation,1
after,95
customs,15
lay,7
law,79
alienate,3
hasty,3
appreciate,2
haste,1
atrocity,1
order,44
infested,1
office,16
devote,2
freights,1
consent,16
satisfied,18
somewhere,1
production,5
valor,1
then,42
them,313
affected,6
safe,9
break,3
emigrated,4
heaven,1
they,370
bank,42
embarrassed,1
rocky,17
ascends,1
slavery,16
--,9
reasonable,11
schemes,2
observance,1
voyages,1
councils,5
crimes,6
unconstitutionality,2
forts,1
forty,1
vessels,48
strangers,1
forth,4
forcible,1
veto,17
lawless,2
standard,9
appointments,1
disputes,1
amazement,2
enlightened,13
recovering,1
created,13
caprice,1
renew,2
oppose,1
incorporated,3
footsteps,1
organize,4
render,17
another,34
navigator,1
illustrate,1
balearic,1
protracted,5
compromise,40
john,2
efface,1
intestine,3
refraining,1
happily,3
diversified,1
rejected,17
wasted,1
mercy,1
admonitions,1
monarchies,2
binds,1
guilt,1
iron,2
evacuated,1
powers,84
respecting,4
manner,35
vigorous,5
contents,1
forced,11
charges',1
strength,20
genuine,1
convenient,4
latter,18
self-defense,1
subduing,1
subjects,20
luxury,4
forces,49
transmit,4
explanation,3
indemnification,2
exercised,25
extending,19
involving,10
germany,3
exercises,1
grave,4
calculated,8
ecclesiastical,1
treaty-making,1
inferred,1
accounted,2
deeply,8
voting,1
responded,3
fitted,2
reserve,1
precarious,2
eminent,2
respectfully,3
facto,1
enjoyed,11
consciousness,1
varied,2
guidance,2
deepest,1
pursuing,3
adequate,16
predecessor,5
do,46
explorations,1
de,8
preferred,1
yielded,5
frowning,2
prohibitory,4
happiest,2
runs,1
suffrage,1
irregularities,1
stead,1
multitude,1
undrawn,1
squadron,13
explanations,5
steam,4
secretary,107
erroneous,3
uninhabited,1
triumphed,1
observed,13
checks,12
discussions,4
diffidence,1
away,5
brigadier-generals,1
compensation,10
overgrown,2
unable,2
cooperation,4
deputies,2
misguided,1
we,206
terms,60
confessedly,1
convertible,2
intelligent,2
received,66
climate,6
misunderstand,1
exceeds,1
negotiation,26
tone,1
seizure,6
speak,4
gratitude,3
unhappily,2
slaveholding,4
condemned,4
thrice,1
duties,111
families,10
easy,3
attacked,1
concerning,4
excite,4
absorbent,1
them--a,1
gracious,2
applied,18
east,21
publicly,3
aim,3
entertains,3
aid,19
property,41
characterizing,2
mistake,1
straits,2
postmaster-general,14
exile,2
confirmed,9
patent,2
apparently,2
sailors,3
accumulating,2
monarch,1
convictions,6
imperiously,2
independent,50
springing,1
swell,2
evil,3
hand,10
liberties,2
ingraft,1
confiding,2
palpable,2
blamed,1
prescribed,18
vermont,1
kept,10
whereby,8
humble,1
humbly,1
the,9958
impression,1
thanks,1
chickasaw,2
adding,2
evidences,2
exalt,1
belongs,5
transformed,1
board,11
expelled,2
harmoniously,1
cape,2
unmolested,1
unfounded,1
retreat,2
securities,2
sparse,1
security,18
honored,2
born,1
productions,5
bore,4
congratulate,6
unavoidable,6
asking,3
unavoidably,1
cerro,1
participation,1
columbus,2
confer,5
disappointments,1
provocations,1
substitution,2
graduated,5
post,7
all--unequally,1
months,27
hostilities,29
constituting,5
cherish,6
propagate,1
considerations,11
pays,1
profession,1
bound,20
balances,3
rendering,3
formidable,3
unchanging,1
legislation,19
sovereign,5
liquidated,7
fight,6
accordingly,17
way,16
was,656
war,394
lowest,5
becoming,3
ceded,29
unredressed,7
true,28
responding,2
veiled,1
affluence,2
maximum,7
overruled,3
perpetuity,1
unusually,2
mails,7
promises,3
inclusive,2
umpire,3
religiously,1
evidence,10
promised,2
physical,2
weakened,4
senatorial,1
interested,6
holding,6
unwilling,4
o'clock,3
complains,2
bestowed,2
together,32
reception,1
precedent,2
tribunals,5
impulse,1
diplomacy,1
strengthened,5
consul,6
indicating,1
grateful,3
battle,5
devoted,1
certainly,2
aristocratic,1
compensate,1
permanently,4
division,9
protective,19
dispelled,1
emergencies,3
feeble,5
perceived,11
evaded,2
presented,34
altering,1
ascertaining,1
p,2
pauperism,2
upper,12
revolution,26
regret,8
bravo,4
agitate,1
cost,7
pillaging,1
purchasers,3
appear,5
assistance,5
avowing,1
uniform,3
last--a,1
shared,1
appeal,8
satisfy,4
collateral,1
appears,12
change,24
sending,1
exemption,5
trial,5
brigades,1
solumn,1
shifting,1
country's,7
lighthouses,1
marked,3
sincerely,4
capacious,2
atrocious,1
rarely,4
market,31
prove,11
beneficence,1
territories,50
live,5
entrance,2
commissioned,4
misconception,1
fortified,3
cap,1
renders,2
can,181
heart,7
december,45
heard,1
fortunes,2
occur,11
forty-ninth,4
productive,5
dispositions,1
discussion,4
bonds,6
economy,5
armies,7
product,1
sacrifice,4
southern,7
produce,25
islands,4
remember,3
whenever,10
explicit,2
sagacity,3
conquests,6
serving,2
misapplication,1
indeed,20
displayed,3
consulting,5
ended,3
affirms,1
still,58
acknowledge,5
conquerors,1
vicinity,6
inflicted,3
forms,8
immortality,1
emigrants,13
correspondence,13
halt,1
liberality,5
half,14
not,532
now,114
provision,47
nor,44
enacted,1
lineage,1
intrigues,2
january,20
drop,1
acres--has,1
entirely,9
naturalization,2
consummated,6
domain,3
challenged,1
directing,8
year,92
happen,5
avoided,12
shown,7
accomplish,10
opened,11
hastily,1
increase,53
navigating,6
ruinous,4
receiving,6
inevitably,1
defenses,4
aged,1
advantages,23
obligation,10
marine,6
inevitable,7
care,19
contemplation,1
selections,1
british,37
fetters,1
invitation,3
profess,1
blind,1
benefited,3
striking,3
illustrious,3
yourself,1
untrue,1
directly,7
impossible,7
message,68
forwarding,1
checked,4
mecklenburg-schwerin,1
trammeled,1
frame,2
friend,1
that,1346
taxation,11
obstinately,1
appreciated,2
factions,3
artifices,1
transferred,7
monopolies,1
freeholds,2
fruits,1
extinguish,2
sublime,3
bocanegra's,1
remained,19
correction,1
therefrom,1
recover,1
spoliations,1
veteran,2
manufacturers,6
forming,2
santiago,2
oppressive,3
price,40
successive,5
america,22
precedents,2
forever,3
reform,3
steady,3
slaves,1
dispersed,1
german,1
unfading,1
launched,1
tonnage,6
gratified,3
realizing,2
ratio,3
title,16
proclamation,5
proportion,11
only,111
enriched,6
inventions,1
evinced,1
expounders,1
reconquest,4
truly,2
fortifications,3
constitution--agents,1
revulsion,4
seldom,1
effectual,2
husband,1
concert,2
burst,1
station,2
elected,13
namely,1
unfit,1
culpable,1
resaca,1
concern,3
feuds,2
between,153
import,7
justified,4
notice,19
article,57
randolph,1
resides,1
enabling,1
reluctantly,1
dispatch,24
promptness,2
learning,1
moreover,5
actually,8
informed,15
territorial,34
dictator,3
dangers,9
external,5
abridging,1
scrupulously,4
countless,2
hardiest,1
freebooters,1
developing,2
these,286
alter,3
invited,9
soil,16
commander,10
embrace,8
commanded,3
multitudes,1
indebtedness,3
delusive,3
inquiry,8
charge',2
noble,4
finish,1
enjoyment,12
marking,1
fruit,1
attributes,1
nobly,1
complained,6
purer,1
theater,2
charges,2
constitutional,42
severe,6
immeasurable,1
coordinate,6
charged,10
disbursing,3
transmitting,4
conformably,3
valuable,16
sweeping,2
civilized,21
renewed,2
improvement,17
'extensive,1
treatment,1
republic,72
struck,1
disproportionate,1
real,12
exult,1
rules,2
ruler,3
usefully,1
early,42
earnest,5
detract,1
using,1
execution,18
recipient,1
rear,1
ruled,1
collective,2
annually,13
benefit,14
fully,27
twelve,7
exposed,8
pursuance,19
duration,4
passions,1
recorded,1
conservative,1
intrenched,1
wheat,1
business,27
sixth,2
equivalent,3
well-authenticated,1
burthens,1
states--has,1
sixty,4
exciting,1
throw,1
comparison,2
central,7
friendship,8
fell,2
remonstrance,1
testimony,1
palma,1
deranged,1
commodious,1
defraying,6
shipbuilding,2
heated,1
resuscitate,1
your,79
intervention,2
forwarded,2
prepare,7
area,2
assumed,8
low,8
lot,2
assumes,3
drains,1
delayed,3
two-thirds,10
copied,1
fraud,1
circulation,10
lawfully,3
subdue,1
moved,3
sales,15
menomonies,1
beyond,27
administered,5
event,26
terminating,2
you,59
poor,3
perils,3
endeavors,1
wields,1
tendencies,3
fiscal,32
bulk,1
controlled,2
requisition,1
restored,6
doubted,26
embracing,5
since,61
ceases,3
month,26
ceased,7
religious,7
pacific--making,1
referring,2
pledged,6
reprobated,1
foster,1
safety,24
pledges,2
homes,11
very,17
vera,10
decide,13
squadrons,4
deficient,1
nullity,3
enfeeble,2
excitements,1
enjoin,1
savage,3
conscience,1
witnessed,4
certificates,4
nullification,1
acknowledgments,2
recruits,1
modify,7
excess,2
eventful,2
strong,15
handwriting,2
interposed,5
conviction,10
losses,4
untiring,1
soldier,1
amount,107
interposes,1
successors,3
invalidate,2
family,7
requiring,10
tendered,1
conventional,1
probabilities,1
contains,13
abstaining,1
taken,41
injury,7
commenced,24
broke,3
mounted,4
producing,5
suffered,10
arrangements,7
nine,4
history,18
pushed,1
exclude,4
firmly,5
prussian,3
ratified,30
foreseen,1
reject,5
vigilance,7
well-settled,1
preemptions,1
tried,4
communicating,5
derived,36
triumphs,1
fe,4
invasion,16
horizontal,1
twenty-nine,1
compulsory,1
a,1532
renewing,1
deterioration,1
banks,24
soon,30
held,25
committee,4
committed,23
fruitful,1
absence,3
systems,2
differed,1
founders,1
finer,1
forbear,3
food,9
anticipated,9
commodore,1
foot,3
erection,2
imprisoned,1
sundays,1
occasions,6
intervene,1
semiannual,1
referred,16
heavy,14
restless,1
thirteenth,1
irreconcilable,1
enemy's,26
cemented,1
anarchy,5
surrounded,4
publish,1
sustain,7
ramified,1
issue,8
favored,24
toiling,2
houses,18
reason,36
base,1
put,7
earliest,11
revolutionary,4
diffused,2
american,81
herrera's,1
corrupting,1
assign,1
probability,4
unfeigned,2
occurrence,1
inure,1
obedience,3
transcendent,1
hundred,3
passed,57
authors,7
translation,1
scheme,5
miseries,2
anticipate,1
aristocracy,3
tunis,1
irrefragable,1
toward,23
deciding,2
affirmative,3
sheet,2
concentration,1
option,1
lie,5
constructions,2
unappropriated,1
empowered,2
officers,75
cargoes,4
nonslaveholding,2
useless,1
command,40
experienced,3
frauds,1
bankruptcy--are,1
exempted,4
plunder,2
approved,13
salary,1
clear,9
unreasonable,3
unreasonably,1
succor,2
creeks,3
perseverance,3
one-eighth,1
fiercest,1
consonant,1
northern,7
justice,32
surveyed,6
circle,1
combinations,5
during,109
imitating,2
sacrificed,1
adhering,1
alteration,2
sacrifices,1
thwarts,1
recommendations,10
stockades,1
seventeen,2
patriotism,8
plausible,2
aims,1
close,16
constellation,1
probable,12
horrid,1
seventieth,1
won,3
probably,27
conditions,10
years',1
poorer,3
rudiments,1
abruptly,3
both,70
minorities,4
forgotten,1
protector,1
manners,1
whatever,20
unfolded,1
vessel,3
vindicating,3
complied,2
unrestrained,2
described,1
inadmissible,2
exert,4
coarse,2
maintenance,12
collected,35
threaten,1
territory,146
instructing,1
box,2
compromises,5
citizen,16
else,1
lives,3
utmost,9
look,8
animates,1
governor,9
while,71
confederacy,10
endanger,5
animated,2
unexampled,3
voters,1
funded,4
herein,1
rulers,6
ready,24
fairer,1
grant,6
belong,6
unpromising,1
modification,9
composition,1
conflict,6
used,15
temporary,30
arbitrators,1
uses,2
dissimilarity,2
herewith,25
older,1
increases,2
obviously,1
cherokee,5
abstain,6
bearer,1
judgments,1
blockhouse,1
settlements,13
confiscation,3
quarters,3
marque,3
inlets,3
elect,2
lieutenant-governor,1
$,158
guaranteed,2
exercising,2
questioned,6
harmonize,1
remaining,8
march,49
dominions,5
wiser,2
overthrown,3
excluding,3
pillar,1
stagnate,1
resorted,9
strife,3
popular,13
aliment,1
fathers,5
creation,4
some,86
urgent,3
delivered,8
describing,1
exceeding,11
providence,6
civilization,4
inconvenience,5
run,2
lakes,2
colonization,3
step,7
abroad,14
wealth,25
faith,16
bureaus,2
entailed,1
monarchical,3
silence,1
seeing,2
within,108
unimpaired,3
dissatisfaction,1
rolls,1
supplicating,1
accountability,1
intervenes,1
manufacture,3
withholding,4
himself,8
duly,7
healthful,1
brazos,2
reiterated,3
inclose,2
properly,16
authority,86
russian,1
warlike,4
quorum,5
vacancies,2
foresight,1
politic,1
accustomed,4
similar,38
ordered,11
metals,5
reopening,1
unwise,3
federative,4
objection,4
application,8
recognition,9
remunerating,4
department,54
draw,3
spectators,1
resign,2
regulations,1
rested,1
validity,1
reservation,1
approving,2
restrained,2
structure,2
hanover,1
independently,2
practically,8
sounder,2
infringing,1
requires,9
degrade,1
undisposed,2
cheerful,1
proposition,20
notify,1
go,2
compact,6
excludes,1
suits,1
excluded,2
friendly,20
prudence,1
miners,1
convoked,1
yourselves,3
meant,4
positions,6
inspection,1
enforce,7
comforts,3
encroachment,1
imbecility,1
ardent,4
honors,2
mischiefs,2
edifice,1
guaranties,5
prejudicially,1
harmonious,2
melancholy,2
commercial,37
fifteenth,1
following,8
canals,1
enterprising,4
convert,4
repel,9
products,15
examining,1
foresee,3
danger,25
well-disposed,1
addressed,12
announced,5
blockaded,3
remains,17
that--,28
blockades,1
contentment,2
reflects,1
formally,3
becomes,13
judicial--must,1
appointed,29
sanctions,1
lapse,4
salas,1
crossed,2
servants,2
vexatious,1
meet,23
conformity,6
control,21
atone,1
sought,8
voice,5
undeceive,1
hesitate,2
defective,2
arrangement,9
located,2
sentiments,2
frontiers,2
reestablish,1
circular,2
fostered,1
chiefs,2
insufficient,1
foment,1
advocated,1
fieldworks,1
advocates,3
rebellious,2
including,34
cruise,1
converting,2
subversive,1
exclusion,1
thence,7
guerrilla,2
pensioners,1
pure,2
hands,27
adjournment,4
magnitude,1
mode,25
crossing,1
shaking,1
upward,1
despots,1
globe,3
ills,1
pursuits,15
aggravated,5
promulgation,1
exceeded,7
special,9
gallant,8
relate,1
rival,4
cause,43
achievements,1
wines,2
delegates,4
attending,2
delegated,6
hostile,15
determining,3
route,2
ask,7
keep,4
diminishes,1
designed,5
prospective,1
possessing,4
powerful,10
improving,3
art,1
precisely,1
quality,8
long,64
bears,1
achieved,11
relations,59
attack,7
belligerents,1
fairest,1
circulate,1
punish,1
manufactories,1
overwhelming,1
herself,23
ultimatum,2
well-established,1
submitted,22
claim,16
providing,6
distinguished,7
descriptions,1
alleghanies,1
enforced,7
lightly,2
unchanged,5
thereto,4
need,4
constrained,6
border,2
pursued,10
able,12
battles,7
procrastinated,1
ably,1
instance,7
issuing,4
connected,15
but,255
expired,2
consequences,11
proceedings,8
enjoyments,1
stationing,1
affair,1
violation,17
well-being,1
soldiers,19
allaying,1
partners,1
based,7
fuel,1
employed,27
doubting,2
commendation,3
purchasing,1
maritime,6
joint,25
legitimate,10
magistrate,2
leases,2
ascended,1
endless,1
places,18
imperious,1
oppressively,1
she,58
contain,8
miscalled,1
persist,1
omitting,1
capitalists,4
operated,4
humane,2
oldenburg,1
tend,12
written,3
allotted,1
neither,15
sole,1
importance,39
remitting,1
interfere,7
spared,1
ameliorations,1
approval,12
precious,6
distribution,7
limits,64
career,4
minds,5
admit,8
manifestations,1
flocking,1
estimation,3
cordial,3
habitual,2
congresses,1
accomplishing,2
tread,1
addition,19
discrimination,4
cent,13
immense,12
treat,3
armistice,1
diversity,1
expenditure,11
ours,6
debtor,2
soundest,1
resident,2
surface,1
examined,3
capture,4
patriot's,1
janeiro,1
tripoli,1
strange,1
northwest,2
kingly,1
party,19
fide,1
rightfully,6
effect,65
privations,7
fierce,2
frequently,2
destruction,4
scarcely,6
transaction,2
reflection,1
i,322
obstacles,4
well,78
restore,13
discord,1
savannah,1
accurate,2
free-men,1
mistaken,2
sources,12
ablest,1
distant,21
skill,6
undeceived,1
deposits,1
extends,1
warrant,3
intimated,1
definitive,2
fate,3
devised,5
cupidity,1
burden,6
immediately,21
intersection,3
prominent,1
loss,8
necessary,101
lost,4
payments,5
lose,1
therein,2
shed,5
belonged,3
motive,1
redress,31
trammels,1
proofs,4
broad,3
objected,3
delaware,1
salubrity,2
demonstrated,5
limitations,5
reaching,1
journal,1
monetary,2
expansion,3
imperfectly,1
prohibited,4
refuge,3
freedom,9
overtrading,1
sinister,1
recognized,24
compatible,1
dominion,5
persuaded,1
equally,21
contending,2
fettered,1
previously,12
washington,20
additions,3
cuevas,1
doubtless,4
mississippi,15
rejoice,2
additional,45
imperial,1
north,38
norte,15
neutral,3
gain,4
courts,7
highest,12
he,200
annuities,2
signed,10
cruel,1
converted,9
limit,5
display,3
mechanics,2
plenipotentiaries,4
devise,1
reservations,1
universal,4
post-roads,2
resented,1
education,5
diego,3
functions,1
contest,2
importations,3
offensive,2
disposing,1
liberal,30
insults,8
friends,6
appoint,3
portion,56
determination,8
commencement,16
aided,3
discriminations--,1
dissolution,2
protest,2
habiliments,1
trodden,1
consists,7
captain,3
whose,19
calculate,3
tehuantepec,1
boundless,1
presents,7
bays,5
teaching,1
sway,2
destitution,1
void,1
misunderstanding,3
agitations,2
govern,8
affect,5
vast,21
clothed,5
companies,3
convenience,7
enhance,1
landlords,1
force,80
concise,1
likely,4
subordinate,4
even,35
desirous,3
integrity,1
panama,5
asia,1
new,142
net,3
ever,50
harbors,14
deemed,48
repugnance,1
never,41
drew,2
met,8
possibility,4
active,7
rests,1
usurpations,1
tolerating,1
credit,17
clerkship,1
permit,11
adopting,5
suitable,13
government--the,1
campaign,2
moral,4
criminals,1
army,144
arms,32
call,27
recommend,60
survive,1
supporters,1
revolutions--all,1
expose,1
wars,4
warn,1
ward,1
inhabited,2
emporiums,1
room,1
rights,83
interposition,3
exceptions,1
give,36
assent,5
constitution--but,1
involve,2
surveyor,5
advancing,4
messrs,2
answer,15
construe,1
commencing,3
minority,2
reconciled,1
indignity,1
long-continued,2
president,111
inactivity,1
purchase,11
attempt,16
third,10
maintain,24
capitalist,1
operate,8
operations,40
foresaw,2
cession,17
agriculturists,1
appropriating,4
shipbuilders,1
partisans,2
before,87
personal,9
crew,1
better,17
enlisted,3
discharges,2
weeks,3
confidently,16
churubusco,1
combination,1
weakness,3
arrested,4
disputed,4
victories,5
bona,1
operatives,2
side,8
lofty,1
interruption,1
successively,1
principles,30
taught,1
trading,1
forgot,1
navy,67
lawyers,1
cherokees,12
collector,1
merchants,3
restricted,3
western--whence,1
surprise,2
interchanging,1
consummating,1
resume,1
ascending,1
bestow,2
curtailment,1
struggle,6
professions,1
messages,3
deems,1
signature,11
twenty-two,1
thereon,6
thereof,9
immensely,1
indicate,1
dwell,3
solemnly,5
somewhat,1
peculiar,6
distance,2
anxiety,3
enabled,8
preparation,3
matter,9
deserving,1
bidder,1
superadded,1
usages,1
modern,7
mind,6
seen,13
seem,9
seek,11
expeditions,2
impotent,2
desist,1
hoods,1
regular,18
reimbursement,2
don,1
observation,1
medical,1
incompatible,2
m,2
reassertion,1
points,12
principle,49
breathed,1
were--whether,1
uncontroverted,1
jurisdiction,23
ending,17
treaties,17
attempts,6
chartered,3
thirds,1
judges,1
resisting,1
explain,1
debts,6
judged,2
exports,10
above,6
stop,2
perceive,5
convulsed,2
raiment,1
comply,1
fields,1
bay,5
bad,1
favors,3
fertility,2
reference,6
imitate,1
decided,13
incorporating,1
subject,109
brazil,2
voyage,3
said,36
inappropriate,3
artificial,3
prince,2
equals,1
suggested,10
uncertainty,1
against,114
distinction,4
contribution,3
initiative,2
springs,1
administrations,3
apprehended,8
proceeded,5
puts,1
basis,5
three,19
commission,11
afloat,1
interest,54
entered,11
deeper,2
prosperous,10
quantities,11
personally,2
regretted,5
harshness,1
exception,4
near,13
suppose,4
imperatively,1
religious--which,1
murders,3
anchor,1
twenty-four,2
seven,8
mexico,490
is,771
encamped,2
defeated,2
in,2065
if,202
grown,2
waging,1
belli,1
make,84
unfortunate,4
colonies,2
grows,1
entitled,21
meets,1
governors,2
fremont,1
declaring,5
opulent,1
delight,2
supposing,1
jealous,2
reconquer,6
opportunity,13
butter,1
practiced,2
changes,4
failing,3
approbation,3
materials,1
resuming,1
claims,44
investments,3
left,31
protocol,17
perpetration,2
just,88
wasteful,3
vancouvers,2
assigned,9
assignee,2
human,7
facts,18
yet,42
pecuniary,13
regarded,12
character,62
defray,7
justices,1
designate,1
beholds,1
involuntary,2
auspicious,2
feelings,6
dignity,1
visible,1
performing,5
unnecessary,9
notorious,1
navy-yards,2
signal,5
commanders,13
conciliation,3
assimilating,1
maxim,3
dead,1
dear,3
repelling,1
undisturbed,2
notification,1
distrust,1
conquering,1
afternoon,1
commit,7
marshal,1
ores,1
coins,2
formerly,4
amounted,8
down,12
lies,6
doctrine,9
lieu,1
preemption,7
jealousy,2
approximate,3
victorious,4
fraction,1
bolivia,1
starve,1
form,41
evinces,1
landing,2
failure,9
powerfully,2
surrender,5
fort,1
continuance,6
pretension,1
prevents,1
attached,2
bounds,1
headsprings,1
stages,3
exerting,3
one-third,3
drive,1
claimants,11
ship,2
fraternal,2
vista,1
discriminate,3
locality,1
agreeing,1
generally,12
faction,5
felt,12
journey,3
exported,7
authorities,31
transfers,4
aware,1
happening,1
assume,10
daily,5
premiums,1
affirmed,2
profits,11
relieve,4
souls,1
mild,2
abundant,4
anticipation,2
depend,3
father,2
answered,2
finally,14
sovereignty,20
abundance,4
defying,1
advised,2
governments,60
banished,2
did,31
die,3
proposals,1
keepers,2
government],1
round,1
attracting,1
coahuila,2
adds,1
annals,2
international,4
unrestricted,2
filled,6
transportation,12
guardian,3
availed,2
french,8
wait,3
alto,1
comptroller,1
spheres,1
simultaneous,1
suggestion,1
useful,5
merely,9
regeneration,1
subverted,3
verge,1
troops,30
sake,2
france,15
peru,4
conformable,1
cooperated,1
lessened,2
unequaled,1
acceptable,1
insultingly,3
rigid,1
olive,1
effort,11
capturing,3
avoiding,1
quoting,1
growing,6
making,43
repressing,1
arrive,2
nearest,1
fuca,2
agent,8
council,1
strikingly,1
till,1
sword,3
sworn,1
map,1
long-deferred,1
may,364
mankind,4
destructive,1
indemnities,1
grow,1
man,10
relinquish,2
inexpedient,2
provide,16
deposit,5
deceive,1
framing,1
shield,5
gradual,2
pointed,1
stability,1
texan,13
interesting,9
policy,116
mail,29
main,5
texas,201
finance,1
views,17
sooner,3
touching,1
ensue,2
killed,1
possess,22
adjudicated,1
careless,1
seacoast,7
conventions,1
speculators,2
requesting,4
canada,1
jackson,3
interference,13
imperative,2
dutch,1
correct,7
assurance,6
earlier,8
felonies,1
california,49
advance,17
language,8
ministry,1
contented,1
exportations,1
think,11
frequent,3
first,61
cheese,1
question,66
guerrilleros,1
fast,1
suspended,8
carry,8
corporations,5
sounds,1
fourscore,1
discharged,11
little,12
unduly,1
escort,1
participated,1
bloodshed,2
eyes,3
adjourned,1
untried,1
cheap-postage,1
stipulation,4
undoubtedly,6
framers,8
protected,22
were,322
commends,1
snively,1
topics,1
spectacle,6
occupied,11
efficient,20
endangered,3
interior,11
performance,3
channel,1
paid,47
assault,3
complaints,3
hardships,2
conspicuous,1
especially,30
surprising,3
pernicious,3
reconquering,1
massacres,1
precise,3
show,5
protracting,2
accession,1
sites,1
elevate,1
treasure,3
behind,1
impunity,4
treasury,135
enthusiasm,1
sanguinary,1
get,1
contracts,9
designated,5
unimportant,4
hailed,2
nearly,19
distinctly,7
encroached,1
yield,11
summary,1
miles,28
executes,1
communicated,28
silently,2
declared,32
seas,8
seat,4
relative,3
declares,4
seal,2
rigidly,2
forecast,1
boundaries,13
enough,6
enumerated,1
across,5
august,24
parent,1
parental,2
quadra,2
pinckney,1
nationality,1
dates,1
unequivocal,1
according,29
dated,5
cognizance,1
holders,2
among,61
maintained,23
grants,20
writing,1
custody,3
considering,10
sensible,1
arts,7
capable,6
fellow-citizens,19
mark,1
regimental,3
acre,2
constituencies,2
borders,10
sensibly,1
derogation,1
offered,22
dangerous,9
declaration,9
those,77
sound,14
residence,2
superintendence,3
conferences,3
eventually,1
endowed,1
sincere,10
coffee,14
middle,1
sudden,6
wisely,4
movements,3
different,39
pay,28
same,120
speech,1
arguments,4
deference,4
struggling,2
exhaust,1
extended,40
annulled,1
running,3
territories--the,1
totally,1
one-man,1
drain,3
largely,7
substantive,1
amounts,7
consisted,6
gates,1
gaining,1
money,76
aspect,3
despoiling,1
statesmen,7
summer's,1
astonishment,1
extensive,15
heavier,1
sevier,1
admitting,1
credentials,3
disappointed,2
distrustful,1
acquainted,1
adams,1
either,39
served,3
voluntarily,6
robbers,1
specified,3
organizing,2
gross,2
confirm,2
footing,9
extensively,3
pioneer,1
patriotically,2
critical,1
expressing,1
moderate,9
husbandman,1
ratifications,15
manufactured,1
notable,1
unusual,4
broken,1
pretended,1
manufactures,18
manufacturer,5
conducting,5
stations,5
island,3
violence,4
practical,14
pockets,2
provisional,2
road,1
fallacy,1
lands,92
fertile,4
beacons,2
bountiful,1
actuate,1
blessed,2
strifes,1
strip,1
amassed,1
aggrandizement,1
acquiesced,3
distracted,5
manifestoes,1
decisive,1
passports,4
fanatic,1
replies,1
unsettled,5
hesitancy,1
annihilate,2
indisposition,1
well-understood,2
cessions,1
conqueror,10
affection,2
required,66
deliberation,4
deep,6
fellow,3
examine,3
deem,16
file,5
lifetime,1
fill,3
tedious,1
again,31
amendments,14
sufferings,4
designating,1
field,21
president's,4
fruitless,1
equitably,1
shelter,4
deriving,1
important,69
equitable,8
prudent,3
conclusive,9
havana,8
remote,3
casts,1
refutation,1
resolution,22
represent,5
forget,1
dollar,4
founded,6
postponing,1
inexpediency,1
children,3
reluctant,3
preserved,10
tranquillity,3
premium,3
returning,1
jalapa,2
fall,9
difference,10
applicable,7
puebla,1
neighborhood,6
withheld,5
titles,10
further,42
marksmen,1
misrepresent,1
stood,1
diffusing,3
judicious,1
tribute,1
public,263
movement,7
christi,6
promising,1
nation's,1
inconsiderable,3
disastrous,5
operating,3
commercially,1
hard-earned,1
misery,1
narrow,2
authorize,7
usurpation,3
sanction,19
armed,5
readily,6
suspensions,1
eye,1
distinct,6
benedictions,2
destination,3
two,91
cultivation,3
achieving,1
trist,5
landed,1
controlling,3
&deg,13
particular,11
none,25
hour,4
recall,6
guards,1
remain,35
pressing,2
del,15
subterfuge,1
abandon,6
expeditiously,1
deplores,1
share,2
conceding,1
sphere,3
minimum,13
numbers,18
purchased,8
creates,1
needs,1
obnoxious,1
comfort,2
amistad,1
sacred,8
advice,15
interpose,4
par,6
blood,8
coming,7
response,1
undecided,2
usurper,3
entry,12
crowded,1
deserted,1
responsibility,8
sect,1
pleasure,4
excepted,1
infant,1
rounded,1
fronts--on,1
appeals,1
through,24
heirs,1
existence,30
noncommissioned,2
suffer,4
possessions,18
energies,3
bosom,2
late,25
triumphantly,1
good,49
seeking,4
prejudices,1
inception,1
complain,7
mystery,1
easily,1
safe-keeping,7
porte,1
habits,5
insuperable,2
ports,53
harm,1
everyone,1
mental,1
house,66
energy,15
idea,3
engaging,1
furtherance,1
obtains,1
marshaling,1
mustered,1
lovers,1
creditor,1
acting,7
enforcing,3
extraordinary,22
senor,1
members,9
losses--and,1
benefits,7
omit,1
conducted,6
copper,2
embraces,4
waged,8
instances,10
done,31
embraced,20
wages,3
twenty,13
revive,2
least,12
obligatory,4
regulation,1
assumption,3
pains,2
rates,41
favorably,2
part,139
favorable,36
believe,13
inconvenient,2
farming,2
youth,1
contrary,18
supposed,12
treated,3
declare,9
emanation,1
ages,3
notwithstanding,19
recoined,4
nueces,22
confirms,1
orders,32
built,6
refute,1
assails,1
majority,23
build,3
province,18
carolina,1
chart,1
conspicuously,1
most,108
coercing,1
services,22
coterminous,2
southampton,1
faithless,3
particularly,2
rebels,2
disturbances,3
obligations,9
commissions,3
noblest,1
corresponded,1
relation,10
carefully,5
fine,2
find,12
giant,1
depended,2
dividing,1
ruin,4
distributed,4
unhappy,2
experiment,2
distributes,1
merged,1
prowess,1
permission,2
express,13
cheaper,3
courage,4
breast,1
annexation,36
safeguards,1
merchandise,9
forty-five,1
californias,10
resolve,1
unwarrantable,1
remove,4
overissues,1
common,29
semiannually,1
californian,3
tended,3
individual,12
gravest,1
surrendered,2
tender,1
materially,2
arbitrament,1
expert,1
superseded,7
smallest,3
prescribe,5
indiscriminately,1
reverse,3
appropriations,36
solely,5
annual,52
foreign,152
consume,1
point,20
simple,5
prosecuting,12
tennessee,1
simply,3
unsuccessful,3
asserted,9
throughout,18
suppressing,3
expensive,2
patiently,1
raise,13
create,2
secret,1
meeting,6
understand,3
prices,18
resisted,6
rupture,3
unnecessarily,2
strictest,1
bill,58
consular,1
indulging,1
vaults,2
impracticable,3
portugal,5
century,9
cents,7
violently,1
encountered,4
itself,34
confining,1
stubbornly,1
monroe,4
regulate,4
benign,3
development,4
moment,17
purpose,66
aggregate,5
predecessors,16
task,1
accumulate,1
forfeited,1
withdraw,5
toil,2
organization,16
snow,1
shape,1
openly,5
alternative,2
injuries,17
timber,3
wage,3
cut,4
cup,1
well-digested,1
source,25
deliberately,2
impoverished,2
administrative,1
excited,4
conformed,3
matters,2
foreigners,1
ambrose,1
follows,3
mint,11
valleys,1
often,15
collectors,2
absolutely,4
obliged,1
abundantly,3
back,4
strongest,2
insincere,1
examples,1
ourselves,13
pronounced,1
scale,2
decision,19
per,20
connecting,1
verbally,1
lard,1
augmenting,2
patient,2
taxing,5
remembered,1
peculiarly,1
continuing,5
fed,1
restrictive,5
goods,4
graduation,7
tenants,1
harassed,1
invading,5
framed,1
neutrality,1
bankruptcy,5
calming,1
controverted,1
manifested,7
derangement,1
forward,4
invite,12
adjusting,4
constitutionally,2
hoped,11
hopes,2
directed,29
rejection,4
cede,1
inestimable,2
repulse,1
constant,13
expedition,1
deprive,6
consulted,1
dispensation,1
prevail,11
brethren,3
coastwise,1
adjudicate,1
composing,1
dutiable,1
confine,2
prepared,9
restoration,13
fervently,2
oppress,1
ascertained,7
implied,3
failures,1
restraining,2
compose,3
fatal,1
agitating,1
putting,2
subservient,2
severely,2
respectful,1
disbursements,10
demonstrations,1
rivers,9
insertion,1
substituting,3
depression,4
contingent,1
doctrines,2
reconciliation,1
confided,2
giving,15
inconveniences,2
access,2
exercise,56
body,27
exchange,12
objects,33
others,33
luis,1
safer,3
irritating,1
extreme,6
remark,1
principally,1
clime,1
composed,5
presidents,1
private,13
extravagance,1
names,2
resolutions,10
lima,1
staple,1
punishments,1
reciprocity,4
themselves,47
assailed,2
engender,1
astoria,2
emigration,2
train,1
prizes,2
magnanimous,2
arranging,1
procuring,1
afflicting,1
escaped,2
account,16
obvious,8
praise,4
industrial,1
closing,1
admiralty,1
reserved,13
proportions,1
infantry,2
fulfillment,1
native,3
daring,1
holds,2
regions,4
responsibilities,7
attachment,6
stock,6
waters,5
collection,12
leisure,1
trifling,2
bind,1
lines,2
chief,9
subsequently,6
furnish,7
galveston,1
justifiable,1
alacrity,2
memorials,1
fortunate,2
negotiated,7
la,2
whereof,3
accredited,4
labor,23
resorting,4
willing,7
latitude,13
criminal,7
greater,31
insisting,2
kindness,2
day,54
february,24
warned,2
disregard,4
subagencies,1
buena,1
abrogation,2
live-oak,1
defend,15
wholly,9
messenger,3
postpone,1
red,2
approached,2
fourteen,3
retards,1
receipts,10
deprived,6
retain,5
facilitate,3
south,17
whoop,1
improvements,20
conscriptions,1
reached,6
owning,1
ancient,6
establishments,5
immovable,2
intermediate,5
acquiescence,4
sixteenth,1
commercial--would,1
completed,6
acquire,7
reaffirm,1
discretionary,3
loved,3
calamity,1
lover,2
visited,4
abolished,6
abstracts,1
fluctuation,2
deterred,2
tide,1
have,661
dictate,5
demonstration,1
complete,3
skillful,2
proportionately,1
concerns,3
provoked,1
savages,2
unless,20
procure,4
eight,3
preliminary,3
prisoner,1
payment,40
enthusiastic,1
request,13
absurd,3
occasion,13
selection,3
absorbing,2
supported,5
rebuke,1
knowledge,2
concurred,2
controls,1
ambiguity,1
inferior,7
equilibrium,1
regularly,5
bear,14
accrue,1
drawn,11
unauthorized,3
calling,3
excesses,3
fixed,3
gibson,1
conform,3
omission,2
constructing,1
exists,16
national,71
intensity,1
enhanced,2
watchfulness,1
imposition,3
attempting,2
discounts,2
difficulties,24
routine,1
progress,21
boundary,42
monarchy,10
deliver,5
firmness,1
instant,8
revoked,1
robberies,2
freely,1
taking,14
equal,33
attributed,2
fulfilled,2
ever-varying,1
conquered,21
swallow,1
masses,3
glorious,10
otherwise,11
compromising,1
agents,20
fostering,1
commend,2
vend,1
freeholders,1
flourishing,1
copies,7
tyler,1
devoting,2
proposal,6
curtail,1
define,2
arises,2
stationed,5
essentially,4
assert,7
one-sixteenth,1
general,108
arisen,4
volunteer,12
divisions,9
solemnities,1
plain,5
appearance,2
value,49
promoted,5
advisable,2
diminished,7
almost,19
delusion,1
captors,1
respected,5
commending,1
claimed,13
bloodless,2
privateers,8
administration,21
twelfth,2
frivolous,3
injured,6
practice,4
discredited,1
judgment,28
insure,4
paredes,28
retard,2
recourse,1
center,3
rapine,1
thought,8
position,24
arising,4
usual,3
emporium,1
ratify,2
executive,65
domestic,37
protecting,7
graduate,3
onward,3
lake,3
recommending,3
add,8
propositions,9
ought,23
resolved,4
judiciary,6
elapsed,4
displaced,2
like,15
inviting,2
admitted,17
works,6
accessible,1
hail,1
recommendation,12
proper,94
happens,1
discretion,13
economical,6
assuming,3
chains,1
manifesting,1
slight,1
expire,2
although,20
worthy,3
periodically,1
inconsiderate,2
about,15
actual,19
certainty,1
blessings,19
discard,1
tomb,2
introduced,2
injuriously,4
rendered,27
faithfulness,1
guard,9
ridge,1
exactions,2
rushed,1
awarded,4
avowed,10
amity,5
preparations,6
repeated,14
partially,1
constitute,18
wise,20
glory,8
wish,2
supreme,7
measure,40
well-defined,1
periods,5
proceeds,6
blighting,1
claiming,1
detail,6
reannexation,1
good-fellowship,1
enlargement,6
augmentation,2
acknowledgment,1
bulwark,1
oral,1
augmented,7
limited,24
unlawful,1
comparatively,8
facilities,8
collating,1
assembled,5
undisputed,2
violate,4
paris,1
whatsoever,1
under,222
pride,6
merchant,6
convening,1
risk,1
dispense,2
rise,5
every,88
vastly,3
reiterating,1
encounter,2
reciprocal,3
sunk,1
conceive,2
remoteness,1
barracks,1
enjoy,10
infancy,3
construed,3
consistent,4
fairness,1
estimates,3
direct,10
disciplined,1
estimated,31
peace--a,1
solemn,24
selected,4
liberty,20
causes,27
conduct,20
supplies,16
excises,1
ulterior,2
hundreds,1
humility,1
represented,12
path,2
generals,1
auction,3
borussia,1
changed,5
stipulates,1
proportioned,1
depreciated,1
hard-fought,1
abolition,1
stipulated,8
settled,22
punishment,10
erected,1
patience,1
would,337
distributing,1
acceded,1
correspondingly,1
recharter,2
excellent,2
casualties,2
must,111
me,40
join,2
entertained,14
boldest,1
deficiencies,1
mr,33
dragoons,3
my,194
fortress,1
ingenuity,1
florida,8
preserving,11
gordo,1
times,21
oppressing,1
guarantee,1
ceremony,2
legislate,4
end,29
topographical,1
writers,2
adjacent,1
widespread,2
plighted,1
description,7
mouths,2
coffers,1
demanding,3
parallel,14
splendid,1
acknowledged,15
unpunished,1
perform,12
ultimate,2
enter,14
executed,11
interpretation,3
sovereignties,1
over,81
balize,1
london,6
expectations,2
exhibits,1
comprehend,1
destroyed,4
ceding,2
adventurously,1
iowa,1
diseases,1
prevented,10
disreputable,1
superintendents,1
netherlands,4
notified,1
filling,4
victory,6
each,53
wantonly,1
lasting,1
consolidate,1
prohibit,1
signing,1
depress,3
fraught,1
god,2
pensacola,1
laid,11
newly,3
twenty-five,1
independence,35
numerical,1
major-generals,1
free,63
aforesaid,4
management,6
formation,2
wanted,2
laborer,2
correctness,1
days,10
outfits,1
hopeless,2
already,28
encouraging,1
rank,8
occupancy,5
sober,1
revival,1
peacefully,2
ton,1
too,23
percentage,1
consented,1
reparation,2
murder,2
serve,11
took,16
negotiating,1
solicitor,1
kindest,1
incur,2
western,24
frankly,1
final,15
classes,26
lbs,1
advising,1
protract,2
unaffected,2
appreciating,2
-,1
isolated,1
thorough,1
localities,3
mailable,1
propitious,2
though,30
plenty,1
commanding,18
coin,12
constancy,1
prevails,2
flow,4
treaty,207
reputation,1
enterprise,3
entertaining,5
levying,11
reductions,1
constituent,1
earth,9
spite,1
situations,1
delays,1
institution,6
studiously,1
announce,2
imperceptibly,1
ecclesiastics,2
hostility,10
guatemala,1
despite,1
report,56
reconstruct,1
fabrics,1
countries,64
anxiously,4
states--that,1
twice,1
ruins,2
farther,1
resist,9
corrupt,3
disturbing,1
discriminating,7
accede,6
capacity,9
temptation,2
approach,4
discovery,1
reiterate,4
weal,1
weak,3
however,37
devout,2
cashiers,1
improve,4
protect,26
fault,1
extracts,1
unheeded,1
expense,19
exhibit,3
self-respect,2
confide,1
abandoned--an,1
trust,11
conference,1
incomparable,1
beef,1
been,645
confident,2
spread,4
expected,14
captives,2
refuted,1
affixed,2
palladium,2
deliberations,7
apprehension,3
lessen,1
kentucky,1
n,1
inviolably,1
stopping,1
conto,1
expenses,33
containing,6
suggest,4
prussia,2
overstep,1
advances,1
several,50
inventors,1
published,3
action,41
workings,1
insisted,4
shortly,8
embarrassments,6
possessed,11
ocean,21
hearty,1
greatest,3
incapable,3
mother,1
hearts,3
alabama,2
possesses,3
departed,3
proposed,37
proposes,3
grades,3
transporting,4
followed,6
propitiate,1
humanity,6
gave,14
casting,2
bands,9
advanced,12
apart,1
specific,6
offices,3
officer,17
arbitrary,7
successfully,11
election,6
roamed,1
escape,5
indirect,5
contests,1
perfected,1
embodied,1
proceeding,5
surveyor-general's,2
establish,26
companions,2
everything,3
subordination,1
splendor,1
dropped,1
corn,2
permitted,15
attacks,2
surround,1
steadily,6
efforts,13
discharging,4
presence,8
civil,27
custom-house,4
obtaining,4
uncontrolled,1
laborers,1
dissenting,1
emigrate,4
existed,23
rely,3
indispensable,15
transform,1
class,7
fought,4
crews,4
naught,1
questionable,1
guide,4
head,8
attempted,14
heal,2
differences,14
removes,1
payable,1
hear,3
satisfactorily,1
sustained,10
removed,11
admiration,4
portions,11
muster,1
quicksilver,2
captivity,1
submitting,4
displeasure,1
despotism,3
annoying,1
check,6
constructed,4
willingly,1
radically,1
faithful,3
pledging,1
no,235
whereas,4
when,113
vanquished,2
despising,1
setting,2
papers,9
depot,5
reconsider,1
discriminations--northern,1
preceding,11
miscellaneous,6
discharge,12
younger,1
to-day,1
longer,13
vigorously,2
apprehensions,7
withhold,10
serious,19
undoubted,4
neighbors,1
remarkable,2
regulars,4
varying,1
leads,1
extremities,1
prejudicial,4
contemplating,3
passage,6
charge,7
promoting,2
advantage,18
exalted,2
denied,4
denounced,2
impressive,1
posts,8
encroach,1
accumulation,1
pork,1
invader,1
injunction,2
inland,1
invaded,11
port,18
substitute,2
irritated,1
endangering,1
accustoming,2
stands,4
deluded,1
contracted,11
paragraph,4
reply,7
amounting,11
water,2
attainment,2
entertain,6
crippled,1
dissipated,1
supplying,2
thirty,9
expressly,5
guilty,3
denunciation,1
descended,1
navigation,31
modifying,3
paralyzed,1
crisis,1
wrongs,23
upheld,2
memory,2
reenforcements,1
neglected,2
cases,23
tribunal,8
collision,8
local,20
reflux,1
modified,4
districts,8
slightest,1
auxiliaries,1
performed,12
gallon,4
inheritance,1
secured,20
cuba,3
vital,4
cardinal,2
fourth,2
speaks,1
secures,3
levy,22
paramount,1
irrational,1
impartial,3
improvidently,1
eighty,1
informs,1
depriving,2
representations,4
eighth,3
repeat,6
branches,24
reaped,1
succeeded,5
inform,6
representation,3
refund,1
exclusive,16
acts,29
furnished,6
constituents,3
mainly,1
canary,1
furnishes,1
worship,1
continue,33
farmer,3
happened,2
tariff--levied,1
conversations,4
warranted,4
qualified,4
conquer,5
permissions,1
execute,4
equality,5
name,6
bullion,4
importation,6
individually,1
well-regulated,2
farewell,2
self-government,12
ultimately,9
concur,3
intercourse,27
profit,2
attracted,3
--the,1
attended,8
theory,4
dispatched,4
unfriendly,1
dispatches,3
accommodation,2
delude,1
impose,12
turn,1
place,44
broached,1
charleston,3
impost,1
discontinued,1
origin,2
suspend,3
surviving,1
revenue,120
incongruous,1
accruing,3
requirement,1
sicilies,1
commissioners,32
array,2
cheerfully,5
given,60
necessarily,18
district,9
reclamations,1
returns,1
convention,50
white,4
giver,1
gives,4
exploring,1
unfaltering,1
season,7
circulated,1
released,2
copy,19
population,46
nathan,1
unfortunately,1
require,24
diplomatic,17
marines,1
oath,2
and,3775
rend,1
rent,1
commissioning,2
any,254
prosperity,35
ideas,1
unavailing,5
sure,2
multiply,1
cleared,1
annul,4
considered,14
later,3
unwisely,1
quantity,5
perpetrated,4
forage,1
resources--mineral,1
pursuant,1
southwestern,4
gulf,17
favor,28
state,183
crime,3
believing,5
pendency,1
broadest,1
expectation,2
lighter,1
clerks,1
regarding,2
predicted,1
discussing,1
beholding,1
imposing,7
violated,6
labors,8
professed,1
encouraged,1
fails,1
invoked,6
voluntary,4
farmers,3
managing,2
subsequent,6
review,2
definite,2
charters,1
arrival,5
multiplied,1
originated,6
fearless,1
inseparable,1
inseparably,2
cities,9
come,14
isthmus,5
postage,9
acquiring,1
missions,1
efficiency,12
successes,4
region,13
quiet,1
contract,3
senator,4
duty,136
afterwards,14
colony,7
period,108
insist,4
satisfaction,14
endeavor,4
polk,3
forbearing,1
deposited,2
peaceful,14
hardly,1
abstract,2
engine,1
direction,12
exasperate,1
robbed,1
reimburse,1
blessing,5
andrew,1
minister,69
careful,3
spirit,36
case,38
myself,7
ampudia,1
cash,1
premature,1
cast,3
irrespective,1
unsatisfactory,1
revolutions,3
granted,21
reminded,1
marys,1
agitated,2
events,15
week,1
disadvantages,1
refusal,6
driven,2
persons,25
arose,2
unqualified,1
changing,4
modes,4
pennsylvania,1
without,111
relief,4
relied,1
inability,2
termination,11
reward,3
moment's,1
bodies,3
justify,7
guided,2
unconstitutional,3
actions,1
cease,6
mineralogical,1
perilous,2
incurring,3
blow,2
seems,2
except,14
ross,1
kingdom,4
omnipotence,1
porto,3
disproportioned,1
inordinate,1
virginia,1
loaned,3
inflation,2
confined,12
accepted,12
waiving,1
settler,1
reduced,37
burdens,19
madrid,1
competition,6
provided,25
legal,10
provides,6
severed,1
communicate,16
intrusted,6
pastors,1
affording,8
on,663
zealous,1
of,6475
paralysis,2
stand,5
equalize,1
ot,1
or,460
accredit,5
tribe,16
communication,15
accounts,4
determine,7
abrogate,3
lawmaking,1
calamities,1
distinctions,2
strictly,2
there,108
hazards,1
disposed,12
discountenancing,2
strict,5
valley,4
catholics,1
mischief,1
vested,5
tranquility,1
regard,30
amongst,2
cabinet,2
strenuous,1
promote,9
applying,1
artisans,1
extermination,1
countrymen,9
connect,1
strongly,4
taylor,12
britain,38
governed,8
corresponding,8
onerous,1
piracy,1
deserve,3
compel,4
erecting,1
immunity,1
requested,4
briefly,1
separate,11
bounded,2
included,6
stocks,1
calls,3
invest,1
odds,1
greater--of,1
missouri,24
spoliation,1
confers,2
all,415
chinese,4
executing,4
follow,12
settlement,30
decisions,1
wanton,5
crimsoned,1
homage,1
subjected,12
subsided,1
extraneous,2
removal,2
reestablishment,1
presentation,1
belonging,8
worse,1
far,52
induce,5
sons,1
worst,1
regiments,10
list,4
undone,2
indemnity,36
employing,1
ten,10
tea,8
rate,12
design,3
will,365
what,46
imported,23
advantageous,2
sun,1
sum,45
brief,4
importer,2
disbursed,3
unquestioned,2
condensed,1
relaxation,2
directions,2
steamships,3
observing,1
bryarlys,1
naval,43
difficulty,8
extremes,1
disposition,6
suddenly,3
refitting,1
appliances,1
clifford,1
proceed,8
denominated,1
wield,2
markets,8
minor,2
knows,2
flag,16
known,42
presumed,8
debates,1
forbearance,12
embarrassing,2
abandonment,3
tortious,1
jeopard,1
coerce,1
protects,3
imitation,2
arise,12
cultivate,12
allege,1
offspring,3
influenced,3
court,6
rather,3
breaking,3
occasionally,3
influences,3
extinguished,12
acknowledging,1
sabine,5
reflect,1
indomitable,1
concentrating,1
contingency,4
proclaimed,8
short,17
chiefly,4
departure,2
supervision,2
shore,3
grande,34
shade,2
slidell's,1
magnanimity,2
outrages,10
indebted,5
september,12
developed,10
nugatory,2
mission,12
disabled,1
unite,4
pretext,6
forty-second,1
susceptible,2
resort,11
parts,21
might,88
thereafter,1
return,21
generously,1
annihilated,1
disregarded,5
communities,2
adventurous,1
instructions,34
inequality,6
inherent,1
difficult,9
intolerable,2
characterized,1
pirates,3
weight,4
generation,1
recapitulate,1
expect,1
inflict,1
mexico],1
inflated,1
consonance,1
induces,1
adhere,3
health,3
induced,13
wisconsin,1
friday,2
differ,4
thrown,4
success,15
landsmen,1
year's,7
tributaries,2
prejudice,2
consequence,22
fallen,9
feel,13
abrogates,1
well-known,1
sympathy,3
enlarged,12
brave,5
defects,8
blank,3
abrogated,1
passes,2
story,1
impairing,1
leading,8
coasts,15
storm,1
finances,8
ecuador,1
attendants,1
imperfect,1
statement,12
relieved,7
biddle,1
treasurer,1
appropriated,11
vindication,3
convinced,1
king,1
kind,4
double,2
dispensed,2
insulted,1
liabilities,4
outstanding,1
strengthen,3
imports,10
unsurveyed,2
alike,8
remodel,1
imitations,4
conforming,1
finding,4
populous,2
interfered,1
added,6
intervened,1
pillage,1
measures,66
reach,5
gila,1
enduring,3
nothing,22
seasons,1
achievement,2
constitution,144
self-governed,1
mineral,11
numberless,1
corpus,6
scantily,1
reestablished,1
institutions,41
lying,15
expedients,3
memorandum,1
delinquent,1
securing,9
abiding,2
his,263
publicity,2
invoke,4
him,81
grievances,1
commensurate,1
usurpers,1
investigate,2
engraven,1
activity,1
precaution,2
repulsed,1
forego,1
signify,1
surveyors-general's,1
supporting,2
intelligence,4
defense,21
bare,1
are,355
arm,3
declined,4
threats,2
surmounted,1
degrading,2
various,15
numerous,20
corruption,1
recently,18
creating,1
sold,11
attention,35
succeed,2
opposition,6
competent,7
relying,1
became,20
reside,6
distress,1
reasons,15
improper,2
regulated,3
decline,1
java,3
political,23
due,46
whom,16
reduction,15
foreseeing,2
discountenanced,2
transferring,2
demand,30
georgia,1
indefinitely,3
unprecedented,5
vitally,1
engineers,1
enriching,1
rio,40
obstacle,3
lodged,2
alliances,3
seductions,1
dismember,2
ample,20
firearms,1
widely,6
advise,2
daughters,1
higher,14
exigencies,7
restraint,2
negotiate,4
restrains,1
patriotic,14
arrived,7
contractors,3
resuscitated,1
lower,5
dared,1
grievance,1
scrupulous,1
inactive,1
questions,25
vigilant,2
continent,21
profitable,3
corroborated,1
exclusively,3
speedily,14
exhibition,1
violations,2
complaint,19
amended,21
vindicate,6
advocate,1
unlimited,1
modifications,11
avows,1
incidental,18
collect,8
aggravation,1
essential,19
eluding,1
understood,5
selfishness,1
gradually,3
constitutionality,5
prop,1
ensue--a,1
tends,1
anna,8
contrasting,1
casks,3
refused,20
refuses,1
intense,1
mingled,2
stricken,1
range,2
militia,3
fleets,1
conquest,18
persevering,1
bocanegra,2
contreras,1
canal,1
impressed,2
engagements,1
acquiesce,4
lone,1
amidst,2
prey,1
sections,17
files,1
mountains,19
copartners,1
repeatedly,5
raising,9
attribute,1
patriot,3
gallantry,3
consist,3
gratifying,14
fluctuations,1
called,21
imposts,1
individuality,1
allayed,1
commissioner,27
warning,2
home,34
evils,10
employment,7
endurance,2
peace,175
income,5
unjustifiable,2
inflame,1
meaning,5
allowing,2
rightful,4
happier,1
departments,13
attaining,1
once,12
pervert,1
issued,26
resistance,8
alien,1
adjustment,33
contributions,45
prophecy,1
issues,4
prospectively,1
uphold,2
disposal,2
fenced,1
languages,1
obstinate,1
stable,2
breach,2
abode,1
madison's,2
seized,6
assembly--a,1
wishes,2
ruinously,1
notes,12
manifestly,4
settlers,9
concluded,19
toils,2
smaller,7
wrestling,1
appertains,1
fold,1
reunion,3
concessions,1
man's,2
waiting,1
capital,20
ammunition,2
chose,2
degree,15
desired,10
separation,4
settling,3
warehousing,1
distressed,1
larger,20
shades,1
leaving,18
definitively,1
deputy,1
forbid,1
hardy,5
apply,9
unprovoked,4
use,32
from,544
consumption,2
few,42
examination,11
bitterly,1
possession,29
parliament,3
inclined,2
impress,3
cooperate,6
benignant,1
augment,3
proof,2
indulgence,2
inaccessible,1
tax,15
something,4
united,461
sit,2
six,2
struggles,3
unquestionable,2
instead,13
desecrated,1
attend,1
hazard,3
readiness,2
majorities,10
light,4
arduous,2
interrupted,2
fortunately,1
supplication,1
sanctioned,9
whilst,30
dearest,1
indignantly,2
unchecked,2
monarchist,1
superior,6
complicate,1
inlet,2
assurances,7
ships,10
permanent,24
restrain,5
choose,4
covered,1
pending,10
violating,1
plenipotentiary,16
flour,1
material,5
flew,1
ambition,2
impaired,3
republican,13
affections,2
articles,48
profound,1
transmitted,27
bills,1
sectional,7
our,1081
indulged,1
out,53
respects,7
honorably,4
sentiment,2
frontier,26
obstructions,1
performs,1
honorable,33
nation--an,1
proviso,1
averted,1
maintains,1
promptly,16
york,15
repairing,1
navies,3
hence,3
plainly,2
hitherto,4
proposing,4
salutary,5
publication,1
arista,1
their,543
misunderstood,1
wisconsin--being,1
reversed,1
shallow,1
well-organized,1
regards,2
diminish,6
july,40
commence,3
richer,1
limiting,2
frugal,1
creditors,4
tracts,3
westward,3
delineated,1
linked,1
propriety,11
agency,3
swelling,1
which,961
alienating,1
combat,1
who,160
alarmed,1
why,8
statute,2
deny,4
neighboring,3
looked,1
adverted,1
swarming,1
--whence,1
chances,1
agreed,11
artfully,1
purely,1
utter,1
fear,4
litigation,1
inhabit,3
thousands,7
indignant,2
vigor,15
prosecute,22
watching,2
massacre,2
community,1
words,3
penetrate,1
embezzlement,1
ascertain,4
generations,3
view,55
europe,25
shedding,3
expel,1
acquired,21
admonition,1
overturn,1
sparsely,1
monstrous,1
genius,5
mexicans,9
closed,3
avow,1
ability,17
opening,5
agencies,2
embarrassment,7
declining,2
commands,6
april,34
safely,2
grounds,2
respect,17
withdrawn,8
three-fourths,4
provinces,23
enlarging,3
remedies,1
liverpool,2
sufficient,24
meritorious,2
overture,6
remonstrances,1
improved,7
repetition,1
tomahawks,1
present,128
abandoned,10
unlike,3
fearful,1
speculator,1
readier,1
persevered,1
depreciation,1
wild,1
apprehend,5
thus,69
disapprove,1
encouragement,2
requisitions,2
privileges,6
cross,4
enumeration,1
member,7
unity,2
merciful,1
geographical,9
largest,4
grandeur,1
residing,5
conceived,5
monopolists,1
proprietors,2
was--,1
whale,3
laborious,1
conceives,1
functionary,1
approve,10
fighting,2
appropriates,1
scruples,1
english,2
hamilton,3
excessive,3
heavily,2
wealthy,7
obtain,17
batteries,1
happiness,13
rapid,12
supply,11
arresting,1
hastening,1
other,245
adoption,19
usage,1
earnestly,6
acted,7
enact,1
pursuits--of,1
branch,42
provisions,34
term,13
republics,10
know,6
presume,1
press,2
perpetual,3
overtures,6
james,5
leaves,1
exceed,9
because,39
flagrant,3
searching,1
growth,9
export,4
star,1
empire,3
privateering,1
past',1
lead,11
mines,12
bulfinchs,1
war-making,2
leader,2
obey,1
tamaulipas,1
murdered,1
conveyed,1
throne,2
rare,2
carried,15
extension,13
universe,3
urged,5
dependency,1
carries,2
constructor,1
emperor,1
subjection,1
own,130
wilderness,3
owe,2
warrants,1
promise,3
lawful,3
van,2
transfer,3
*,12
faithfully,10
captains,2
intention,8
funds,4
incursions,1
tasked,1
made,221
whether,50
protesting,2
distract,3
record,2
below,8
breadstuffs,2
inadequate,3
resumption,1
reflecting,1
mutual,4
illinois,1
book,1
unsalable,2
repute,1
conclusion,18
june,29
merely--internal,1
incurred,6
extort,1
auxiliary,4
ranks,2
indirectly,1
maturest,1
