,1116
h--spirits,2
narcotic,1
four,18
woods,1
looking,14
granting,7
electricity,4
l--silks--which,1
lord,1
jaegers,1
sinking,2
well-conducted,1
appropriation,34
fur,2
bringing,9
disturb,3
prize,11
elihu,1
oooo,1
hague,21
commented,1
charter,5
infringed,1
insular,3
cordially,1
feasibility,1
second,28
sustaining,2
resignations,1
errors,1
relieving,1
ruthless,1
contributed,3
increasing,33
admiral,10
inducement,7
legations,1
offenses,2
cattle-transportation,1
here,33
herd,4
reported,9
ching,1
china,44
substance,1
uplifting,1
unwillingness,1
elaborate,1
affairs],1
reports,14
controversy,17
faire”,1
military,38
criticism,13
appropriately,3
classification,6
criticise,1
explained,1
'trusts',1
brought,36
beneficiaries,3
unit,4
opponents,1
derivatives,1
cheating,1
apportionment,5
impartiality,5
inevitable,7
statesmanship,1
bays,2
therefore,58
until,38
successful,25
brings,3
hereby,1
officio,1
hurt,4
glass,2
expeditionary,1
tying,1
[on,3
hold,16
irksome,1
pursue,3
accomplishment,7
plunged,1
revenues,23
example,5
unjust,4
artillery,9
organized,13
currency,37
reviewing,1
want,4
absolute,13
provincial,3
feature,13
machine,2
how,22
significance,3
preferable,1
classify,2
h--wines,1
beauty,2
assimilated,2
clothiers,1
shores,3
destined,1
unselfish,1
types,1
effective,51
shipowners,1
glassware-------------------------,1
signatories,1
cigarettes,1
keeps,1
democratic,2
wing,1
restriction,2
concurrence,3
govern,2
experimentally,1
rewarded,1
wrought,1
admirably,4
fit,7
unforeseen,1
heretofore,15
fix,4
occupations,2
auditors,3
h--that,1
matured,2
endeavoring,3
admirable,3
easier,1
grievous,1
effects,2
schools,6
sixteen,3
silver,1
represents,1
clothed,1
averse,1
volcano,1
uninfluenced,1
interfering,2
employers',3
financial,36
series,7
displacement,1
contracting,1
substantially,7
allay,2
borne,3
waive,1
excepting,2
convenience,1
mason,1
encourage,6
millions,21
foundation,8
stamping,4
assured,10
threatened,8
surveys,1
sixty-first,1
assures,3
encountering,1
estimate,15
obstructing,1
enormous,11
shipper,5
disturber,1
disturbed,2
speedy,3
reserving,3
repealed,5
channels,2
instruct,1
specially,2
exchequer,1
service,140
similarly,4
needed,52
master,1
listed,2
hypothetical,1
bitter,1
ranging,1
bounty,1
wisdom,18
profit--and,1
outlay,3
showed,8
anniversaries,1
tree,3
nations,46
project,8
idle,1
readjusted,4
feeling,16
acquisition,8
entail,2
willingness,3
untrained,1
dozen,3
affairs,22
concrete,2
responsible,20
recommended,34
causing,1
absorbed,1
responsibly,1
shipments,2
committing,1
shall,177
undervaluations,2
object,19
wells,2
simplify,2
mouth,5
letter,7
conceded,1
retaining,1
drought,1
morality,3
expound,1
antitrust,32
camp,1
consummate,1
comprise,1
came,8
saying,3
departing,1
meetings,1
undue,14
participate,6
abreast,1
lessons,1
vexations,1
than,185
rico,13
rich,2
heartily,4
emphatically,1
plate,1
cubic,1
honda,1
denounce,2
foremost,3
platt,1
altogether,4
sittings,1
adherence,2
reposed,1
twelve-month,1
respond,1
leasing,3
disaster,3
fair,14
expediency,3
consummation,1
standpoints,1
austria-hungary,1
result,61
fail,6
resigned,1
best,44
ambitions,1
slack-water,1
pressures,2
stamps,5
r,2
preserve,7
discipline,6
never,23
extend,10
nature,8
authorizing,4
conscienceless,1
extent,43
defiance,2
debt,23
tyranny,1
patented,2
accident,1
violators,1
country,228
demanded,2
adapted,16
southeastern,1
irresponsible,4
canyon,1
blending,1
regranting,1
postmasters,21
union,15
criticised,1
subsidy,5
extraction,1
much,105
privilege,13
exactness,1
life,25
eastern,12
$oooooo,2
comprehensiveness,2
wish,26
moneys,2
strewn,1
chile,12
doubts,1
worked,10
commerce,148
farseeing,1
contemplated,7
employ,8
contemplates,2
misconstrued,1
k,6
played,1
riparian,2
long-pending,1
actuated,2
to-morrow,1
levied,2
bounteous,1
trusted,3
memorial,3
severity,1
things,12
cumulative,1
rebellion,2
haphazard,1
harmony,2
pricipal,1
emphatic,2
european,13
exertion,1
voyages,1
typhoid,1
exacting,2
qualifications,3
seamen,1
ownership,24
intrusion,1
matters,21
corporate,5
opinions,3
outlived,1
capitol,2
golden,1
expensively,1
distribute,2
$igo,1
sovereigns,1
succeeding,1
previous,18
enters,1
$$$note--latest,2
ease,1
had,142
advancement,5
collections,2
innocent,4
east,19
intermediation,1
municipal,10
desertions,1
disagreement,1
possible,80
possibly,4
clustered,1
pertinent,1
shadow,1
unique,3
occurring,1
desire,27
sundries,2
remind,1
festivities,1
steps,21
misdemeanors,1
beneficial,13
right,44
old,15
creek,4
people,108
postmaster,5
insistence,1
for,1204
rehearse,2
creative,1
contributing,2
foe,1
individuals,8
exposition,7
summoned,1
substitutes,1
substituted,2
losing,2
manufacturing,13
shaken,1
transcends,1
filipino,4
dollars,16
citizens,43
anomalous,1
o,3
slightly,1
consulting,4
statements,3
facility,3
marshall,1
administer,2
respectable,3
one-fourth,1
magazines,10
raises,2
reducing,19
defendants,5
novo,1
authorizes,2
support,27
constantly,5
knowing,1
common-law,4
avail,7
authorized,24
resulted,23
happy,9
insurrection,6
offer,7
forming,1
conclusively,1
hemisphere,6
incorporation,21
safeguard,5
prosecutions,14
equalization,1
devices,1
pest,1
lays,1
passenger,1
adopt,12
liberal,8
proven,1
exist,12
accounting,4
negotiations,40
solicitation,1
eventual,1
floor,2
geographically,1
suffered,1
republic,65
ambitious,2
conferring,3
roll,2
steamship,3
disastrously,1
intend,5
transported,3
acquaintance,2
invested,7
hygienic,1
reorganization,30
highness,2
cottonseed,1
ottawa,4
time,156
conferred,8
irrigation,5
corps,24
departments-the,1
equalized,1
canalization,1
timbered,1
suspending,2
recurrence,7
selfgovernment,2
circumstances,13
oversight,1
cheap,5
navigable,8
consolidation,8
fullest,5
fifty,5
exact,15
hukuang,5
unify,1
leave,5
solved,6
depositors,8
settle,4
team,1
power--a,1
prevent,64
occurrence,2
findings,11
trails,3
tonnage,7
unrepresented,1
superstructure,1
essence,1
cleanliness,1
jeopardy,3
celebrated,4
current,15
falling,3
drafted,3
jury,2
understanding,15
contemplate,2
yards,7
address,13
alone,7
along,23
passengers,4
centralization,2
financiers,1
redemption,2
studied,5
wherever,1
thereunder,1
accomplished,19
concealed,1
prefer,2
logical,6
obstinacy,1
marvelous,3
logically,1
filipinos,12
yangtse,1
working,7
positive,2
public-land,3
cherished,1
opposed,11
scope,12
theoretical,1
introducing,6
afford,9
subsistence,2
apparent,11
assimilation,1
oregon,1
approving,2
appendix,1
ignorant,4
virtue,6
easiest,1
behalf,11
[concerning,1
relations],1
valued,1
anything,8
originally,4
facilitating,4
privy,1
believes,5
harmonious,2
values,1
believed,17
detached,1
remitted,2
rurales,1
smyrna,1
locks,6
hides,3
allowed,5
offense,3
evidently,4
preempted,1
winter,2
inaugurator,1
divided,10
undertook,3
latin-american,4
strictness,2
spot,2
boilers,2
rehabilitate,1
applications,2
date,29
such,393
revealed,1
natural,29
varieties,1
tenants,1
ordinarily,2
st,15
adjutant-general,1
so,238
fective,1
innocuous,1
noyes,1
noteworthy,7
augury,1
unacceptable,1
years,101
course,52
experiments,3
maneuvered,1
unfavorable,3
tendency,6
constituted,12
limbs,1
derive,1
internationally,1
troubles,3
decreases,9
suspicion,3
celebrate,1
constitutes,5
suspension,3
decades,2
ideal,2
thereby,12
civilian,2
matches,2
subordinates,3
courageously,1
nation,51
records,6
compelled,2
drilling,1
pretense,1
maintaining,17
neutrality,7
revert,1
establishing,12
$executive,1
dignified,1
battleships,11
cropping,1
quarter,5
cordiality,3
square,3
honduras,10
racial,1
revised,5
owing,5
entering,7
actively,2
collisions,1
seriously,5
investigation,44
suggesting,6
squares,1
bordering,3
demoralization,2
quito,2
disintegrated,2
prostitutes,1
million,7
seventh,1
governing,5
quite,19
complicated,7
matchless,1
besides,1
remainder,2
seventy,1
patronage,2
training,13
disguised,1
initiate,1
impure,1
'mexico,1
routes,13
neglect,1
gunshot,1
saving,10
clause,9
one,198
injuring,1
reopen,1
specifically,1
periodical,1
spanish,3
vote,15
open,21
affords,2
concert,1
city,41
indicate,3
draft,1
realization,1
structures,3
perpetuation,2
padding,1
herds,2
specialists,3
exarmy,1
representing,6
impractical,1
elected,8
exacted,1
exhibitors,1
future,45
russia,11
prospect,8
addressing,3
san,5
royalties,2
turned,5
argument,6
alley,3
sad,2
say,36
financier,1
sap,1
saw,2
aside,6
instructed,3
note,18
intends,1
take,75
wanting,3
insuring,2
furseal,1
subvention,1
altered,1
knew,1
invoked,1
printed,5
remarks,2
devolving,1
inserted,3
creditable,1
average,19
drive,3
defeating,1
federal,113
refining,5
affirmed,4
laws,55
of---------------,1
surplus,9
regulated,1
senators,5
circulating,1
merit,11
far-reaching,5
commissary,1
aggressive,1
slow,3
seaboards,1
going,7
equipped,4
government--and,1
congressional,8
dispute,14
misdemeanor,1
assistant,4
d'affaires,4
battalions,1
awaiting,8
revolutionizes,1
prime,4
prima,1
commerce--an,1
absurdly,1
recurred,1
liable,3
where,73
compositeur,2
aroused,6
fidelity,1
ostensibly,2
sites,14
bureau,37
affecting,16
annexing,1
dome,1
employer's,1
concentrate,2
awards,3
menacing,1
suppressed,2
concentrated,5
many,109
s,3
expended,8
expression,5
allowance,6
yearly,3
adjudication,1
panics,4
caring,1
combines,1
stretch,1
west,17
locally,1
concede,3
almighty,1
combined,3
motives,2
present-day,1
barbarities,1
enable,44
thousand,10
formed,5
observe,5
former,13
jute,3
engineering,6
hayes,1
invoking,1
overcome,3
policies,12
newspaper,1
situation,18
prevalence,1
engaged,36
underweights,1
expenditures,38
threatens,1
preparatory,1
scientifically,1
perpetually,1
fastened,1
underestimate,2
reformatory,1
structurally,1
advertisement,3
lading,7
granada,1
costa,3
undefined,1
costs,10
trains,1
summer,10
manifold,1
being,66
rest,10
amalgamate,1
geological,4
instrument,7
formative,2
overthrow,1
insurrectionists,1
insurrectionary,1
aspects,1
around,3
decomposed,1
sums,2
dry-dock,2
traffic,16
preference,3
world,56
demised,1
postal,50
manan,1
offenders,3
grouping,1
obstruct,1
satisfactory,39
superintendent,2
conditional,1
supplementary,1
moreover,7
lockport,2
counter-revolution,1
thinks,3
dissociated,1
dimensions,2
ac-,1
situate,1
restoring,3
refer,7
destroys,1
biased,1
scientific,9
power,121
intimate,3
retains,1
f--tobacco,2
went,2
retraced,1
industry,24
stationnaire,1
revolutionists,2
stipulations,4
practicable,9
neighbor,4
act,140
mean,5
decreased,23
markedly,1
lively,1
parties,24
accumulated,2
bubonic,2
ex-sailors,1
technically,1
tropical,2
her,16
recommends,8
complete,46
discriminations,8
inflaming,1
freedman's,1
antiquated,2
with,771
buying,3
abused,1
october,11
monopoly,36
treasure,1
-------------,1
dispensing,1
abuses,14
anti-narcotic,1
agree,13
detailed,7
gone,2
embitterment,1
citizenship,6
gratuitous,1
exhausted,1
certain,95
am,80
an,467
as,855
ensuing,5
at,417
formulation,2
appalling,1
'into,1
vocational,1
graduate,1
unparalleled,1
federals,1
conjectures,1
indemnify,1
congress,331
enrolled,1
merchants,5
seriousness,1
unanimous,2
shipping,4
impossibility,2
mass,2
original,17
legislatures,2
consider,9
caused,7
tours,1
fairness,4
causes,6
improperly,1
aleshire,1
to,4104
chewing,1
th,14
rate-making,2
tc,1
k--wool,2
appointment,29
returned,5
detention,1
blockade,1
corollary,1
earning,1
interpreting,1
condition,43
accompanying,5
misinformation,1
laying,1
joined,2
large,83
sane,2
lepers,1
perfumeries,1
much-discussed,1
samoa,1
discriminates,2
penalties,3
paso,2
orinoco,1
consummating,1
pass,14
destitute,1
situated,5
temporary--to,1
section,26
post-offices,2
prevailed,1
scientists,2
avenues,2
luxuries,5
method,45
full,41
empower,3
hours,7
departmeat,1
november,12
compliance,11
experience,27
prior,6
social,5
action,73
faculties,1
day's,1
via,1
followed,14
enactment,28
vii,1
regiment,1
viz,3
select,3
peary,1
britannic,4
ridding,2
petroleum,1
bigness,3
pearl,5
pollock,2
archives,1
more,203
door,2
befitting,1
initiated,6
navy-yard,2
company,51
corrected,2
competes,1
initiates,1
foundations,3
objections,9
keeping,7
science,3
sent,22
evolved,2
beautiful,5
prompt,15
stated,15
“comparative,1
suggestions,6
accept,4
states,394
unbiased,1
sense,9
nonintervention,2
bonded,5
information,34
respective,4
imminent,1
enlarge,5
earnings,1
monopolistic,2
reyes,1
plant,12
intended,15
sympathize,1
plane,3
director,1
appealed,2
organization,54
register,2
inquire,1
fundamental,7
geographic,1
annapolis,2
mexican,25
wools,9
installed,2
attitude,12
embassy,7
replies,1
its,434
rapidly,17
termed,1
officered,1
tentatively,1
propose,6
consign,1
misuse,1
hereafter,5
designation,3
always,21
assemblies,1
courses,1
subig,1
repayment,1
found,52
engendered,1
england,5
contiguous,4
reduce,24
reappointed,1
exorbitant,1
investigated,2
measurement,2
operation,45
nicaraguan,3
really,14
try,1
blacks,1
research,3
armaments,2
occurs,3
highway,2
belief,6
rises,1
reproach,1
driven,2
owners,8
retained,4
devoid,1
statutory,9
elective,3
w,2
expedient,3
contingency,1
exhibited,1
arose,2
major,1
precautionary,1
thereafter,3
brutally,1
preservation,15
contended,2
differ,2
heads,10
guest,1
introduction,4
arlington,4
threatening,3
calculations,5
justly,2
sympathies,2
first-,1
relationship,5
immediate,21
consuls,1
appreciation,9
parsimonious,1
consult,2
stifle,3
grace,1
perennial,1
observatory,7
defends,1
dismantling,1
fishermen,1
silver],1
defect,6
guarding,1
vitally,1
sell,3
permanence,4
vegetables--a,1
reliance,3
also,92
recognizing,2
internal,7
permanency,4
analogy,1
ancillary,1
play,6
departmental,4
-yard,1
effecting,5
plan,65
accepting,1
understands,1
unequal,2
menaced,3
sometimes,2
cover,9
barred,1
infringement,1
gold,5
accommodations,4
moroccan,1
defended,2
session,52
freight,7
inconveniences,1
occupation,3
grocers',1
stockholders,11
olongapo,3
failed,7
unjustly,3
equity,25
dependent,7
impregnable,1
remedy,10
preparing,2
closely,4
devising,1
frightening,2
enemy,1
progressive,9
incapacitated,1
cry,1
sojourn,1
banking,27
tottering,1
river,33
approaching,2
bulky,1
set,25
instituted,6
potent,2
see,13
migration,1
sea,7
adownward,1
regulator,1
spirits,1
avoidance,1
available,22
sparsely,2
premises,2
self-centered,1
postponement,1
incident,5
mingling,1
diminution,2
inquisitorial,1
premised,1
legislature,7
prospects,1
last,127
influential,1
offending,2
phosphorous,1
connection,19
oriente,1
retarded,1
whole,37
blaze,1
majesty,11
loan,35
allegiance,1
community,16
agents,12
filth,1
monthly,2
fifteen,1
acceptance,2
light-house,3
convicted,2
initiation,1
contained,7
widening,3
identic,2
combatants,1
fire,3
low-priced,1
honduranean,1
fund,19
moderation,2
races,3
representative,13
systematic,2
towns,5
packers,1
handling,5
uncertain,1
judicial,23
reliable,3
expanded,4
budget,4
receive,15
redounds,1
error,5
owed,1
pound,11
hoping,1
agitation,2
averaging,1
von,1
decline,2
centennial,1
mutsuhito,1
renounced,1
mediating,1
shorten,2
shorter,1
read,3
virtually,4
resulting,9
expeditions,2
comprehensive,13
cigar,1
expediting,3
alert,1
necessity,57
governments-,1
recent,30
canned,2
expend,2
zelaya,8
person,5
regulating,4
leone,1
telegram,2
land-indeed,1
conclusions,3
admission,2
desist,1
eager,1
location,1
crying,5
australia,2
emergency,14
demands,8
emanating,1
ware--there,1
high-ranking,1
suffering,6
emergence,1
projects,21
formal,4
imposed,27
d,5
communications,3
continue,23
tribes,4
disorder,5
names,1
pertaining,2
methods,54
senate,63
spring,3
amicable,5
transactions,11
cheapness,1
--------------------,1
religion,1
be,1277
unmindful,1
idealistic,1
china's,3
dictates,1
agreement,52
nowhere,1
relating,8
by,1039
of----------------------,1
deserved,2
exaggerated,1
unintentional,1
repair,4
colorado,7
into,166
appropriate,21
controversies,6
primarily,1
repaid,1
uncertainties,3
striven,1
submit,18
custom,7
occupy,7
suit,8
considerably,4
elsewhere,6
hawaiian,4
light-houses,1
oils,4
mitigate,1
slums,1
archaic,3
atlantic,9
competition,68
line,44
legation,3
considerable,18
redeemed,2
up,66
us,37
customers,4
mature,1
continuously,1
foreign-service,2
medical,5
storing,1
defined,2
likewise,2
influence,16
diverse,1
palisades,2
surveying,1
danube,1
caracas,1
fixing,15
preventing,7
points,7
revision,46
elements,1
energetic,4
lucid,1
litigants,2
proclamations,3
suppression,5
sides,6
ago,22
land,49
scotch,1
age,11
holes,1
carrying,32
incomplete,1
undervaluation,1
fresh,5
menace,3
having,42
wage-earners,1
code,2
partial,4
incorporate,1
results,34
existing,56
highways,1
broader,5
centers,6
seemed,13
one-half,5
longstanding,1
turkish,1
iii,2
concerned,19
young,7
send,8
dickinson,1
debarred,1
resources,36
retire,2
garden,1
continues,8
continued,26
minerals,1
harbor,14
transmissible,1
eve,1
anxious,4
race,16
depositories,4
pledge,2
thirty-eighth,2
mediterranean,1
unprofitable,2
recruitment,1
imply,1
munitions,1
licenses,1
assembly,3
expressed,16
consistently,5
luxuries-perfumes,1
indian,3
flowing,4
firms,1
harassing,1
thin,1
patentees,1
led,8
eminently,3
respectively,2
gathered,2
judges,16
let,5
consideration,74
invented,1
education--an,1
great,209
engage,6
technical,3
involved,13
mehmed,1
survey,7
defeat,1
opinion,25
residents,3
makes,24
involves,7
steamers,2
assemble,1
reserved,1
desiring,1
standing,7
confidence,6
certificate,2
illegal,8
encroachments,1
ministers,3
next,23
eleven,4
doubt,19
yardstick,1
confiscate,1
occurred,12
opposing,1
goods-------------------------------------------,1
delegating,1
animals,1
integrating,1
this,859
prompts,1
publications,2
drill,3
fulfill,1
rica,3
perfecting,1
woolens,2
process,6
lock,6
purposes,34
high,28
slip,1
transpires,1
reynolds,2
weaken,1
educational,2
localizing,1
delay,17
intelligent,5
wool-this,1
especial,6
determinable,1
disassociated,2
tied,1
solidarity,4
varied,1
realized,9
counter,1
element,3
commodities,10
writ,2
allow,6
volunteers,2
terminable,1
producer,4
enlistments,1
doubtful,2
produced,6
directs,1
operative,1
perfect,3
chosen,7
dispose,4
meantime,11
degrees,2
misapprehension,1
instruments,2
lawlessness,3
derelict,1
therefor,6
designs,1
dock,3
rotation,1
realize,7
presidential,4
liberia,15
establishment,45
traced,1
sufficiently,9
peking,3
truth,3
shortage,1
persia,2
accompanied,5
homogeneous,2
doing,21
society,2
books,4
husbanding,1
irritation,2
agriculture,22
witness,1
strictest,1
',1
dismissal,2
monumental,1
annexed,1
shut,1
incalculable,1
release,2
thrust,3
noncombatants,1
mainland,2
could,66
length,5
ratification,6
removing,4
hoarding,3
jurists,2
scene,2
owned,8
alleged,3
occurrences,1
gatherings,1
mandatory,2
opportune,1
legislative,29
vetoed,4
ordering,2
inalienably,1
irresponsibility,1
detailing,1
system,139
interests,94
enforcement,22
vigorous,2
devoutly,1
depressing,1
emasculated,1
coinage,1
warfare,1
outlined-a,1
commandant,1
appealing,1
collecting,3
false,2
shrinks,2
nonworking,1
partnership,1
fourteenth,2
clearly,12
viewed,2
necessities,14
documents,1
studying,1
therewith,1
mills,2
apprise,1
adjunct,1
infractions,1
chinese-japanese,1
injunctions,8
accuracy,5
worldwide,1
snuff,1
device,1
so-called,10
sweeping,1
print-paper,2
stronger,2
face,9
perceiving,1
wounded,1
subject-matter,1
fact,61
supplementals,1
vacancy,1
bring,39
rough,1
brink,1
decade,3
principal,13
rouse,1
zelaya's,1
should,316
secretaries,8
hope,63
exchanged,2
move,2
bonds,34
familiar,2
prohibition,6
molasses,2
defenseless,1
sea-level,1
committees,10
denmark,1
interownership,1
comprising,1
taxes,2
allegation,2
ohio,5
withstand,3
temporarily,5
lawfully,1
frame,6
correlations,1
agricultural,36
textiles,1
results--are,1
destiny,1
partisan,4
injustice,8
ends,2
industrious,1
advisability,1
seaboard,4
restrictions,6
invited,10
etc,3
fur-seal,4
figures,4
invites,1
adjusted,6
co,2
conclude,3
acres,14
undergraduate,1
attorney-general,9
steadiness,1
pinchot,1
entitle,1
utilizing,1
waste,6
recurring,1
construing,1
ballast,1
skoupchtina,1
manchurian,1
spain,1
banish,1
garrisons,5
expiration,2
lorillard,2
bathtub,1
discoveries,1
va,2
concerted,1
playgrounds,1
diversification,2
site,4
politics,7
to--on,1
conserve,4
denial,1
paints--------------------------------,1
outbreak,2
commercially,1
conflicting,6
columbia,18
upon,326
diplomatically,1
diate,1
contribution,4
identity,1
off,12
asked,7
patterns,1
century-old,1
command,18
oft,1
drawing,4
negligence,3
less,47
offices',1
treasurer's,1
generous,5
n--sundries---------------------------------------------------,1
soldiers',2
combine,2
wet,1
to-day's,1
increased,66
magnify,1
government,516
checking,1
haul,3
five,17
belgium,2
appliances--such,1
bullets,4
woeful,1
redound,1
undertaking,2
become,36
amendment,36
indications,1
liquidation,1
guaranty,6
postmastership,1
recognition,16
avoid,26
salaries,14
does,39
mcclain,1
schedule,68
endeavors,3
pressure,3
posterity,1
residences,2
loans,5
oligarchical,1
stage,6
gained,4
repaired,1
sister,5
eradication,2
importance--in,1
angeles,1
seeds,1
insufficient,2
concession,4
revise,4
high-priced,1
letters,2
referendum,1
assess,1
disaffected,1
cultivated,1
roads,7
unabated,1
charities,1
mere,23
terminated,5
housing,1
mitigation,1
riflemen,1
naturally,8
function,8
building,29
yarns,2
overlapping,1
delivery,5
lowered,1
candidacy,1
valuation,8
count,4
places,16
deficiency,3
official,23
smooth,1
triumphant,1
incompetent,1
placed,10
convince,3
monument,2
distribution,10
meyers,2
thirteen,1
cordial,15
rightly,1
recognize,4
contribute,8
dissemination,1
consumed,3
replica,1
interstate-commerce,13
major-general,1
tacna-arica,1
effected,17
compared,15
readjustments,1
efficacy,1
variety,8
trials,3
forests,17
lately,2
details,6
suppress,12
semblance,2
oppression,3
crystallizing,1
chance,4
water-rents,1
repeal,5
montrose,1
lasted,1
rule,9
mercenary,1
lift,1
compete,2
pension,9
rural,7
gardens,1
unspeakable,1
practicability,2
consolidated,1
desirable,6
controversial,1
repress,1
saved,4
defraud,1
votes,1
pointing,4
periodicals,5
edward,1
voted,2
worth,1
exporters,4
exaggerate,1
chamizal,3
delegate,2
abolishing,1
occasioned,1
panaman,1
rigorous,1
long-standing,3
established,28
transportations,1
deliberate,2
revolutionize,1
consequent,2
above,26
toll,1
majesties,1
lessors,1
officially,2
consisting,5
district's,1
told,1
simultaneously,4
ex-officio,1
kindred,3
bangkok,1
protection,58
pursuit,1
celebration,4
obtained,12
embitterments,1
rigorously,2
items,29
employees,34
juana,1
pooling,1
bettered,1
postponed,2
assuage,2
glittering,1
secure,68
inequitable,2
highly,6
total,51
plot,1
indians,3
world's,7
well-trained,1
administering,1
separated,2
ascribe,1
award,9
aware,5
tariff,194
word,5
twenty-one,1
permits,1
work,127
refusing,1
theories,2
tinder,7
era,3
mechanic,1
already,62
indicated,8
impair,2
indicates,5
indies,1
validated,1
profit--but,1
recovery,3
carriers,14
provide,29
verify,1
consumer,3
paying,5
interview,1
downward--and,1
resignation,1
meat-inspection,1
classifying,1
fever,2
after,67
customs,31
lax,1
lay,3
outbursts,1
law,286
stimulate,2
nascent,1
order,141
greed,1
office,43
devote,4
consent,14
satisfied,7
proportionate,5
-body,1
propinquity,1
japan,21
satisfies,1
enlistment,3
defrauded,1
clearances,3
production,53
then,57
them,165
affected,16
remission,1
safe,3
harbors-,1
break,2
shameful,1
they,245
bank,25
reasonably,10
classified,9
slavery,1
rocks,3
deficient,1
reasonable,55
feeds,1
schemes,1
observance,1
fairly,6
show--that,1
ocean-borne,1
purlieus,1
network,1
forts,1
forty,3
vessels,31
medicine,2
forth,10
barrier,1
veto,3
tops,2
lawless,6
standard,12
admits,1
appointments,9
disputes,8
enlightened,4
created,16
creates,2
renew,13
oppose,1
incorporated,3
organize,4
render,8
railroads,28
another,33
adventitious,1
illustrate,1
protracted,1
approximately,4
rates,84
observations,2
farming,4
enhancing,2
happily,8
diversified,2
albert,1
rejected,1
wastes,1
coal-bearing,1
honolulu,2
total------------------------------,1
self-governing,1
stupendous,2
monarchies,1
iron,3
powers,50
effectuate,1
respecting,7
prudence—that,1
manner,17
contents,1
forced,1
strength,9
genuine,1
convenient,6
latter,5
subjects,14
luxury,1
forces,22
transmit,1
explanation,4
circles,1
roumania,1
germane,2
what,76
a--chemicals,3
exercised,17
extending,4
involving,10
germany,8
phase,3
hesitation,3
grave,3
calculated,1
inferred,2
swamp,3
accounted,1
voting,3
wrongdoers,1
fitted,2
reserve,23
mittee,1
brief,3
disturbs,1
respectfully,2
facto,3
enjoyed,1
consciousness,1
guidance,1
wasteful,1
tawney,4
pursuing,2
adequate,33
predecessor,15
do,89
interest-bearing,2
de,7
preferred,4
yielded,1
prohibitory,10
conservator,1
happiest,1
dr,1
covering,4
suffrage,1
irregularities,1
equivalents,1
insurgents,1
squadron,3
steam,1
secretary,111
erroneous,3
observer,1
initialed,1
observed,6
depends,1
cattle,2
discussions,4
draws,1
away,17
compensation,25
unable,3
cooperation,24
contraband,1
drawn,16
accord,14
terms,38
remedial,2
admirals,5
overestimated,1
highnesses,1
received,27
climate,1
ill,2
receives,1
receiver,2
exceeds,2
transmission,5
com,1
old-fashioned,1
con,1
negotiation,15
ingenious,1
widen,1
artesian,1
excess,13
seizure,1
tons,3
wider,2
speak,6
broadening,1
unhappily,1
mobilization,9
condemned,10
drafting,4
corollaries,3
duties,80
families,2
easy,9
concerning,8
jeopardized,1
you,24
gracious,1
ordnance,2
has,676
reciprocal,10
air,2
aim,6
applies,4
aid,19
property,40
mistake,4
partakes,1
postmaster-general,6
world-wide,1
reforesting,3
comparative,4
confirmed,2
patent,2
apparently,2
hypothecated,1
imbued,1
accumulating,1
indictment,4
convictions,2
independent,15
crockery,4
balkan,1
rail,1
evil,10
hand,42
liberties,2
norwegian,2
confiding,1
caceres,1
prescribed,3
kept,14
whereby,9
singleness,1
thirty-four,1
resettlement,1
contact,3
the,11794
traditions,2
quoted,2
parks,13
beautifying,1
adding,1
hills,1
spread,6
board,64
evidenced,1
fares,2
progressed,2
unification,2
unfounded,2
pure-food,2
disadvantage,1
insurgent,1
securities,1
fifty-six,1
reassign,1
security,9
tyrannical,1
tsai-hsun,1
portuguese,1
honored,1
productions,1
ungracious,1
congratulate,1
idealists,1
misled,1
/,1
asking,4
denied,4
participation,10
marketing,1
confer,3
illustration,5
constructive,6
outlays,1
substitution,3
graduated,7
post,37
properties,2
newspapers,8
months,18
hostilities,6
constituting,6
cherish,1
considerations,5
prisoners,2
profession,4
bound,6
rendering,3
theorists,1
familiarize,1
legislation,99
fight,1
accordingly,6
conservation,22
way,70
accords,1
was,416
war,82
cloth,7
lowest,3
diligence,1
becoming,5
sundry,1
ceded,1
astonished,1
true,15
injury,19
tokugawa,1
maximum,28
generosity,2
remnant,1
jute--there,1
mails,7
promises,9
inclusive,1
frederick,3
evidence,24
dixon's,1
promised,7
enlist,1
mold,1
physical,1
weakened,1
interested,24
holding,13
test,7
artificially,1
welcome,5
yardage,2
concurrent,4
waterpower,1
leasehold,1
interval,4
domination,1
together,24
beds,1
loyal,2
reception,5
centuries-old,1
precedent,3
tribunals,2
diplomacy,18
strengthened,4
consul,2
indicating,1
supplement,3
subarctic,1
battle,6
devoted,4
repression,2
certainly,34
zone,18
shrinkage,3
--navy,1
compensate,3
permanently,6
devotes,1
southwest,1
division,17
protective,19
undecomposed,1
liability,12
trouble,2
aggressively,1
presented,34
altering,1
turns,2
ascertaining,2
p,1
upper,3
revolution,14
regret,8
discover,3
niggardly,1
affiliation,1
cost,122
scarcity,1
promise-performing,1
helpless,3
acrimonious,1
tangier,1
appear,8
assistance,13
celestine,1
foregoing,4
shares,1
uniform,7
shared,2
commensurate,7
consolidations,2
satisfy,2
supporting,1
explosion,1
confirmation,2
inauguration,1
combatant,1
appears,9
change,58
sending,4
exemption,1
of---------------------,2
petitioner,2
trial,4
burdensome,1
brigades,2
usually,6
country's,2
retired,2
extra,5
lending,5
marked,12
sincerely,7
italians,1
sufferers,1
rarely,1
market,18
prove,10
coalesce,1
live,8
commissioner,11
missionaries,1
symptomatic,1
remsen,1
commissioned,2
organizations,7
fortified,1
l--silk,1
foci,1
renders,1
can,211
stimulating,1
heart,4
dedicated,2
grievously,1
expanding,5
subsidies,2
supremacy,1
heard,6
fortunes,1
exclude,9
clothing,6
occur,2
restitution,1
productive,5
dispositions,2
discussion,36
means,56
write,1
state's,1
dominance,1
economy,52
product,7
sacrifice,5
southern,14
produce,9
pave,1
commit,1
drastic,3
nomination,1
indifferently,1
remember,1
whenever,13
sagacity,1
accelerated,1
progressively,1
----------,3
typical,1
embassies,1
serving,4
indeed,14
displayed,1
raised,9
ledger,1
aiding,2
ended,8
ratified,8
cold,1
still,33
owner--it,1
tending,2
assiduity,1
willow,3
gatun,1
incendiaries,1
inflicted,1
forms,4
codification,1
norway,1
inefficiency,1
correspondence,4
halt,6
introduce,2
half,17
not,554
now,235
provision,70
discuss,2
nor,21
enacted,15
unauthorized,1
servant,1
january,21
h,4
problematical,1
entirely,17
naturalization,1
furnishing,11
el,1
domain,22
prompted,2
challenged,1
cairo,4
directing,4
fires,5
supplant,1
ex,2
year,184
happen,2
avoided,8
shown,28
accomplish,13
opened,8
space,7
hastily,1
increase,111
belligerency,1
receiving,3
shows,31
inevitably,4
defenses,9
cars,1
dependencies,5
advantages,9
obligation,9
marine,12
prospector,1
care,24
deprivation,1
transition,2
british,13
honest,3
invitation,11
promotion,21
suffice,1
blind,3
benefited,1
striking,5
municipality,2
omission,1
directly,19
impossible,31
message,53
size,10
sheep,1
sheer,1
monopolizing,1
categorical,1
exerted,1
recess,1
mostly,1
that,1566
taxation,11
eliminates,2
expanse,3
brigandage,1
eliminated,5
appreciated,2
bolivia,3
accordance,27
transferred,3
monopolies,7
pass-book,1
fruits,3
troublesome,5
investors,1
remained,3
recover,2
battle-ships,1
offering,4
veteran,1
manufacturers,20
overcoming,1
equipment,11
ditional,1
similiar,1
begin,3
oppressive,1
attractiveness,1
price,20
exploited,2
plainer,1
successive,2
america,34
precedents,2
garments,1
sectional--it,1
reform,43
steady,5
conservatively,1
professional,4
duplication,5
filing,1
german,8
gratifies,1
discovered,2
negligence”,1
gratified,2
maine,3
fifth,1
ground,15
ratio,1
title,8
proclamation,9
proportion,19
embittered,1
corregidor,3
only,140
enriched,1
inventions,1
sierra,1
interstate,87
truly,3
loath,2
fortifications,7
cannot,8
differentiating,1
lynchings,1
deprecate,2
leather,1
seldom,1
reorganized,4
bulgaria,2
liberia's,1
physically,1
land-laws,1
“laissez,1
namely,2
ascertainment,2
concern,11
justifies,5
between,198
import,4
justified,11
torturing,1
notice,16
article,9
recovered,4
installation,1
reasonableness,10
enabling,7
reluctantly,1
comes,8
dispatch,8
promptness,3
learning,3
proved,11
fruitful,2
cares,1
reenacting,1
informed,7
territorial,3
cared,1
punished,2
dangers,3
partisanship,3
disclosed,2
misconstruction,1
discontinuing,1
subjecting,1
constantinople,1
external,3
fine-goods,1
scrupulously,1
realities,1
botanic,1
developing,3
these,221
geodetic,1
soil,10
commander,2
embrace,3
spooner,3
commanded,4
waterway,11
ship,4
develop,6
indebtedness,5
intelligently,1
inquiry,7
smoking-tobacco,1
streams,13
charge',2
noble,1
finish,1
centuries,1
closest,2
enjoyment,2
arctic,1
marking,2
farmers',1
property-much,1
validate,2
complained,3
theater,1
charges,9
constitutional,16
severe,3
congressmen,3
coordinate,2
charged,18
disbursing,2
battleship,5
valuable,10
accumulate,2
civilized,3
touch,7
speed,3
intolerable,1
renewed,1
legitimately,1
flood,1
improvement,62
allude,1
treatment,33
struck,2
disproportionate,4
real,23
rules,22
ruler,1
epoch-making,1
early,32
earnest,15
detract,1
using,6
execution,15
rear,7
pounds,6
greeting,1
annually,7
benefit,39
t,3
occasions,1
output,3
downward,11
wines--contained,1
twelve,7
verbal,1
exposed,2
astronomer,2
zealously,1
pursuance,8
duration,1
enacting,3
recorded,4
conservative,3
deficit,27
flourishing,4
wheat,2
business,206
equivalent,3
strained,2
credits,4
evolve,1
uncivilized,1
accommodated,1
sixty,3
underselling,1
throw,4
comparison,6
incorporators,1
central,30
paints,1
delimitation,1
greatly,46
testimony,1
intent,4
protests,1
heated,1
your,20
intervention,5
fast,2
supervising,4
weight,9
prepare,4
area,4
assumed,12
los,1
low,13
jones,1
smuggling,1
delayed,4
two-thirds,3
attainable,1
trying,3
fraud,7
dominican,11
circulation,2
bucket,1
undertake,4
statesmanlike,1
describe,2
sales,3
opium-exclusion,1
judicially,1
bill--which,2
completeness,1
administered,1
appraising,1
intercontinental,2
valid,2
semiarid,6
earthen,2
poor,3
arbitrator,2
drift,1
massachusetts,1
suited,1
tendencies,3
pool,1
fiscal,38
bulk,2
repay,1
requisition,1
restored,3
doubted,2
south--,1
malcontents,1
skeleton,2
ceases,1
groundwork,1
month,8
ceased,2
thoughtful,1
douglas,10
violative,1
j--flax,4
wyoming,1
foster,4
equivalency,1
sustain,1
pledges,1
confidential,2
very,89
magistracy,1
decide,4
squadrons,1
--,2
louis,5
ceaseless,1
prohibitions,1
locomotive,1
colossal,1
streets,3
enjoin,3
conscience,2
commentaries,1
consumers,3
fractional,1
certificates,3
learned,2
turmoil,1
tripolitania,1
modify,1
answers,2
trunk,2
strong,15
respect,107
interposed,1
creeps,1
colored,2
conviction,7
outgrowth,1
inspired,1
losses,4
soldier,2
amount,74
advertising,2
sealing,3
inspires,1
invalidate,1
family,3
mediator,1
requiring,11
put,34
aimed,3
trained,8
income-producing,1
teach,2
dowager,1
conventional,1
takes,1
probabilities,1
contains,5
strauss,1
chaotic,1
taken,62
brunswick,1
entails,1
authorization,1
consummated,1
man-of-warsman,1
regrettable,3
voorhees,1
instrumental,1
excuse,1
broke,3
factories,2
producing,6
analogous,2
combiners,2
evils,13
nine,4
history,24
advises,1
disputants,2
publicist,1
boycott,3
archipelago,6
phrase,1
lacks,2
firmly,1
utilize,1
stayed,1
surpassed,1
hampered,1
reject,1
vigilance,1
idaho,1
tried,1
communicating,1
derived,10
thirty-seven,3
invasion,6
twenty-nine,4
compulsory,3
a,2148
chancellors,1
dread,1
banks,40
dream,1
materialistic,1
help,6
progressing,1
preponderating,1
soon,22
held,41
committee,27
committed,6
limit--be,1
discloses,1
taxpayer,1
betterment,1
solving,1
actually,10
absence,11
systems,7
differed,1
fines,1
food,23
anticipated,5
foot,1
develops,1
well-known,1
erection,2
fully,19
intervene,1
tear,1
referred,26
heavy,20
thirteenth,2
enemy's,2
beyond,21
absurdity,1
event,6
robert,1
since,45
tin-foil,1
testify,1
publish,2
trusts,17
safety,5
issue,31
sympathized,1
favored,5
misstatement,1
houses,5
reason,49
base,10
ask,5
earliest,2
revolutionary,3
just,31
terrible,1
fifty-four,1
american,258
scouts,1
heartiest,1
kuni,1
devolve,1
partnerships,1
probability,2
reflected,1
dominating,1
arbitration,43
inure,2
generalities,1
obtainable,1
station,14
seafaring,1
hundred,8
selling,4
storm,1
cartridges,1
d--wood,2
authors,1
apprentice,1
financing,2
scheme,5
kindly,1
autumn,4
store,2
attorney,7
toward,41
deciding,1
urgently,7
constructors,2
affirmative,3
substantial,26
sentences,3
concentration,11
null,1
ratings,3
imports-will,1
evasion,1
speculative,2
empowered,12
officers,105
useless,5
depredation,1
assiduous,1
towards,1
frauds,8
quote,3
exempted,1
anniversary,5
aires,5
position,26
approved,21
salary,9
sturdy,2
mobile,2
clear,21
unreasonable,3
fifty-two,1
latest,1
completion,16
predilections,1
copyright,1
justice,30
inaugurated,1
assertion,3
policing,1
meanwhile,2
numbering,1
trees,3
hoped-for,1
feels,1
carded,3
competing,9
combinations,39
during,79
sacrificed,1
alteration,1
recommendations,36
dissenters--that,1
courteous,1
seventeen,3
patriotism,1
throwing,2
culture,1
mediators,2
close,18
paul,3
probable,8
familiarity,1
tolls,22
probably,14
conditions,95
years',2
stagnation,3
unconscious,1
intending,2
philanthropist,1
liberian,3
both,70
garrison,7
canadians,1
experimental,2
headed,1
whatever,7
vessel,3
described,12
stamp,2
dams,7
exert,1
maintenance,33
collected,8
territory,20
walter,1
collectible,1
heaviest,1
partly,5
citizen,11
else,4
lives,11
bidding,1
accomplishes,2
utmost,12
look,3
governor,5
pace,1
while,86
socialism,1
steuben,1
endanger,1
fleet,17
animated,1
unexampled,2
costly,2
voters,1
rulers,1
--six,1
ready,6
fairer,2
grant,7
belong,2
grand,3
modification,4
composition,1
conflict,8
pleadings,1
used,22
temporary,16
friends,3
uses,4
brussels,4
herewith,2
older,2
increases,21
obviously,2
auditor,3
authoritatively,2
scouring,2
distances,2
abstain,2
judgments,6
migratory,1
settlements,1
quarters,6
fertilizing,1
useful,30
retirement,7
helping,2
$,236
wounding,2
informal,1
recurs,1
cemetery,1
exercising,4
harmonize,1
lection,1
guarantees,1
remaining,9
applauded,1
hypothecation,1
march,13
lacking,4
showing,9
enthusiastically,1
game,2
wiser,3
damage,5
overthrown,2
excluding,7
submission,7
signal,3
resorted,1
manifest,9
popular,21
higher-priced,1
brakes,1
largeness,1
creation,15
some,115
urgent,9
economic,25
delivered,4
beneficially,1
exceeding,9
intervened,1
civilization,3
retrogression,1
measures,29
run,8
colonization,2
step,17
assists,1
lawfulness,1
abroad,40
troops,25
faith,7
bureaus,16
entailed,1
specialservice,1
disclosure,1
within,86
ensue,3
books-------------------------,1
statistics,16
renewal,2
placing,7
accountability,1
consultation,3
heritage,1
fisheries,9
manufacture,25
withholding,2
himself,7
duly,5
healthful,4
specialty,1
properly,32
alive,1
noisome,2
russian,1
warlike,1
circuits,3
vacancies,1
foresight,1
similar,35
ordered,3
mindful,2
recommendation,41
metals,2
unwise,7
cotton,16
ancestors,1
legislature$$$$,1
amounts,5
fears,3
application,28
electrical,1
department,224
draw,3
clean,4
[exclusive,2
kansas,4
potentialities,2
resign,1
regulations,21
reservation,6
restrained,1
structure,2
before--and,1
e,3
practically,11
required,35
depth,7
amount-,1
everywhere,6
requires,14
aggregating,2
farms,3
proposition,10
go,25
gi,1
shackles,1
arid,8
suits,5
excluded,3
nondealing,1
friendly,25
nomine,1
miners,2
acreage,1
preponderance,2
stiff,1
positions,11
inspection,5
enforce,8
compensated,1
carter,1
hupeh,1
decrees,7
honors,2
cheapening,2
auspices,4
colonel,3
guaranties,6
experiment,7
selecting,1
disadavantage,1
distressing,2
prescribe,2
fifteenth,3
following,20
affidavits,1
canals,1
engraving,1
convert,1
likened,1
products,61
patents,9
examining,1
foresee,1
danger,27
win,1
juries,2
manage,1
addressed,4
wit,5
announced,3
agreeably,1
remains,9
etc-----------------------------,1
exhaustive,3
reflects,1
belgian,2
formally,3
started,3
becomes,7
agent,5
rivalry,3
appointed,44
announcing,1
ricans,1
irreparable,6
servants,6
vexatious,2
meet,47
conformity,2
control,106
inviolate,1
blaine,1
sought,14
wonderful,5
voice,2
northerners,1
hesitate,2
defective,1
campers,1
arrangement,22
-----------------------,4
located,4
sentiments,3
guatemalan,1
frontiers,1
reestablish,2
circular,2
fostered,3
farm,10
chiefs,4
ingalls,1
advocated,5
tome,1
payne--i,1
encyclopedia,3
workingman,1
commerical,1
astronomical,1
alliance,1
including,36
mentioned,5
facilitates,1
hudson-fulton,1
thence,1
culebra,4
hands,12
front,2
overcharges,1
mastery,1
university,1
adjournment,2
slide,1
mode,2
nationals,12
prevailing,5
commonwealth,1
tacnaarica,1
globe,1
pursuits,1
retaliation,1
constitute,4
promulgation,1
exceeded,1
separating,3
special,69
gallant,1
protection--and,1
armor,2
unlawful,11
critics,4
playground,1
subserved,3
cause,27
wines,4
pharmacopoeia,1
withdrawal,6
humiliating,1
delegates,1
attending,4
completely,8
sneer,1
resumed,4
kinds--first,1
determining,15
route,6
emory,1
diminished,3
keep,12
keen,1
justifying,1
mankind,1
possessing,2
powerful,6
improving,6
congo,1
iquitos,1
precisely,4
quality,4
management,25
bears,1
data,8
durable,1
achieved,3
superannuation,1
relations,78
attack,6
perfectly,1
belligerents,1
final,19
prone,1
pribilof,1
punish,2
exactly,4
formalities,1
chemicals,2
manifestation,2
comity,1
aspiration,2
beg,4
submitted,28
providing,29
distinguished,9
exhibit,3
enforced,10
unchanged,21
ecuadorian,5
thereto,4
need,45
border,16
pursued,6
able,32
purchasing,2
ably,2
instance,13
relatives,1
issuing,8
sufficiency,2
fuels,1
axiomatic,2
valorem,9
montana,1
connected,3
but,271
intrinsic,1
consequences,5
proceedings,14
construction,70
impression,5
be-the,1
violation,15
d--lumber,1
halting,1
soldiery,2
soldiers,6
envy,1
based,21
earned,3
hopeful,3
employer,2
earner,4
bases,2
reorganizing,1
employee,9
employed,14
mortality,2
commanders,1
improvident,1
switchmen,1
commendation,1
michigan,1
leased,2
maritime,8
joint,15
legitimate,19
assistants,1
leases,4
procedures,1
evolution,1
evident,3
tobacco,28
quarantine,1
she,8
contain,7
widow,1
albania,1
computed,1
immigrant,3
argued,1
latin,5
reinforcements,1
usefulness,13
desperate,2
misstep,1
humane,2
southward,1
tend,7
written,2
clerkships,1
correctly,1
allotted,1
neither,8
direst,2
comparable,1
sole,4
determinative,1
importance,61
interfere,12
efficiency,61
key,1
police,10
precious,1
goods-------------------------------,1
sediments,1
diligent,2
career,2
disobeyed,1
minds,2
admit,4
expand,6
jersey,2
bearing,8
franchise,3
preparedness,3
congresses,1
accomplishing,2
addition,24
discrimination,13
wills,1
thanked,1
cent,72
immense,8
slowly,2
treat,3
corresponding,4
expenditure,23
mail,21
smoking,1
reclassified,1
debtor,1
novel,1
glossary,3
harder,1
natchez,1
owns,3
resident,2
nicaraguans,1
surface,5
examined,1
capture,1
parte,1
fortification,3
began,3
janeiro,1
parts,13
northwest,2
incumbent,3
party,54
fide,1
effect,66
discouraged,2
frequently,4
destruction,6
compendium,1
inspector's,1
transaction,2
reflection,2
i,713
obstacles,3
well,77
rife,1
reside,2
of-----------------------,1
enormously,1
increasingly,2
accurate,8
mistaken,1
detail,18
sources,12
inefficacy,1
skill,2
coordination,3
reaffirmation,1
farther,1
deposits,16
killed,2
imposes,4
extends,1
warrant,3
indignation,3
impassable,1
definitive,2
ample,4
devised,6
historic,1
burden,19
intimates,1
immediately,11
amply,2
prominent,7
loss,17
lincoln,4
necessary,114
lost,4
exploiting,2
payments,3
congress--and,1
divest,1
refugees,1
regardless,2
therein,9
phenomena,1
library,1
motive,12
repeat,7
warmer,1
cleveland,1
home,23
proofs,1
anti-trust,16
competitor,2
accurate',1
broad,8
consultative,1
appreciative,1
open-door,1
demonstrated,5
limitations,8
reaching,8
monetary,18
expansion,16
prohibited,4
offset,2
instinct,1
misrepresentation,2
refuge,3
individualism,1
freedom,15
sinister,1
recognized,16
pendleton,1
dominion,19
recognizes,1
commission's,2
equally,6
contending,8
previously,3
political,46
washington,40
subsidizing,1
them--shall,1
additions,1
utility,6
doubtless,7
mississippi,8
additional,32
imperial,9
recruited,2
gunboats,1
crushing,1
north,13
neutral,2
gain,6
courts,72
balance--about,1
overflow,2
highest,18
he,81
annuities,3
signed,20
carriage,3
converted,2
limit,7
display,2
urging,3
mechanics,1
diligently,1
intersects,1
devise,1
universal,4
education,13
cavalry,5
functions,18
contest,2
importations,8
disposing,5
wouldbe,1
foreigntrade,1
stay,4
empowers,1
dewey,1
appoint,9
portion,6
theretofore,3
determination,9
indirectly,4
aided,3
dissolution,8
obstruction,1
protest,4
aides,1
consists,5
shrinkages,1
undersecretary,1
captain,1
whose,49
tehuantepec,1
pensions,7
presents,6
nominal,1
sorry,2
bulkier,1
promulgated,4
emerged,1
merchantable,1
void,1
railways,18
misunderstanding,1
reforms,21
affect,2
woolgrowers,2
vast,13
crops,5
companies,42
solution,15
extinguishment,1
enhance,1
unifying,1
deplorable,3
occupancy,1
clothes,1
discriminatory,10
force,61
dogmas,1
japanese,7
likely,27
subordinate,6
even,32
preferences,1
integrity,4
panama,51
asia,1
lights,1
foodstuffs,3
new,136
net,14
upward,1
ever,17
harbors,10
fellow-servant,1
deemed,8
statehood,2
men,82
met,14
deposition,1
possibility,8
active,15
interpret,1
dry,5
rests,3
expedited,2
credit,15
permit,21
lucrative,1
adopting,4
suitable,26
intrigue,2
emulation,1
plea,1
campaign,7
weevil,1
ninety,3
moral,8
guests,2
circumvent,1
undesirable,1
criminals,2
army,95
arms,4
call,18
calm,1
intrust,2
recommend,72
survive,1
type,6
tell,1
expose,1
wars,2
post-office,19
warm,2
ware,1
-fact,1
room,2
rights,25
interposition,2
gasoline,1
roof,1
exceptions,7
akin,2
root,4
newfoundland,1
give,54
involve,6
surveyor,1
crystallized,1
advancing,2
autonomy,1
faults,2
answer,11
construe,1
minority,3
reconciled,1
vicious,2
president,67
purchase,8
attempt,23
third,18
assuredly,1
maintain,30
fraudulently,2
operate,4
rebates,3
operations,8
cession,1
fortify,1
appropriating,2
before,64
colliers,4
personal,16
better,37
differently,2
enlisted,12
weeks,4
confidently,1
combination,33
shirk,1
eight-hour,4
meat,3
arrested,1
wage,5
bona,1
side,15
instrumentality,3
afforded,4
oceans--by,1
principles,31
navy,83
clauses,1
first-class,4
collector,3
contend,5
decree,19
restricted,2
content,4
reader,1
surprise,1
venezuela,7
grease,5
turning,2
resume,2
curtailment,4
struggle,7
cyrenaica,1
messages,7
deems,1
prodigal,1
signature,6
moving,1
penury,1
twenty-two,1
features,11
thereon,1
grade,6
thereof,6
executions,1
immensely,1
ditch,1
length--presented,1
pelagic,2
neutralization,1
recruiting,1
witnessing,1
solemnly,2
villages,1
self-restraint,2
somewhat,6
requisite,4
peculiar,7
distance,4
anxiety,2
disciplined,1
conforms,1
legalize,1
enabled,4
preparation,9
matter,51
deserving,1
over-issue,1
enables,2
usages,2
modern,31
mind,8
mine,3
emphasizing,1
seen,10
seem,21
seek,6
adjourned,3
jealously,2
fitting,5
chinchow-aigun,1
demoralizing,1
friars',2
replenished,1
regular,27
trusteeship,1
assisting,1
observation,2
entrain,1
alarm,2
m,1
redetail,1
competitors,5
definitely,3
principle,35
mailing,1
urgency,1
beverages-------------------------------------------------,1
amending,2
ambassador,10
visitor,1
jurisdiction,36
ending,19
treaties,17
attempts,2
bondholders,1
uneasiness,1
supplied,4
whatsover,1
explain,2
sugar,14
judged,3
exports,17
reconstruction,1
endorse,1
stop,7
coast,34
reviewed,4
comply,6
earn,1
bar,7
fields,3
thrusts,1
bay,8
bad,9
troop,1
fertility,1
ears,1
reference,23
prophesy,1
decided,12
subject,91
brazil,3
voyage,1
said,41
artificial,5
prince,4
rates----------------------------------------------------------------,1
simplest,1
tolerance,1
restricting,2
suggested,15
maneuvers,6
uncertainty,6
against,109
distinction,10
monopolize,10
confronted,2
exemplary,1
appeared,2
guaranteed,1
initiative,3
drilled,1
springs,1
administrations,3
speedily,1
apprehended,1
accustom,1
isthmian,1
proceeded,4
recur,1
basis,31
three,60
erect,1
particulars,1
commission,137
detrimental,2
interest,89
entered,25
deeper,3
prosperous,1
quantities,2
personally,3
deepen,1
exception,3
affirm,1
servia,2
originate,1
economies,5
near,29
suppose,1
itinerary,1
imperatively,2
balance,7
study,21
twenty-four,1
seven,8
hunan,1
mexico,27
reversionary,1
is,1188
it,1018
defeated,7
ii,3
soils,13
in,3059
disappear,2
if,176
grown,7
specialization,1
entitles,1
make,143
of-------------------,1
potentially,1
unfortunate,6
program-,1
colonies,1
confronting,2
grows,2
entitled,6
meets,2
condemnation,1
governors,3
differing,1
concourse,1
manchu,1
supposing,1
opportunity,45
practiced,1
programs,1
settled,9
failing,2
landreau,1
materials,11
claims,37
investments,4
left,30
protocol,9
alluded,1
fair-minded,1
warmest,1
unfair,3
assigned,8
reformation,1
human,4
facts,24
yet,16
trade's,1
pecuniary,8
regarded,12
assassination,1
character,51
of-----------,1
copyrights,2
justices,5
save,13
designate,1
unfitting,1
sailors,2
subjects-matter,1
forester,1
auspicious,1
destroy,9
supervisory,2
dignity,5
states',1
performing,1
manual,1
unnecessary,19
notorious,3
navy-yards,4
unexplored,1
incidental,14
conciliation,2
deal,17
dead,1
strife,3
ignore,2
auditing,2
undisturbed,1
investigations,14
deleterious,1
incidence,1
devastation,2
boll,1
chilean,3
denuded,1
bluejackets,2
operates,4
submarine,1
magazine,2
afternoon,1
islands,30
states-mexican,1
automatically,2
managers,3
formerly,3
amounted,11
intellectual,3
negative,2
down,18
lies,7
shippers,8
doctrine,5
refined,1
annoyance,1
preemption,1
initial,4
approximate,2
inspected,1
fraction,3
vacated,2
handicaps,1
factions,7
most-favored-nation,1
form,36
immorality,1
ford,1
failure,12
surrender,1
fort,4
continuance,13
attached,1
stages,1
fractions,2
strengthening,2
exerting,1
covers,2
sale,21
claimants,3
floating,3
fraternal,1
graft,2
provisions-----------------------,1
discriminate,1
locality,1
authoritative,1
generally,27
handed,1
workmen's,3
exporter,1
felt,8
utilities,7
fell,2
exported,1
authorities,9
transfers,1
died,1
billion,1
assume,6
annuity,1
daily,1
correspondingly,1
redivision,1
parcels,6
profits,8
managed,3
relieve,11
mild,1
mill,1
abundant,1
resourceful,1
retention,2
depend,7
striving,1
answered,1
finally,14
marks,2
sovereignty,7
mooted,2
adviser,5
telegraph,1
contemporary,1
friction,8
uneventful,1
advised,6
governments,78
did,36
die,1
economize,2
item,3
inconsistent,4
unexpected,2
dealing,10
bombardment,1
entertained,1
water-power,12
circulars,1
international,100
unrestricted,4
filled,4
books--------------------------------------,1
transportation,30
clerk,6
french,7
congestion,2
signalized,1
refused,3
wait,1
comptroller,5
canadian,8
institute,2
salvage,1
exploitation,1
simultaneous,2
suggestion,16
conveniently,1
dick,1
elect,3
merely,16
regeneration,2
flexibility,1
verge,2
sympathetic,6
wealth,5
visit,11
france,10
pelts,1
peru,11
francs,1
liggett,2
lessened,3
curriculum,1
rigid,5
effort,23
government-owned,1
demolish,1
noninterest,1
avoiding,5
quoting,1
unimproved,1
growing,16
making,50
arrive,2
claim,14
uruguay,2
tawney's,1
overzealous,1
guarded,1
council,5
complainant,2
strikingly,3
staying,1
may,201
misrepresented,1
membership,1
trade-marks,3
designed,2
destructive,4
grow,8
man,14
outline,3
johnson,1
borrowing,1
tale,1
inhabitants,3
jail,5
deposit,4
african,1
talk,1
framing,2
shoes,1
gradual,5
pointed,9
wishing,1
entity,2
stability,7
recoup,1
cuts,1
differs,1
mehemet,1
group,10
months',1
interesting,3
habit-forming,1
policy,95
ours,5
main,13
texas,7
finance,2
details--items,1
views,11
imme-,1
boats,2
aspirations,2
resource,2
dissatisfaction,1
ordinary,17
developments,3
possess,4
outweigh,1
obviates,1
attorneys,1
keenly,1
feverish,1
obviated,2
seacoast,1
rock,6
ware------------------,1
vogue,5
conventions,15
thoroughness,2
canada,32
living,15
jackson,1
interference,2
condemns,1
imperative,4
reforestation,2
dutch,1
correct,6
assurance,5
lag,1
articles-------------,1
california,2
trademarks,1
ore,1
favor-that,1
forbids,1
advance,10
derivation,1
language,5
contented,2
thing,4
think,45
frequent,3
first,74
discharges,2
americans,18
beaten,2
suspended,2
carry,30
corporations,63
discharged,2
interchange,7
little,18
unduly,10
anyone,1
plains,1
moisture,1
participated,1
speaking,6
bloodshed,1
adjudicating,1
mining,5
inefficient,1
continuous,4
accurately,3
undoubtedly,6
framers,3
protected,13
venture,8
were,237
commends,1
gathering,2
topics,2
occupies,1
briefs,2
conspiracy,7
dredging,1
occupied,1
fushimi,1
allison,1
efficient,20
centimes,1
canton,1
potential,3
interior,25
performance,8
beirut,1
registered,1
channel,4
amiable,2
normal,10
decreasing,1
paid,25
assault,2
tract,4
complaints,1
haichi,1
conspicuous,2
cuban,2
especially,36
fills,1
pernicious,2
haversacks,1
shop,1
obstructive,1
m--pulp,2
show,34
accession,2
representatives,51
arrears,3
threshold,1
sixty-seven,1
properlv,1
principality,1
claimant,1
behind,6
re-create,1
treasury,50
enthusiasm,1
revisionist,2
get,3
contracts,15
designated,6
employers,1
unimportant,2
nearly,21
distinctly,3
conjunction,1
geo,1
gen,4
secondary,7
yield,3
summary,4
miles,13
communicated,4
declared,12
honesty,1
seas,2
relative,4
declares,3
eliminating,1
seal,3
calendar,2
wonder,2
steadfast,1
boundaries,6
enough,19
reading,3
across,11
august,28
ascribed,1
countenance,1
nationality,1
killing,4
dates,1
trader,1
trades,1
according,9
tour,1
patrons,4
holders,1
among,53
maintained,14
exhibits,2
all-embracing,1
cancel,1
writing,3
technicalities,1
custody,1
considering,8
sensible,1
arts,2
capable,5
fellow-citizens,2
mark,5
barra,1
regimental,1
compensatory,2
borders,1
politico-geographical,3
fiftieth,2
educated,1
precautions,2
worsteds,1
offered,11
self-respecting,1
amphitheater,1
declaration,8
hankow,1
those,199
sound,8
warning,2
residence,4
investigating,1
awakened,2
inadvertence,1
conferences,12
eventually,3
characteristics,1
sincere,5
middle,3
pressing,5
baths,1
wisely,1
movements,3
different,36
harsh,1
doctor,1
pay,34
edwin,1
same,91
forests--seems,1
speech,2
arguments,5
deference,3
struggling,1
pan,5
extended,18
assist,12
running,5
one-man,1
drain,1
largely,18
scrutinized,1
mortgages,1
objection,14
accountable,1
solve,2
easing,1
convened,2
consisted,2
money,26
unofficial,1
reputable,1
aspect,3
prieta,1
extensive,8
heavier,1
careers,1
docks,1
inhibition,3
disadvantageous,1
railroad,30
disappointed,2
facing,1
chamber,1
either,29
served,4
voluntarily,2
pittsburg,1
imprisonment,3
l,3
second-,1
specified,2
pasture,1
organizing,1
gross,4
ellis,1
confirm,3
colonial,2
footing,3
disciplinary,2
critical,4
expressing,2
eliminated--some,1
moderate,5
ratifications,3
manufactured,11
fitness,1
notable,5
unusual,1
dictators,1
notably,1
broken,1
intrastate,1
visits,4
manufactures,33
manufacturer,8
william,1
conducting,5
preoccupied,1
opium,15
stations,4
island,11
violence,3
generated,1
practical,32
mixed,2
provisional,8
road,1
interstate-railway,1
quietly,1
lands,74
whites,3
skilled,5
empress,1
harness,1
acquiesced,1
decisive,1
deepened,1
unsettled,2
instant's,1
arranged,5
powerless,2
deliberation,4
deep,3
general,121
examine,10
deem,3
remit,1
file,4
importing,1
casualty,1
fill,2
tedious,1
again,24
amendments,12
assessing,4
personnel,11
field,14
supplementing,1
measles,1
clothe,2
president's,2
fruitless,1
equitably,4
moralintellectual,1
students,5
-----------------,1
important,93
brands,1
equitable,14
remote,4
u,1
resolution,6
adjutant,2
represent,6
needful,4
forget,2
aids,7
forbidden,3
dollar,4
bravest,1
postponing,1
forged,1
cooperative,4
invariably,1
expressions,2
children,2
unobstructed,1
reluctant,1
preserves,1
modernization,1
destroyers,4
preserved,1
tranquillity,3
expired,1
enjoying,2
premium,2
parcel,11
sitting,2
fall,3
difference,32
hinterland,1
addressor,1
benevolent,2
applicable,7
reciprocation,1
economically,6
neighborhood,4
withheld,5
outworn,1
clinch,1
perception,2
perspective,1
further,61
appreciating,1
cigars,3
illogical,1
diaz,6
ences,1
public,172
movement,22
outgoing,1
promising,1
component,1
nation's,5
ranges,1
inconsiderable,2
disastrous,1
operating,7
depots,2
speeches,3
likin,2
published,1
narrow,5
authorize,10
alexandria,2
africa,1
aptitude,1
sanction,4
rican,3
extinction,1
establish,23
uniformity,3
distinct,1
destination,2
two,133
governance,1
comparing,1
cultivation,4
de-,1
endowed,1
restraints,3
achieving,1
apprehensions,2
controlling,7
particular,21
nineteen,3
town,2
none,8
hour,2
strain,2
recall,1
roosevelt,3
remain,13
sudden,1
halts,2
abandon,4
specialized,1
mutuality,1
compare,1
bravely,1
expeditiously,2
share,7
sphere,2
minimum,27
attain,4
purchased,1
maturing,1
needs,23
claimable,1
needy,1
acts,8
sacred,1
uprising,3
advice,15
par,4
blood,1
coming,13
disquieting,1
response,3
entry,4
deserted,1
coal,26
responsibility,18
insofar,1
pleasure,2
excepted,1
infant,1
appeals,24
through,111
heirs,1
existence,17
noncommissioned,1
suffer,3
hundredth,2
possessions,1
energies,1
alsop,3
late,6
appended,1
lookout,1
good,74
seeking,9
primary,3
obeyed,1
formulating,4
complain,6
association,19
easily,10
huddle,1
celerity,1
evade,2
habits,4
eventuated,1
ports,8
harm,1
everyone,5
house,52
fish,2
hard,3
idea,4
oil,20
furtherance,4
obtains,1
interrelated,1
orient,5
throes,1
prosecution,15
projected,2
acting,5
print,4
enforcing,8
recoveries,1
difficulty,13
senor,2
members,40
beginning,15
benefits,14
friendliness,2
needing,1
conducted,6
long-awaited,1
pounds--the,1
instances,20
utilized,2
guardianship,3
done,56
embraced,3
wages,4
twenty,5
construct,8
regulation,23
assumption,6
statement,12
compromise,2
conspirators,1
lease,7
favorably,5
park,12
total---------------------------------------------------------------------------,1
part,118
favorable,13
franchises,1
believe,49
corpus,1
john,4
businesslike,2
recording,1
contrary,6
supposed,4
treated,9
declare,3
philippine,17
notwithstanding,1
three-quarters,1
confirms,1
orders,16
paths,1
built,12
trip,1
majority,11
build,6
deepening,1
province,2
annihilation,1
chart,1
advert,1
most,118
significant,1
services,11
engagements,4
extremely,1
goodwill,1
mediation,3
charitable,2
joining,1
particularly,10
rebels,1
disturbances,5
obligations,21
commissions,3
scattered,7
hillside,1
minimizing,1
relation,12
carefully,7
fine,8
find,19
month's,2
depended,2
distributed,10
distributee,1
massing,1
affiliations,1
asphaltum,1
permission,1
cholera,1
express,9
cheaper,6
cheapen,1
annexation,3
inaugurate,1
sill,1
merchandise,5
forty-five,1
resolve,1
testifying,1
remove,13
safeguarding,5
common,46
profit--the,1
cynical,1
excavation,3
tended,1
liquors-----------------------------------------------------------------------------,1
individual,17
tender,2
forthcoming,2
materially,4
feared,2
repairs,2
desires,3
expert,7
electoral,2
smallest,1
marshals,3
envelopes,5
benefiting,1
distraught,1
historical,6
commercial,71
scuttle,1
guantanamo,5
reverse,3
appropriations,32
solely,4
annual,34
foreign,188
consume,1
point,24
simple,2
prosecuting,1
simply,4
unsuccessful,1
asserted,2
throughout,20
suppressing,1
expensive,6
consuming,1
raise,2
create,14
rivals,2
secret,1
meeting,14
gas,4
cruelty,1
priced,1
understand,6
potash,1
prices,47
resisted,2
unnecessarily,1
classifications,5
grains,2
solid,4
foreshadowed,1
bill,136
elections,7
deferred,1
replaced,1
consular,25
ful,1
spitzbergen,4
shoddy,1
impracticable,1
portugal,1
century,6
cents,11
encountered,2
itself,47
all-important,1
monroe,4
bernardo,1
italy,6
ingrain,1
reign,1
wherein,2
textile,1
total---------------------------------------------------------,1
emphasize,5
copying,1
development,65
inhibitive,1
assignment,4
retrenchment,1
moment,3
purpose,110
infused,1
timid,1
predecessors,2
task,9
percentages,2
forfeited,1
spent,3
withdraw,5
revising,3
chemistry,1
spend,1
prevention,3
alluring,1
klingle,1
guano,1
profoundly,1
bankers',1
shape,1
openly,1
alternative,3
antinarcotic,2
dishonesty,1
injuries,6
timber,12
letting,1
impetus,1
cut,21
localities,1
court-martial,2
source,10
administrative,13
excited,1
habeas,1
bid,1
educator,1
displace,1
smallness,1
redeem,2
foreigners,4
follows,4
amalgamating,1
indication,4
foolish,1
fourth-class,7
often,9
collectors,4
absolutely,6
obliged,1
magnificent,1
back,8
delegation,5
strongest,2
examples,2
mirror,1
incidentally,1
nicaragua,22
ourselves,10
pronounced,1
scale,9
contacts,1
affects,4
decision,25
infliction,1
integration,1
per,85
eliminate,3
manufactures----------------------------,1
patient,3
diplomatic-service,1
taxing,1
remembered,5
peculiarly,3
continuing,5
use,75
restrictive,1
prohibitive,1
defrayed,1
goods,22
conciliatory,2
extensions,1
consequently,3
acquirement,1
aliens,5
invading,1
framed,4
exercises,1
assessed,2
bankruptcy,1
modicum,1
intrusting,1
infected,1
manifested,3
forward,5
opponent,1
invite,15
constitutionally,1
immigration,8
hoped,23
subsidiary,2
intrenchments,1
directed,33
rejection,1
bosphorus,1
exploration,1
interlocutory,1
autonomous,1
impels,1
sort,2
constant,11
expedition,3
flow,1
deprive,3
single,8
cure,1
workman's,1
prevail,2
denying,1
emanates,1
coastwise,3
-mexicans,1
commonest,1
crypt,1
composing,2
dutiable,3
statutes,23
confine,3
accidental,1
lend,5
aggregates,1
printing,1
prepared,13
restoration,3
utterly,5
lent,2
fishes,1
fisher,1
worsted,2
panama-pacific,2
wards,1
bankers,18
responded,1
ascertained,7
implied,3
presenting,2
failures,1
initiating,1
expedients,1
restraining,9
intricate,4
disintegration,2
appointee,2
enjoined,10
--post-office,1
helps,1
tradesmen,2
brigade,2
assay,2
putting,4
arrange,5
entire,20
recreation,2
knight,2
shock,1
disbursements,10
government's,6
crop,3
rivers,12
earth,1
lower-priced,1
depression,1
doctrines,1
confided,1
chicago,3
giving,24
assisted,1
practices,5
access,5
anywhere,1
pleading,1
exercise,32
body,19
justification,3
exchange,16
jointly,2
bodv,1
bachelor,1
objects,5
others,22
safer,1
preamble,1
imperfections,2
extreme,3
remark,2
talent,2
alaska,18
implement,1
honor,6
composed,4
named,2
formulated,3
private,37
beloved,1
decrease,11
privately,1
limb,1
patrol,2
resolutions,2
lima,1
staple,1
fittingly,3
pusillanimous,1
punishments,1
earnestness,1
reciprocity,3
contrariety,1
butler,1
themselves,31
defendant,3
impotence,1
assailed,1
engender,1
payne,13
train,4
prizes,1
magnanimous,1
arranging,1
harvest,1
account,12
f,1
contagion,1
dingley,20
obvious,4
internecine,3
rehabilitation,6
admiralty,1
something,13
prohibiting,1
proportions,2
infantry,5
effectively,8
reserves,3
fulfillment,3
employs,1
spruce,1
impressed,4
contempt,2
native,5
daring,1
democracy,2
holds,1
regions,7
responsibilities,5
forest,13
stock,42
buildings,26
accorded,4
specifications,2
waters,13
collection,9
nullify,1
legality,1
bill--the,1
confiscatory,1
bind,2
lines,37
standpatters,1
chief,40
subsequently,7
tactical,2
furnish,29
galveston,2
non-tidal,1
hadley,1
electors,1
vividly,1
industries,22
bridges,1
negotiated,5
la,1
accredited,2
labor,38
resorting,1
coupon,1
willing,4
couplers,1
criminal,15
machinations,1
bountiful,1
greater,51
montenegro,4
dam,3
mention,4
cutting,4
day,22
foreigners-as,1
february,18
identified,1
thirty-eight,1
experienced,1
burdened,5
programmes,1
defend,2
enforceable,1
wholly,14
potomac,7
oriental,1
postpone,3
red,4
thereupon,3
frank,1
pribiloff,2
fourteen,2
clarify,1
receipts,20
cured,2
deprived,2
clerk's,1
yarn,3
allied,3
retain,3
arbitral,6
facilitate,12
south,30
predominate,1
seventy-six,1
reaches,1
embarrassed,1
franks,2
improvements,20
facie,1
reached,27
warships,2
owning,3
covenants,6
ancient,6
establishments,4
acquiescence,2
unscrupulous,1
completed,22
acquire,5
self-sustaining,4
negro,10
circularizing,1
inestimable,2
goethals,6
detection,1
slack,1
marine-hospital,1
sweden,1
tenements,1
lover,1
embody,3
visited,9
abolished,5
coronation,2
unlikely,1
have,613
sporadic,1
demonstration,3
provisions-----------,1
gravity,1
incentive,2
concerns,3
shipyards,4
mammals,1
provoked,1
unless,30
procure,2
eight,8
preliminary,12
payment,21
collateral,2
request,20
disease,4
capita,1
absurd,1
rendezvous,1
occasion,12
postal-savings,1
selection,9
absorbing,2
text,2
supported,4
hamlet,1
elimination,9
staff,14
inspiring,1
knowledge,23
concurred,1
sparks,1
scorpion,1
controls,1
inferior,2
regularly,6
exceptional,2
hopefully,1
bear,8
accrue,3
indorse,1
deputies,1
gillett,2
areas,5
exportation,1
calling,3
fixed,12
conform,6
untrue,3
constructing,3
exists,11
national,127
watersheds,2
we,226
submergence,1
enhanced,5
greece,2
awaits,1
phases,7
asks,3
imposition,4
attempting,3
pattern,1
brunt,1
discounts,1
difficulties,14
routine,1
progress,48
boundary,26
sorrow,1
monarchy,1
jeopardizing,1
mandamus,1
politically,1
instant,2
freely,1
taking,17
equal,21
attributed,2
pulp,4
fulfilled,1
assure,6
insidious,1
reenlistments,1
attributes,1
passing,13
liquors--which,1
otherwise,25
comment,4
relevant,1
abortive,2
fostering,2
commend,14
unearthed,1
ad,11
tremendous,3
general's,4
copies,1
thereover,1
teamwork,1
proposal,13
define,3
arises,9
stationed,1
assert,2
finished,6
fellow,5
arisen,8
volunteer,10
divisions,11
plain,5
appearance,3
value,58
promotes,1
commerce--used,1
promoted,2
advisable,1
hampering,1
myer,2
cereals,2
almost,14
helped,2
arrangements,6
claimed,1
partner,1
inspector,2
higashi,1
administration,81
infer,3
frivolous,1
injured,7
material,17
selfish,1
c--metals,3
discredited,1
injures,1
judgment,38
francisco,4
insure,6
retard,2
center,3
nevertheless,7
antonio,1
thought,27
exceedingly,6
comparisons,1
arising,12
usual,8
stores,2
excise,8
proximity,3
executive,81
domestic,17
necessitate,2
governmentowned,1
underlying,3
seats,1
protecting,7
absorption,1
lake,1
recommending,3
add,7
franking,4
delegations,1
propositions,1
ought,85
tests,1
unhampered,1
judiciary,2
elapsed,1
royalty,1
tsai-tao,1
insert,1
like,31
inviting,4
i--cotton,2
admitted,7
-----------,1
heed,1
works,11
accessible,1
authority,48
ideals,6
convey,1
interment,1
proper,114
happens,2
discretion,14
economical,9
assuming,4
manifesting,1
slight,2
lessens,1
expire,1
although,19
worthy,5
approximating,1
periodically,1
simpler,1
inconsiderate,1
about,60
actual,32
boards,4
influences,2
certainty,5
intimations,1
manufactures------------------------------------------------------------------,1
blessings,2
evoke,3
introduced,10
beneficiary's,1
projectors,1
injuriously,2
rendered,13
executing,2
guard,10
termini,1
earthenware,1
exactions,2
etc--------------------------------,1
vegetables,2
inasmuch,1
insures,2
amity,1
preparations,4
repeated,1
plague,4
flexible,1
partially,1
wise,31
princes,1
dangerous,6
j,4
minutes,1
ilouse,1
supreme,50
deaths,1
measure,35
periods,3
ambassadors,2
proceeds,8
tranquillity-a,1
corporation,26
fraudulent,4
forestry,2
well-to-do,2
out,126
coaling,1
variation,1
enlargement,11
astronomy,1
honorably,1
prevalent,1
pupil,2
secretary's,2
accidents,5
augmented,2
limited,14
sufficed,1
comparatively,9
colleges,2
facilities,19
signalize,1
assembled,5
undisputed,2
hardship,1
violate,4
remiss,1
paris,1
crises,1
poorest,1
contravention,1
abundance,1
whatsoever,1
under,282
pride,5
madero,3
merchant,12
applied,15
conjecture,1
exempt,1
risk,3
dispense,1
rise,5
noils,1
retroceded,2
every,77
gratification,2
vastly,2
missionary,1
founded,2
school,14
greenbacks,3
conceive,7
guiding,2
barracks,3
enjoy,2
leaders,1
construed,6
consistent,13
welfare,16
estimates,63
direct,36
surrounding,3
street,2
by-product,1
friendships,2
estimated,19
expressive,3
conduce,2
third-class,1
solemn,2
selected,13
liberty,4
conduct,21
supplies,13
mints,2
hundreds,3
spreckels,1
contentions,1
represented,11
path,7
reversals,1
generals,1
leaves,6
changed,9
proportioned,1
abolition,4
changes,23
punishment,6
ventured,2
erected,2
patience,3
meats,2
would,287
hospital,3
tenders,1
distributing,2
asset,5
assessment,1
barbarous,1
ardently,1
excellent,10
robbing,1
casualties,1
supplemental,4
must,109
me,73
md,1
heterogeneity,1
join,5
advocacy,1
install,2
mr,21
my,133
estate,3
ingenuity,1
preserving,6
recommend--the,1
times,32
attract,6
guarantee,2
ceremony,2
end,19
returning,1
astronomers,1
writers,1
adjacent,3
widespread,6
badly,2
description,3
delicacy,2
predicated,1
parallel,1
provisionally,1
splendid,2
amid,1
perform,10
complexity,2
ultimate,11
enter,31
roused,1
civil-service,5
reforming,1
executed,2
interpretation,3
over,72
london,6
reformers,1
mployers',1
commending,1
expectations,1
indiscriminate,1
comprehend,1
destroyed,5
signatory,6
compelling,2
expioitation,1
stifling,4
vehicle,1
diseases,6
prevented,12
rental,6
netherlands,5
insurrectos,2
notified,2
each,75
lasting,4
prohibit,2
signing,3
cloths,4
gymnasium,1
celebrating,1
combining,2
public--obligations,1
revisions,1
fraught,2
god,1
washed,1
laid,12
adjust,8
newly,4
twenty-five,4
independence,18
arizona,3
associate,2
free,44
small,31
formation,5
l'enfant,1
laborer,1
grasses,1
inexpensive,1
days,18
cooperating,2
inspectors,1
industrial,41
encouraging,6
rank,13
hearing,8
restrict,1
subcontractor,2
adopted,54
palpable,1
borderland,1
guayaquil,3
licorice,2
confirming,2
ton,7
too,31
percentage,3
duress,1
consented,4
reparation,1
advantages-in,1
tool,1
serve,8
took,10
negotiating,1
incur,1
western,15
nonpartisan,8
past,43
mercifully,1
frankly,1
b--earths,3
immigrants,7
rural-delivery,2
classes,15
company's,1
paved,1
forceful,1
bridge,2
unrest,2
ran,1
raw,6
advising,2
regulate,3
car,1
thoroughly,5
steamboat,1
-,18
isolated,1
thorough,18
investment,16
upholding,1
laughed,1
effectiveness,6
revenues----------------------------------department,1
though,11
coin,1
parting,1
promotions,3
peers,1
prevails,2
partition,1
metal,1
treaty,51
orderly,1
reputation,2
enterprise,21
internal-revenue,1
inspire,1
reductions,3
reorganize,2
colors,1
defects,6
constituent,3
substituting,3
rosslyn,1
spite,2
situations,2
delays,6
pacification,1
columbia],1
announce,4
continuity,2
hostility,1
criticized,1
guatemala,3
despite,3
report,97
reconstruct,1
haiti,4
considerate,1
fabrics,6
countries,100
igneous,1
chesapeake,1
collusion,1
twice,1
thanks,2
above-mentioned,2
well-established,2
resist,3
innocuousness,1
disturbing,1
amalgamated,1
capacity,5
temptation,3
repair-shop,1
discovery,4
reiterate,3
confusion,3
weal,1
weak,4
however,53
southeast,1
news,1
improve,6
protect,22
embarked,1
sanitation,8
fault,1
penalizing,1
participating,2
merging,1
variance,1
expense,23
vexed,1
litigant,2
trust,33
conference,42
simplification,1
warehouses,2
been,633
quickly,5
beneficiary,1
confident,8
belongs,2
expected,15
railway--will,1
drugs,4
republicans,3
enterprises,15
deliberations,1
lessee,2
apprehension,3
legislating,1
lessen,3
n,3
teachers,1
stopping,1
procedure,42
natives,3
-at,1
expenses,32
experts,16
containing,3
suggest,8
beside,1
complex,1
freedomloving,1
several,35
inventors,1
cessation,1
workings,1
insisted,1
shortly,2
embarrassments,1
possessed,1
ocean,4
savings,23
hearty,4
greatest,13
hearts,1
possesses,2
assembling,5
proposed,65
proposes,3
grades,10
transporting,1
depart,1
forfeiture,4
exempting,1
pharmacy,1
humanity,2
gave,7
reorganizations,1
advances,4
judge,10
sanitary,7
advanced,7
apart,4
appearing,2
gift,1
zeal,1
dishonest,1
specific,15
offices,42
officer,11
arbitrary,2
accoutrements,1
incumbents,1
successfully,9
reviewable,1
aldrich,1
independence-loving,1
election,13
escape,7
indirect,4
perfected,5
rapidity,1
embodied,6
proceeding,6
armed,4
totals,1
everything,8
embodies,1
convict,1
christmas,3
arbitrated,1
dropped,1
corn,1
disappeared,1
lamps,1
permitted,12
meyer,1
chapter,1
accountants,1
limitation,11
census,6
attacks,2
surround,1
misleading,1
plus,1
steadily,5
efforts,29
discharging,2
presence,17
civil,41
obtaining,3
naturalized,1
uncontrolled,1
laborers,5
donated,1
electorate,2
existed,9
rely,2
outbreaks,1
indispensable,9
class,10
fought,2
feet-of,1
naught,1
discouraging,2
apportions,1
guide,3
head,12
medium,8
attempted,8
differences,10
discourage,1
payable,5
hear,2
satisfactorily,5
sustained,6
removed,15
counsel,4
bids,1
phosphate,8
simplifying,3
submitting,5
penal,1
peruvian,1
injurious,5
constructed,6
radically,2
upheaval,1
faithful,3
no,169
tit,1
detriments,1
whereas,5
when,96
setting,1
papers,3
erosion,1
tia,1
unbalanced,1
picture,1
permitting,7
waterways,11
preceding,7
football,1
miscellaneous,3
discharge,6
younger,1
to-day,16
longer,7
tested,1
vigorously,3
withhold,1
remarked,1
serious,15
nuclei,1
neighbors,2
remarkable,4
rob,1
varying,5
focus,1
obviate,1
leads,6
tripartite,2
computation,1
essentials,3
passage,39
charge,21
trustees,2
promoting,6
determinations,1
federation,1
advantage,24
unreached,1
questions],1
li,1
emphasized,2
denounced,4
clouds,1
impressive,1
sedimentary,3
posts,6
hawaii,2
levee,1
standards,3
invidious,1
yale,1
quick,4
accumulation,3
bahia,1
says,2
customhouses,4
injunction,12
obsolete,2
inland,4
widened,1
ottoman,6
port,8
substitute,4
constitution,23
contracted,1
re-hearings,1
patrols,1
transcontinental,2
paragraph,1
goes,3
reply,4
amounting,8
water,30
attainment,2
entertain,2
groups,8
supplying,4
noticeable,1
expressly,3
guilty,4
proud,1
law-abiding,1
denunciation,1
hospitality,4
navigation,11
emerge,1
morals,1
inducing,1
peer,1
paralyzed,1
crisis,1
ill-feeling,1
landowners,1
---------------,1
prey,2
certiorari,1
nontransferable,1
today,3
unwarranted,2
sessions,2
neglected,1
fuel,3
cases,58
tribunal,21
collision,1
local,30
modified,4
districts,7
predominating,1
slightest,9
numbers,4
stream,4
death,7
stroke,1
performed,3
intelligible,1
rovided,1
parliamentary,1
requirements,15
inheritance,3
secured,21
innumerable,1
vital,10
fourth,6
speaks,1
secures,1
levy,6
impartial,10
eighty,1
unawares,1
informs,1
year--a,1
representations,2
eighth,1
branches,27
succeeded,6
inform,1
representation,6
impartially,2
refund,3
exclusive,12
comfort,4
furnished,6
mainly,3
furnishes,5
paternalism,2
blocked,1
supplemented,4
civic,1
platform,26
offers,12
amelioration,3
farmer,6
coordinated,3
pan-american,6
meridian,1
qualifies,1
weathers,1
qualified,3
obscene,1
wagon,1
term,7
equality,13
name,5
advent,1
possibilities,6
receivership,4
importation,5
revenue-cutter,1
populated,1
divisional,1
gaps,1
begun,9
adequately,3
plans,19
abdication,1
ultimately,9
concur,8
intercourse,10
factors,1
profit,17
inadequacy,3
factory,3
attracted,1
attended,6
theory,3
dispatched,4
col,3
curable,1
farley,1
dispatches,1
accommodation,1
impose,5
motion,2
turn,1
place,34
conveniences,2
unborn,1
origin,3
suspend,3
pensionable,2
revenue,25
faculty,2
symbolic,1
commissioners,26
george,3
engineer,7
disinterested,2
given,59
necessarily,20
district,49
returns,9
convention,49
legally,2
white,5
gives,3
appointees,3
season,5
circulated,1
legumes,1
ill-advised,1
copy,1
population,26
wide,10
unfortunately,5
require,33
diplomatic,39
officials,13
spoils,1
marines,4
outcome,1
oath,2
powder,2
and,3960
armored,2
pro,3
prostitution,1
rent,2
any,207
prosperity,35
conversion,3
ideas,3
under-appraisement,1
sciences,1
emphasis,2
vissering,1
urge,31
sure,11
invasions,1
sherman,8
clearer,4
falls,2
visitors,2
annul,1
considered,14
later,11
readjust,2
quantity,1
slope,3
pursuant,9
trespass,1
spaces,1
woolen,18
gulf,4
state,143
crime,2
results--if,1
wood,7
wool,38
lighted,1
pendency,1
expectation,1
clerks,5
wilson's,1
trade,154
homestead,4
regarding,4
floods,1
orphans,1
obliterate,1
paper,10
ignored,1
imposing,6
violated,3
labors,1
college,3
parking,1
violates,1
encouraged,8
surfaces,1
fails,1
detect,1
voluntary,5
farmers,12
ways,7
subsequent,9
review,18
definite,18
weapons,1
outside,5
charters,2
arrival,4
wa's,1
receivers,1
fearless,1
inseparable,1
cities,15
come,25
isthmus,8
postage,7
reaction,1
acquiring,6
missions,1
region,6
quiet,4
contract,20
service--only,1
managua,1
senator,2
railway,14
duty,111
afterwards,1
prayed,1
continuation,1
colony,2
period,31
insist,8
satisfaction,5
pole,1
approval,20
endeavor,4
turkey,10
squaring,1
dis,1
deposited,4
peaceful,5
hardly,8
direction,19
reimburse,1
minister,7
careful,18
spirit,25
protocols,1
case,55
myself,5
limits,5
amend,2
embodying,5
cash,2
cast,1
irrespective,3
shops,3
unsatisfactory,6
coupled,3
telephone,1
discrepancy,1
pomades,2
revolutions,3
granted,14
check,3
manila,3
buys,1
ittiation,1
regime,3
events,11
status,2
refusal,1
barges,1
producers,2
persons,21
excavated,2
prospered,1
delicate,1
statue,2
changing,6
relies,1
ments,1
modes,1
minimize,3
submarines,2
without,108
relief,11
inability,2
model,8
reward,3
bodies,2
justify,11
clog,1
tip,3
unconstitutional,1
actions,1
cease,2
abstained,1
prejudiced,1
internationalization,2
perilous,2
incurring,1
announcement,1
widest,1
seems,42
except,25
samples,1
kingdom,2
porto,17
virginia,8
schedules,20
confined,11
accepted,7
acute,4
reduces,2
waiving,1
reduced,32
burdens,3
madrid,2
pacific,20
madriz,1
intact,1
provided,40
caribbean,5
freer,2
legal,12
provides,12
freed,3
inspect,1
communicate,1
intrusted,2
earlier,1
oo,2
on,573
demarcation,1
polity,1
zealous,2
of,7325
paralysis,1
discussed,9
informing,2
mutually,8
stand,2
equalize,7
tariffs,10
discusses,1
or,486
tribe,1
communication,14
breakwater,1
accounts,10
determine,20
theoretically,1
distinctions,1
strictly,5
there,270
disposed,14
strict,8
desirability,1
disposes,1
valley,6
energy,6
municipalities,1
vested,4
fundamentals,1
tranquility,1
regard,43
cabinet,7
beings-might,1
garnered,1
promote,12
haitian,1
applying,5
wholesale,1
artisans,1
grasp,1
strongly,16
frighten,2
contributory,7
necessitates,3
britain,34
governed,10
controlled,7
compel,1
erecting,1
insurance,3
immunity,2
requested,6
briefly,2
conspiracies,5
separate,10
guam,1
includes,7
nucleus,2
included,16
complications,2
stocks,3
applause,1
calls,10
directors,8
missouri,4
spoliation,3
transports,4
all,310
chinese,22
supplies],1
lack,20
seals,5
ladders,1
earners,1
follow,8
settlement,38
decisions,28
overturn,1
subjected,5
participants,1
opportunities,9
removal,9
program,5
dairy,1
presentation,4
activities,15
belonging,5
far,76
induce,2
sloan,1
worst,3
g--agricultural,2
awful,1
hemp,4
treating,1
sentimental,1
regiments,14
list,8
prolonged,1
singularly,1
indemnity,1
employing,1
ten,14
spanish-american,1
tex,2
rate,68
rata,2
transacts,1
bank--that,1
country--an,1
sue,1
imported,11
advantageous,4
deeply,4
sum,21
eminent,1
crush,1
disbursed,2
guns,3
unquestioned,1
asiatic,2
christian,1
eventuate,1
compressed,1
directions,6
epitome,1
steamships,1
observing,1
thrift,2
naval,65
extraordinary,3
averments,1
outposts,4
disposition,24
suddenly,3
appliances,3
proceed,9
denominated,1
quasi,1
conspiring,1
markets,15
horses,2
flat,2
weakening,1
exigency,1
definition,2
problem,14
flag,10
stich,4
known,27
glad,25
debates,1
v,7
embarrassing,2
abandonment,1
conspire,1
arise,14
cultivate,1
court,157
broadly,2
rather,16
breaking,1
occasionally,1
buenos,5
extinguished,1
tinfoil,1
simplicity,1
bumper,1
proclaimed,4
emergencies,2
dissolving,1
short,13
chiefly,9
reestablishing,1
departure,1
supervision,29
groundless,1
specifying,3
shade,1
rentals,1
l--silks,1
magnanimity,1
outrages,1
september,9
developed,8
mission,6
exemplification,1
avenue,1
inquiries,5
style,1
resort,3
argentina,1
might,77
belligerent,1
argentine,11
return,15
number,74
framework,1
communities,1
instructions,5
latinamerican,1
inherent,3
friendship,17
philippines,20
characterized,2
formulate,1
needless,1
beneficent,2
oppressed,1
recapitulate,1
expect,9
inflict,2
nature's,1
convicting,1
adhere,1
health,16
hill,1
shipment,5
dying,1
induced,5
remodeling,1
inapplicable,1
hepburn,2
experimenting,1
fuller,1
attendant,5
generate,1
success,19
year's,2
prejudice,6
circuit,16
consequence,5
fallen,1
throws,1
bushel,1
feed,1
feel,10
radical,10
feet,11
sympathy,13
enlarged,7
least,21
colombia,3
fees,3
illustrating,1
story,2
impairing,1
utilization,4
leading,6
financed,2
coasts,9
inhibitions,2
passed,44
second-class,7
finances,6
ecuador,9
mainstay,1
$-,3
imperfect,1
option,1
relieved,3
litigated,1
treasurer,1
convinced,11
relieves,1
king,4
kind,16
double,4
instruction,5
japan's,2
aims,4
outrageous,1
risks,1
munificence,1
amass,1
outstanding,7
strengthen,4
imports,10
russo-japanese,1
unsurveyed,1
elaboration,1
alike,6
cognizant,1
smallpox,1
wilson,2
interferes,2
conforming,1
chairman,2
finding,5
contractual,1
interfered,3
added,14
electric,2
cargo,3
reckon,1
inconvenience,3
reach,11
architects,2
react,1
enduring,1
nothing,25
seasons,1
prestige,3
measured,8
achievement,3
stands,3
stringency,3
mineral,6
---customs,1
traditional,5
hindrance,1
institutions,10
lying,1
quartermaster's,4
restore,5
dollar's,2
readjustment,6
costing,1
awakens,1
securing,28
confinement,1
penalty,7
his,115
publicity,5
gains,1
invoke,4
blank,1
iooo,1
b,6
character--work,1
him,20
contextual,1
appeal,8
medicines,1
investigate,7
activity,9
precaution,1
forego,1
manchuria,3
intelligence,6
defense,17
injecting,1
are,514
chambers,2
arm,1
declined,2
youth,1
threats,1
objection-and,1
degrading,1
determined,12
various,40
other's,1
numerous,8
corruption,1
korea,3
recently,17
creating,11
sold,4
attention,83
rapid,11
importers,1
opposition,7
competent,15
days',2
relying,2
bronze,1
liquors,1
c,2
license,3
movers,1
became,5
of------------------------,1
bond,3
finds,4
arbitrarily,2
distress,1
reasons,23
improper,3
child-labor,1
village,1
startling,1
java,1
usefillness,1
department's,2
due,56
strategy,1
whom,22
reduction,43
insanitary,2
foreseeing,1
transferring,1
precision,1
well-developed,1
togo,1
demand,15
incoming,6
instructor,1
plants,10
conception,1
thirty,6
workmen,3
statesmen-authors,1
unprecedented,2
healthy,3
behavior,1
engineers,20
shortened,1
rio,1
awakening,1
obstacle,1
reestablishment,1
rid,1
examiners,1
currents,1
lengthy,1
twofold,1
lengths,1
widely,6
peoples,5
advise,6
higher,27
arrives,1
exigencies,4
mountain,1
restraint,35
negotiate,1
cement,1
holidays,3
patriotic,5
arrived,1
lower,21
anybody,2
analysis,2
machinery,18
stating,2
grievance,1
abilities,1
precedence,3
scrupulous,1
counteragitation,1
competitive,2
repealing,1
intervals,2
antung-mukden,1
questions,42
vigilant,1
inference,1
northern,3
continent,3
profitable,5
advisers,3
exclusively,1
contractor,3
governmental,17
exhibition,3
impairs,1
violations,5
associations,8
complaint,11
amended,14
ton-each,1
advocate,2
unlimited,2
aggregation,4
moody,1
modifications,3
rotate,1
systematically,1
admittedly,1
capitals,1
separately,3
collect,4
arthur,1
pledged,7
judson,2
essential,22
understood,15
hay-pauncefote,1
gradually,7
constitutionality,5
tends,4
prof,1
withdrawals,6
intense,4
firing,1
frightful,1
range,3
militia,14
haitian-dominican,1
fleets,2
unnoticed,2
elasticity,4
purporting,1
canal,117
wrongs,1
territories,1
begrudging,1
question,108
long,38
redeposited,1
noninterest-bearing,1
abovementioned,1
upheld,1
sections,8
beriberi,1
negroes,7
repeatedly,3
filed,7
forbidding,1
encourages,1
outpost,1
raising,3
attribute,1
consist,3
fulfilling,3
declarations,1
gratifying,7
fluctuations,1
called,29
dill,1
individuality,1
humanitarian,1
associated,3
entrance,1
associates,2
reservoirs,1
snuffs,1
ottomans,1
peach,1
tentative,4
workhouse,3
neglecting,1
peace,37
department-,1
income,23
users,1
problems,14
replace,3
meaning,8
allowing,3
rightful,1
vice,5
departments,41
steaming,1
superannuated,1
demonstrates,1
once,24
issued,27
resistance,1
loyalty,1
adjustment,15
contributions,8
issues,7
rigidity,1
bank-note,2
cruiser,1
uphold,2
disposal,1
shanghai,2
languages,1
n--sundries----------------------------------------,1
stable,5
breach,1
include,20
breathing,1
wished,2
guise,1
agua,1
emoluments,1
wishes,2
notes,6
deals,1
enactments,1
dealt,4
businesses,2
settlers,2
noted,4
concluded,18
smaller,3
traveling,2
reclassification,2
universities,2
concessions,3
man's,1
waiting,1
capital,86
degree,14
pushing,1
desired,11
separation,6
settling,1
distressed,1
larger,16
leaving,7
definitively,1
purview,1
examinations,1
deputy,1
forbid,2
nationalities,1
apt,2
motor,1
apply,13
ill-considered,1
from,409
figure,2
consumption,32
&,4
few,32
examination,26
december,15
heavy--quite,1
possession,3
parliament,2
inclined,2
factor,8
impress,2
cooperate,11
sore,1
sculptor,1
women,1
cost--in,1
disingenuous,1
augment,1
instrumentalities,1
lumber,11
dissolve,1
proof,1
proprietary,1
calculation,1
inaccessible,1
tax,32
assumptions,1
impeded,1
recklessly,1
united,340
conversely,1
six,10
inaugural,6
fortunate,2
traders,1
instead,12
panic,7
sin,1
ever-present,1
exemplify,1
tension,3
attend,4
disinterestedness,1
abuse,7
readiness,3
majorities,1
light,7
interrupted,1
fortunately,1
courage,1
improvised,1
tenure,11
stamped,2
tropics,1
interpreted,4
own,46
looks,1
interpreter,1
badges,1
superior,3
silk,5
weeks',1
assurances,5
ships,20
freedmen's,1
permanent,38
restrain,7
covered,8
defining,2
pending,32
violating,3
contention,4
flour,1
practice,23
negligent,1
ambition,1
republican,29
articles,43
sleeve,1
profound,3
transmitted,9
dogmatic,1
bills,19
disregarding,1
registration,1
related,2
depositor,1
doubled,1
sectional,1
our,372
griswold,1
erdman,1
respects,7
clinching,1
acknowledgment,1
sentiment,5
frontier,5
enforcible,1
chaos,3
obstructions,1
thrifty,1
performs,2
exporting,1
disclose,3
proviso,1
zoological,2
averted,1
maintains,1
promptly,30
tenement,1
york,11
overtake,1
segregated,1
g,1
feasible,5
regaining,1
complished,1
navies,4
hence,9
*,3
plainly,4
hitherto,3
proposing,4
low-tariff,2
straight,1
salutary,1
publication,1
unknown,1
their,358
siam,2
reversed,1
shallow,1
slides,9
regards,2
diminish,1
july,18
institution,2
hearings,1
objectionable,3
isolation,1
limiting,5
armament,1
arouse,4
creditors,3
tracts,4
safeguarded,1
clip,1
westward,1
linked,2
pupils,1
propriety,2
agency,8
which,985
vegetation,1
collaboration,1
who,144
harmful,3
emancipation,2
why,19
statute,90
deny,1
neighboring,6
looked,1
ensued,1
please,1
agreed,15
purely,8
democrats,1
utter,1
fear,4
eyes,2
debate,2
litigation,15
nearer,1
unanimously,4
storekeeper,1
transmits,1
surroundings,1
candidates,2
thousands,6
battle-ship,2
vigor,2
prosecute,1
cuba,8
words,9
summer-the,1
spur,4
suez,5
differential,2
ascertain,1
generations,2
view,65
europe,14
requirement,5
acquired,3
turbulent,1
merits,7
scoured,6
responses,1
closer,16
puts,1
cruel,3
favor,35
closed,1
torpedo,3
bought,2
weighing,2
ability,18
opening,12
agencies,7
uncompleted,2
embarrassment,4
job,1
probing,1
commands,3
epidemics,1
april,23
grain,1
retrograde,1
grounds,14
wall,3
undetected,1
table,3
withdrawn,1
three-fourths,1
provinces,3
fishery,1
decent,3
literal,2
agreements,9
enlarging,2
remedies,3
resultant,2
sufficient,39
meritorious,1
scrutiny,3
naphtha,1
remedied,3
improved,10
repetition,2
present,157
abandoned,4
unlike,1
sultan,1
will,423
monrovia,3
carelessness,1
wild,1
thus,90
encouragement,5
silks-----------------------------------------------------------------------,1
-operates,1
perhaps,17
privileges,4
cross,6
unite,6
member,8
adverse,1
utica,3
geographical,6
largest,4
units,11
elkins,1
privileged,1
difficult,25
self-government,9
sincerest,1
slave,1
diego,1
conceived,1
mutual,9
proprietors,1
issuance,6
student,2
appropriated,5
approve,5
fighting,7
appropriates,1
english,8
undertaken,17
excessive,20
heavily,1
obtain,12
batteries,1
fishing,2
happiness,3
disturbance,8
supply,40
hall,1
hastening,1
other,290
adoption,18
attractive,1
cruisers,9
earnestly,28
acted,4
enact,4
identical,2
ordinary---panama,1
provisions,50
habana,1
execute,2
republics,33
lowden,1
know,11
presume,3
press,10
knox,1
countervailing,1
helpful,4
perpetual,1
loses,1
taxpayers,1
adjoining,1
exceed,10
because,78
british-american,1
sequence,1
flagrant,1
reclamation,14
searching,1
growth,15
export,9
empire,15
employment,10
lead,17
farsighted,1
mined,1
vesting,1
obey,2
apportioned,3
conveyed,4
cent--of,1
carried,19
extension,17
dependence,1
urged,14
dependency,2
carrier,15
urges,2
emperor,6
outset,1
dry-land,1
owe,1
eo,1
weather,1
promise,14
lawful,8
passamaquoddy,2
timber-culture,1
transfer,9
indictments,3
captains,1
continental,2
intention,5
extravagant,2
breeding,3
funds,23
volume,12
contradictory,1
coupling,1
made,267
tactics,1
whether,48
proper-,3
record,13
below,5
demonstrate,3
cottons,6
firm,3
attained,2
inadequate,8
dearth,1
resumption,1
e--sugar,2
monopolists,1
illinois,9
book,3
branch,10
conclusion,13
kinds,4
june,39
circumspection,1
risked,1
income-tax,2
money-order,1
dissension,1
incurred,3
upwards,4
auxiliary,2
ranks,2
emery,1
strategical,1
