limited,5
raining,1
resist,6
fair-dealing,1
four,12
facilities,1
thirst,1
commitments--apart,1
kassel,1
saved,3
aggression,26
consider,1
whose,7
votes,1
scholastic,1
violate,1
electricity,1
parliament,1
spes,1
abundance,2
invaders,1
voted,10
under,34
lord,2
slowest,1
pride,2
holier-than-thou,1
worth,7
merchant,3
plants,5
risk,2
communique,1
void,1
oceans,3
railways,1
misunderstanding,1
reorganize,1
appropriation,1
every,41
leisurely,1
govern,3
uncertain,2
bringing,4
vast,3
believed,2
school,8
pooled,1
slowed,1
postponing,1
skills,2
supports,2
advocating,1
solution,3
herbert,1
red,3
guiding,3
succession,1
employees,2
shows,4
triumph,3
clothes,1
enjoy,4
charter,5
expanded,1
force,21
leaders,5
tired,1
consistent,2
japanese,15
now--even,1
disciplined,1
second,10
street,4
valiant,1
infiltration,1
available,7
friendships,2
machines,1
hopelessly,1
even,24
established,3
errors,1
solemn,1
religious,1
meals,1
beaten,5
contributed,2
liberty,14
reasoning,1
liberated,2
townsmen,1
above,5
toll,1
new,59
poorly,1
ever,29
admiral,3
told,17
agreement,19
maintains,2
avert,1
never,36
equals,1
here,32
hundreds,4
met,17
protection,9
china,6
pursuit,1
humility,2
represented,1
path,2
spies,2
servant--and,1
guadalcanal,2
celebration,1
obtained,1
hell,2
generals,1
crystal,1
flatlands,1
study,9
changed,2
approaches,2
reports,2
adopt,1
ancestry,1
smoke,1
permit,5
military,28
i'm,5
settled,3
midway,2
hushed,1
joshua,1
golden,2
fantastic,1
divide,3
campaign,10
inexhaustible,1
explained,1
highly,2
brought,10
patience,4
moral,5
guests,3
glance,1
total,5
opponents,3
plot,2
gobbledegook,1
criminals,1
would,120
army,9
marine,4
hospital,1
century,1
overshadow,1
world's,4
well-trained,1
insult,1
occupying,1
cents,3
nonmilitary,1
call,11
therefore,12
recommend,4
strike,5
survive,2
type,2
until,15
you're,1
supporters,1
populations,1
successful,3
brings,1
expose,1
hereby,1
wars,11
aware,3
treasury,2
berlin,28
warm,1
shelters,1
excellent,1
robbing,1
mainland,1
pacts,1
hold,4
striving,3
sorry,2
harnessing,1
must,107
me,53
obeying,1
word,5
room,8
rights,39
pursue,2
mo,3
work,46
reads,1
theories,2
boldest,1
imperialism,2
era,5
mr,22
my,76
example,3
sinking,1
indicated,1
give,28
loosed,1
organized,2
honey,1
indicates,1
want,53
drive,1
times,10
advancing,1
guarantee,4
end,14
recovery,9
thing,14
provide,17
agony,1
sitting,1
damage,1
all-important,1
how,38
ratification,1
low,1
aching,1
significance,1
answer,4
ordinary,1
gamble,1
retreating,1
minority,3
after,23
indignity,1
loyalty,1
outlawed,2
shores,1
hence,1
wrong,6
lay,3
president,48
law,14
types,2
stronghold,1
foolhardy,1
nagasaki,1
toilsome,1
third,10
appreciate,8
presiding,1
unpunished,1
greek,19
maintain,10
davies,1
ultimate,2
goodbye,1
enter,2
democratic,58
order,13
greed,2
senators,1
executed,2
untold,1
office,24
devote,2
welcomed,1
consent,1
over,51
ghastly,1
violently,2
japan,12
smithsonian,1
mayor,4
before,42
appeasement,1
fit,3
personal,8
fix,2
striking,1
nimitz,1
crew,2
better,23
production,14
compelling,1
workable,2
hidden,1
easier,1
overcome,6
virtually,1
then,31
them,86
affected,1
prophets,1
combination,2
prevented,4
weakness,4
grand,2
intimidation,2
adlai,2
break,2
revelations,1
squadrons,1
they,286
schools,3
altogether,1
sixteen,1
undeveloped,1
eisenhower,6
bank,2
represents,2
rhetoric,1
slavery,3
rocks,1
victories,2
privilege,7
victory,43
reasonable,1
each,13
appalachians,1
went,7
european,1
herrings,1
lasting,14
interruption,1
bright,1
troost,1
financial,11
covered,1
independent,5
list,1
crimes,1
wholehearted,1
principles,20
january,1
prolonged,1
carry,12
taught,2
turnip,1
corporations,1
navy,10
laboratory,1
dawn,1
truman,3
network,1
dinosaur,3
god,20
oppressors,2
content,1
laid,7
'em,3
got,18
size,2
venezuela,1
independence,12
kiel,1
foundation,2
curzon,1
turning,3
assured,2
resume,2
extremism,1
twothirds,1
eternal,1
little,12
free,81
commercially,1
thieves,1
bestow,1
management,9
struggle,12
elsewhere,1
people's,4
forcibly,1
enlightened,1
wanted,4
universally,1
graduated,1
created,5
blaze,1
connive,1
days,11
local,2
labored,1
magdeburg,1
speedy,2
hopeless,2
incorporated,2
kingdom,1
arrived,4
repealed,2
loud,3
defending,1
already,11
necessity,3
economists,1
workingmen,3
reintroduced,1
encouraging,1
thrown,1
channels,1
adopted,2
another,28
hear,3
thousand,4
illustrate,1
trenton,2
fence,2
service,12
top,2
long-awaited,1
approximately,2
needed,8
compromise,3
too,11
draft,2
percentage,2
bitter,5
filibuster,1
rewards,1
collapse,1
happily,1
villages,1
serve,4
took,6
rejected,2
wisdom,3
western,17
somewhat,1
innocent,2
shortly,1
maintaining,3
begins,2
surer,1
peril,2
cruelly,1
showed,2
nominate,1
attlee,1
reaffirm,1
likely,2
unmistakable,1
nations,107
project,3
matter,8
solomon,1
classes,3
silly,1
friend,4
iron,2
charlie,1
misunderstood,1
powers,7
sees,1
willingness,1
ran,2
modern,1
mind,4
mine,5
spent,7
raw,5
manner,2
seen,9
underdeveloped,1
seek,15
tells,1
affairs,6
strength,18
genuine,1
widen,2
concrete,2
convenient,2
cope,1
divulge,1
impotent,1
hamper,1
fitting,2
subjects,2
luxury,1
forces,36
effectiveness,2
completed,1
truman's,1
reelection,1
nobody,2
philadelphia,2
sale,1
though,7
object,1
quit,1
extending,5
corruption,5
germany,25
letter,1
claims,3
phase,1
grave,7
morality,4
reimbursement,1
assisting,1
purges,1
camp,1
m,1
treaty,4
ruthless,1
orderly,4
definitely,1
principle,2
leahy,2
sun,1
voting,2
consumer,1
section,1
came,17
marvel,1
saying,2
slums,1
selected,2
bomb,24
confront,1
meetings,2
talkers,1
nominated,4
ending,1
undue,1
treaties,3
abilities,1
radio,6
asia,10
stepping,1
stomach,1
wrung,1
earth,12
enjoyed,3
administer,1
traditions,1
direction-the,1
remedied,1
resisting,2
consciousness,1
spite,2
guidance,2
unemployment,1
cripple,1
appreciated,1
rico,1
bush,1
ebbing,1
rich,4
holier,1
enslave,2
adequate,5
wearing,1
do,112
reconstruction,3
rejoicing,3
de,1
stop,11
integrity,5
coast,2
mention,1
churches,1
report,5
dr,2
tribute,2
unfortunately,2
beset,2
increasing,4
freedoms,4
countries,34
fields,1
suffrage,1
suggested,1
licking,1
method,2
bad,14
openly,1
carrier,1
release,3
ruins,2
bother,1
secretary,9
wagner-ellender-taft,1
mandatory,1
disaster,3
fair,19
habit,2
applauded,1
testing,1
zones,8
facts,8
depends,1
decided,2
result,6
steal,2
fail,3
suffers,1
activities,2
best,19
situation,13
brazil,2
said,18
capacity,4
sabotaged,1
away,12
compensation,1
pressures,1
there's,2
sensible,2
sown,1
cooperation,13
simplest,1
drawn,2
tolerance,6
discovery,3
preserve,7
letting,1
we,537
men,51
terms,13
extend,6
rolled,1
confusion,2
weak,2
however,11
southeast,1
substantially,1
drew,2
chances,1
news,6
motto,1
debt,4
blasted,1
improve,3
faced,5
received,2
protect,6
accused,1
country,85
nineveh,1
uncertainty,1
against,60
gotten,1
participating,1
disastrous,2
congressmen,2
planned,1
normandy,2
faces,2
distinction,1
contribution,1
expense,3
asked,10
peacefully,1
suggest,1
tough,1
appeared,1
character,2
vain,3
civilians,2
tons,1
written,7
initiative,2
line--even,1
aftermath,1
wider,2
loaded,1
administrations,1
trust,3
hitler,1
speak,1
gratitude,2
posesses,1
aren't,2
trickery,1
engines,1
basis,20
union,19
condemned,1
three,11
been,173
quickly,2
commission,5
much,39
birds,2
interest,9
basic,12
expected,1
entered,2
dozens,1
duties,2
threw,1
repelled,1
life,27
families,2
easy,8
prosperous,5
eastern,3
quantities,2
concerning,1
republicans,42
worker,2
speeches,1
affixed,1
craft,1
benefits,12
child,1
worked,11
teapot,2
colored,1
demobilizing,1
exception,1
has,147
ahead,13
presidency,4
economies,1
kentucky,1
air,16
lesser,1
rests,2
near,4
slam,1
suppose,1
teachers,2
seeds,4
stopping,2
aid,17
property,7
anchor,1
launched,1
mistake,4
seven,1
mexico,3
juventus,1
is,476
it,413
defeated,4
ii,5
straits,1
experts,2
brutal,1
in,813
victims,3
if,101
grown,1
memorial,1
waging,1
drawers,1
things,25
make,56
prussia,1
aided,5
complex,2
harmony,4
success,6
several,6
grows,1
entitled,2
fairly,2
satellite,3
misery,5
rail,1
evil,8
hand,4
liberties,2
marched,1
hastening,1
advisers,1
smarter,1
nurtured,1
opportunity,13
thoughts,10
kid,1
kept,10
thy,3
programs,2
unconditionally,1
forceful,2
fashionable,1
redeem,1
ocean,1
savings,1
materials,8
greatest,31
qualities,1
humbly,2
clerk,1
hearts,3
the,2700
cure,1
yours,2
left,9
protocol,1
departed,3
just,60
bargain,2
mills,2
wednesday,1
unfair,1
aside,1
assigned,1
disguise,1
thanks,5
human,15
self-liquidating,1
yet,11
succeeding,1
secure,6
note,4
unable,3
candidate,8
infinitely,1
ease,1
indispensable,1
had,93
advancement,2
belongs,2
militarists,1
dreams,1
beloved,2
technological,1
falter,1
pointing,1
save,5
humanity,5
gave,7
threatens,1
editorials,1
advances,2
survival,3
possible,18
tarawa,1
possibly,3
unification,1
opa,1
birth,1
consisted,1
judge,2
shadow,1
unique,1
retreat,1
apart,1
desire,6
dignity,5
american's,1
injunctions,1
visible,1
zeal,1
hogs,1
performing,1
dishonest,1
unnecessary,1
specific,2
remind,4
misled,1
steps,2
officer,3
night,3
security,43
starvation,1
towards,2
right,30
old,10
prostrate,1
deal,8
people,186
understand,10
creed,2
successfully,2
deaf,1
somehow,1
dead,2
hoover,1
election,15
ideal,5
dear,1
extended,2
strife,6
enemies,8
embodied,1
rhine,1
for,419
bottom,1
establish,3
ear,1
mystified,1
/,3
creative,2
rio,2
everything,8
equal,14
arrest,1
conquering,1
wandering,2
beating,2
drink,1
bold,1
discord,1
tour,1
corn,3
disappeared,1
binder,1
woodrow,3
losing,1
post,3
manufacturing,1
permitted,1
proceed,1
acquire,2
provisionally--was,1
attacks,1
theirs,3
newspapers,2
citizens,13
hostilities,3
officeholders,1
magazine,1
despair,3
plus,1
afternoon,2
horizon,1
cherish,1
islands,1
efforts,16
slightly,1
wiped,1
exacting,1
raised,2
indians,1
statements,2
sod,1
formerly,1
civil,19
marshall,3
necessitates,1
bound,1
intellectual,1
arms,10
down,12
thankful,1
laborers,1
speediest,1
magazines,1
sow,1
carving,1
balanced,2
reducing,3
speedier,2
often,1
communists,16
east,16
guardia,1
fabric,1
amazingly,1
support,24
flying,1
legislation,16
sovereign,2
fight,15
indirection,1
virgin,1
fought,7
authorized,1
way,52
crews,1
was,171
war,110
leading,1
happy,6
intolerance,1
secondhand,1
offering,2
offer,2
magnificent,2
differences,10
lawn,1
landing,2
failure,3
hemisphere,6
encourage,1
alliance,1
sustained,3
surrender,8
true,10
nationwide,1
extremist,1
friday,1
understood,2
muster,2
invincible,3
inside,1
maximum,1
crop,1
tell,19
analysis,1
unanimous,1
anew,1
neighboring,1
corrected,2
propaganda,6
advise,1
promises,2
later,8
proved,7
roamed,1
flat,1
implications,2
flaw,1
kansas,2
evidence,2
somebody,1
subsist,1
promised,2
fashioned,1
prayer,4
request,1
ship,2
mold,1
indirect,1
physical,4
faithful,1
eventual,1
floor,2
stake,2
when,62
reality,1
flood,1
interested,4
republic,12
papers,4
test,5
unwilling,1
nt,1
roll,1
realize,10
picture,1
's,6
brothers,3
o'clock,1
handicap,1
centered,2
why,26
felt,4
stealing,1
poem,1
mightily,1
let's,6
maimed,1
fell,2
invested,1
professional,2
authorities,2
transfers,1
hurt,2
died,7
billion,8
regime,2
longer,6
assume,1
proposed,5
vigorously,1
landed,1
together,28
withhold,1
daughters,1
longed,1
reception,3
time,73
push,2
serious,3
backward,2
precedent,2
restored,1
hope,46
tigris,1
concept,2
corps,1
whoever,2
shirking,1
equalities,1
relieve,2
bombed,1
mild,2
supplement,2
grateful,5
battle,8
milk,1
discern,1
devoted,4
certainly,6
depend,3
zone,3
providence,3
tariff,1
godless,1
technique,1
editors,5
passage,1
ablest,1
company,1
finally,7
asking,5
dissatisfied,1
overrun,1
supplies,3
marks,2
terror,1
suffered,2
circumstances,5
ride,1
conservation,1
division,1
lobbying,1
telegraph,2
advantage,3
educated,1
sponsors,1
choice,5
emergencies,1
embark,2
merit,1
tanks,2
advised,1
join,4
trouble,3
blast,1
nor,5
governments,14
convince,1
item--reparations,1
level,3
did,31
die,2
philippines,2
dig,1
proposals,4
hawaii,1
standards,4
leave,5
p,1
settle,5
liberty-loving,1
recall,1
guy,3
youâ€”you're,1
added,2
prevent,15
talked,4
says,6
regret,5
tougher,1
dealing,1
injunction,1
rhineland,2
sign,5
inland,2
invaded,1
cost,3
soldiers,5
beachheads,1
depressions,1
helpless,1
port,2
substitute,2
indochina,2
constitution,5
coral,1
assistance,15
brink,1
current,2
health,3
ancient,1
goes,6
crooks,1
international,23
falling,2
appeal,4
bomb--is,1
supporting,1
explosion,1
tibet,1
heavily,1
inauguration,1
concepts,2
inspiring,1
understanding,6
water,2
attainment,2
communism,20
groups,2
address,1
alone,7
along,6
constructive,3
change,8
wait,3
buck,1
healthy,2
shift,1
studied,1
wherever,2
exploitation,1
spheres,1
accomplished,2
franklin,12
suggestion,1
usually,3
priceless,2
navigation,3
all-out,3
churchill,4
love,5
merely,1
marked,1
bloody,2
marvelous,1
fakers,1
paralyzed,1
taft-hartley,13
forefront,1
self-supporting,3
unfaltering,1
crisis,4
everybody,6
dreamed,1
troops,6
working,27
liberation,9
sake,3
positive,2
continuous,2
ingenuity,1
visit,1
by,152
wrongs,1
live,15
wonderfully,1
opposed,2
memory,4
scope,1
associated,1
johnstown,2
cooperated,1
today,34
loving,1
entrance,1
afford,5
subsistence,3
equipped,3
limitation,1
everywhere,7
officeholder,1
orator,1
cases,1
effort,12
behalf,1
fly,1
organizations,2
deserved,2
tokyo,3
car,3
originally,1
pretend,1
soul,1
commie,1
hardest,1
can,127
growing,7
making,7
hiroshima,3
unconditional,3
numbers,1
heart,10
dedicated,2
months,6
corrupted,1
figure,2
predict,1
december,1
didn't,10
heard,1
wrongdoing,1
dropped,4
council,9
allowed,1
clothing,2
occur,2
hinge,1
productive,1
richland,1
deserves,1
fortunately,1
secured,2
eloquent,1
write,3
sunday,2
vital,4
behave,1
fourth,2
ensure,1
axis,3
sworn,1
economy,7
armies,7
product,1
information,4
may,58
sacrifice,7
steadily,3
averted,1
disgusted,1
informs,1
membership,1
birthday,1
mankind,7
restate,1
improving,2
such,37
destructive,1
revealed,1
renovation,1
lifting,1
man,32
federal,7
natural,4
remember,16
succeeded,3
conscious,1
whenever,1
maybe,2
st,3
inform,2
persons,2
so,73
unleash,1
water's,1
increase,10
talk,14
legitimate,1
forced,4
breaking,1
joins,1
fleets,2
indeed,5
pointed,1
primitive,1
years,55
stability,4
course,22
yearn,1
shake,4
managers,1
cold,4
still,28
worship,2
blocked,1
setbacks,1
police,1
thank,8
he's,1
interesting,1
torn,1
troubles,1
inflicted,1
forms,1
platform,22
window,2
poultry,1
farmer,7
policy,36
mail,1
main,2
into,40
happened,6
qualifies,1
finance,1
civilian,4
devastated,4
nation,42
lunch,2
qualified,1
compelled,2
half,8
not,193
now,110
provision,4
discuss,3
developments,6
possess,1
battlefields,1
term,4
discrimination,2
equality,3
name,4
lies,2
servant,5
corners,1
frank,1
drop,2
carpetbagger,1
establishing,3
accomplishments,1
careless,1
hitler's,1
rock,3
battleships,1
importation,1
quarter,2
repaired,1
individually,1
square,1
latin,1
populated,1
treacherous,1
get--a,1
bradley,1
fires,1
owing,1
begun,2
year,10
happen,5
avoided,2
self-government,5
intended,4
canada,3
living,17
ultimately,1
accomplish,11
jackson,1
opened,1
rotten,2
profit,2
tensions,1
truly,2
interference,2
abide,1
harriman,1
looking,3
explain,1
seriously,1
wholeheartedly,1
imperative,1
rational,2
formula,3
dominate,6
correct,3
assurance,2
inaction,1
pauley--and,1
attended,3
theory,5
defenses,4
million,6
saboteurs,2
possibility,2
quite,2
oasis,1
complicated,3
besides,1
obligation,2
remainder,1
inevitable,3
care,4
vestige,1
advance,4
training,1
rights-the,1
language,3
standby,1
disillusionment,1
impose,2
british,8
honest,2
turn,7
country's,2
place,12
generalissimo,1
berlin--we,1
promotion,1
view,1
warning,4
think,45
frequent,1
first,45
origin,1
initial,1
saving,1
occupations,1
spoken,1
bargaining,5
champions,1
subterfuges,1
one,76
letdown,1
americans,22
fast,2
directly,2
vote,15
impossible,3
message,7
open,3
tomorrow,2
affords,1
millions,13
city,10
given,14
imperialists,2
changers,1
disintegrate,1
anyone,1
victorious,2
tragic,5
convention,14
white,27
smashup,1
speaking,3
editor,3
paved,1
mining,1
v-j,4
fraction,1
mostly,1
that,665
brains,1
moscow,1
universe,1
proving,2
refuse,1
broadcast,1
released,1
attempt,3
eliminated,1
than,63
here's,1
population,2
petrified,1
television,3
cartels,1
rugged,1
effective,5
accordance,1
favors,5
require,4
folly,2
paraphrase,1
monopolies,1
protected,2
venture,1
were,76
oath,2
russia,9
published,2
and,1263
san,6
turned,7
roosevelt's,5
medical,3
say,38
conspiracy,2
rent,1
nominating,1
sells,1
saw,3
any,63
sat,1
prosperity,13
form,4
clauses,1
it--if,1
efficient,2
employers,8
manufacturers,1
isolate,1
ideas,3
terrific,1
equipment,8
emphasis,1
jefferson,1
take,30
repeatedly,1
attempted,1
objective,4
destroy,8
wonder,3
impairment,1
channel,1
urge,2
begin,3
sure,14
opposite,2
iwo,1
price,12
knew,6
betrayal,1
paid,3
printed,2
successive,1
undertakings,1
america,22
imposition,1
forever,1
operate,2
considered,6
freedom-loving,2
average,4
proud,5
steady,3
hungry,2
mrs,7
managing,1
link,1
abraham,1
laws,13
increases,1
show,3
german,14
cheap,2
friction,1
sites,2
russian,2
accepting,1
isolationism,1
unrestricted,1
corner,2
aggressive,2
california,1
adhere,1
fifth,1
ground,4
weapons,3
removed,2
gulf,2
proclamation,4
behind,8
investigating,1
impunity,1
only,54
going,42
black,9
defenders,2
uppermost,1
bureau,1
wool,1
congressional,2
injustice,1
occupied,4
viewpoint,1
get,35
lighten,1
stoppage,1
mission,4
aim,3
cannot,23
nearly,4
boundary,1
celebrate,1
prime,4
reveal,1
regarding,1
reading,1
seldom,1
obliterate,1
yield,1
morning,3
miles,5
bombs,5
liable,2
where,12
worrying,1
vision,2
bulgaria,6
microphones,1
declared,1
history-and,1
concert,1
publishers,1
seas,4
violated,3
committed,1
keynote,1
up,49
anchored,1
elected,5
ignores,1
seal,1
underpaid,1
professed,1
concern,5
fails,1
satisfying,2
brave,2
steadfast,2
farmers,11
ways,8
knoxville,1
representatives,10
boundaries,2
enough,14
charters,2
between,17
affecting,1
import,1
bombing,1
across,6
gives,1
notice,2
jobs,2
august,1
useful,2
planes,3
dome,2
killing,1
blame,1
spare,2
invite,2
hurts,2
article,2
cities,6
come,34
undermine,2
concentrated,1
laboring,1
installation,1
mob,1
many,32
safeguard,2
ever-closer,2
dedicate,1
contract,1
s,1
purely,1
efficiently,1
senator,6
expression,3
comes,11
joe,2
duty,11
among,16
solving,1
color,4
continuation,1
endless,1
hereunto,1
period,5
insist,1
satisfaction,2
strengthening,1
scheduled,1
couldn't,5
speculators',2
moreover,2
sticks,1
turkey,21
destroyed,2
enunciated,1
capable,3
west,8
rebuild,2
informed,3
absence,1
slum,1
absentee,1
needlessly,1
almighty,6
combined,1
peaceful,18
partisanship,1
rebuilt,1
hardly,4
wants,3
cloture,2
direction,6
enable,4
offered,3
formed,2
andrew,2
wounds,1
observers,1
wake,3
minister,4
declaration,1
abject,1
careful,3
spirit,12
those,63
pilot,1
paying,2
deprive,1
utilizing,1
prehistoric,1
these,89
conception,1
mount,2
polls,2
arnold,1
blunt,1
defeatism,2
confidently,1
policies,11
residence,1
newspaper,2
exist,5
landslide,1
fool,2
eventually,2
soil,5
engaged,2
commander,2
middle,4
sudden,1
tyrants,1
wisely,1
cessation,1
movements,1
teheran,2
different,5
develop,5
harsh,2
april,4
indebtedness,1
pay,4
preparatory,2
liquidating,1
same,23
check,2
gentlemen,3
ethiopia,4
veterans',1
speech,6
enrich,1
struggling,1
fatalism,1
events,5
status,4
noble,2
finish,1
centuries,1
mockery,1
enjoyment,1
defy,1
assist,5
devoid,1
running,4
codes,1
imponderable,1
changing,1
totally,2
tradition,1
relies,1
drain,1
traps,1
band,1
pennsylvania,2
immeasurably,1
no,82
sinkhole,1
eighty-five,1
evils,3
without,19
can't,18
relied,1
inability,1
laboratories,2
bodies,1
justify,1
honesty,1
summer,1
livestock,1
being,7
money,11
guided,1
moines,2
rest,16
safeguards,1
electrification,1
inception,1
civilized,4
cease,1
aspect,1
touch,1
polish,4
speed,2
guides,1
captured,1
announcement,1
death,1
forward-looking,1
we've,1
seems,1
except,6
improvement,4
instrument,1
treatment,1
stagnant,1
joyful,1
skies,2
ross,1
real,18
conferees,1
unify,2
around,11
bryan,6
read,11
docks,1
disappearance,1
dark,3
inflation,1
traffic,1
makes,4
disrupted,1
secrecy,1
confined,1
world,216
accepted,4
lady,2
dare,1
acute,1
tennyson's,1
macarthur,4
ill,1
collective,5
benefit,11
superiority,1
t,1
always,27
served,3
attempting,1
obstruct,1
satisfactory,1
burdens,3
learning,1
exposed,1
nationalist,1
pacific,3
calculated,1
confronts,1
intend,2
nazism,1
divine,3
bigger,2
thinks,1
provided,4
primary,2
substance,1
teachings,1
noon,2
slick,1
legal,3
provides,1
jefferson-jackson,1
stopped,2
moderate,4
cleansed,1
knife,1
freed,2
welcome,1
scientific,9
business,6
white-collar,1
ration,1
dictators,2
broken,2
leadership,8
ridgway,1
squarely,1
thailand,1
strangled,1
shocking,1
beaches,1
on,196
stone,2
subdued,1
central,1
sincerity,1
phony,1
island,2
industry,9
violence,2
fights,1
drag,1
side,5
practical,3
addition,4
restoration,1
stand,15
equalize,1
act,12
cambria,1
mean,8
or,88
road,6
outlook,1
lands,2
protests,1
burning,1
darmstadt,1
instruments,1
spreading,2
rumania,5
rolling,1
officially,1
rising,1
discharge,1
shrinking,1
your,40
theoretically,1
grafters,1
supervising,1
her,9
area,6
gleam,3
strictly,2
there,88
totalitarian,5
alleged,1
stark,1
desert,2
start,4
futile,1
lot,19
house,38
decisive,2
valley,1
intends,1
bipartisan,1
complete,4
fundamentals,1
dangers,4
delayed,1
strikes,1
cabinet,4
destinies,2
fascists,1
two-thirds,1
reorganization,1
trying,21
with,177
borders,1
happening,2
volume,1
they're,1
october,1
applying,2
improved,5
monopoly,3
wasn't,2
practically,2
workers',1
native,1
lonesomeness,1
abuses,6
irreconcilable,1
citadel,1
agree,6
enemy's,3
gone,2
barkley,3
citizenship,1
mundi,1
certain,4
tubercular,1
moved,5
deep,4
fellow,11
imagination,1
as,207
deem,1
at,122
crimea,4
politics,9
moves,1
fill,1
again,27
personnel,2
insurance,1
field,4
narrowing,1
announcements,1
you,221
babylon,1
president's,2
poor,2
requested,1
briefly,1
lousiest,1
equitably,1
congress,72
separate,1
shelter,2
symbol,1
souls,2
includes,1
seriousness,1
important,17
peak,1
coverage,1
conferred,2
casualties,3
frightfulness,1
pool,1
building,7
shipping,1
assets,4
wife,1
casts,1
odds,4
unselfishness,1
stacks,1
repay,1
mass,1
profits,1
doubted,1
embracing,1
foreclosed,1
overseas,1
evenly,1
starting,3
original,2
waives,1
neighbors,5
all,228
surrounded,1
forget,10
chinese,9
greece's,1
groundwork,1
caused,1
beware,1
lack,5
dollar,3
none,3
month,3
founded,3
earners,1
thoughtful,2
forged,2
cooperative,7
welfare,19
follow,10
settlement,12
decisions,5
children,6
causes,1
reserve,1
anti-semitic,1
opportunities,6
former,4
to,1245
modernization,1
program,24
preserved,1
th,25
safety,3
presentation,1
weeks,2
sound,6
returned,2
returning,1
very,46
bombarded,1
results,3
blockade,1
sons,2
worst,3
decide,5
fall,3
awful,4
ticket,2
difference,2
condition,4
sentimental,1
mothers,1
--,190
forth,2
prisoners,1
ceaseless,1
laying,1
joined,2
low-rent,1
large,6
invigorate,1
scrapping,1
adjust,1
like-minded,1
harry,3
small,14
economically,2
i'll,5
samoa,1
ten,1
poland--to,1
breakers,1
past,8
byrnes,2
design,1
pass,8
further,10
functioning,2
investment,4
ribbon,1
conscience,2
world--the,1
what,96
stood,2
darkness,1
clock,1
deeply,3
sum,1
crush,2
veto,2
scientists,4
learned,7
everlasting,1
public,20
movement,1
revealing,1
full,13
iran,3
editorial,1
estate,4
eligibility,1
threatened,4
loose,2
lobbyist,1
indecision,1
answers,1
nation's,2
hours,4
selective,1
operating,2
scheming,1
relaxation,2
eventful,1
november,7
strong,17
tragedy,1
search,6
naval,7
conviction,3
thing--the,1
inspired,1
thursday,1
welded,1
experience,6
soldier,2
amount,7
disputes,2
advertising,1
social,13
action,22
skepticism,1
successors,2
point,3
authorize,2
followed,7
family,4
requiring,1
africa,2
commandments,1
tracking,1
put,17
trained,2
anti-communism,2
armed,13
eye,1
takes,2
turnout,2
objectives,3
two,20
pearl,5
taken,19
permanently,1
injury,1
unthinkable,1
achieving,2
minor,1
more,91
triumphant,1
israel,1
mellon,1
door,2
knows,4
staggering,1
operators,2
stable,2
waterways,7
germans,11
domination,1
stick,2
known,1
foundations,5
factories,3
producing,2
master--of,1
glad,6
free-born,1
town,8
keeping,1
fatal,1
hour,8
science,6
des,2
roosevelt,18
guards,1
forbearance,1
remain,5
pressing,1
resources,16
learn,7
abandon,3
specialized,1
history,37
purchases,1
needing,1
stated,1
trial,2
share,8
accept,6
states,92
sphere,1
charged,1
minimum,4
attain,6
sense,3
station,2
airplane,1
weakening,1
firmly,3
huge,1
needs,8
court,4
goal,3
plans,5
comfort,2
shipped,1
stayed,2
everyday,4
disturbed,2
sacred,2
vigilance,1
stir,1
plant,2
tried,5
advice,4
blacken,1
expenditures,1
ill-will,1
emphasizes,1
progressives,1
fascism,1
blood,1
coming,9
invasion,5
bloom,1
proclaimed,1
a,569
telephoned,1
short,6
solomons,1
resemble,1
marching,1
description,1
overnight,1
coal,9
shore,1
foretell,1
responsibility,21
fundamental,16
insofar,2
banks,1
pleasure,4
dream,3
privileges,3
that's,11
replied,1
rounded,1
help,52
it's,9
don't,31
september,2
developed,1
half-won,1
soon,9
trade,9
held,4
organize,3
through,22
lava,1
committee,7
signs,2
existence,2
suffer,2
avenue,1
its,73
features,1
machineries,1
rapidly,2
taxpayer,1
matthew,2
pray,4
exact,1
border,3
nazisre,1
responsible,3
symptoms,1
territorial,3
individuals,2
systems,1
painstaking,2
offensive,1
might,20
alter,1
ally,1
vitalizing,1
colleague,1
good,44
return,5
abandons,1
seeking,1
food,8
propose,2
waged,1
framework,1
acceptance--in,1
sprang,1
misuse,1
fbi,1
chicago,3
association,5
easily,1
imprisoned,1
sympathy,2
fully,2
presented,1
bless,2
courses,2
inequality,1
subjugation,1
mastered,1
found,13
repeating,1
malaya,1
friendship,2
ports,2
isn't,4
referred,2
heavy,6
week,3
harm,2
everyone,2
england,1
weight,2
generation,3
resolute,3
energy,10
hard,13
reduce,3
idea,4
leyte,2
democrat,2
oil,4
countrymen,3
expect,3
undertake,3
nature's,1
operation,1
beyond,4
hartley,1
do-nothing,4
really,6
reverent,1
missed,1
item,2
janeiro,1
since,27
publish,1
research,3
half-way,1
armaments,2
sustain,2
print,2
issue,5
highway,1
outrageous,1
ringling,1
fiber,1
exodus,1
belief,3
favored,4
disagree,1
team,1
difficulty,2
reason,18
base,5
members,15
imagine,1
ask,16
reparations,13
teach,2
earliest,1
beginning,12
spread,6
heroic,3
revolutionary,1
owners,1
battle-ravaged,1
retained,1
submarines,2
prophet,1
finland,3
terrible,8
american,48
prospered,1
prejudice,2
businessmen,2
threat,16
twenty,1
hunger,2
trickle,1
fallen,1
solidly,1
feed,1
indebted,1
major,5
rooted,3
feel,6
guam,2
number,12
preservation,2
traveled,1
feet,1
sisters,1
revolution,2
done,28
defects,1
colombia,1
wages,5
divided,3
horse,1
heads,1
introduction,1
automobile,1
coasts,1
obedience,1
least,3
militant,1
obtainable,1
wonderful,9
statement,4
hundred,1
store,3
insure,6
selling,1
imperfect,1
passed,13
fateful,2
immediate,5
part,18
precinct,1
favorable,1
authors,1
rain,1
off,3
believe,42
inaugurated,2
king,2
kind,12
determines,1
kindly,1
damages,1
bondage,1
japan's,2
aims,4
youth,3
nevertheless,3
game,1
determined,6
architect,1
risks,1
toward,18
treated,3
declare,1
deciding,3
justly,2
strengthen,6
reaffirmed,2
philippine,1
defect,1
direct,1
substantial,1
vitally,2
alike,2
warmly,2
concentration,1
vulnerable,1
sell,3
mountain,1
wilson,4
built,7
lib,1
depending,1
trip,1
jeopardize,1
officers,2
targets,1
also,26
costs,1
undramatic,1
build,15
finding,1
anxiety,1
relief,4
experienced,2
quote,1
english,2
reach,9
chart,1
most,42
plan,9
enduring,4
position,4
nothing,15
defensible,1
extremely,1
approved,1
achievement,4
stands,3
reward,2
self-respecting,1
goodwill,1
clear,10
calling,1
cover,2
reestablished,1
obediently,1
diverse,1
institutions,4
lying,1
paul,1
particularly,2
gold,1
obligations,2
commissions,2
finer,1
fond,1
rayburn,1
wasted,1
session,9
relation,1
nations',1
carefully,2
defender,2
fine,3
find,17
stimson,1
occupation,5
regulations,1
depended,1
northern,4
justice,18
convinced,4
ruin,2
undying,2
distributed,1
relent,1
abiding,3
pretty,2
moses,1
battleship,1
ordained,1
self-governing,1
his,47
freaks,1
meanwhile,2
wagner,1
express,3
assumed,1
arm,1
adheres,1
consecration,1
courage,11
actions,5
closely,1
contending,1
during,9
him,11
enemy,15
resolve,2
progressive,2
sacrificed,2
generally,1
remove,2
proclaim,2
sacrifices,4
banking,1
underlying,1
common,19
recommendations,3
kill,2
unfettered,1
wrote,2
approaching,1
set,9
art,1
cynical,1
manchuria,3
principal,3
intelligence,3
opposing,2
instituted,1
tended,1
bitterness,1
see,34
defense,14
bare,1
are,263
surrendered,5
close,2
materially,1
acts,1
declined,1
feared,1
preparation,1
practice,1
rulers',1
please,1
case,3
unions,12
won,20
boarding,1
contrary,3
burned,1
other's,1
conditions,14
funeral,1
supposed,3
europe,24
korea,41
recently,3
creating,3
unconscious,1
missing,1
renomination,1
attention,2
postponement,1
condones,1
peacetime,1
aircraft,1
renewed,2
misgiving,1
pull,2
okinawa,2
both,10
last,25
secrets,2
solely,3
wouldn't,5
annual,2
immoral,3
foreign,28
thinking,3
connection,1
became,4
forgotten,3
poverty,4
corrupt,2
whole,22
finds,2
baltimore,1
distress,1
supply,4
simple,4
acted,4
others,7
ravages,1
whatever,6
deceit,1
tennessee,1
simply,5
likes,1
aggressors,5
throughout,7
factors,1
belt,1
roaring,1
weaving,1
raise,3
buggy,1
incomes,3
privation,1
create,4
acceptance,1
political,22
due,3
strategy,5
convicted,1
whom,5
secret,10
dropping,1
watchword,1
momentous,1
maintenance,3
extends,1
territory,6
meeting,10
empty,1
firm,2
resting,2
compromises,1
decisiveness,1
champion,1
assorted,1
fire,1
shoals,1
gen,1
else,8
determination,17
representative,4
demand,1
prices,5
resisted,1
pact,3
murmansk,1
utmost,2
look,7
talking,3
solid,1
condemn,1
bill,83
tolerate,1
elections,4
governor,5
receive,3
while,8
socialism,11
ought,6
error,1
endanger,2
fleet,3
aspirations,1
guide,3
birthright,1
hoover's,1
costly,1
voters,6
backing,1
guilty,2
binding,2
rulers,6
awakening,1
itself,10
transom,1
ready,3
rid,3
alliances,1
anguish,1
seem,1
examine,1
germany's,1
italy,5
provisions,5
grant,1
government,81
shorten,1
rules,3
discredit,1
emphasize,2
widely,2
peoples,26
resulting,1
shirk,1
conflict,10
higher,3
development,6
yalta,6
used,10
temporary,1
lie,1
blair,5
yesterday,2
judiciary,1
husbands,1
moment,4
moving,3
purpose,13
decency,3
recent,3
early,6
safe,2
task,9
equalled,1
percentages,1
anxious,1
poland,17
anybody,5
county,3
obviously,1
person,1
edge,1
flags,1
machinery,3
starved,1
thoroughly,2
landmark,1
organization,7
clearance,1
spend,2
prevention,1
ungrateful,2
ambassador,1
construct,1
listening,1
settlements,5
technicians,1
shape,1
tasks,8
atomic,35
questions,1
using,1
vigilant,1
regardless,3
alternative,2
praying,1
forrest,2
continent,2
unto,2
wage,5
cut,2
$,14
majority,5
hated,1
workers,13
guaranteed,1
recommended,5
source,3
internal,2
deliberately,1
plateau,2
presidents,3
violations,1
guarantees,3
administrative,2
lending,1
chairman,4
march,4
emergency,1
big,9
displaced,1
matters,3
suffering,6
entangled,1
iowa,4
bit,2
projects,3
formal,4
exercise,3
overriding,1
imposed,5
d,6
submission,1
sincerely,4
cross-section,1
follows,1
signal,1
commanders,1
kremlin,5
ignore,1
communications,2
continue,16
crawled,1
popular,1
foolish,1
disorder,1
essential,13
methods,5
senate,14
spring,1
fathers,3
creation,1
some,44
back,38
delegation,3
urgent,5
strongest,4
economic,27
mighty,3
ourselves,8
momentary,1
gradually,1
scale,1
force--to,1
garage,2
decision,11
shall,53
religion,7
civilization,6
eliminate,1
full-scale,1
temple,1
either,4
appease,1
be,258
measures,6
run,6
effecting,1
dictates,1
continuing,4
use,25
refused,2
step,3
remnants,1
respite,1
santa,1
firsthand--and,1
abroad,7
crowds,1
faith,18
goods,7
anything,10
prove,2
reduced,1
frightful,1
uso,1
alert,1
congressman,1
silence,2
seeing,1
plenty,1
conquest,9
within,8
nonsense,2
invading,2
currency,1
services,3
appropriate,1
primarily,1
repaid,2
lesson,6
france,3
rolls,1
canal,1
striven,1
spending,1
governed,2
supervise,1
question,7
long,31
taft-ellender-wagner,1
we're,5
heritage,3
forward,6
uss,1
sinai,1
considerably,1
himself,2
an,82
receiving,1
educate,1
adjusting,2
murphy,2
hoped,2
boys,1
atlantic,3
authority,7
tragically,1
atom,1
hopes,4
line,2
considerable,1
raising,1
directed,1
consist,1
characteristic,1
declarations,1
hasn't,1
us,91
lords,1
greatly,3
growth,4
boards,2
similar,1
called,7
sort,2
sometimes,2
constant,3
worthwhile,1
minutes,1
influence,4
take--of,1
single,3
associates,2
surveying,1
rally,1
prevail,1
danube,1
tentative,1
amounts,1
fixing,1
peace,118
fears,2
application,3
politicians,2
points,1
potsdam,2
income,5
department,3
draw,2
elements,2
clean,2
scandals,2
enterprise,4
problems,15
prepared,5
helping,6
meaning,2
rested,1
suppression,1
legislative,1
sides,3
structure,2
rightful,1
ago,14
urged,2
land,10
happier,2
vice,4
v-'s,2
age,8
required,3
walked,3
attacking,1
impatient,1
circuit,1
carrying,4
urgency,1
far,21
fresh,1
menace,2
requires,7
having,2
once,19
partial,1
advisory,1
issued,2
resistance,3
produce,2
existing,1
highways,1
farms,3
proposition,1
go,34
congratulate,1
contributions,2
jima,1
issues,4
pasco,1
shackles,1
turkish,1
harvest,1
concerned,7
requesting,1
young,10
send,8
suits,3
intensive,1
helps,4
anti-communist,2
late,2
breach,1
maryland,1
include,2
friendly,4
sent,6
wished,2
outside,4
continues,2
miners,4
asset,1
wishes,2
putting,3
telling,3
yourselves,3
discouragement,1
isaiah,1
continued,4
reelecting,1
entire,8
bravest,1
harbor,8
shock,1
they've,1
fewer,1
try,14
race,7
mobilize,1
refer,1
enforce,3
government's,1
pleas,1
slow,1
pledge,1
participate,1
mediterranean,1
euphrates,1
rivers,4
fold,1
picked,1
hungary,4
decrees,1
depression,2
precept,1
power,50
morse,1
giving,5
cliques,1
expressed,2
man's,4
access,1
consistently,1
waiting,1
punishment,1
poles,4
undertaking,4
capital,6
nazis,2
body,1
lessons,1
led,6
elect,1
exchange,5
fe,1
kangaroo,1
jointly,1
following,5
let,23
fulfill,2
consideration,3
fifteen,1
delinquent,1
great,87
engage,1
technical,4
involved,5
larger,1
contradiction,1
leaving,1
missourian,1
repel,1
products,1
weren't,1
defeat,8
opinion,2
proof,1
salvation,2
honor,6
composed,3
feverishly,1
named,3
decentralized,1
foresee,2
danger,8
forbid,2
win,15
charge,2
sicily,1
private,6
delano,3
austria,4
vigor,1
apply,1
tools,3
sermon,1
confidence,6
from,139
failed,7
remains,6
ministers,6
next,15
few,13
doubt,5
examination,1
expanding,2
timetable,1
themselves,21
forefathers,2
deepest,1
possession,5
grandest,1
clever,1
infamy,1
started,4
becomes,3
haven't,3
impress,1
cooperate,3
deserve,1
train,1
conquer,2
indifferent,1
ashamed,1
demobilization,1
gladly,2
shoelaces,1
iii,4
appointed,3
women,11
atone,1
animals,1
this,308
challenge,3
clients,1
pour,1
prompts,1
anywhere,1
publications,5
servants,1
of,1427
industrial,9
meet,13
closing,1
purports,1
industrially,1
performed,1
control,22
five-star,1
bent,1
ushers,1
process,4
discussed,2
proportions,1
tax,6
purposes,5
pieces,1
high,11
effectively,3
reserves,1
pulling,1
something,9
slip,2
sought,7
standard,1
voice,1
weaken,4
hesitate,2
educational,3
united,138
democracy,22
mutually,1
destroying,1
kids,2
justifiable,1
arrangement,2
japs,1
located,2
responsibilities,8
unquestionably,1
instead,3
struggled,1
reestablish,2
establishment,3
periodical,1
practicable,1
buildings,1
neighbor,3
attend,1
farm,2
await,3
tied,1
halted,1
manufacturers',1
winter,3
realized,1
retirement,1
advocated,1
bind,1
sit,1
lines,2
remedy,2
provisional,2
commodities,1
dinners,3
chief,5
honestly,1
allow,2
discussion,3
furnish,1
preparing,1
holds,3
workingman,1
move,5
encouraged,1
ladies,2
unjustified,1
produced,1
rendered,2
including,5
looks,1
gratefulness,1
fortunate,1
envisage,1
industries,5
industrious,1
treat,3
la,1
chosen,2
ships,5
whereof,1
labor,39
meantime,2
lt,1
willing,8
trustees,1
bridged,1
puerto,1
societies,1
spot,2
image,1
pending,2
koreans,3
designs,1
greater,11
grievances,1
dam,1
isolation,1
material,6
commended,1
flew,1
negligent,1
peace--and,1
hands,6
front,2
impaired,1
republican,49
investor,1
day,50
presidential,3
successor,2
activity,1
masters,1
respecting,1
slacken,1
profound,1
warned,1
lifetime,1
sufficiently,1
truth,14
shortage,2
crossing,1
myself,3
homogeneous,1
cry,1
map,1
doing,13
globe,1
parties,2
related,3
depositor,1
society,9
intangible,1
static,1
measure,2
our,330
agriculture,3
witness,2
out,75
gallant,5
frontier,3
defend,6
poll-takers,1
chaos,3
wholly,1
upset,1
dominated,1
lawmaking,1
reputation,1
honorable,1
peace-loving,10
cause,9
announced,2
achievements,1
philosophy,9
southern,1
withdrawal,2
delegates,2
greedy,1
promptly,2
attending,1
completely,5
coercion,4
surely,5
york,4
thrust,1
quo,2
allies,20
prepare,2
applications,1
deprived,1
could,25
obstacle,1
keep,23
dollars,3
allied,4
navies,2
mortal,1
barriers,6
cain,1
troublemakers,1
south,4
designed,3
finest,1
plainly,1
powerful,13
strategic,1
whoop,1
improvements,1
drastic,1
reached,6
warships,1
acheson,1
vetoed,1
well-equipped,2
swept,1
flourish,1
durable,1
achieved,6
system,8
relations,15
grow,3
their,133
attack,23
camels,2
inalienable,1
prouder,1
perfectly,1
god's,3
circulate,1
interests,12
ballot,2
vigorous,3
sobered,1
punish,3
doomed,1
exactly,10
self-sustaining,1
branches,1
july,5
overwhelming,5
herself,1
haven,1
filled,1
steel,1
loved,5
colleagues,2
ultimatum,3
unheeded,1
warfare,2
employer,1
aspiration,1
aggressor,3
richer,1
submitted,1
claim,3
oppose,4
individual,9
visited,2
india,2
providing,2
distinguished,6
devotion,4
bethlehem,1
conflicts,1
false,4
sea,12
lightly,1
saipan,1
unchanged,1
partnership,2
tonight,7
discussions,2
recessed,1
enforces,1
have,431
dictate,1
need,24
element,1
demonstration,1
clearly,4
necessities,1
amphibious,1
nonaction,1
afraid,1
skillful,2
pursued,1
agency,1
able,19
gravity,1
battles,3
emerged,1
ably,1
instance,1
concerns,1
shipyards,1
which,184
funds,8
korean,4
subject,3
toughest,1
worldwide,3
misrule,2
bombed-out,1
regard,2
unless,6
clash,1
collaboration,3
who,85
techniques,1
snowed,1
preliminary,1
emancipation,1
draws,1
future,32
expired,1
payment,2
so-called,1
discourage,3
double-talk,1
absolutely,1
heartening,1
ambitions,1
stronger,4
disease,1
face,9
looked,4
tyrrhenian,1
you'll,3
-point,1
mechanical,1
occasion,3
normally,1
fact,10
impression,1
atmosphere,1
violation,2
agreed,16
supported,4
airlift,1
centralized,1
bring,14
serving,1
well-being,1
democrats,5
utter,1
fear,10
eyes,1
pleased,1
decade,1
staff,2
partners,2
wear,1
pause,1
based,9
knowledge,10
earned,1
furnished,3
controls,2
should,39
bases,4
candidates,2
reorganizing,1
fuel,2
riding,1
communist,22
low-rental,1
thousands,8
secretaries,1
achieve,8
dodge,1
righteousness,2
means,21
beat,2
czechoslovakia,1
background,1
divisions,1
joint,6
community,3
ones,5
foremost,1
perfection,3
words,8
probably,6
doubtful,2
procedures,3
quarter-mile,1
areas,7
smash,1
processes,5
committees,1
evident,1
brain,1
approach,3
married,1
taxes,2
teams,1
she,7
dangerous,5
proponents,1
won't,5
fixed,1
limitations,1
conduct,2
generations,1
preach,1
strengthened,2
albania,1
prayers,1
national,24
showdown,1
admonition,2
accord,2
edition,1
officials,5
yugoslavia,1
changes,2
desperate,8
greece,44
operated,1
hardship,1
closer,2
closes,1
phases,1
destiny,1
placed,4
hate,7
countries--italy,1
pretense,1
monstrous,1
pre-eminent,1
favor,3
state,26
difficulties,5
poppycock,1
horrible,2
progress,18
neither,1
sabotage,1
tent,3
perfect,3
ends,4
explosive,1
ability,4
sorely,1
importance,3
sorrow,2
agencies,5
fooled,1
spared,3
job,18
firmness,2
key,5
probing,1
approval,1
precious,2
swift,1
distribution,1
restrictions,2
commands,1
commenting,1
limits,2
career,2
freely,3
taking,3
valiantly,2
minds,3
beliefs,1
fulfilled,1
assure,4
insidious,1
succeed,4
figures,1
passing,2
regimes,5
safely,1
invites,1
glorious,2
otherwise,1
relevant,1
cordial,1
wall,1
backers,1
tuesday,2
walk,1
businessman,1
cousin,2
respect,3
winning,5
nomination,4
withdrawn,1
ad,1
pouring,1
applies,1
gillette,3
tremendous,8
decent,6
cent,1
immense,2
known--the,1
permanent,1
slowly,2
agreements,7
recognize,7
curtain,2
proposal,1
killed,1
choose,3
tyranny,9
circus,1
controlled,3
tyrannical,1
league,5
am,62
sufficient,2
releasing,1
overwhelmingly,1
intelligent,2
finished,2
ours,7
eisenhower's,1
general,23
present,16
homes,4
troubled,2
abandoned,1
lawless,1
fearful,1
plain,5
nd,1
appearance,1
britain,9
value,3
massed,1
will,241
stalin,3
delegation-admiral,1
coincidental,1
anti-catholic,1
group,2
almost,9
ice-free,1
encouragement,1
commerce,2
helped,6
arrangements,4
watched,1
claimed,1
minorities,1
halt,1
terrorist,1
crowded,1
perhaps,4
began,4
views,1
administration,7
cross,2
unite,1
member,2
temptingly,1
unity,6
parts,2
speaker,5
geographical,1
largest,2
inch,1
party,49
negotiate,1
privileged,1
difficult,10
ball,1
columbia,1
selfish,5
conceived,1
upon,56
effect,5
infinite,1
frequently,1
laborious,1
judgment,2
lobby,9
expand,1
destruction,9
numbered,2
undertakes,1
records,1
i,474
approve,1
weapon,5
well,33
men's,1
fighting,24
thought,8
exceedingly,2
failures,1
scruples,1
trials,1
undertaken,1
wreckage,1
soviet,21
oaks,1
usual,1
restore,5
less,10
percent,9
executive,1
domestic,2
forests,1
cries,1
mistakes,2
distant,2
surpass,1
protecting,3
skill,3
happiness,2
generous,1
listen,2
instruction,1
smith,2
recommending,1
hall,1
reasons,5
add,1
book,1
adoption,1
attractive,1
citizen,8
cruisers,1
adherence,1
challenges,1
strive,3
unprecedented,2
enact,2
details,1
resolved,1
increased,8
fate,2
unhampered,1
devised,1
crushed,1
munich,1
foster,1
historic,3
five,4
know,51
desk,7
press,10
immediately,4
labor-management,4
muscle,1
loss,5
lincoln,3
necessary,21
like,31
lost,6
reconverting,1
exploiting,1
stevenson,2
admitted,1
taxpayers,1
gangsters,1
lose,3
become,15
works,4
soft,1
good-for-nothing,1
adversity,1
italian,1
shed,1
because,43
searching,1
alive,4
ideals,12
corroborate,1
repeat,2
proper,1
home,19
idly,1
employment,3
recognition,1
heartache,1
vetoing,1
god-given,1
lead,7
broad,1
avoid,4
mines,2
salaries,1
war-making,1
does,9
bosses,1
manifest,1
leader,4
demonstrated,2
disasters,1
conference,23
noise,1
mouth,1
reaching,2
doakes,1
expansion,3
paper,2
pressure,1
murdered,1
expire,1
although,4
worthy,2
misrepresentation,1
repair,1
retribution,1
about,60
actual,1
carried,2
extension,5
getting,3
freedom,57
withdrew,1
recognized,2
stamp,1
blessings,2
eloquently,1
equally,2
own,41
final,10
keeps,1
owe,1
washington,9
billions,2
included,1
guard,1
lobbies,4
promise,2
erect,1
lawful,2
roads,1
crooked,1
mere,3
ridge,1
additional,4
confident,5
transfer,2
housing,12
faithfully,1
stamina,1
overtime,1
delusions,1
biggest,1
pollsters,1
naturally,1
function,2
ghost,1
north,8
i've,4
constantly,3
but,143
administrators,1
insured,1
construction,1
plague,1
courts,1
threaten,1
highest,3
he,47
count,2
constitute,1
made,45
wise,2
places,5
whether,12
wish,6
official,1
signed,5
record,20
cruel,2
converted,1
limit,3
monument,1
problem,3
piece,4
broadly,1
tricks,1
bearing,1
supreme,3
persuaded,1
devise,1
inadequate,4
universal,2
contribute,2
chattel,1
crusade,3
lived,2
ambassadors,1
commentators,1
education,5
worse,2
planting,1
mutual,4
nonetheless,1
deadly,2
attacked,1
oak,1
detail,2
promote,2
illinois,1
commitments,1
other,84
special,17
well-to-do,1
dumbarton,1
wing,1
belong,2
conclusion,3
virtues,1
francisco,6
kinds,1
monday,1
ratify,1
jeopardized,1
oppression,2
missouri,10
june,8
shown,3
stay,1
risked,1
chance,13
rural,1
friends,7
appoint,1
bulwark,1
expands,1
suit,1
entertainment,1
persistent,1
rule,3
portion,2
compete,1
lives,10
yell,1
frankfurt,1
unspeakable,1
