,256
four,11
woods,5
aegis,1
aggression,1
looking,4
granting,2
johnson's,1
lord,3
sinking,1
appropriation,12
uncongenial,1
bringing,6
disturb,5
uttering,1
turpitude,1
overaction,1
immunities,2
straight,5
charter,18
cordially,2
second,10
sustaining,2
errors,2
relieving,1
contributed,2
designing,2
increasing,9
inducement,4
avert,1
dorr,4
here,5
reported,2
china,13
hers,1
pretensions,2
reports,4
controversy,6
military,25
topography,2
divide,3
explained,1
brought,22
debased,1
cherishing,1
insecurity,1
panoply,1
therefore,48
until,23
relax,1
successful,6
hereby,1
coextensive,1
hold,7
circumstances,40
fifth},1
accomplishment,5
revenues,11
example,10
unjust,9
organized,1
currency,33
caution,1
british,57
want,9
absolute,5
hog,2
travel,4
feature,1
how,6
assimilated,1
shores,2
wrong,3
destined,17
effective,1
scourge,1
revolt,2
headquarters,1
presiding,1
malabar,1
keeps,1
restriction,1
concurrence,3
clearings,2
fidelity,5
wrought,1
fit,4
unforeseen,3
heretofore,24
matured,1
effects,12
interrupt,2
silver,13
represents,1
averse,1
interfering,2
preceded,4
financial,10
series,1
spider,2
contracting,2
substantially,6
misprision,1
borne,4
waive,1
encourage,2
appomattox,1
millions,11
exaction,3
foundation,8
inhabitants,9
assured,2
threatened,15
fugitive,1
crowned,5
universally,1
enormous,4
shipped,1
disturbed,2
speedy,5
reserving,1
repealed,4
channels,6
seizures,1
exchequer,12
service,36
touting,1
needed,2
master,1
listen,1
rewards,3
ropewalk,1
bounty,1
wisdom,19
rectified,1
positively,1
surer,1
tree,1
nations,53
idle,1
endure,1
northwesterly,1
feeling,13
acquisition,1
boston,2
notwithstanding,8
affairs,26
wholesome,1
palliatives,1
responsible,4
metallic,1
recommended,5
causing,4
absorbed,1
doors,1
shipments,2
committing,1
unterrified,1
shall,98
object,32
mouth,9
reverence,1
conceded,1
retaining,2
ipso,1
morality,1
consummate,2
detriment,1
confederation,3
saying,1
signatures,1
departing,1
undue,1
participate,2
tempted,1
orleans,2
touches,1
liberated,1
than,102
rich,5
itself--a,1
them--and,1
rice,4
emphatically,3
remotest,1
inoperative,1
altogether,15
contributes,1
reposes,1
interest--------------------------------------,1
reviving,2
adherence,1
sanctioning,1
hasten,1
fair,11
expediency,3
consummation,3
nolle,1
unexpectedly,2
result,25
fail,17
best,29
rings,1
solicitude,4
score,1
scorn,1
preserve,10
never,15
extend,4
nature,10
fruits,2
authorizing,2
extent,28
defiance,1
debt,25
numbers------------------------------------------------------,1
refinement,1
country,161
adventures,1
demanded,5
installments,2
argue,1
asked,2
fearlessly,1
twenty-three,2
vain,1
meduxnikeag,1
blending,1
reconsideration,3
union,55
advert,2
much,54
privilege,10
exactness,1
palmerston,1
life,15
eastern,2
derange,1
wish,2
moneys,10
chile,2
child,1
chili,2
unsold,1
presidency,2
contingencies,3
employ,4
contemplates,2
levies,1
congratulation,3
actuated,5
characterize,1
to-morrow,2
anticipating,1
levied,4
trusted,1
trustee,1
severity,3
things,30
harmony,9
emphatic,5
european,10
exertion,1
fairly,1
seamew,1
tops,1
seamen,1
pioneers,2
october-----------------------------------------------,1
intrusion,1
matters,17
vice-president,1
corporate,3
opinions,18
capitol,1
misconstruction,1
distribute,3
forsaken,1
beset,1
succeeding,2
previous,8
enters,1
had,117
advancement,2
obedient,1
easy,3
prison,1
east,7
municipal,3
disagreement,2
possible,19
possibly,1
indicative,1
birth,1
shadow,1
usually,3
occurring,2
desire,31
specie,31
her--as,1
beneficial,12
right,35
old,8
people,112
crown,3
deflection,3
warring,1
mcleod,4
for,546
inhuman,5
fox,1
individuals,18
exposition,4
indelible,1
precluded,1
substituted,2
brokerage,1
manufacturing,7
shaken,4
dollars,2
citizens,57
anomalous,1
officeholders,1
slightly,1
consulting,4
statements,3
facility,4
infraction,1
administer,1
respectable,3
beings,1
one-fourth,2
problematical,1
furnishing,8
unambiguous,1
authorizes,2
support,8
constantly,10
nova,1
joseph,1
authorized,16
greatness,1
resulted,4
halls,14
happy,19
therefrom,1
offer,2
forming,4
conclusively,2
back,8
hemisphere,2
incorporation,2
congratulations,1
extremity,1
devices,1
unanimous,1
lays,1
dues,5
passenger,2
discountenance,1
liberal,11
proves,1
exist,24
accounting,1
dealer,2
negotiations,8
imparting,1
republic,24
ambitious,1
ascription,1
steamship,2
disastrously,1
intend,1
transported,2
intent,5
time,150
conferred,7
cincinnati,1
corps,8
perpetrated,1
jarring,2
chair,1
midst,1
twenty-seventh,1
persevere,2
fatigues,1
navigable,2
choice,4
gloomy,1
fullest,1
exact,1
augmenting,3
leave,18
depositors,2
settle,9
speculation,8
prevent,12
occurrence,8
insignificant,2
unrepresented,1
reaffirmed,1
jeopardy,2
current,14
all-powerful,1
falling,3
ground,14
jury,4
understanding,2
contemplate,1
address,2
alone,15
muskets,1
unrestrained,4
momentous,2
molestation,1
passengers,3
redemption,10
brilliant,1
wherever,2
commonly,5
accomplished,12
reclaim,1
concealed,1
love,5
curtailing,1
bloody,2
undergone,4
positive,1
angry,1
public-land,1
opposed,2
wicked,1
introducing,2
conciliating,1
afford,13
subsistence,4
apparent,5
validity,1
approving,2
appendix,2
ignorant,2
virtue,7
behalf,2
originally,3
valorem,1
values,2
believed,17
detached,3
allowed,9
offense,1
winter,2
divided,4
divides,2
overissue,1
spot,2
applications,3
explored,1
date,3
such,223
data,2
disagreeable,1
stress,1
natural,4
nakedly,1
consequently,6
applicant,1
yielding,3
st,71
inhabiting,5
so,192
subsisting,1
se,4
privation,1
years,63
course,51
incapacity,2
unfavorable,1
tendency,5
constituted,5
derive,1
imperishable,1
torn,1
attraction,1
suspicion,2
constitutes,2
suspension,3
retributive,1
chaining,1
thereby,29
subordinates,1
origination,1
nation,22
records,1
compelled,2
subscribers,2
arriving,2
maintaining,5
establishing,7
instability,2
quarter,13
loans--no,1
square,2
receipt,2
owing,6
entering,4
minority,3
collisions,2
seriously,8
investigation,1
suggesting,1
demoralization,1
quito,1
million,3
seventh,1
quite,6
plea,2
patronage,2
disguised,1
routes,1
bucknall,2
neglect,4
saving,2
kennebec,2
clause,6
one,83
conscientiously,3
reopen,1
submit,19
vote,4
well-supplied,1
open,9
affords,8
city,9
indicate,1
draft,1
representing,1
storehouses,1
depressed,1
exacted,1
locations--in,1
future,21
russia,3
prospect,3
addressing,1
san,2
turned,2
argument,2
say,23
suffrages,3
uninterrupted,1
saw,2
hawaiian,2
warriors,1
instructed,5
fictitious,2
take,29
wanting,2
altered,3
opposite,5
printed,1
inserted,1
pages,1
average,4
sale,7
defeating,1
ways,2
affirmed,2
laws,58
surplus,16
circulating,5
merit,2
bright,2
inconsistent,2
parsimony,1
imagined,1
mcleod's,1
unkind,1
liberation,1
going,2
entreaties,1
caroline,5
dispute,7
godlike,1
guarded,3
dissimilar,2
assistant,2
d'affaires,2
outlet,9
clearest,1
borrow,2
landlord,1
liable,11
disparage,1
where,26
up,42
above-named,1
impressions,1
hastened,1
refreshes,1
inequalities,1
alarming,1
election--i,1
representatives,34
bureau,1
affecting,3
enjoys,1
inappropriately,1
annexing,1
ascribed,4
concentrate,1
awards,3
suppressed,1
undermine,1
many,46
s,1
expended,3
expression,3
allowance,1
inclining,1
extravagantly,2
adjudication,1
boat,2
fitful,1
stretch,1
west,27
casus,1
concede,1
defined,2
anticipations,1
combined,2
motives,5
wants,16
enable,13
thousand,3
formed,3
observe,3
former,4
consulted,2
intimately,2
invoking,1
conveyance,1
situation,5
constituency,3
perpetuate,2
purse,2
engages,1
expenditures,21
dragging,1
verified,2
preparatory,3
sterling,1
sickness,1
devolved,7
undefined,2
peculiarities,2
summer,3
being,38
rest,14
judiciously,1
schools,1
steamer,1
weekly,1
presumption,1
instrument,7
overthrow,1
prominently,1
around,4
sums,4
regis,8
traffic,14
preference,1
world,29
union--these,1
island------------------------------------------------------------,1
superiority,2
offenders,2
revision,2
satisfactory,11
divine,2
restoring,3
refer,10
scientific,3
power,112
intimate,1
confides,1
reversing,1
stone,2
industry,19
favorite,1
stipulations,11
practicable,7
act,67
instrumentality,1
interruption,4
parties,8
accumulated,1
her,103
gleam,1
philadelphia,1
sealed,1
brazilian,2
stipulating,1
recommends,2
complete,9
land,25
survived,1
with,518
abused,3
rush,1
october,1
monopoly,3
dispensing,1
abuses,4
severally,1
politically,1
agree,3
detailed,1
gone,3
ad,1
gratuitous,1
exhausted,2
certain,15
am,29
an,272
boats--the,1
at,364
ameliorate,1
unhesitatingly,2
confederacies,1
drafts,5
sanguine,1
wheaton,1
abolish,1
congress,184
refunded,1
decree,4
intimation,2
impossibility,1
mass,1
original,6
legislatures,2
consider,1
caused,6
reasoning,1
oaths,2
improperly,1
everwatchful,1
to,2774
th,33
paying,2
appointment,3
returned,7
detention,7
candid,1
labor,11
existing,43
condition,65
accompanying,17
venezuela,1
misinformation,1
laying,1
large,58
desertion,1
adjust,2
small,24
penalties,2
past,17
pass,6
turning,1
investment,1
transpire,1
section,4
prevailed,9
undecided,2
seemed,11
full,28
november,1
compliance,5
experience,8
prior,5
social,1
cessation,1
contrivers,1
depart,1
reclaimed,2
enactment,2
regiment,1
viz,3
select,2
gipps,1
britannic,8
implore,1
archives,3
more,108
inferential,1
door,1
navy-yard,2
company,1
corrected,2
jealousies,1
foundations,1
objections,18
keeping,3
pleasing,1
science,2
cessations,1
resources,14
learn,2
beautiful,2
prompt,7
stated,5
neglected,2
tabular,1
unbiased,1
sense,11
prostration,4
scar,1
dress,1
information,6
respective,16
imminent,1
enlarge,2
earnings,2
creature,2
island------------------------------------------------------------------,2
sympathize,1
conveniences,1
appealed,1
authentic,1
unsustained,1
organization,7
indebtedness,5
fundamental,9
functionaries,5
passages,3
mexican,10
trade,72
attitude,1
paper,37
ameliorated,1
signs,1
brig,3
cheerfulness,1
rapidly,8
termed,1
deeds,1
entire,16
propose,4
hereafter,9
always,11
assemblies,1
truths,1
isle,2
courses,8
found,51
engendered,3
england,9
bends,3
contiguous,3
reduce,6
operation,17
really,2
armaments,1
denoted,1
highway,1
belief,5
well-directed,1
owners,5
reared,1
retained,1
instigation,1
w,1
expedient,17
contingency,7
exhibited,5
major,6
rooted,1
thereafter,5
number,17
preservation,7
glitter,1
contended,1
pledge,7
exertions,2
peaceable,1
heads,4
introduction,5
threatening,1
philanthropy,1
calculations,1
justly,7
sympathies,1
estcourt,3
immediate,18
lslands-----------------------------------------------------------,1
appreciation,1
crop,1
consult,5
fastnesses,1
diffusion,1
determined,2
dorr's,2
guarding,1
vitally,4
nonintercourse,1
sell,2
permanence,1
jeopardize,1
commotion,1
reliance,8
also,64
recognizing,3
internal,10
equaled,3
reship,1
jacinto,2
effecting,1
plan,15
cause,32
unequal,1
seize,2
sometimes,4
cover,2
cultivating,2
croix,6
gold,13
degrades,1
session,50
freight,1
occupation,3
gasford,1
failed,10
factor,1
indifference,2
ordained,1
dependent,2
adventurers,1
ceasing,1
farthing,1
remedy,4
preparing,3
closely,1
distraction,1
enemy,1
progressive,1
proclaim,1
banking,6
surrendering,1
river,51
approaching,3
insane,1
set,12
unqualifiedly,2
creator,2
overwhelm,1
instituted,2
see,12
sea,5
aberdeen,1
law--alienating,1
negotiator,1
seconded,1
richelieu,1
rejecting,3
incurring,1
thrive,1
europe,14
candor,2
postponement,3
incident,13
death,4
diminution,2
legislature,21
prospects,1
last,77
barely,1
portages,1
connection,15
retarded,2
whole,43
majesty,9
loan,14
northeastern,1
community,6
coincidence,1
adjoining,3
adaptation,1
consideration,52
indefinite,2
worthless,2
monthly,1
island--------------------------------------------------------------,1
proprietor,2
extravagant,4
contained,8
resting,5
fire,5
fund,15
moderation,4
awake,1
representative,5
towns,2
presses,1
uncertain,2
judicial,2
reliable,1
expanded,1
pressed,2
error,6
agitation,1
binding,3
comport,1
owes,3
seek,6
elevated,2
virtually,4
mortifying,1
comprehensive,1
defeat,2
recovered,1
virginia,2
necessity,36
recent,9
person,6
regulating,5
construct,1
buchanan,2
christendom,2
conclusions,2
admission,2
location,1
presidents,1
isle--------------------------------------------------------------,1
sojourning,1
surprised,1
forty-fifth,6
cordon,1
emergency,9
demands,9
emanating,3
suffering,4
abound,1
formal,4
imposed,10
d,10
communications,4
continue,24
tribes,17
disorder,1
amicably,2
methods,1
senate,35
spring,4
unsubstantial,2
necessaries,1
mighty,1
sight,2
amicable,4
measurements,1
novelty,1
cheapness,1
prosecuted,3
convulsions,3
inclination,1
be,876
unmindful,1
weightiest,2
dictates,3
agreement,4
nowhere,2
santa,2
vitals,1
relating,3
dictated,4
by,691
scepter,1
anything,6
deserves,1
exaggerates,1
repair,4
letter,13
into,115
appropriate,2
controversies,2
specifically,1
occupy,5
considerably,3
excavating,1
elsewhere,1
inches,3
relaxed,1
devolving,1
atlantic,4
competition,2
line,100
legation,1
considerable,17
inducements,5
redeemed,3
condign,3
us,41
verification,1
mature,4
consumed,1
genial,1
reconcile,3
raging,1
influence,14
consigned,2
granada,2
reimbursed,2
freighted,1
occasional,3
unadjusted,4
elements,1
energetic,2
prosecution,4
proclamations,1
suppression,8
sides,2
ago,6
destinies,1
age,5
train,2
urgency,1
quissibis----------------------------------------------------------------------,1
fresh,1
menace,1
having,48
code,3
partial,4
incorporate,3
results,22
soften,1
illustrated,1
renown,1
inferences,2
luxuries,1
one-half,1
concerned,11
young,2
sent,4
armament,1
continues,3
continued,9
timely,2
harbor,1
anxious,12
threat,1
race,1
discounting,3
depositories,6
disordered,1
unprofitable,2
incidentally,1
index,1
northwesternmost,2
expressed,15
richmond,3
consistently,1
indian,12
indestructible,1
expresses,1
harassing,1
advantageously,1
led,7
eminently,5
respectively,3
gathered,1
antirepublican,1
les,1
let,4
ghent,6
fifteen,2
deduced,1
great,160
engage,2
burthens,4
receive,25
involved,10
survey,16
derby,2
opinion,42
makes,10
maker,1
involves,3
steamers,1
complying,1
perfecting,1
counsels,2
unbrokenly,1
standing,6
confidence,22
exciting,2
illegal,1
next,13
duplicate,1
doubt,25
forefathers,1
shipwreck,1
occurred,11
disarming,1
dealings,4
carrying,9
gladly,1
balls,1
this,393
prompts,1
fomenting,1
fulfill,7
weaker,1
process,2
coolness,1
purposes,20
transpired,1
high,36
weaken,1
pretexts,2
portage,1
manacled,1
king's,1
delay,15
procured,1
aristocratical,1
animal,1
intelligent,5
greatly,25
await,1
efficiently,4
realized,1
revising,2
redundant,3
commodities,1
acquitted,4
writ,1
asserts,1
producer,1
produces,3
enlistments,1
doubtful,5
produced,9
directs,1
perfect,11
chosen,1
dispose,1
meantime,6
degrees,4
communication,8
therefor,2
attachment,3
lettings,1
outlines,1
presidential,5
installment,2
undertaking,1
traced,5
sufficiently,2
truth,8
accounts,3
luster,1
homogeneous,1
border,7
doing,1
society,6
books,1
irritation,5
tenth,2
shannon,1
',8
knowledge--a,1
waters,16
shut,3
perish,1
incalculable,1
surely,3
tempt,1
embarrass,3
emboldens,1
shortest,1
injudicious,1
could,69
length,4
ratification,7
removing,9
sacredly,2
endowments,1
scene,1
owned,1
alleged,1
occurrences,4
owner,2
legislative,18
deceptive,1
system,65
painful,6
adopts,1
interests,71
enforcement,3
accompany,1
savage's,1
devoutly,1
coinage,2
warfare,5
distribution--a,1
appealing,1
reproduction,1
dissensions,2
steep,1
devotion,2
collecting,4
false,1
defending,1
clearly,7
necessities,7
competency,4
documents,8
accuracy,3
allow,1
courtesy,2
unfaithfulness,1
stronger,3
thanksgiving,1
mechanical,5
innocent,1
fact,33
signally,2
terminate,2
bring,17
inviolability,1
rough,1
asylum,2
principal,17
nominally,2
pause,2
should,180
hope,24
exchanged,5
bonds,1
familiar,1
prohibition,4
isles-----------------------------------------------------------------,1
exchanges,11
h,1
taxes,9
taxed,1
strengthened,2
exerted,8
meted,1
destiny,2
injustice,3
remount,1
derogatory,1
annulling,1
negotiated,10
seaboard,4
restrictions,3
marts,1
streams,5
adjusted,8
of-----------------------------------------------,1
conflagration,2
conclude,3
acres,3
reexamine,1
steadiness,1
rhode,20
poured,1
entitle,1
louisiana,3
adopted,26
spain,8
surveyors,2
expiration,2
westerly,1
grew's,1
site,1
united--and,1
serving,1
outbreak,2
conflicting,3
columbia,10
wisest,2
upon,215
paving,1
adherents,1
off,7
southeastern,1
unceasingly,2
command,13
drawing,2
lest,2
less,20
rooms,1
afflicted,1
generous,1
superfluities,1
realize,3
arrest,7
exempt,3
burthened,2
fluctuating,1
increased,12
government,349
smithsonian,1
increases,1
five,5
belgium,4
height,2
become,33
inexperienced,1
amendment,2
indications,1
liquidation,3
guaranty,2
recognition,2
colonize,1
avoid,7
does,17
government--a,1
schedule,1
pressure,3
accompanied,6
posterity,1
despoil,1
loans,11
stage,2
sister,3
asks,1
laboring,3
insufficient,1
concession,4
revise,1
peak,1
alliance,1
letters,6
camden,1
cultivated,3
roads,2
mere,19
terminated,6
ennobling,1
disapproval,3
restricts,1
mitigation,1
terminates,1
naturally,1
function,1
building,6
storehouse,1
delivery,2
construction,5
valuation,3
disbursement,4
evident,1
deficiency,7
official,5
excitement,4
placed,30
convince,1
monument,16
problem,1
ryan's,1
chateaugay,1
cordial,1
governor's,1
recognize,3
contribute,1
effected,5
compared,3
efficacy,2
promulgation,1
operating,2
forests,1
lately,3
witness,3
suppress,7
legislate--you,1
reckless,5
repeat,7
treason,2
outlets,2
chance,2
arbiter,2
repeal,7
exposure,1
rule,8
pension,2
suicidal,1
consolidated,1
desirable,15
rapid,4
oldest,2
saved,2
votes,1
effectually,3
magalloway,1
invaders,1
adverting,1
commerce,42
productiveness,1
mania,4
exporters,1
contemplated,10
red,1
triumph,1
occasioned,3
approximation,2
established,21
deliberate,5
bounties,1
revolutionize,1
consequent,6
irrevocable,2
above,24
officially,1
consisting,2
anglewise,2
protection,29
pursuit,4
referring,3
obtained,11
employees,1
envoy,7
postponed,2
secure,14
highly,16
total,5
indians,11
negative,2
insult,1
exacts,1
separated,5
tolerated,3
reign,1
aware,3
tariff,12
overrun,1
presentation,1
work,11
refusing,1
ere,2
mechanic,1
indicated,6
cited,1
impair,1
indies,4
indifferent,4
provide,8
vassal,1
ordinary,13
after,40
customs,7
lay,6
law,60
alienate,2
appreciate,1
green,1
deprives,1
remonstrate,1
order,51
office,35
devote,1
consent,15
satisfied,4
deducted,1
befallen,1
production,5
valor,1
damages,1
then,38
them,135
affected,4
remission,3
safe,5
break,1
they,108
colonies,1
bank,55
germanic,2
rocky,7
reasonably,5
--,2
reasonable,12
feeds,1
schemes,2
observance,10
voyages,1
councils,3
crimes,3
schlosser,2
vessels,23
strangers,1
forth,4
forcible,1
veto,5
qualifications,2
lawless,1
standard,5
admits,2
disputes,1
forcibly,1
enlightened,6
created,10
renew,7
footsteps,1
render,13
railroads,3
another,16
implicated,1
illustrate,1
agriculture,1
gooseberry,1
protracted,2
lamentably,1
compromise,12
observations,4
john,24
contrivers--the,1
intestine,1
happily,10
diversified,1
albert,4
rejected,1
wasted,1
mercy,1
scenes,2
seated,1
guilt,1
iron,8
unconditionally,4
evacuated,1
powers,44
respecting,3
navigate,1
longitudes,1
manner,21
vigorous,2
contents,1
forced,2
strength,7
encampments,1
convenient,2
latter,5
self-defense,1
subjects,26
quieted,2
forces,3
transmit,6
conducive,2
acquire,2
indemnification,3
exercised,5
extending,2
involving,4
hesitation,2
manifested,12
calculated,23
yours,1
sum,15
fitted,3
decidedly,1
eminent,6
respectfully,6
enjoyed,5
resemblance,1
just,35
industriously,1
deepest,3
pursuing,3
adequate,9
predecessor,3
do,44
preferred,3
degradation,1
happiest,1
du,2
runs,6
libels,1
suffrage,4
irregularities,3
children's,1
implication,1
squadron,3
explanations,1
steam,10
secretary,46
erroneous,1
observer,1
observed,4
facts,7
depends,4
discussions,2
miserable,2
away,11
afloat,2
compensation,3
cooperation,2
drawn,13
we,78
terms,29
remedial,1
convertible,3
electing,1
received,22
climate,2
ill,2
islands-----------------------------------------------,1
exceeds,2
transmission,3
requests,2
negotiation,19
seizure,1
insubordination,1
wider,2
speak,4
gratitude,3
unhappily,2
condemned,4
duties,68
beloved,2
attacked,1
excite,6
imbitter,1
them--a,1
convening,1
has,373
applies,1
aid,17
voice,5
tissue,1
postmaster-general,6
comparative,4
confirmed,1
perform,8
demonstration,1
sheltered,1
incorrectly,1
avoids,1
indictment,1
convictions,7
imperiously,1
independent,22
swell,1
evil,10
hand,7
liberties,2
mountainous,1
confiding,1
prescribed,3
vermont,3
kept,1
whereby,2
immaterial,1
humble,1
prescribes,1
humbly,1
the,6833
repose,1
thanks,2
adding,5
hills,2
evidences,1
passive,2
trampled,2
board,13
capt,1
unfounded,2
disadvantage,2
securities,3
security,26
flatter,4
productions,8
denies,3
congratulate,5
unavoidable,1
/,4
trustees,1
denied,1
participation,1
isle-----------------------------------------------------------------,1
confer,2
illustration,4
constructive,1
revived,1
substitution,4
ultimating,1
trophy,1
newspapers,1
months,4
hostilities,11
constituting,1
cherish,5
considerations,15
wasting,1
prisoners,1
bound,7
rendering,4
tanner's,1
formidable,8
amidst,3
deception,2
legislation,12
sovereign,5
liquidated,1
fight,1
accordingly,6
way,27
was,264
war,77
lowest,5
diligence,1
becoming,12
sundry,1
ceded,1
peninsula,2
true,36
maximum,4
generosity,1
perpetuity,1
mails,2
promises,2
umpire,2
religiously,1
evidence,3
subsist,1
prayer,1
weakened,2
stake,1
interested,1
test,4
shrink,1
acted,4
iniquities,1
interval,1
together,15
precedent,1
tribunals,1
diplomacy,1
consul,1
battle,2
devoted,3
certainly,3
pretense,4
permanently,1
southwest,21
division,3
seemingly,2
liability,2
trouble,1
feeble,2
perceived,1
presented,12
turns,3
ascertaining,1
edicts,2
jurisdictional,1
upper,3
revolution,5
regret,12
cost,3
penetrated,1
cargo,5
purchasers,1
appear,7
well-established,1
foregoing,4
shares,1
uniform,3
appeal,5
satisfy,5
collateral,2
explosion,1
disclaim,2
appears,7
change,17
exemption,1
precursor,1
trial,2
burdensome,2
patriotic,6
petitioned,1
montreal,1
regardless,1
extra,2
marked,7
sincerely,2
memorable,1
market,18
prove,10
subvert,1
territories,8
live,9
provisos,1
commissioner,20
commissioned,1
hesitated,1
animadversions,1
crimination,1
incidents,2
can,171
stimulating,1
heart,3
december,3
supremacy,1
heard,3
fortunes,1
purity,1
distinguishable,1
occur,6
productive,7
dispositions,4
discussion,5
means,67
ishaganalshegeck,1
economy,13
armies,1
product,4
sacrifice,8
southern,1
produce,13
commit,3
nomination,1
antiquarian,1
remember,1
whenever,5
explicit,1
opportunity,7
embassies,1
removals,2
indeed,4
raised,1
ended,2
nefarious,1
still,23
tending,1
acknowledge,3
vicinity,1
inflicted,2
forms,3
atonement,1
long-existing,1
emigrants,5
correspondence,31
influences,2
island------------------------------------------------,1
introduce,5
projectiles,1
half,7
not,353
now,79
provision,18
nor,47
nos,1
exportation,2
servant,1
january,10
avocations,1
magazines,1
entirely,21
vexation,1
consummated,2
domain,4
prompted,1
honeywell's,1
narration,1
directing,2
year,52
happen,1
avoided,4
shown,6
accomplish,10
opened,3
space,3
furthermore,2
hastily,2
increase,36
rational,1
ruinous,6
receiving,2
shows,1
inevitably,7
defenses,7
feeling--i,1
advantages,14
obligation,4
marine,2
inevitable,2
care,13
coquimbo,1
contemplation,2
transition,2
kingdoms,2
honest,5
invitation,2
suffice,4
blind,2
striking,2
illustrious,2
comprised,1
directly,9
impossible,5
message,17
size,1
sheet,1
crossings,1
replete,1
that,780
taxation,6
expanse,1
appreciated,1
accordance,5
transferred,2
abstains,1
extinguish,1
respectability,1
troublesome,1
remained,3
correction,1
punctually,1
supervision,1
recover,3
offering,2
veteran,1
overcoming,1
equipment,3
oppressive,4
price,4
successive,3
america,3
forever,2
reform,1
steady,2
slaves,10
dispersed,2
well-rounded,2
german,3
unfading,1
island---------------------------------------------------------------,1
maine,9
realizing,1
ratio,3
title,8
proclamation,2
proportion,1
only,97
inventions,2
thompson,1
stain,1
fort,3
expounders,1
reconquest,1
fortifications,6
seldom,1
war--many,1
effectual,4
placed--under,1
union--union,1
ends,2
elected,4
actively,2
europeans,1
justifies,1
between,132
import,7
justified,5
notice,3
blame,3
unbending,2
sinecures,1
article,15
emigrant,2
attaches,1
installation,2
pertain,1
enabling,1
ameliorating,1
reluctantly,1
comes,1
impediments,2
dispatch,1
disgrace,3
fruitful,4
informed,6
territorial,7
dangers,4
partisanship,2
exhaustion,2
aggressions,1
favoritism,3
subjecting,4
countless,1
developing,2
these,87
alter,1
transactions,5
invited,4
determination,3
soil,6
commander,2
embrace,2
property,14
multitudes,1
unoppressive,1
northward,3
develop,2
inquire,2
gentlemen,3
inquiry,9
charge',1
death--had,1
noble,2
closest,2
enjoyment,6
fruit,1
complained,1
theater,1
bondage,1
charges,4
constitutional,14
severe,1
coordinate,1
charged,7
disbursing,5
transmitting,1
valuable,9
civilized,10
touch,1
renewed,10
improvement,15
lender,2
allude,1
overruling,7
real,8
frown,1
rules,3
ruler,1
earle,1
early,17
earnest,4
do--as,1
commotions,1
using,1
execution,7
reap,3
fortune,2
heightened,2
pounds,1
annually,5
benefit,12
fully,17
twelve,1
falsehood,3
exposed,5
envoys,1
astronomer,1
zealously,1
pursuance,5
duration,1
recorded,1
conservative,2
deficit,7
forks,2
business,8
questioned--for,1
equivalent,2
credits,1
assemble,1
francis,6
throw,3
central,5
deranges,1
boldly,1
remonstrance,6
testimony,4
invested,9
predatory,3
deranged,1
sedulously,3
your,73
prepare,3
assumed,9
lop,1
low,1
assumes,2
gunnery,1
smuggling,1
delayed,2
two-thirds,1
attainable,1
trying,1
fraud,4
circulation,25
default,2
condemnatory,1
builders,1
subdue,2
momentarily,1
sales,28
administered,2
selfishly,1
thither,2
terminating,1
you,76
forcing,1
desolation,4
arbitrator,1
endeavors,2
massachusetts,6
tendencies,1
fiscal,24
requisition,4
restored,3
doubted,4
embracing,2
surrounded,4
ceases,1
groundwork,1
month,5
ceased,8
violative,1
inflating,1
religious,7
chain,2
pledged,2
reprobated,1
sustain,6
hemp-growing,1
confidential,1
divisions,3
very,29
decide,2
securely,1
deficient,1
louis,2
last-mentioned,1
excitements,1
savage,7
promotes,1
casual,2
conscience,2
witnessed,1
investing,1
certificates,6
overrule,1
entailing,1
modify,3
excess,4
strong,10
arena,1
interposed,2
conviction,6
inspired,1
losses,6
reason,17
amount,78
inspires,1
family,8
requiring,2
tendered,1
contains,4
abstaining,1
taken,29
injury,7
retarding,1
instrumental,1
excuse,1
commenced,1
broke,1
producing,3
suffered,4
offended,2
nine,2
history,7
pushed,1
exclude,2
species,1
firmly,2
ratified,8
reject,2
vigilance,9
tried,2
derived,5
fe,2
invasion,10
a,1140
banks,18
remnants,1
soon,19
held,14
committed,6
actually,4
absence,3
systems,1
differed,3
anticipated,12
constitution--to,1
soundness,1
foot,1
irrationality,1
bryan,1
occasions,6
intervene,2
semiannual,1
bless,1
stopped,1
promotive,1
referred,9
heavy,6
dagle's},1
irreconcilable,3
quantum,1
beyond,17
absurdity,1
event,7
since,41
douglas,1
safety,10
issue,22
appertaining,1
ast,1
houses,12
untiring,2
base,1
brightest,1
put,9
earliest,1
heroic,1
american,77
devolve,1
probability,2
presumptions,1
unfeigned,1
arbitration,3
inure,2
interwoven,2
obedience,3
station,10
gibraltar,2
scheme,3
selling,2
cartridges,1
authors,1
consonant,1
apprentice,1
grew,2
lament,1
anticipate,4
ecuador,2
toward,17
deciding,3
comprise--,1
heaviest,1
substantial,3
organs,2
option,6
lie,3
speculative,6
empowered,2
officers,23
cargoes,3
useless,2
experienced,6
quota,1
barbarism,2
approved,1
viciously,1
clear,2
unreasonable,2
usual,7
languid,1
bespeaks,1
completion,1
reenacted,1
northern,2
justice,30
assertion,1
surveyed,2
dominant,1
imparted,3
basement,1
during,31
alexander,4
exhibiting,1
alteration,2
withdrawal,4
patriotism,12
disapproving,1
plausible,1
irredeemable,1
close,19
probable,10
firmest,1
familiarity,1
tolls,2
won,1
probably,10
conditions,7
years',3
stagnation,1
---------------------,1
both,64
garrison,1
authenticated,3
vice-presidency,1
forgotten,2
protector,1
whatever,21
vessel,10
complied,2
along,22
described,6
inadmissible,1
superinduced,1
unaided,3
exert,6
reciprocate,1
describes,1
maintenance,5
collected,3
threaten,2
territory,43
empty,1
lived,1
partly,2
citizen,11
else,3
lives,1
accomplishes,1
utmost,3
look,12
governor,5
pace,2
while,78
confederacy,4
unexampled,1
overlooked,1
herein,1
fannin,1
ready,14
riotous,1
grant,7
belong,2
repudiated,1
grand,5
modification,4
conflict,12
interpolation,2
used,11
temporary,8
censure,4
uses,3
herewith,16
five-sixths,1
obviously,6
accrediting,1
clears,1
grossly,1
weakest,1
ambassador,1
abstain,2
judgments,2
settlements,6
quarters,8
bearing,4
retirement,4
$,122
informal,1
decayed,1
harmonize,3
remaining,6
march,13
showing,3
dominions,2
finding,1
ill-regulated,1
guide,5
success,13
submission,4
resorted,9
manifest,8
popular,14
fathers,1
creation,5
some,72
testator,1
urgent,4
delivered,4
beneficially,1
exceeding,5
providence,11
civilization,8
inconvenience,3
run,22
--exceeding,1
lakes,16
step,2
plots,1
abroad,9
troops,14
faith,10
bureaus,1
country--a,1
shewing,1
monarchical,1
seeing,2
within,53
unimpaired,2
dissatisfaction,3
conscientious,2
convulsion,1
statistics,2
innate,1
renewal,3
placing,4
accountability,3
consultation,1
heritage,1
withholding,2
himself,8
duly,12
properly,9
warlike,1
dealers,1
island----------------------------------------------------------,1
politic,1
cautiously,1
similar,18
ordered,3
corrective,3
metals,7
unwise,3
federative,3
cotton,6
ancestors,1
objection,10
application,13
department,52
nay,1
spectators,1
crouching,1
visits,1
william,2
rested,2
oregon,3
reservation,2
restrained,4
antecedent,2
sounder,1
depth,1
everywhere,11
requires,10
undisposed,1
proposition,2
go,6
compact,5
expelling,2
excluded,2
friendly,10
schooner,2
virtuous,1
wayside,1
rebuked,1
positions,1
verdict,1
fourth},1
comforts,1
decreed,1
decrees,6
auspices,2
colonel,5
edifice,1
guaranties,6
experiment,4
collins,6
denunciations,1
accomplices,1
prescribe,3
following,12
canals,1
enterprising,2
benevolence,1
repel,3
products,5
foresee,1
addresses,3
nearest,2
win,1
apprehensive,1
unwillingly,1
austria,3
surpluses,2
remains,11
agreeable,1
indefensible,1
belgian,2
formally,1
becomes,12
inattentive,1
rivalry,1
appointed,13
crosses,2
announcing,1
lapse,2
servants,1
vexatious,2
meet,33
conformity,5
control,24
bouchette,4
inviolate,1
dictation,1
sought,4
hesitate,4
arrangement,9
enactments,5
located,1
sentiments,1
frontiers,3
reestablish,2
deplore,2
circular,1
fostered,1
rations,1
trees,1
foment,1
computations,1
advocates,2
alienation,2
astronomical,12
contractions,1
including,4
mentioned,6
subversive,1
exclusion,1
thence,11
hands,17
masters,3
university,1
adjournment,5
magnitude,3
mode,13
crossing,3
upward,9
globe,1
pursuits,7
constitute,9
measure,45
separating,1
sandy,1
gallant,2
secretly,1
unlawful,3
amendatory,1
that--,1
recommendations,8
unmingled,1
completely,1
delegated,1
hostile,5
deprecated,3
route,2
florida,12
times,27
mankind,1
possessing,1
powerful,9
indisposed,1
improving,3
flows,1
eminence,1
precisely,3
quality,1
management,2
revealed,1
durable,2
unequivocal,1
avowed,1
occupancy,1
attach,4
attack,6
perfectly,2
belligerents,2
final,11
manifestation,1
herself,6
johnson,4
beg,4
submitted,23
succinctly,1
mccoy's,2
providing,4
subjoin,1
descriptions,1
exhibit,3
enforced,3
unchanged,3
ordinarily,1
ecuadorian,1
thereto,3
need,3
constrained,3
assurances,3
pursued,5
able,14
instance,6
relatives,1
issuing,6
sufficiency,2
pursues,2
vengeance,1
connected,20
preparations,4
munificent,1
expired,3
enumerating,1
consequences,10
proceedings,9
constrain,2
impression,1
emerging,2
reprehensible,1
violation,6
soldiery,1
molest,1
based,3
tracings,1
equivalents,1
employed,6
mortality,1
gratify,1
commendation,1
maritime,10
joint,13
legitimate,4
magistrate,5
endless,1
sowing,1
tobacco,4
imperious,1
expansions,1
oppressively,1
experiments,2
she,54
contain,2
prayers,1
capitalists,8
operates,1
legacy,1
usefulness,4
operated,1
humane,1
tend,2
arraigned,1
allotted,1
impressment,2
neither,14
prevailing,1
sole,2
importance,40
ever-glorious,1
interfere,4
spared,1
acquisitions,1
approval,11
precious,8
distribution,22
limits,18
career,1
minds,2
admit,3
estimation,1
jersey,1
richford,2
congresses,1
accomplishing,5
addition,12
discrimination,9
wills,1
cent,12
immense,7
treat,5
bill--out,1
diversity,1
expenditure,5
ours,1
debtor,3
northeasterly,1
alluvial,1
soundest,2
resident,2
surface,2
capture,2
fortification,1
began,2
&#&#&#,7
northwest,15
incumbent,3
blight,1
party,17
fide,1
rightfully,2
absorb,2
effect,27
privations,2
destruction,10
scarcely,5
transaction,1
reflection,8
i,341
variety,3
well,68
trials,1
restore,2
enormously,2
discord,1
accurate,1
mistaken,1
sources,10
distant,14
skill,1
imparts,2
deposits,7
reasons,7
imposes,1
extends,2
ought,10
warrant,2
details,7
definitive,8
fate,2
cupidity,3
burden,1
bottoms,1
immediately,7
amply,1
intersection,14
prominent,7
loss,7
necessary,74
lost,9
stevenson,2
payments,13
guise,1
lose,1
page,1
lends,1
therein,2
belonged,1
library,1
motive,7
redress,2
home,9
competitor,1
broad,1
objected,3
delaware,1
adventuring,1
limitations,2
expansion,3
prohibited,2
refuge,1
freedom,9
recognized,5
compatible,4
dominion,3
cranberry,1
persuaded,1
equally,15
previously,2
washington,13
withholds,2
relinquishment,2
additions,2
doubtless,5
mississippi,5
rejoice,2
additional,14
noticed,1
recruited,1
north,29
inroad,1
hazardous,2
administrators,1
neutral,2
hi,2
gain,3
courts,4
highest,12
ultimo,4
minutely,1
he,43
signed,7
cruel,2
converted,1
limit,4
emoluments,1
urging,4
diligently,1
universal,1
penny,1
erie,1
functions,3
contest,4
importations,3
offensive,2
ashburton,1
friends,2
portion,19
two--the,1
indirectly,2
aided,9
dissolution,1
self-sustained,1
protest,2
consists,2
whose,11
disembarrass,1
segments,1
disability,1
pensions,3
presents,2
sway,1
promulgated,2
rescue,2
islands------------------------------------------------------------,1
void,1
misunderstanding,2
compacts,2
promulgates,1
nourished,1
govern,5
affect,10
vast,12
laurels,1
companies,1
solution,1
convenience,2
sleep,1
clothes,1
force,32
government--by,1
likely,12
subordinate,2
worthlessness,1
even,19
desirous,7
integrity,2
lights,1
new,59
ever,17
harbors,6
deemed,6
repugnance,2
men,18
met,7
active,10
interpret,1
rests,5
expedited,1
credit,33
permit,7
adopting,6
suitable,9
intrigue,1
besides,1
campaign,2
moral,10
receivable,6
criminals,1
army,11
arms,7
tabulated,1
call,10
calm,3
recommend,24
reurging,1
wars,6
post-office,3
berlin,3
warm,1
corporators,1
ward,1
rights,26
interposition,7
exceptions,4
defer,2
sales--an,1
give,23
assent,23
involve,9
cushing,1
advancing,9
answer,6
commencing,1
crowding,1
arrearages,2
reconciled,2
vicious,1
long-continued,1
president,22
stimulates,1
purchase,11
attempt,12
third,6
chepachet,2
descends,1
assuredly,1
maintain,10
capitalist,6
operate,13
operations,32
cession,2
fortify,3
before,29
personal,7
fleeing,1
crew,8
better,10
missionary,1
enlisted,2
subsisted,2
confidently,1
intimidation,2
indulge,9
arrested,1
victories,1
bona,1
clearness,1
side,19
lofty,2
afforded,10
successively,1
durability,1
principles,31
trading,1
navy,23
collector,1
merchants,3
restricted,4
revolting,6
content,2
surprise,3
appraisers,3
assaults,2
resume,1
bestow,2
struggle,1
tabasco,1
messages,3
signature,1
loud,1
untutored,2
features,4
thereon,2
thereof,4
peculiarity,1
dwelt,1
kendall's,1
happiness--these,1
witnessing,1
dwell,2
solemnly,2
villages,1
tokens,1
somewhat,2
requisite,2
peculiar,6
begins,1
distance,5
anxiety,3
enabled,4
imputation,2
matter,30
superadded,1
usages,3
modern,3
mind,11
seed,1
seen,17
seem,17
mint,1
machinery,1
replenished,1
regular,9
reimbursement,2
observation,6
alarm,5
incompatible,1
m,1
dog,1
points,10
principle,13
dot,1
discontent,1
jurisdiction,13
ending,2
treaties,9
attempts,8
chartered,3
sown,1
judges,1
acquit,1
explain,1
debts,13
currency--first,1
sugar,1
judged,1
unceded,1
exports,3
establishes,1
perceive,7
coast,19
bay,3
bad,1
favors,1
lettering,1
reference,23
imitate,1
alterations,6
decided,10
interruptions,2
subject,85
brazil,9
voyage,4
said,16
sail,1
unawed,1
sorts,2
warrior,1
wears,1
weary,1
suggested,1
uncertainty,1
against,80
distinction,2
appeared,6
burthen,3
incessant,3
administrations,1
proceeded,3
recur,2
basis,12
futility,1
three,22
erect,1
particulars,1
commission,28
detrimental,1
interest,65
entered,13
threw,1
deeper,1
prosperous,4
quantities,2
regretted,6
harshness,1
exception,1
affirm,1
near,15
imperatively,3
balance,12
seven,1
mexico,72
is,540
it,737
defeated,3
in,1519
disappear,1
if,97
grown,6
make,37
unfortunate,3
wheelock's,1
entitled,9
meets,1
governors,3
declaring,1
thibideau's,1
supposing,1
reconquer,3
bequest,1
practiced,1
changes,4
approbation,5
materials,1
qualities,1
claims,26
investments,4
left,26
facto,1
consciousness,1
wasteful,1
islands-----------------------------------------------------------,1
assigned,2
alludes,1
human,5
augments,1
yet,57
pecuniary,3
regarded,40
character,40
affinity,2
defray,1
save,1
auspicious,2
destroy,3
erected,21
dignity,4
performing,2
unnecessary,6
notorious,1
conciliation,5
deal,6
repudiate,2
dead,1
unfit,1
island----------------------------------------------------------------,1
islands,19
formerly,4
amounted,7
intellectual,1
down,22
lies,3
doctrine,2
lieu,5
lessening,1
preemption,2
jealousy,2
approximate,1
creditable,1
factions,1
fork,5
form,30
immorality,1
landing,1
failure,9
surrender,7
evinced,2
continuance,8
pretension,2
prevents,1
attached,3
stages,1
originating,2
strengthening,1
claimants,3
ship,2
fraternal,1
marking,1
discriminate,1
locality,1
generally,3
answerable,1
chaffering,1
breakwaters,1
molested,2
insolvency,1
faction,1
felt,23
partiality,2
exported,1
authorities,15
jones,1
happening,1
apology,3
assume,5
daily,7
premiums,1
profits,6
relieve,6
souls,1
abatement,2
mile,10
abundant,2
anticipation,1
depend,2
disorders,2
father,1
answered,8
finally,7
petersburg,2
marks,3
sovereignty,2
fancied,1
abundance,2
garrisoning,1
pious,1
governments,32
did,13
round,2
drawings,2
unexpected,2
fearing,1
well-matured,1
threshold,1
adds,2
international,2
filled,2
transportation,6
henry,1
french,2
canadian,1
expulsion,2
suggestion,4
useful,6
merely,3
undersigned,14
patriots,2
subverted,1
wealth,9
sake,1
licentious,1
visit,10
france,5
peru,3
sharing,1
acceptable,1
cautious,1
rigid,7
effort,15
avoiding,4
soul,1
growing,12
making,27
arrive,1
claim,35
agent,12
drawer,2
council,1
clair,1
recited,1
pine,2
provisioning,1
till,2
detentions,1
sword,3
sworn,2
map,3
may,221
praiseworthy,1
designed,16
destructive,4
indemnities,1
grow,1
man,6
inexpedient,1
borrowing,1
particularize,1
deposit,9
african,13
shield,1
gradual,2
availing,1
seizing,1
stability,6
texan,4
police,2
interesting,9
policy,49
mail,6
main,5
texas,56
finance,6
views,12
blackford,1
sooner,2
developments,1
possess,7
obviates,1
adjudicated,1
rock,2
noncombatant,1
conventions,1
canada,8
jackson,2
interference,14
nominal,2
imperative,7
correct,6
earlier,1
mercantile,3
california,1
ore,1
advance,18
marred,1
language,9
audited,1
thing,1
exportations,1
think,7
first,59
dwelling,1
remuneration,3
disburse,2
americans,1
states--having,1
suspended,6
carry,10
corporations,6
discharged,6
little,20
island-------------------------------------------------------------,1
speaking,1
bloodshed,1
eyes,2
adjourned,1
accurately,2
stipulation,5
undoubtedly,2
sailing,2
framers,2
were,99
conjectural,1
snively,1
topics,2
occupies,1
spectacle,3
rouses,10
occupied,3
efficient,12
answering,2
shocked,1
canton,2
endangered,2
interior,2
performance,3
channel,3
pain,3
trace,1
caton's,1
paid,17
assault,1
satisfying,1
sheets,3
tract,1
complaints,3
hardships,1
especially,7
surprising,2
iniquitous,1
precise,3
shot,1
show,7
accession,1
supposition,2
elevate,1
arrears,1
--------------------------------------,1
treasure,2
storms,2
enough,2
treasury,109
sanguinary,1
contracts,4
designated,1
unimportant,1
state,159
nearly,11
distinctly,4
secondary,1
bearings,2
yield,3
requesting,2
miles,11
finishing,2
communicated,16
declared,14
honesty,1
seas,12
seat,8
relative,2
unaltered,1
calendar,1
indicted,1
rigidly,3
forecast,3
boundaries,3
behind,3
enumerated,1
across,2
august,8
parent,2
parental,6
derangements,1
countenance,1
tumults,1
dates,1
trader,2
according,6
dated,1
holders,4
among,33
stretches,1
maintained,10
grants,2
perpetuating,1
custody,5
considering,11
sensible,1
arts,8
capable,5
fellow-citizens,17
mark,8
judging,1
borders,2
derogation,1
offered,4
succession--the,1
those,125
sound,22
turtle},1
residence,3
awakened,2
superintendence,3
sincere,5
middle,5
sudden,6
wisely,3
movements,1
different,27
harsh,1
pay,12
woodland,1
same,87
acerbity,1
speech,2
arguments,1
exhaust,1
extended,13
assist,3
largely,1
amounts,2
consisted,2
smithson,1
money,14
aspect,6
statesmen,1
astonishment,1
extensive,11
heavier,1
elaborately,2
revenue--which,1
admitting,1
disappointed,3
acquainted,5
adams,3
chamber,1
reimbursing,1
either,40
served,3
voluntarily,2
ascends,1
afflict,1
imprisonment,3
ascend,1
specified,1
organizing,1
gross,2
confirm,2
colonial,4
footing,6
extensively,1
critical,2
expressing,1
capricious,1
moderate,6
husbandman,2
ratifications,4
manufactured,1
unusual,1
broken,3
manufactures,5
manufacturer,6
regulations,8
conducting,6
unissued,2
stations,5
island,28
violence,5
practical,3
road,4
quietly,4
lands,32
fertile,4
blessed,2
aggrandizement,2
acquiesced,1
decisive,1
pretends,1
bettering,1
unsettled,1
strikes,3
hesitancy,1
arranged,2
affection,3
required,22
deliberation,3
deep,7
general,52
deem,9
file,2
importing,1
fill,2
selfish,2
amendments,3
sufferings,2
field,5
fruitless,4
shelter,3
prostrating,1
important,43
equitable,1
prudent,6
remote,5
resolution,10
represent,2
forget,1
that-loans,1
duplicates,2
forbidden,2
declaration,7
dollar,4
founded,9
invariably,2
children,2
preserves,1
preserved,8
tranquillity,4
enjoying,1
premium,3
returning,5
fall,8
difference,14
vouchsafe,1
norfolk,1
applicable,1
bangor,1
neighborhood,5
withheld,1
vacillating,1
titles,1
quebec,1
further,24
residue,1
swampy,1
stood,1
judicious,5
public,185
movement,3
intrench,1
inconsiderable,2
disastrous,7
threads,1
endured,1
search,2
enmity,1
megantic,1
authorize,5
alexandria,1
transit,2
africa,11
sanction,17
arrogance,1
armed,8
deeming,1
readily,17
eye,2
uniformity,2
distinct,2
destination,1
two,91
union--for,1
comparing,1
cultivation,4
restraints,4
scotia,1
engaged,22
apprehensions,1
controlling,8
&deg,2
particular,15
adulteration,2
town,3
willfully,1
none,6
hour,2
guards,4
remain,19
pressing,7
abandon,5
purchases,1
share,3
collision,3
attain,2
purchased,2
sharp,1
robinson,1
deplored,4
needs,1
obnoxious,3
plans,2
acts,11
maps,31
commercial,23
sacred,3
advice,4
interpose,2
par,6
blood,1
coming,3
trois,1
offenses,4
unreservedly,1
coal,2
seizes,1
responsibility,8
pleasure,15
rounded,4
avouched,1
appeals,1
through,43
existence,9
suffer,5
michaud's,1
possessions,7
energies,1
late,32
well-considered,1
good,32
seeking,2
males,1
prejudices,1
obeyed,2
complain,2
association,1
accusations,1
safe-keeping,4
evade,1
habits,1
subjugation,1
roadsteads,3
ports,12
mental,1
success--lead,1
house,35
energy,4
idea,6
countrymen,4
lovers,1
funding,1
pigeon,3
acting,8
flowed,1
offsets,1
enforcing,1
difficulty,10
disposition,8
beginning,2
benefits,13
omit,2
enforce,5
conducted,8
copper,1
embraces,4
waged,5
valentine,6
abroad--the,1
done,13
embraced,5
twenty,4
least,11
regulation,1
assumption,4
pains,1
rates,9
--it,1
part,92
favorable,15
obstructed,1
believe,10
unpardonable,1
b,3
mortgaged,1
contrary,5
unbroken,2
treated,1
declare,6
ages,2
ardent,4
orders,11
mountain,2
depending,1
note--the,1
majority,20
build,2
commentary,1
province,2
salmon,1
depths,1
most,149
services,3
engagements,9
extremely,1
pekin,1
weigh,1
joining,1
particularly,10
disturbances,3
obligations,22
commissions,3
sanctity,1
relation,10
carefully,4
fine,4
find,16
philanthropists,1
dividing,9
ruin,4
distributed,3
unhappy,1
tempests,2
cogently,1
one-fifteenth,1
express,19
promptings,2
annexation,19
merchandise,4
elapse,1
resolve,1
remove,4
madawaska,1
common,14
wrongfully,1
tended,1
individual,18
manly,1
surrendered,1
tender,3
materially,4
feared,1
repairs,2
desires,2
intersected,1
please,1
vindicated,2
dividends,2
complement,1
forwardness,1
alters,1
contrasted,1
reverse,1
appropriations,19
solely,1
annual,13
foreign,52
consume,1
supply,12
profligate,1
prosecuting,6
simply,4
unsuccessful,2
asserted,4
throughout,2
suppressing,1
expensive,5
raise,3
create,4
rivals,1
secret,2
meeting,8
dissension,1
understand,3
prices,6
resisted,1
fur,1
solid,1
bill,43
tolerate,1
elections,7
refitment,1
denominations,3
birthright,1
elucidation,1
impracticable,1
portugal,1
century,2
drawbacks,1
encountered,2
itself,46
monroe,1
regulate,7
seduce,1
dishonor,2
wherein,2
conterminous,1
proved,7
moment,10
purpose,22
aggregate,7
predecessors,2
task,12
supersede,2
forfeited,1
flags,1
appertain,1
withdraw,2
entry,3
macedonian,2
openly,2
alternative,3
injuries,2
discipline,3
cut,7
cur,1
danger,5
source,28
deliberately,1
excited,2
habeas,1
smallness,1
redeem,4
foreigners,4
subserve,1
blemish,1
follows,4
addressed,7
wit,1
constitutional--the,1
often,9
absolutely,1
abundantly,1
remarking,1
strongest,6
examples,1
ourselves,5
pronounced,4
scale,5
affects,4
decision,17
per,21
people--the,1
connecting,1
lard,1
invade,4
peculiarly,1
continuing,2
chargeable,2
goods,10
constraint,1
inhumanity,1
islands-------------------------------------------------------------,1
canvassing,1
tenants,1
pollution,1
acquirement,1
harassed,1
invading,2
framed,2
neutrality,1
steamboats,1
controverted,2
derangement,2
forward,2
invite,10
adjusting,1
hoped,14
hopes,6
directed,15
rejection,1
exploration,2
well-known,1
possession,5
constant,8
expedition,4
flow,5
single,9
dispensation,4
dispensations,1
prevail,5
essayed,1
brethren,2
coastwise,3
excused,2
azimuths,1
composing,3
confine,1
prepared,5
restoration,8
utterly,1
lent,1
statesman,1
implies,2
speculations,1
concernment,1
ascertained,8
implied,10
presenting,5
debenture,1
grogan,1
restraining,2
graver,1
enjoined,1
blaze,3
atlas,1
maryland,1
fatal,5
agitating,1
severely,1
respectful,2
shock,2
disbursements,1
transmutation,1
unsatisfied,1
demonstrations,1
rivers,12
insertion,1
depression,1
contingent,1
protraction,1
giving,10
assisted,1
inconveniences,1
access,1
exercise,31
body,14
exchange,30
repudiation,1
jointly,1
objects,15
sink,1
others,29
irritating,1
extreme,4
whipple,3
remark,6
talent,1
later,2
principally,2
honor,26
composed,1
twenty-six,2
speeches,1
private,17
extravagance,3
names,2
lima,1
determining,2
reciprocity,1
themselves,30
emigration,2
transient,2
harvest,1
escaped,2
account,8
inclinations,1
obvious,13
praise,1
promptitude,1
reserved,2
reserves,1
fulfillment,4
native,2
varied,1
holds,1
hampshire,5
regions,7
responsibilities,4
forest,3
stock,10
buildings,1
accorded,1
relates,4
annexed,3
collection,4
yielded,2
lines,2
chief,22
deigning,1
subsequently,1
furnish,12
justifiable,1
struggles,1
alacrity,2
consent--a,1
flattering,1
agricultural,8
industrious,2
la,3
accredited,4
winning,1
resorting,2
willing,1
latitude,17
criminal,2
greater,14
spell,1
mention,2
cutting,1
kindness,1
day,40
morris,2
resistless,1
abrogation,1
burdened,1
announces,2
defend,5
wholly,9
arkansas,2
fondly,3
announced,5
thereupon,1
frank,1
fourteen,1
approaches,2
delinquency,1
receipts,11
overweening,1
abuse,11
retain,1
retail,2
facilitate,1
south,14
crock's},1
reaches,6
embarrassed,4
improvements,9
reached,4
excrescences,1
establishments,1
intermediate,1
acquiescence,3
sixteenth,1
retrench,1
completed,5
convertibility,1
self-sustaining,1
majorities,1
inestimable,2
discretionary,1
prune,1
calamity,1
few--a,1
lover,1
visited,5
abolished,1
wildernesses,1
fluctuation,1
comfortable,1
tide,3
have,374
dictate,3
apparently,4
skillful,1
gravity,1
schoolmaster,1
concerns,6
provoked,1
unless,10
procure,2
eight,9
prisoner,1
payment,30
request,1
disease,2
capita,1
occasion,17
selection,4
hazarding,1
staff,1
knowledge,13
concurred,1
controls,1
quintuple,1
regularly,4
bear,4
accrue,5
unauthorized,2
rage,1
calling,1
excesses,1
fixed,10
conform,3
exists,13
national,23
watchfulness,1
awaits,1
imposition,12
attempting,1
clearing,2
discounts,10
difficulties,13
wean,1
progress,17
boundary,53
firmness,1
instant,1
asunder,1
freely,2
taking,6
repealable,2
equal,16
attributed,1
fulfilled,3
assure,1
sexes,1
attributes,1
passing,7
otherwise,13
abortive,1
fostering,1
commend,1
copies,20
permanent,16
curtail,1
anomaly,1
define,1
arises,1
perplexed,1
stationed,1
essentially,2
finished,1
angles,1
arisen,7
volunteer,1
homes,1
instigates,1
plain,4
as,562
value,27
augusta,1
promoted,1
advisable,2
almost,15
dissent,9
delusion,3
contiguity,1
respected,1
arrangements,2
tampered,1
claimed,5
watchful,1
administration,18
infer,2
frivolous,1
material,4
again,19
judgment,14
insure,7
retard,1
superabundant,1
recourse,1
center,1
nevertheless,14
circumstance,1
thought,19
exceedingly,1
straightness,1
redeemable,5
sets,1
position,10
arising,12
latest,1
stores,3
proximity,2
executive,99
domestic,22
protecting,3
passively,1
lake,33
recommending,4
add,12
franking,1
propositions,2
reformed,1
resolved,1
punctual,1
judiciary,3
elapsed,2
houlton,1
like,5
inviting,3
admitted,6
works,3
authority,27
recommendation,7
proper,41
discretion,5
economical,2
assuming,1
forbid,1
slight,2
lieutenant,3
although,18
worthy,13
engendering,1
approximating,2
retribution,1
deriving,3
about,38
actual,14
boards,1
certainty,3
any--but,1
blessings,11
introduced,9
injuriously,4
rendered,12
preexisting,2
obliterated,1
guard,12
esteem,1
ridge,4
exactions,2
elastic,1
awarded,1
spread,9
inasmuch,1
insures,1
amity,12
but,240
repeated,5
memphis,1
partially,1
wise,21
glory,6
dangerous,8
j,3
leech,2
supreme,9
exceeded,2
enlists,2
periods,4
our,243
proceeds,22
corporation,11
blighting,1
virtual,1
detain,3
special,6
granite,1
uttermost,1
enlargement,2
augmentation,4
honorably,1
secretary's,4
augmented,5
limited,18
comparatively,4
facilities,13
intercommunication,1
evermore,4
assembled,3
money--was,1
violate,2
paris,1
contravention,1
agitator,1
whatsoever,1
under,160
pride,2
merchant,5
applied,7
conjecture,1
legislators,2
risk,1
rise,1
every,67
gratification,6
encounter,3
school,1
supports,1
admissible,1
enjoy,1
consistent,2
estimates,3
direct,17
surrounding,1
persuade,2
estimated,14
conduce,1
solemn,11
selected,8
liberty,10
causes,17
conduct,14
supplies,5
excises,1
seeks,3
contentions,2
represented,7
path,1
shortness,1
establishment,22
lieutenant-colonel,3
generals,1
renewability,1
leaves,5
ridicule,1
proportioned,1
depreciated,4
abolition,5
stipulated,3
settled,9
punishment,6
feelings,8
visible,1
would,236
garners,1
distributing,3
barbarous,1
taxation--not,1
connecticut,8
ardently,1
must,44
me,56
join,1
cheapest,1
entertained,21
deficiencies,4
mr,30
dragoons,1
my,128
aggrandize,1
inscription,2
estate,1
ingenuity,1
diminished,8
preserving,10
keep,7
attract,2
guarantee,1
end,17
peculation,1
barnharts,1
astronomers,1
writers,1
adjacent,1
charging,1
description,2
coffers,1
demanding,1
parallel,16
acknowledged,4
unpunished,2
ultimate,10
enter,14
executed,4
over,60
london,6
expectations,6
exhibits,4
comprehend,1
destroyed,2
complex,1
sault,2
prevented,1
netherlands,3
detroit,1
filling,2
newport,1
each,44
lasting,1
consolidate,2
prohibit,1
signing,2
laid,14
heavenly,1
twenty-five,1
independence,10
free,29
aforesaid,1
correctness,1
days,4
habitations,1
labored,1
hopeless,2
corrections,1
already,29
researches,1
primary,3
rank,3
hearing,1
relations,28
revival,2
top,1
confirming,1
too,38
inconvenient,3
duress,1
reparation,2
murder,3
serve,5
took,5
negotiating,2
folded,1
incur,1
western,6
abated,1
made--and,1
frankly,5
classes,3
raw,4
unaffected,1
relatively,1
thoroughly,1
steamboat,3
isolated,2
situated,4
localities,1
pendleton's,1
propitious,2
though,3
plenty,2
coin,2
parting,1
prevails,1
metal,1
treaty,100
orderly,1
enterprise,6
entertaining,3
levying,1
inspire,2
reductions,2
sage,1
reissue,1
earth,14
situations,1
delays,2
institution,6
announce,4
axiom,1
hostility,1
watch,1
all-wise,2
despite,2
report,54
fabrics,3
countries,49
chesapeake,1
anxiously,3
states--that,1
farther,2
thwarting,1
proclaims,1
resist,1
disturbing,2
discriminating,3
capacity,3
temptation,3
continually,1
approach,7
rims,1
confusion,1
weal,2
however,37
southeast,1
improve,2
protect,10
distinguished,5
tygris,1
variance,1
expense,9
self-respect,1
trust,12
been,354
confident,3
belongs,1
expected,7
captives,1
bereavement,1
majesty's,4
deliberations,1
apprehension,8
lessen,1
kentucky,1
n,1
stopping,1
subjugate,1
procedure,3
expenses,12
punctuality,6
containing,2
suggest,6
prussia,2
drawback,1
buckhall,1
firesides,1
bands,1
several,43
numerical,1
action,33
workings,1
insisted,1
shortly,5
embarrassments,19
possessed,3
ocean,13
savings,1
impediment,2
greatest,18
detained,2
possesses,5
proposed,31
proposes,9
transporting,4
followed,6
memphremagog,3
pointing,1
humanity,14
gave,2
advances,2
descending,1
judge,1
advanced,3
apart,8
gift,1
zeal,4
contradict,1
specific,6
amoy,1
offices,11
officer,17
arbitrary,1
incumbents,1
successfully,1
election,8
displeasure,1
escape,10
indirect,1
contests,2
perfected,3
rapidity,1
embodied,1
proceeding,8
establish,18
companions,2
everything,6
subordination,1
disappeared,1
discount,10
permitted,19
limitation,1
census,4
attacks,1
surround,2
trustworthy,2
steadily,2
rigor,1
efforts,24
discharging,2
presence,2
civil,11
custom-house,1
obtaining,3
emigrate,1
existed,13
outbreaks,2
indispensable,7
class,3
indispensably,8
crews,2
freest,1
questionable,1
head,24
medium,16
attempted,3
visitation,3
differences,6
deny,2
heinous,1
payable,3
satisfactorily,2
sustained,12
removed,9
charterers,1
counsel,2
portions,5
ruined,1
submitting,1
neighboring,5
adorn,1
suspicions,1
injurious,4
constructed,7
faithful,3
no,233
whereas,4
when,60
setting,3
papers,6
np,1
tie,1
picture,3
reconsider,1
self-congratulation,1
liquidate,1
preceding,2
uniformly,3
miscellaneous,1
propelling,1
discharge,15
to-day,2
longer,10
withhold,5
remarked,2
serious,16
undoubted,1
unprincipled,1
neighbors,3
affair,2
varying,1
extremities,1
passage,7
charge,6
advantage,6
exalted,1
unavoidably,1
bluffs,1
untenable,2
denounced,1
impressive,1
posts,6
invidious,1
accumulation,2
injunction,2
inland,4
invaded,1
port,3
substitute,2
endangering,2
constitution,59
contracted,4
servility,1
long-standing,1
reply,3
amounting,4
illimitable,1
water,13
entertain,2
ply,1
supplying,4
thirty,1
expressly,5
guilty,3
hospitality,1
navigation,7
paralyzes,1
morals,2
inducing,2
crisis,1
variously,1
wrongs,5
negroes,1
sessions,1
suggestions,7
attained,5
cases,22
tribunal,3
unrepealed,2
sphere,1
modified,4
longitude,2
districts,2
unconditional,2
numbers,7
deservedly,1
figure,1
downfall,1
auxiliaries,1
unarmed,1
arrete,1
performed,3
counting,1
secured,5
innumerable,1
vital,1
cardinal,1
fourth,6
secures,1
levy,3
paramount,3
irrational,1
impartial,3
rites,1
informs,1
representations,5
eighth,2
branches,11
succeeded,7
propriety,15
invests,3
lamented,2
exclusive,16
comfort,1
estuary,2
furnished,8
understandingly,1
constituents,8
mainly,2
furnishes,3
offers,1
meridian,5
happened,2
qualified,4
hamilton,1
endeavored,1
term,4
equality,4
name,12
sensibilities,1
importation,3
subjection,1
unproductive,1
begun,2
intended,6
ultimately,3
concur,7
intercourse,26
factors,1
attended,15
theory,3
infidelity,1
dispatched,2
unfriendly,3
dispatches,4
accommodation,4
impose,3
motion,1
turn,4
place,51
unborn,1
origin,6
suspend,2
surviving,1
revenue,46
baker's,1
incongruous,4
accruing,4
commissioners,24
cheerfully,1
disinterested,1
given,22
necessarily,14
district,16
native-born,1
zollverein,2
returns,2
coining,1
convention,17
gives,3
exploring,3
season,11
inexpressibly,1
copy,5
population,16
wide,2
unfortunately,1
require,27
diplomatic,4
mariner,1
oath,3
powder,1
and,2077
pro,1
exchanging,2
any,223
prosperity,28
sciences,2
unavailing,3
urge,13
sure,2
invasions,1
harmonious,2
falls,7
vitality,1
multiply,2
cleared,1
annum,2
considered,8
adopt,8
quantity,3
extricating,1
workshops,1
woolen,1
favor,11
written,2
crime,4
partake,2
lighted,1
expectation,2
regarding,3
naked,1
unreproved,1
imposing,6
violated,5
labors,7
college,1
professed,1
encouraged,3
fails,1
voluntary,4
federal,10
subsequent,4
review,4
definite,1
its,393
charters,2
arrival,2
multiplied,1
originated,11
inseparably,1
intrepidity,1
superintending,1
cities,11
come,18
originates,1
postage,2
acquiring,1
missions,1
efficiency,8
region,12
parts,15
contract,2
forthwith,1
duty,74
afterwards,13
continuation,1
sixth,3
hereunto,1
period,33
satisfaction,7
endeavor,1
subscribed,2
deposited,5
peaceful,3
hardly,6
abstract,6
engine,1
direction,12
reimburse,2
minister,45
careful,6
spirit,41
case,38
myself,25
amend,3
cash,3
compensations,1
coupled,2
decisively,1
revolutions,1
granted,11
reminded,1
marys,1
agitated,2
events,4
driven,1
persons,13
statutory,1
delicate,6
unqualified,3
implements,1
modes,2
pennsylvania,3
without,103
relief,12
inability,7
termination,9
reward,1
bodies,1
justify,5
captures,1
guided,1
unconstitutional,1
violent,4
cease,5
harrison,2
captured,5
blow,1
seems,10
except,12
accepter,2
confines,1
inflation,1
styled,3
confined,2
accepted,1
correcting,4
rewards--for,1
waiving,1
reduced,9
burdens,2
shillings,1
enormities,2
pacific,11
table,1
redeeming,1
provided,24
teachings,1
legal,1
provides,7
communicate,6
intrusted,6
compromits,1
royale,2
affording,5
on,454
zealous,1
of,4436
paralysis,1
discussed,1
informing,1
mutually,1
stand,2
or,295
annoyances,1
cambridge,1
instruments,3
breakwater,1
rising,1
determine,6
abrogate,1
refinements,1
strictly,1
there,85
hazards,6
disposed,5
dispersion,1
strict,8
disposes,1
valley,3
ewing,1
vested,4
regard,51
amongst,7
cabinet,1
relate,1
promote,6
furtherance,1
grass,1
strongly,11
britain,39
governed,7
corresponding,3
onerous,1
piracy,1
deserve,3
discerned,1
erecting,2
immunity,3
deviation,1
requested,2
briefly,1
separate,7
includes,2
nucleus,1
included,2
creditor,5
stocks,9
applause,1
calls,4
invest,6
exhausting,1
directors,11
missouri,2
graham's,1
all,314
chinese,6
amount--that,1
seals,1
follow,6
settlement,17
decisions,1
subjected,13
removal,10
crest,3
belonging,2
equivocal,1
far,49
induce,7
forestall,1
treating,1
stimulus,1
regiments,1
list,1
undone,2
renouncing,1
indemnity,4
ten,6
rate,10
design,3
what,41
imported,5
advantageous,1
deeply,13
wrongdoers,1
lawrence,8
brief,4
importer,4
intersect,1
disbursed,1
guns,1
defalcation,1
eventuate,1
directions,2
steamships,2
uninhabited,1
bryarlys,1
naval,11
extraordinary,14
extremes,1
members,7
suddenly,1
impolitic,2
proceed,3
denominated,1
dissatisfied,1
passports--all,1
markets,3
minor,1
flat,1
exigency,1
flag,11
known,23
presumed,6
forbearance,3
ineffectual,2
recurring,2
island-------------------------------------------------------------------,1
embarrassing,3
jeopard,1
imitation,1
arise,17
cultivate,10
desolating,1
influenced,3
court,14
broadly,1
rather,9
breaking,4
occasionally,1
buenos,1
extinguished,1
explains,1
sandwich,2
orbits,1
reflect,1
disable,1
adventure,5
concentrating,1
proclaimed,4
short,12
chiefly,5
reestablishing,1
interpolations,2
departure,4
artful,1
shore,5
calamitous,1
magnanimity,1
outrages,2
september,14
mission,7
unite,7
exemplification,2
pretext,4
forty-second,1
style,1
susceptible,2
it--that,1
resort,20
ongitudes,1
might,52
belligerent,1
return,18
arnolds,2
disregarded,2
land-proceeds,1
instructions,15
instances,6
residing,5
friendship,2
characterized,1
pirates,1
weight,3
needless,1
beneficent,2
expect,3
undertake,1
retrenchments,1
health,6
hill,1
induced,2
solvent,2
differ,3
attendant,4
generate,1
thrown,5
alluded,8
year's,1
tributaries,4
circuit,1
consequence,14
fallen,3
throws,1
before-mentioned,1
feel,20
radical,2
feet,6
sympathy,2
enlarged,5
brave,3
defects,5
colombia,1
ningpo,1
abrogated,2
blanc,1
passes,6
leading,7
coasts,1
passed,19
finances,9
store,1
temptations,1
imperfect,1
statement,4
relieved,4
treasurer,1
appropriated,1
lac,2
convinced,2
king,5
kind,4
double,1
instruction,1
states,411
liabilities,2
obstacles,1
outstanding,10
strengthen,1
imports,10
alike,6
check,1
amendable,1
populous,1
added,9
intervened,1
pillage,1
measures,35
reach,5
nothing,31
seasons,4
achievement,1
mineral,2
numberless,1
corpus,1
coincides,1
dissolved,1
reestablished,1
institutions,33
lying,4
expedients,5
barter,2
journeys,1
subtreasury,4
fond,2
inflexible,1
aggravate,1
securing,5
penalty,1
abiding,1
his,110
invoke,1
means--the,1
him,24
resources--a,1
prescribing,1
activity,2
precaution,1
forego,4
achieved,1
intelligence,4
defense,14
bare,1
are,259
chambers,2
arm,2
threats,1
distinctive,1
various,17
consecutive,2
numerous,13
corruption,2
supposed,15
frugality,1
recently,18
creating,3
sold,2
attention,44
denomination,1
succeed,1
importers,1
opposition,3
competent,5
terms--a,1
relying,1
foo-choo-foo,1
blazes,8
war-worn,1
became,12
finds,4
reside,3
distress,1
duplicity,1
unsoundness,1
sweep,2
improper,1
regulated,6
decline,1
pendleton,1
political,25
due,33
whom,18
reduction,8
cruisers,7
brokers,2
demand,14
surveys,1
workmen,1
healthy,4
engineers,1
rio,1
alliances,1
remonstrated,1
twofold,1
ample,7
stimulated,1
esteemed,10
prerequisite,1
higher,3
exigencies,3
restraint,4
government--of,1
negotiate,4
cement,1
triangulation,1
equable,1
arrived,3
contractors,1
tachereau's,1
analysis,1
countries--have,2
stating,1
repealing,1
intervals,3
questions,8
vigilant,2
inference,4
continent,10
profitable,1
tables,7
corroborated,1
retaliating,1
exclusively,7
speedily,9
governmental,4
exhibition,3
permanency,8
profitably,2
complaint,7
constitutions,1
vindicate,4
condemnation,3
unlimited,3
modifications,2
incidental,5
separately,2
collect,3
distrust,3
acceptation,1
essential,7
understood,5
hurriedly,2
gradually,1
constitutionality,1
overtures,1
tends,2
hosts,1
refuses,1
asserting,3
tortuous,2
ordeal,2
stricken,1
range,4
militia,4
guizot,1
wedded,1
conquest,3
johns,1
exceed,10
persevering,1
because,22
canal,1
impressed,1
acquiesce,3
question,39
long,33
signified,1
sections,1
mountains,7
fisheries,1
repeatedly,1
delta,1
raising,1
patriot,2
consist,8
fulfilling,7
characteristic,1
gratifying,3
fluctuations,5
called,22
imposts,1
associated,3
rally,1
huron,2
graham,4
rainy,3
evils,7
peace,61
income,3
meaning,1
allowing,1
happier,1
departments,9
weighty,1
once,16
issued,11
infatuation,1
winds,1
discordant,1
adjustment,12
contributions,4
issues,17
bank-note,1
cruiser,2
uphold,4
disposal,2
swelling,1
abode,1
breathing,1
seized,5
accommodations,1
wishes,8
ruinously,1
disclaimed,1
notes,39
dealt,3
manifestly,1
settlers,3
noted,1
concluded,5
toils,1
pohenagamook,6
concessions,3
kennedy's,1
capital,11
renders,1
island-----------------------------------------------------------,1
degree,35
desired,5
separation,2
warehousing,4
larger,1
leaving,13
evading,1
slightest,6
definitively,2
examinations,3
stockholders,3
egypt,1
apt,5
hardy,2
apply,4
use,18
from,356
stream,26
consumption,3
few,14
examination,6
constitutionally,1
sort,3
parliament,1
inclined,2
impress,1
cooperate,1
inclines,2
carried,16
topic,1
lumber,1
accrued,1
purports,1
proof,1
tax,1
assumptions,1
something,1
sir,1
united,254
sit,1
clothing,2
six,2
inaugural,1
unquestionable,3
unquestionably,2
unites,1
justifiably,1
instead,3
attend,1
hazard,4
redundancy,1
highlands,10
light,5
interrupted,1
fortunately,5
honestly,3
irregularity,1
sanctioned,1
whilst,3
looks,3
superior,4
ships,13
estimating,1
tyler,1
restrain,4
covered,3
pending,8
violating,4
contention,2
plenipotentiary,4
practice,16
invitations,2
impaired,1
republican,3
affections,1
successor,3
articles,23
profound,3
admonishes,1
transmitted,4
bills,19
retributed,1
doubled,1
sectional,4
ambassadors,1
indulged,6
out,42
money--since,1
respects,4
southerly,1
acknowledgment,1
sentiment,12
frontier,5
obstructions,4
performs,1
honorable,8
induction,1
proviso,3
maintains,2
promptly,10
york,7
conflicts,5
organic,1
latitudes,1
barbarity,1
hence,2
plainly,9
hitherto,3
eleventh,1
apprenticeship,1
bois,1
salutary,1
uniting,1
unknown,1
their,249
misunderstood,1
unceasing,1
consoling,1
reflecting,1
diminish,1
july,5
commence,1
objectionable,6
limiting,1
faederis,1
arouse,1
creditors,2
tracts,2
angle,5
inform,6
agency,7
which,713
who,73
representation,2
emancipation,1
why,3
statute,1
discourage,1
conquests,1
looked,3
adverted,5
ensued,1
electoral,1
agreed,11
artfully,1
chinghai,1
utter,2
fear,5
pleased,1
nearer,2
unanimously,2
debtors--a,1
local,30
vigor,7
prosecute,4
monuments,12
massacre,1
words,2
suez,1
subduct,2
enlisting,1
septieme,2
avoidable,1
ascertain,3
generations,1
view,46
unison,1
available,16
acquired,1
merits,2
despoiled,1
genius,1
exerts,1
closed,1
bought,1
weighing,1
ability,5
opening,8
agencies,7
embarrassment,10
april,5
grain,1
retrograde,1
safely,7
grounds,8
withdraws,1
respect,18
flourish,1
withdrawn,6
provinces,6
fishery,2
literal,1
boundless,3
proudest,1
sufficient,16
scrutiny,1
remonstrances,1
improved,1
repetition,1
present,72
perseveres,1
abandoned,5
unlike,1
fearful,1
incumbencies,1
will,316
persevered,1
depreciation,6
wild,4
goodness,1
apprehend,2
thus,78
encouragement,2
requisitions,3
education,2
perhaps,1
privileges,3
enumeration,3
member,2
adverse,2
merciful,1
geographical,2
largest,2
inch,2
difficult,5
slave,21
whale,2
correspondent,1
approve,2
perpetrate,1
english,3
undertaken,3
bending,1
excessive,5
heavily,2
wealthy,1
obtain,8
replenish,1
recollection,2
happiness,16
disturbance,1
urged,16
point,36
smith,5
arresting,1
adoption,21
usage,1
earnestly,6
enacted,3
unprecedented,2
provisions,29
execute,4
republics,5
know,9
press,3
georges,1
perpetual,3
vortex,1
prosequi,1
james,6
agents,20
commerce--that,1
supererogation,1
reclamation,1
growth,6
export,2
empire,10
employment,11
cutters,2
lead,16
philosopher,1
instantaneous,1
deflections,1
trout,2
ayres,1
june,8
civilizer--to,1
extension,5
saddle,1
universe,3
dependence,4
shipping,2
dependency,2
carrier,1
places,11
emperor,2
outset,1
own,57
wilderness,5
owe,1
warrants,1
civilizing,1
weather,2
promise,1
lawful,3
well-regulated,1
transfer,2
faithfully,5
captains,1
continental,1
intention,2
executive--actuated,1
appointing,3
funds,13
incursions,3
assail,1
made,130
whether,38
distract,1
below,3
inadequate,1
resumption,4
interchanged,1
mutual,7
lawrence--a,1
other,164
branch,47
disproportion,1
conclusion,13
kinds,2
apportioned,1
circumspection,1
earthly,1
incurred,2
shadowing,1
readiest,2
auxiliary,1
commencement,11
volumes,2
