,164
limited,25
practicability,1
seated,1
secondly,2
consolidated,1
dissolution,4
comparatively,11
desirable,15
needful,1
extends,3
four,16
facilities,14
overaction,1
woods,2
consists,3
appetite,1
repress,1
integrity,2
assembled,3
aggression,2
forget,1
whose,32
devout,3
effectually,6
granting,1
obstructions,1
assigning,1
poorest,1
objection,7
presents,9
list,1
nominal,1
postmaster-generals,1
whatsoever,3
under,117
arranged,2
sorry,1
gracious,1
worth,1
allay,1
merchant,2
deliberations,3
conjecture,1
promulgated,2
macgrab,1
risk,2
unsold,2
rashly,1
rise,6
lurk,1
opinion--the,1
compacts,2
ever-ready,1
appropriation,4
every,113
gratification,4
nourished,1
depreciating,2
affect,4
bringing,2
edifices,1
vast,25
refrains,1
disturb,5
recollections,1
abhorrence,2
postponing,3
clothed,2
far-distant,1
conceive,1
customhouse,1
sketch,1
arrayed,2
indefinitely,1
convenience,10
separates,2
red,3
succession,3
murders,1
nine,2
shows,2
immunities,2
occupancy,2
enjoy,6
charter,11
bill,2
force,31
specially,3
construed,1
lessen,3
consistent,11
invariably,2
occasioned,4
direct,24
with-different,1
elections,3
likely,8
persuade,1
sustaining,3
sprung,2
available,6
sailed,1
estimated,7
landed,1
planters,1
even,29
established,20
errors,2
relieving,3
cooperating,1
deliberate,2
desirous,5
bounties,3
selected,8
contributed,4
corporation,1
liberty,5
consequent,6
victims,1
lights,1
mischievous,1
oaths,1
above,13
conduct,24
supplies,8
net,1
increasing,13
ever,23
consisting,2
harbors,1
pressed,4
deemed,24
dispatched,4
sprung--constant,1
offenses,3
obviating,1
join,1
fervent,1
men,16
disposable,1
here,13
scott,2
met,11
defensive,1
protection,25
china,2
pursuit,2
europe--an,1
active,8
path,4
quite,1
eliciting,1
referring,2
obtained,7
prussia,4
balance,12
attending,2
rests,2
pretensions,1
leaves,2
changed,5
envoy,2
proportioned,3
reports,4
controversy,13
credit,46
cogent,1
depreciated,10
permit,8
trespassers,6
provident,2
adopting,5
postponed,3
settled,13
punishment,7
punctilious,1
discouragements,1
secure,15
classification,2
vaults,3
conservatives,1
th,27
natural,10
feelings,11
indutry,1
visible,1
assaults,1
embarrass,2
removal,14
umpire,1
hoping,1
receivable,2
america--the,1
charge,11
would,148
army,18
compensation,6
insecurity,1
agitation,6
magnify,1
arms,7
seventy,1
discrepancies,2
forerunners,1
call,15
therefore,33
recommend,15
interruption,3
indiana,1
liberally,1
until,19
preserved,3
separated,2
speaking,1
solicit,1
relax,1
successful,17
remark,2
expose,2
hereby,2
violates,1
wars,2
vicissitude,1
aware,8
post-office,9
berlin,1
warm,1
self-improvement,1
loose,1
excellent,2
continual,2
radical,2
midst,4
hold,4
casualties,1
must,58
me,56
system--that,1
canadas,2
eligibly,1
philanthropic,1
room,3
err,1
rights,36
pursue,3
protest,1
interposition,4
accomplishment,11
plunged,2
palliation,1
entertained,7
theories,1
warn,2
ere,1
obstacle,2
mr,12
exceptions,5
lieutenant,1
revenues,8
my,117
example,5
anticipating,2
dissatisfaction,2
devastations,1
forcible,2
impose,4
estate,1
give,26
unjust,7
preserving,3
organized,5
impair,6
currency,49
adverting,2
caution,4
want,6
mail,10
cruising,1
deference--the,1
keep,6
discountenance,1
crowning,1
advancing,2
absolute,3
provincial,2
admission,3
end,21
elicited,1
provide,10
topographical,1
indirectly,1
feature,1
behooves,2
very,35
ratification,2
disappear,1
adjacent,2
dispense,2
answer,14
record,1
widespread,1
trustee,6
preferable,1
recompense,1
commencing,1
honored,2
description,9
mouths,1
barbarians,1
exhibitions,2
unfitness,1
earlier,2
delicacy,1
containing,1
demanding,1
customs,5
follow,1
hence,1
long-continued,2
lay,6
destined,2
water,1
president,16
law,71
parallel,2
purchase,2
attempt,13
sioux,1
fathers,1
amid,2
acknowledged,1
lost,4
think,13
intermingled,1
fictitious,1
ultimate,6
capitalist,1
things,14
balancing,1
operate,2
order,19
wind,1
operations,39
restriction,2
foresaw,1
executed,5
afterwards,3
office,14
devote,1
consent,5
over,30
govern,3
prohibition,2
satisfied,12
iniquity,1
presence,5
sickly,1
enactments,5
elevated,1
beset,1
japan,1
fidelity,9
before,45
elapse,1
fit,2
severest,2
personal,9
heretofore,22
fix,2
striking,5
befallen,1
exhibits,2
better,11
narrowest,1
anticipations,3
compelling,1
differently,2
valor,2
admirable,1
auction,1
overcome,7
vigorous,1
then,35
them,226
affected,7
combination,2
prevented,7
enrich,3
safe,14
sheriff,1
dispatches,1
emigrated,3
effects,20
they,257
landholders,1
interrupt,1
same--to,1
major,1
silver,19
bank,73
bread,1
moneyed,3
disproves,1
netherlands,3
double,3
slavers,1
reasonably,5
arrested,7
slavery,2
factories,2
crops,2
filling,1
eleventh,1
profusely,1
each,32
encounter,2
european,2
interfering,5
side,6
instrumentality,2
afforded,10
preceded,3
schemes,1
financial,8
directly,4
independent,12
councils,2
companies,4
cadet,1
principles,37
applicable,2
ministering,1
used,9
trading,2
corporations,13
substantially,5
exigencies,5
cherokees,2
collector,4
extrajudicial,1
borne,3
contend,2
singularly,2
merchants,10
precisely,1
propensities,1
fraught,1
borrowed,2
restricted,3
waive,1
excepting,1
forty,2
vessels,18
undoubted,2
content,4
lad,1
laid,8
undone,1
multiply,1
discharged,6
precision,2
comprehensive,2
surprise,3
newly,1
cheerfully,6
venezuela,3
swell,1
independence,9
foundation,3
inhabitants,1
disputed,6
assured,3
resume,2
lawless,1
little,18
free,17
standard,9
assures,1
appointments,1
salutary,19
encountering,3
curtailment,4
winnebagoes,1
forcibly,1
crowned,2
estimate,4
wanted,4
paez,1
unauthorized,2
subsistence,2
ordnance,3
conform,2
delight,1
enormous,1
consciousness,3
created,10
argument,2
professions,1
viewing,3
construing,1
renew,6
disturbed,3
speedy,12
incorporated,2
signature,1
reserving,1
impede,2
repealed,1
loud,1
defending,1
size,1
appeals,3
intermediately,1
sagacious,1
render,12
supposing,1
railroads,5
parted,2
thereof,10
well-spent,1
workings,1
sup-port--all,1
adopted,21
another,21
difficulty,12
thousand,1
rashness,1
irredeemable,4
magnificent,1
insisted,2
service,49
number--we,1
protracted,2
inter-fere,1
peacefully,1
fabrication,1
graciously,1
needed,6
compromise,3
too,36
dwell,2
inconvenient,6
john,3
bitter,3
cordially,1
consented,1
reparation,2
solemnly,1
intestine,1
happily,9
estimates,12
villages,2
serve,7
took,6
negotiating,1
wisdom,14
year--a,1
task,1
perseveringly,1
western,5
somewhat,3
effusion,1
shortly,3
requisite,3
abandoning,1
peculiar,11
positively,1
agriculturist,1
distance,3
surer,1
peril,1
classed,1
exultation,1
showed,1
unadulterated,1
bloated,1
immaterial,1
enabled,6
scenes,3
imputation,1
nations,39
preparation,3
matter,14
classes,10
validity,1
giver,1
deserving,2
adverse,5
design,1
feeling,10
powers,48
acquisition,10
post-roads,2
alleging,1
entail,1
willingness,3
exploring,3
respecting,2
face,2
modern,1
mind,11
mine,2
thirty-three,1
manner,26
subordinate,1
seen,21
seem,14
regulate,12
seek,7
contents,1
adjourned,2
unrivaled,1
forced,2
strength,8
advantage--was,1
commanding,5
convenient,8
latter,9
responsible,3
unalloyed,2
self-defense,1
eagerly,1
metallic,1
upholding,1
recommended,18
subjects,26
amendments,1
forces,2
punish,1
explanation,1
conducive,6
mixed--but,1
nobody,1
committing,1
though,14
object,34
diminishing,3
effective,5
exercised,7
extending,2
regular,9
mouth,1
reverence,1
conceded,3
retaining,1
hesitation,2
coin,6
past--all,1
manifested,3
morality,1
zealand,2
constancy,1
assisting,1
observation,1
transgressions,1
prevails,4
incompatible,3
flow,3
swerved,1
solemn,12
points,14
principle,15
boundless,1
enterprise,17
combinations,5
detriment,2
entertaining,1
authoritatively,1
section,3
came,1
reserve,2
pushed,1
assurances,4
departing,1
reductions,1
queen,1
precarious,2
ending,5
undue,2
treaties,11
attempts,6
reissue,1
madeira,1
supplied,3
respectfully,5
tacitly,1
subtle,2
tempted,2
july,5
perpetration,1
lessons,4
orleans,2
judges,2
coinage,2
latent,1
proposed,18
spite,1
holder,3
guidance,3
debts,14
endeavored,3
institution,21
rico,1
remittance,1
judged,2
rich,3
announce,2
adequate,17
storehouses,1
seconded,1
african,1
emphatically,1
predecessor,11
do,26
exports,2
remotest,1
chile,1
improvidence,1
ardor,2
hostility,8
inoperative,2
stop,4
perceive,1
reenforced,1
coast,19
judicious,5
h,2
intereference,1
altogether,5
report,38
aught,1
happiest,4
considerate,2
expelled,1
comply,4
warfare,1
assigned,7
affairs--a,1
chastened,1
countries,34
exchanged,3
officially,1
anxiously,4
bay,1
twice,4
bad,2
openly,1
reviving,1
fitted,1
framers,4
adherence,8
sanctioning,1
hasten,1
power--a,1
secretary,51
erroneous,4
disaster,3
reference,12
expediency,8
consummation,2
reservations,1
alterations,1
over-action,1
resist,5
depends,4
decided,6
submitted,31
twenty-two,1
holding,2
fail,11
disturbing,4
well-educated,1
best,27
subject,99
brazil,5
unexampled,1
said,8
capacity,4
temptation,7
away,5
solicitude,6
injuries,8
completion,1
overgrown,1
unable,6
cooperation,7
seven,2
drawn,10
misguided,4
metals--a,1
discovery,3
preserve,8
discipline,5
we,117
never,30
terms,13
parallels,1
extend,11
nature,25
felony,3
fruits,4
confessedly,1
however,40
retirement,1
fifty-seven,1
extent,57
defiance,4
news,1
convertible,2
debt,44
gigantic,1
admonishes,1
improve,4
suggested,5
received,51
essentially,2
accident,1
colors,1
sacrificing,1
irregular,1
country,160
ill,1
conclusions,2
seasonably,1
adventures,1
against,45
regions,3
negative,1
devotion,3
receives,2
self-denying,1
installments,1
distinction,2
expense,10
adapted,4
asked,3
contentions,1
emporium,1
prospect,4
jurisdiction,11
station,5
longitude,2
prepared,4
compromit,1
appeared,3
had,80
irresponsible,3
presumed,5
mutations,1
seizure,1
height,1
represented,3
exerted,3
blending,1
wider,2
springs,1
administrations,2
trust,21
apprehended,1
speak,3
gratitude,7
justifies,2
ease,5
proceeded,2
unvarying,1
slaveholding,1
basis,7
union,32
remained,1
three,13
been,451
particulars,1
confident,8
permission,1
much,47
detrimental,1
reigned,1
interest,60
inclemency,1
expected,21
parents,1
entered,4
prey,1
topics,2
duties,52
threw,1
borrowers,1
life,3
occupies,1
families,1
retrospect,2
prosperous,4
eastern,1
fellow-citizen,1
quantities,1
concerning,4
excite,3
uncommon,1
enterprises,3
moneys,34
generals,1
exactions,1
majesty's,16
doubts,4
usurped,1
chili,3
regretted,2
diverted,1
applied,4
commerce,39
exception,8
has,356
persisted,2
reciprocal,4
apprehension,9
propositions,3
legislating,1
originate,1
contingencies,3
disclosed,2
excited,4
employ,4
rationally,1
evening,1
suppose,8
imperatively,2
aid,32
cuba,1
property,21
document,2
procedure,1
twenty-four,1
remembering,1
incumbrance,1
kindness,2
losses,8
congratulation,1
florida,17
project,2
inquirers,1
linked,1
is,534
wrongfully,1
long-pending,1
it,697
defeated,2
expenses,21
eighteen,2
postmaster-general,12
ramifications,2
in,1446
dallas,1
mismanagement,5
plunge,1
bounteous,1
trusted,2
if,106
grown,4
confirmed,6
severity,1
hand--even,1
perform,8
suggest,2
make,34
sovereignties,3
manufactory,3
enlistment,2
complex,1
harmony,7
unfortunate,3
bands,2
--,16
liberal,16
several,19
showing,4
entitled,3
exertion,3
fairly,3
prohibits,1
governors,3
habitually,1
declaring,1
exacting,1
differing,1
evil,6
hand,19
liberties,3
depict,1
confiding,1
military,20
jealous,1
prosecuting,2
protected,4
opportunity,7
pervert,1
prescribed,4
vermont,1
suitable,4
kept,16
intrusion,1
possibly,1
embarrassments,32
possessed,5
failing,2
suffering,2
ocean,3
approbation,3
materials,1
perversion,1
greatest,12
humbly,2
claims,23
the,6106
corporate,7
investments,1
tha,1
left,20
vexed,1
opinions,18
assembling,2
departed,1
just,29
decreasing,2
misconstruction,1
warmest,2
repose,2
observance,4
judge,5
spread,2
human,6
facts,11
depart,1
insurrection,3
instructed,2
heated,1
yet,44
succeeding,3
previous,12
adding,2
forfeiture,1
family,2
misapplication,1
pecuniary,13
regarded,17
character,45
advancement,4
evidences,3
atrocities,1
belongs,3
collections,1
defray,4
beloved,3
channels,3
pointing,1
save,2
humanity,7
designate,1
threatens,1
race,3
laws--that,1
municipal,1
dignity,1
advances,2
disagreement,3
possible,10
inflicting,1
unequivocally,1
auspicious,2
vibrations,1
seasonable,2
birth,1
destroy,1
supervisory,1
vests,1
shadow,1
highly,12
burnt,1
unfounded,1
advanced,1
apart,2
desire,28
brought,16
swelled,2
specie,47
patience,1
zeal,3
performing,2
unnecessary,5
recommenced,1
specific,5
misled,2
offices,6
officer,17
hon,1
invaluable,2
security,17
kearney,1
occupants,1
inexpedient,1
portuguese,4
beneficial,16
right,28
theorists,1
creek,1
deal,1
people,127
staff,2
successfully,9
deaf,1
appellation,1
productions,6
election,4
escape,6
precautions,1
repelling,1
repeated,2
intellect,1
rapidity,4
enemies,1
securities,7
mcleod,3
total,1
proceeding,6
trace,1
for,593
communications,3
armed,2
unavoidable,8
fox,5
fasten,1
contributing,2
blessings--is,1
individuals,28
exposition,6
deeming,1
denied,4
steps,6
actuated,2
dispensations,1
advisement,1
participation,2
profitably,1
reflect,1
columbus,1
extenuation,1
disposed,8
unostentatious,1
confer,5
natives,2
disappeared,1
deadly,1
saved,2
provocations,1
framed,5
substitution,1
graduated,1
memorable,1
possesses,2
permitted,8
proceed,2
curtailing,2
stokes,1
limitation,1
census,1
rallying,2
eat,1
attacks,1
dollars,1
months,6
hostilities,8
surround,1
constituting,3
situated,3
cheapen,1
banker,1
steadily,4
incur,1
commit,1
efforts,15
occupying,1
meddle,1
functions,3
considerations,10
raised,5
indians,32
statements,2
formerly,6
amounted,3
civil,13
exhort,1
lavishly,1
obtaining,1
bound,6
extinguishing,1
coincided,1
down,6
rendering,2
formidable,6
dissenting,1
old,7
reducing,1
emigrate,1
particularly,3
nations--that,1
existed,18
rely,6
preemption,8
intrinsic,2
indispensable,15
constantly,10
legislation,35
sovereign,4
common-law,2
payment,34
avail,3
absolutely,2
accordingly,2
keepers,1
authorized,12
way,13
spring,5
resulted,2
naught,1
discouraging,1
factions,1
was,215
war,44
leading,3
calm,3
head,1
medium,6
annals,1
form,25
offer,4
attempted,2
differences,5
conclusively,1
discourage,1
ceded,1
back,9
payable,1
purchasing,3
satisfactorily,4
alliance,1
sustained,13
imprudent,1
surrender,5
true,21
assented,1
production,1
continuance,9
absent,1
brunswick,6
portions,16
appropriated,2
utmost,2
prosecutions,2
clause,1
bounds,1
devices,1
dens,1
exhaustless,1
perpetuity,1
submitting,3
undeniable,2
thwarted,1
unusually,2
stages,4
temper,1
penal,1
mails,7
later,4
proved,11
impropriety,4
request,5
abstract,2
one-third,1
evidence,11
unbiased,3
scientific,1
exist,18
promised,4
claimants,2
floating,1
enlist,2
sympathy,4
check,7
fraternal,3
constructed,2
looked,1
marking,2
contests,1
solicitation,1
faithful,10
pledging,1
no,138
agreeing,1
concluding,1
whereas,5
generally,9
proceedings,9
reality,3
interested,8
republic,21
munifence,1
alleghany,1
papers,5
test,5
unwilling,2
emigrating,1
involves,1
shrink,1
menomonees,2
permitting,2
downward,1
insecure,1
congratulate,4
fraudulent,1
why,4
felt,15
uniformly,4
partiality,1
invested,1
surgeons,2
levied,1
adverted,2
authorities,10
transfers,3
acted,6
arguments,1
dispersed,1
exhibition,1
corporations--the,1
reorganization,1
longer,9
apology,3
bestowed,8
assume,3
restores,1
interval,1
reasoning,1
commenced,7
daily,6
number--and,1
loyal,1
stripping,1
first-mentioned,1
reception,3
time,109
serious,17
quantity,5
profits,4
undeviating,2
neighbors,3
tribunals,3
inhuman,2
managed,3
chain,6
strengthened,7
consul,1
relieve,4
souls,2
exceeding,5
leads,3
disturbance,1
abatement,1
recess,2
/,1
grateful,3
foundations,1
battle,1
remarkably,1
abundant,6
tenable,1
retention,1
devoted,1
interpose,1
certainly,4
anticipation,4
depend,2
religion,1
nineteen,2
father,1
barbarity,1
suspending,1
passage,5
recurrence,1
absorbing,1
finally,5
asking,1
permanently,3
avowal,1
marks,2
pace,1
disapproved,1
circumstances,47
reassemble,2
surrendered,1
fancied,1
abundance,6
butchering,1
prosecuted,2
advantage,6
exalted,1
educated,1
unavoidably,2
keeping,11
choice,2
emergencies,6
supposition,3
granaries,1
entries,1
savages,1
word,1
fullest,5
deferring,1
exact,2
feeble,1
minute,2
governments,39
denounced,2
clouds,1
staples,1
presented,19
did,14
turns,1
stockbridges,1
posts,3
undeniable--the,1
ascertaining,3
voluminous,1
leave,15
depositors,2
settle,2
defaults,1
vicissitudes,2
depository,2
speculation,13
intersection,1
foreboding,2
round,1
prevent,31
unexpected,7
legalized,1
occurrence,4
importations,1
dealing,3
resisting,2
discover,1
unpromising,1
inland,2
widened,1
invaded,1
cost,4
draft,1
arm,2
unconnected,1
molest,2
substitute,5
enumerated,2
acrimonious,1
guards,2
purchasers,2
asylum,1
adds,3
constitution,47
deluded,2
assistance,1
contracted,6
foregoing,1
avowing,1
uniform,8
current,11
atone,1
ran,1
long-standing,2
last--a,1
reply,8
appeal,2
amounting,2
filled,1
band,2
satisfy,3
supporting,1
transportation,11
heavily,2
guardian,1
subsided,2
french,3
understanding,9
disclaim,1
contemplate,2
entertain,4
soldiers,2
illustration,2
groups,1
alone,19
along,4
implanted,1
appears,21
change,18
landmarks,1
shared,1
sending,1
exemption,2
exemplified,1
thirty,2
canadian,1
brilliant,1
title,6
wherever,2
commonly,1
fortresses,1
trial,4
accomplished,15
simultaneous,2
eustis,1
suggestion,2
usually,3
ancient,3
conveniently,2
navigation,9
country's,2
coincidence,1
ships,5
wilkes,2
discontinued,2
useful,11
stockton,1
morals,3
extra,2
inducing,1
merely,10
colonies,2
marked,2
coinciding,1
iron,1
patriots,1
subverted,2
unappeasable,1
surmount,1
rarely,1
crisis,4
market,6
marine,1
perseverance,3
manufacturing,1
wealth,7
prove,13
sake,1
positive,1
beneficence,1
abroad,19
territories,7
cherished,3
explicitly,2
upheld,2
opposed,5
peru,3
wanting,4
scope,3
associated,5
delusion,1
lessened,3
wicked,1
reenforcements,1
privateer,1
commissioner,4
dolphin,1
sessions,1
afford,23
suggestions,9
acceptable,2
apparent,11
refrain,5
claiming,1
thompson,1
cautious,1
everywhere,5
virtue,5
hesitated,1
corresponding,3
animadversions,1
cases,25
effort,11
stain,1
behalf,8
tribunal,2
caroline,4
sphere,3
participates,1
originally,2
representing,1
modified,1
believer,1
districts,3
entailed,2
harmonious,2
renders,7
can,171
dispossess,1
believed,27
making,13
arrive,5
slightest,6
numbers,4
ensue,1
claim,6
citizens,79
uruguay,1
attribute,1
flowed,1
sense,9
near,3
agent,13
supremacy,1
performed,10
allowed,8
reed,1
offense,2
clothing,1
counting,2
intelligible,1
occur,3
impartiality,1
english,1
plunging,1
unwavering,1
redundancy,3
requirements,2
winter,1
inability,2
dispositions,2
attract,2
discussion,11
bonds,16
unwritten,1
innumerable,1
reside,1
annually,2
strikingly,4
till,3
nowhere,3
vital,1
criterion,1
fourth,5
assistant,1
notorious,1
firmly,1
eight,1
secures,2
economy,11
armies,1
rejoice,1
paramount,3
information,22
impartial,2
illustrate,2
sacrifice,5
disinterested,1
spot,5
respective,8
grounds,8
applications,2
produce,19
surest,2
designed,11
islands,5
date,3
such,191
destructive,3
grow,1
man,5
relinquish,1
branches,5
remember,1
succeeded,3
conscious,2
whenever,5
explicit,1
yielding,2
stations,2
st,17
accounted,1
propriety,15
etc,1
so,187
deposit,22
declines,1
subsisting,1
challenge,1
representation,2
applicants,1
sat,1
travel,1
exclusive,14
serving,2
unfavorably,1
shield,2
government--would,1
seeing,2
indeed,19
peaceably,4
magistrate,2
displayed,2
abet,1
years,44
furnishes,5
course,35
statistical,1
stretching,1
unfavorable,3
relators,1
still,42
tendency,7
constituted,2
derive,1
police,1
how,11
interesting,3
facility,7
prodigality,1
vicinity,5
decreases,1
inflicted,3
forms,1
offers,1
constitutes,2
policy,60
suspension,31
deducting,1
main,2
norway,1
long-existing,1
texas,6
happened,1
correspondence,11
sacred,6
thereby,5
views,21
impulses,3
messrs,1
well-meant,1
sooner,5
nation,17
process,1
importing,1
touching,1
compelled,3
invading,1
half,18
not,368
now,95
provision,14
ordinary,14
maintaining,4
possess,8
execute,3
wily,1
equality,4
name,5
feverish,1
respectable,3
servant,2
january,8
imports,2
embarrassing,2
prospers,1
denmark,2
importation,3
entirely,9
quarter,10
cordiality,1
subjection,1
domain,3
unproductive,2
prompted,1
receipt,8
directing,1
avidity,1
owing,2
diversities,2
yeas,1
year,71
warmly,1
assumption,5
happen,5
avoided,7
disasters,4
aiming,2
tried,2
canada,8
living,2
ultimately,8
accomplish,7
concur,4
opened,3
intercourse,30
space,1
profit,4
desisted,1
interference,17
hastily,2
increase,28
collisions,2
seriously,7
investigation,3
imperative,1
murderers,1
navigating,2
suggesting,1
ruinous,2
receiving,6
correct,6
assurance,5
bordering,1
superiors,1
virtues,1
attended,11
mercantile,6
theory,2
defenses,3
porto,1
ottawas,1
million,3
seventh,2
authorizes,2
possibility,2
coffers,1
cut,2
unfriendly,1
dependencies,1
advantages,15
emulation,1
besides,4
counteracted,1
obligation,12
publicly,1
remainder,1
accommodation,5
care,3
patronage,5
advance,5
unsuccessful,1
conceding,1
contemplation,1
britannic,3
disguised,1
selections,1
discussing,1
undisguised,1
wrong,3
british,19
honest,1
turn,2
place,30
unfrequently,1
desultory,1
attainments,1
routes,4
charleston,1
promotion,1
profess,1
neglect,1
frequent,5
first,48
origin,3
benefited,1
revenue,62
spoken,1
jealousy,2
accruing,9
one,90
system--a,1
commissioners,6
amidst,2
suspended,4
carry,18
impossible,5
message,6
forwarding,1
open,8
affords,9
millions,46
predominating,1
city,6
given,36
necessarily,16
checked,5
humiliation,1
district,22
occupy,6
unduly,1
conciliation,1
impracticability,1
extortion,1
indicate,1
returns,3
splendid,2
some],1
terrifying,1
composing,2
disputes,1
bench--because,1
white,4
conferring,1
friend,3
climes,1
seduced,1
compactness,1
eyes,1
commodious,1
indispensably,1
panic,2
that,856
ownership,1
season,15
taxation,11
crews,2
proving,1
accurately,2
untried,1
released,1
shock,1
imputations,3
vain,3
copy,4
undoubtedly,6
than,124
intrinsically,1
population,9
wide,3
bolivia,1
unfortunately,7
accordance,7
favors,4
require,22
summary,1
diplomatic,5
transferred,1
discernment,1
monopolies,3
future,32
launching,1
venture,1
were,139
caprice,1
happy,14
russia,6
and,2100
constituent,1
gathering,1
hearty,1
desperate,3
mountains,2
assenting,1
correction,2
revocation,1
turned,2
punctually,4
prostitution,2
prosperously,1
already,35
say,12
suffrages,1
impressions,1
exchanging,1
perplexing,2
import,1
recover,1
saw,3
any,148
preservative,2
invite,4
prosperity,34
confirmation,1
efficient,13
law--alone,1
manufacturers,1
delivered,1
rudeness,1
note,8
endangered,2
drive,1
maintain,21
unavailing,1
take,10
forming,1
interior,4
performance,18
concern,1
projects,1
light-houses,1
channel,2
reconciled,1
urge,3
postmaster,2
sure,9
pain,1
oppressive,3
candidly,1
removes,1
price,19
enter,5
healthy,1
paid,18
falls,2
assault,2
indelibly,1
successive,4
complaints,4
undertakings,1
vindicate,1
america,8
inserted,1
destiny,1
peaceful,2
forever,6
especially,13
surprising,1
failure,5
considered,13
average,6
adopt,6
unwisely,2
sale,7
pernicious,1
ways,3
prepare,1
intrusions,6
reforming,1
slaves,1
harvey,1
business--an,1
republic--those,1
review,2
reenforce,1
laws,62
aggrandizement,2
conjunctures,1
surplus,19
regulated,5
show,10
german,1
definite,2
sacs,1
spain,4
accession,1
merit,3
fifty,1
elevate,1
cession,1
tonnage,3
gratified,2
mexican,10
maine,22
pacific,5
ground,12
conterminous,1
removed,8
outrages,1
gulf,5
favor,14
proclamation,4
proportion,9
enough,1
fortunately,3
crime,3
honors,1
impunity,2
only,108
stand,3
believing,7
treasury,104
outrage,6
passing,1
seized,4
frequented,1
dreaded,1
concurrence,4
dispute,12
guarded,5
temporarily,2
correctly,2
pray,1
contracts,7
cannon,1
pendency,1
designated,3
expectation,4
d'affaires,4
truly,2
grave,2
unimportant,2
cannot,1
nearly,16
whence,1
distinctly,2
clerks,1
conjunction,2
treachery,3
boundary,10
revulsion,8
village,1
regarding,2
reaches,1
resource,1
bearings,3
seldom,8
borrow,1
yield,4
requesting,1
overmatch,1
effectual,7
miles,11
predicted,2
liable,11
peru-bolivian,3
where,28
communicated,15
ever-watchful,1
manages,1
convene,1
declared,6
occupations,1
imposing,4
attached,1
violated,3
labors,5
seat,3
relative,8
actively,3
declares,2
pretext,3
unaltered,1
calendar,1
rewarded,2
professed,2
encouraged,4
appear,14
rigidly,1
voluntary,3
wielding,1
federal,46
subsequent,4
avails,2
officers--a,1
circulating,1
representatives,20
forecast,2
boundaries,5
shores,1
repair,3
subdue,2
charters,1
between,67
affecting,4
exploration,4
justified,4
across,1
anew,1
arrival,2
multiplied,3
notice,12
august,6
receivers,6
originated,1
fearless,1
derangements,2
inseparable,3
blame,1
inseparably,1
countenance,3
concentrate,3
article,11
cities,7
come,7
concentrated,5
reaction,1
fulfill,4
acquiring,3
missions,1
spared,1
successes,1
many,49
safeguard,2
trades,1
according,12
contract,1
dues,8
enabling,2
unforeseen,3
s,3
loudly,1
disappointment,2
expended,1
reluctantly,2
guardians,1
share,1
expression,5
comes,1
allowance,1
duty,64
among,29
comparative,4
easy,1
provocation,1
usurious,1
twenty-six,1
seaboard,1
colony,1
period,48
insist,1
expectations,6
satisfaction,10
maintained,10
grants,4
promptness,1
learning,2
cancel,1
moreover,4
perpetuating,1
fruitful,3
dade's,1
custody,16
considering,4
sensible,3
unusual,5
forbearing,1
capable,6
adhere,2
west,17
informed,7
absence,1
fellow-citizens,14
mark,2
unprecedentedly,1
retrenchment,1
matured,1
deposited,13
combined,3
motives,11
dangers,10
convening,1
borders,2
hardly,5
sensibly,4
endeavoring,1
wants,13
postage,2
direction,9
enable,22
aggressions,1
frontiers,6
income,2
sites,1
unsafe,1
indulgence,13
formed,19
wounds,1
curbing,1
observe,2
minister,17
abridging,2
declaration,1
impatience,1
scrupulously,2
careful,11
former,20
those,169
countless,2
sound,10
myself,20
limits,13
developing,1
these,155
accommodating,1
cash,4
premature,1
intimately,3
cast,3
correcting,1
accessions,1
shall,43
residence,1
situation,3
awakened,2
converted,2
invited,8
defalcations,3
grampus,1
unsatisfactory,1
vest,1
aiding,4
prevalence,1
determination,7
soil,3
sincere,10
engaged,12
quiet,3
canceled,1
regularity,2
pressing,3
converts,1
minds,3
weakest,1
commanded,1
wisely,7
ship,1
movements,3
tribunal--the,1
different,24
verified,1
compromised,1
resided,1
inquire,1
pay,13
granted,9
seeking,5
liquidating,1
same,93
injurious,15
forebodings,1
manifestations,1
inquiry,4
negotiations,5
piratical,3
contain,2
deference,3
streams,1
struggling,1
physical,1
charge',1
events,23
week,2
extended,14
pretense,1
closest,1
enjoyment,2
defy,1
assist,3
well-directed,2
persons,15
diversion,1
fruit,1
arose,6
favorites,1
transcendent,1
tariff,2
changing,1
nourish,2
totally,3
freed,2
complained,3
estimation,1
theater,1
modes,4
largely,6
charges,3
vacant,1
constitutional,23
moral,1
amounts,4
severe,11
without,98
relief,10
relied,2
coordinate,2
termination,6
strive,1
reward,3
convened,1
bodies,3
justify,5
disbursing,6
summer,4
prerogative,1
manifold,1
commodore,3
being,32
money,73
guided,3
indulge,2
personally,1
rest,13
safeguards,3
frugality,1
lavish,1
violent,1
wrecks,1
cease,3
disperse,1
aspect,3
intermeddling,1
embodied,2
arbitrament,1
duty--that,2
speed,1
captured,3
statesmen,2
occasional,3
death,4
trespassed,1
rigid,5
seems,12
except,10
improvement,11
lender,1
instrument,5
boats,1
treatment,1
impressive,1
overthrow,4
prominently,1
extensive,13
surmounted,1
disproportionate,1
real,11
shadows,1
establishments,7
aspects,1
around,3
well-grounded,1
easily,2
fulfillment,2
ruler,2
disproportioned,1
inordinate,1
sums,8
admitting,3
loaned,1
early,32
earnest,4
capitalists,1
frigate,1
traffic,5
preference,4
commotions,1
confined,3
world,11
railroad,3
execution,14
reap,1
dare,1
partaking,1
inferior,2
chickasaws,1
cardinal,1
serves,2
agreement,6
benefit,15
either,31
safe-keeping,15
served,1
voluntarily,4
reduced,8
eventually,1
bankruptcies,1
satisfactory,20
burdens,7
exposed,15
conditional,2
pronounce,2
draw,1
competition,3
flooded,1
calculated,9
zealously,1
pursuance,6
kings,1
duration,3
development,4
divine,1
organizing,1
thinks,2
provided,8
passions,2
mortification,1
ellis,1
overbalanced,2
prolific,2
earth,2
interdicted,1
footing,4
extensively,4
legal,15
withdrawn,3
inequality,2
imputed,1
expressing,2
harvests,2
moderate,3
preceding,9
restoring,2
refer,8
turkey,1
treacherous,1
ratifications,7
reasonable,10
business,37
convincing,1
equivalent,9
inspect,1
communicate,2
accomplishing,3
intrusted,17
disparaging,1
credits,10
incline,1
inherent,4
sixty,1
affording,5
currencies,1
throw,2
manufactures,4
lock,1
on,397
conducting,2
central,2
piety,1
proclamations,2
zealous,2
of,3956
industry,27
violence,12
favorite,1
inviting,1
thousands,1
practical,8
mutually,2
boldly,1
stipulations,9
greatly,20
neighbor,1
act,39
mixed,1
injuriously,3
lasting,2
deranged,2
or,276
road,1
freeing,1
quietly,2
lands,64
fertile,1
simulated,1
undervalue,1
whites,1
unbounded,2
bountiful,1
blessed,2
everyone,1
accounts,6
concede,2
determine,3
parties,7
accumulated,4
valuable,3
happening,1
your,74
theoretically,1
intervention,2
one-fifth,1
acquiesced,2
her,32
reluctance,1
assumed,6
strictly,4
there,85
stipulation,1
alleged,6
sides,5
dispersion,1
strict,11
low,1
brazilian,1
decisive,1
contiguous,1
adhered,1
interpretation,1
forbade,1
compensate,1
complete,4
vested,4
replies,1
discriminations,1
regard,30
independently,4
amongst,2
taxation--an,1
undeserved,1
miamies,2
destinies,1
fallacious,1
foxes,1
contractions,3
safekeeping,1
promote,17
with,524
buying,1
faster,1
abused,1
rush,1
october,7
applying,2
circulation,17
monopoly,1
default,1
indisposition,2
fruitfulness,1
taught,1
dispensing,1
abuses,7
people--will,1
furtherance,1
inform,5
agree,3
affection,1
expect,9
strongly,6
gone,4
sounder,2
deliberation,1
complicated,2
exhausted,2
certain,25
combining,2
am,38
sales,9
deep,3
general,111
navy,14
britain,24
deem,2
associating,1
at,284
aids,1
restore,1
controlled,2
withhold,1
hospitals,1
illegal,1
fill,2
selfish,4
onerous,3
managing,1
stationed,2
drafts,4
sufferings,1
deserve,5
unoccupied,2
cautiously,1
sanguine,4
ascertained,1
consigned,1
invoking,2
obviate,1
field,3
terminating,1
-and,1
trade--a,1
delays,2
you,68
quality,2
inspire,2
offered,6
presenting,1
deviation,3
requested,4
briefly,1
indemnify,2
congress,123
separate,5
overissues,1
remonstrance,6
m,4
king',1
deriving,3
important,50
massachusetts,2
suited,1
conferred,18
included,4
equitable,4
stocks,3
tendencies,2
imminently,1
conclusive,1
fiscal,25
havana,1
remote,2
calls,5
finished,1
cupidity,2
having,42
exhausting,1
gross,2
directors,1
authoritative,1
mass,9
restored,4
doubted,4
embracing,4
speedily,3
remarkable,1
mean,1
resolution,5
original,5
legislatures,5
external,2
represent,1
all,232
surrounded,1
consider,4
ceases,1
maximum,1
fifty-one,1
caused,4
invariable,2
prosperity--not,1
month,3
founded,7
ceased,5
thoughtful,1
code,1
gradation,1
conquest,1
welfare,26
customary,1
transitu,1
settlement,24
religious,2
children,2
causes,21
recapitulation,1
preserves,1
ice,1
catastrophe,3
scrutinize,1
adhesion,1
ignorant,1
subjected,11
inexhaustible,1
encourage,4
opportunities,2
spirit,30
to,2439
coin--intended,1
foster,5
award,2
arisen,11
tranquillity,7
health,4
enjoying,2
presentation,1
adapt,1
case,18
belonging,3
appointment,4
returned,3
jesup,3
alabama,1
far,47
combustible,1
detention,1
induce,4
resistance,5
blockade,1
candid,1
worst,2
decide,11
fall,3
instruments,1
difference,15
condition,51
disconnected,1
navy-yards,2
illustrated,1
squadrons,1
norfolk,1
accompanying,10
stimulus,1
forth,3
regiments,1
laying,1
prolonged,1
proud,1
large,68
invigorate,1
proposition,6
small,21
bench,1
indemnity,1
employing,4
withheld,1
ten,6
machinery,2
adjudged,1
penalties,3
clinch,1
rival,1
past,28
rate,3
titles,3
functionary,1
excitements,1
pass,8
canvass,1
further,36
importunities,1
appreciating,1
transacts,1
investment,1
proposes,1
residue,4
alarming,3
what,30
imported,1
advantageous,4
witnessed,4
investing,1
deeply,12
sum,11
stipulated,1
brief,2
post-offices,3
exasperation,1
witnesses,1
prevailed,3
constellation,1
commence,1
succinct,1
destroyed,4
disbursed,6
learned,1
public,273
contrast,2
persevered,1
full,25
fullness,1
depreciation,2
component,1
leaping,1
hours,2
wild,1
inconsiderable,4
disastrous,1
operating,4
excess,5
directions,3
november,2
strong,8
endured,2
criminality,1
interposed,2
nd,2
prosecutors,1
naval,9
conviction,16
houses,4
else,1
compliance,3
slave,8
bestow,1
experience,44
superintendence,3
tempting,1
amount,48
evidently,4
social,8
action,17
corps,3
narrow,2
concerned,1
struggle,3
authorize,6
followed,7
members,2
adjoining,3
perpetuate,2
suddenly,6
requiring,9
enactment,3
africa,3
ask,7
apprised,2
fearfully,1
enjoined,1
sanction,7
resident,1
extinction,2
establish,6
enlightened,6
select,4
readily,5
suspensions,3
conventional,3
takes,5
uniformity,1
injure,1
distinct,3
reproach,1
contains,2
two,54
universally,1
specie--by,1
apprehend,5
cultivation,2
archives,1
seminole,1
barracks,1
taken,14
restraints,4
injury,7
coequals,1
obliges,1
more,130
world--been,1
revolutionary,2
exhibiting,1
fellow,3
excluded,3
exigency,4
ruthless,2
division,1
company,1
stable,1
diffused,2
site,1
instrumental,1
excuse,6
apprehensions,7
controlling,4
exactness,1
broke,3
particular,15
known,17
retained,2
objections,10
commander,1
producing,6
suffered,10
promoting,4
respected,2
none,9
borrowing,2
hour,1
illustrious,4
shielded,1
recall,3
plea,2
forbearance,9
remain,13
sudden,10
outstanding,8
sent,5
learn,2
abandon,1
embrace,1
treaty,25
history,14
purchases,9
seaports,1
prompt,14
encourages,2
stated,11
lives,1
baleful,1
speculations,2
abandonment,3
days,4
states,268
collision,5
minimum,4
attain,1
purchased,4
arise,4
environed,1
cultivate,7
year's,1
species,2
simple,5
charged,3
influenced,3
needs,3
brings,1
court,25
subvert,1
rather,5
imminent,1
plans,3
acts,18
enlarge,2
ratified,8
foreseen,2
fox's,1
occasionally,3
creeks,1
influences,9
extinguished,3
oppose,3
conceived,1
simplicity,2
sabine,3
sandwich,1
intended,10
communicating,1
advice,1
derived,13
expenditures,26
triumphs,2
holders,2
connects,1
adventure,2
unremitted,1
coming,5
invasion,6
appealed,2
twenty-nine,1
authentic,2
compulsory,2
a,1045
liability,2
refuse,3
short,12
chiefly,7
unreservedly,1
footsteps,1
quoted,1
author,1
departure,2
supervision,10
exhibited,5
deserted,1
indebtedness,1
ascendency,1
responsibility,4
fundamental,2
functionaries,3
banks,125
pleasure,10
wyandots,1
calamitous,1
infant,1
wandered,1
rounded,4
aided,8
september,2
developed,4
advised,3
soon,15
trade,52
held,15
attitude,1
paper,35
through,40
enumeration,1
committee,5
committed,8
existence,12
suffer,2
brig,1
its,339
inquiries,1
features,1
style,1
rapidly,7
thereon,2
possessions,2
termed,1
energies,2
border,6
fate,2
teeming,1
actually,14
late,17
resort,11
territorial,7
systems,2
differed,3
founders,1
long-established,1
arrange,2
might,43
alter,1
argentine,4
northwest,3
well-considered,1
good,38
return,14
severely,1
propose,3
agitated,2
hunter,2
anticipated,17
obeyed,1
framework,1
extremities,2
rank,1
signing,1
asserting,1
communities,5
prejudiced,1
artillery,1
adventurous,3
instructions,4
growing,6
erection,3
divested,1
hereafter,10
imprisoned,1
enact,2
occasions,13
inadequacy,2
porte,1
bless,1
excellency,2
habits,5
eager,1
found,46
residing,3
friendship,7
ports,8
characterized,5
referred,15
heavy,4
injured,1
harm,2
engendered,1
england,8
weight,6
needless,2
irreconcilably,1
house,13
energy,3
beneficent,3
reduce,3
idea,1
reappointed,1
accidentally,1
reposed,1
countrymen,8
connect,2
undertake,1
vainly,1
operation,24
beyond,22
event,12
really,2
stands,3
unsurpassed,1
veneration,1
creditor,1
since,51
induces,1
projected,2
trusts,4
promoters,1
acting,4
reestablishment,3
safety,24
portentous,1
ministerial,4
urgent,1
fortitude,3
induced,6
issue,17
outrun,1
rational,2
craving,1
refusal,3
solvent,1
belief,9
risen,2
circumstance,8
favored,2
enforcing,1
encroach,1
exertions,9
spirituous,1
extraordinary,13
reason,34
peaceable,2
imperial,2
murmur,2
put,10
approach,1
attendant,9
earliest,6
beginning,4
curtailed,1
thrown,4
driven,2
owners,2
limiting,2
benefits,16
revival,3
threefold,1
running,1
accumulation,5
lieu,3
cheering,4
conducted,12
prejudice,5
circuit,20
expedient,7
consequence,13
embraced,5
contingency,1
fallen,1
assign,1
delicate,1
indebted,4
embraces,2
engagement,3
graduate,2
probability,5
upper,1
feel,16
relate,2
unfeigned,3
maritime,2
number,23
preservation,11
liquors,1
well-known,3
instances,10
enlarged,1
revolution,3
done,11
defects,4
colombia,4
unredeemed,1
illustrating,1
contended,2
ninth,1
regret,14
arbitration,5
obligatory,2
differ,3
impairing,4
heads,2
probity,2
interwoven,1
coasts,2
threatening,2
revive,1
least,19
intense,1
regulation,2
wonderful,2
expand,1
passed,22
rates,4
hundred,6
unchecked,1
finances,8
ecuador,2
temptations,4
justly,9
inclosures,1
selling,3
treasured,1
option,1
behind,3
relieved,3
favorably,3
retard,2
immediate,15
obsolete,1
appreciation,1
chair,1
part,58
favorable,14
canals,1
off,5
consonant,1
believe,22
convinced,3
jefferson,2
center,6
diffusion,2
ungrateful,1
kind,5
scheme,1
exempt,5
anticipate,8
instruction,1
aims,1
unbought,1
pennsylvania,2
game,1
determined,2
contrary,11
supposed,17
sister,2
obstruct,1
toward,18
treated,3
declare,2
deciding,1
liabilities,4
unconstitutional,1
exert,3
strengthen,5
chastisement,1
urgently,2
exuberant,1
discountenanced,1
ardent,2
rewards,4
vitally,2
alike,7
imperfect,1
concentration,1
orders,2
curacoa,1
sell,3
paths,2
offender,1
requisitions,1
cherokee,2
speculative,2
interferes,1
commotion,1
officers,61
aroostook,1
reliance,4
majority,8
internal,12
permanency,4
penetrated,1
aggravating,1
magistrates,2
anxiety,3
interfered,1
province,6
annihilation,1
experienced,9
[in,1
frauds,2
measures,35
effecting,2
exempted,2
debarred,1
most,119
quieting,1
hired,1
self-denial,1
plan,23
enduring,3
uninjured,1
services,5
marshaled,1
engagements,9
fluctuate,1
approved,4
appeased,1
registers,1
unequal,2
dealers,1
arson,1
clear,2
sometimes,3
cover,1
treasurer,2
unreasonably,1
dissolved,2
reflections,2
reestablished,1
hindrance,1
directness,1
weigh,2
seventeen,1
usual,5
institutions,69
science,1
lest,1
expedients,1
mexico,16
gold,20
disturbances,3
obligations,27
swelling,1
scattered,1
accommodations,2
inflexibly,1
sanctity,1
inflexible,2
session,26
relation,13
surpassed,1
freight,1
carefully,7
coins,1
inconveniences,1
find,9
bestows,1
occupation,4
distressing,2
aggravate,2
nevertheless,1
northern,3
northwestern,2
justice,23
ruin,1
discord,4
cherish,1
assertion,3
unhappy,1
freemen,1
penalty,1
failed,9
unjustly,1
indian,26
surveyed,2
captures,1
circle,2
proximity,1
his,69
publicity,2
gains,1
invoke,1
king,3
dependent,11
licenses,1
connections,2
express,6
imparted,1
remedial,2
remedy,12
grew,2
actions,1
closely,1
international,2
contending,2
during,48
interminable,1
imitating,1
prohibitory,1
him,24
merchandise,5
alexander,2
economizing,1
enemy,2
wastes,1
commensurate,2
keenest,1
chasten,1
progressive,1
sources,17
strictest,1
disregarding,1
testifying,1
civilized,3
doubled,1
sacrifices,3
banking,31
prescribing,1
warranted,2
common,15
activity,5
endeavor,3
river,5
engraved,1
severing,1
insensible,2
approaching,4
government--officers,1
set,7
patriotism,10
achieved,1
intelligence,13
accompanied,5
enjoyed,2
instituted,4
tended,2
sex,1
plausible,2
see,10
individual,24
manly,1
are,284
sea,1
lisbon,2
tender,4
close,11
materially,3
practices,1
one-sixth,1
feared,1
avowedly,2
foresee,1
learnt,1
eminently,2
intersected,1
resolute,1
distinctive,2
firmest,1
please,1
sixty-third,1
various,18
incurring,1
conveyed,1
incompatibility,1
probably,9
weekly,1
numerous,11
corruption,1
endure,1
europe,3
after-,1
candor,2
recently,13
creating,3
intending,1
prescribe,2
sold,6
attention,44
forwardness,1
postponement,3
poorer,1
incident,5
renewed,5
reforms,1
opposition,11
diminution,4
lightness,1
relying,3
observer,1
abruptly,1
legislature,18
both,34
enables,1
last,82
obedience,1
license,1
appropriations,28
solely,1
annual,16
unavailable,4
foreign,65
sensitive,3
connection,27
became,7
forsyth,6
forgotten,1
vault,2
bond,2
whole,45
finds,1
load,2
regulates,1
distress,7
majesty,4
point,18
reasons,11
impeded,1
loan,1
northeastern,3
ravages,3
solvency,1
community,42
lake,4
improper,3
philadelphia,2
tennessee,1
agents,11
ghent,2
vessel,6
asserted,2
throughout,22
mission,3
distrusting,1
expensive,2
abstracting,1
decline,1
described,1
raise,4
incomes,1
deceive,1
create,10
overlook,1
political,29
due,21
irritating,2
whom,13
faithfully,11
practicable,16
extravagant,4
supplying,2
embezzlement,1
contained,2
collected,11
threaten,2
territory,39
meeting,8
firm,4
resting,1
heaviest,1
passengers,2
fire,2
fact--the,1
transferring,3
convert,1
new,83
deter,2
convention,19
fund,2
moderation,2
understand,1
representative,1
demand,27
prices,15
resisted,3
towns,1
surveys,1
developments,1
dispute--the,1
gaines,1
redemption,3
warmth,1
presses,2
georgia,1
uncertain,1
look,17
solid,3
judicial,4
expanded,1
animates,1
twenty,1
governor,11
indignation,2
deferred,1
while,26
pledged,1
replaced,2
confederacy,6
campaign,2
involved,9
endanger,5
animated,2
guide,1
engineers,1
uncompromising,1
kingdom,2
varies,1
twenty-seven,1
costly,1
impracticable,5
portugal,7
century,7
cents,1
merchants',1
overlooked,7
obtrusive,1
encountered,7
expressions,1
itself,21
confining,1
owes,1
ready,2
alliances,2
monroe,1
increased,29
perfected,1
stimulates,1
alarm,3
grant,3
mint,4
belong,7
repudiated,2
people--who,1
fountain,1
benign,2
stimulated,2
denunciation,1
firearms,1
widely,3
modification,2
resulting,4
advise,1
conflict,4
higher,3
adequately,1
arrives,1
temporary,15
affairs,49
keys,1
discontinue,1
unsatisfied,1
friends,4
negotiate,1
censure,1
solicited,1
patriotic,2
moment,18
uses,5
purpose,35
necessity,32
contractors,2
aggregate,7
usefully,6
timid,2
tobacco,2
predecessors,1
recent,16
recognized,3
lower,2
frankness,3
congregated,2
herewith,9
accumulate,1
commendable,3
forfeited,2
obviously,4
person,3
regulating,4
appertain,1
withdraw,5
thoroughly,1
organization,11
meanwhile,1
docket,1
prevention,1
know,4
banks--a,1
distances,2
abstain,2
exploits,1
burden,3
judgments,1
observed,4
settlements,4
jurisdictions,1
untrammeled,2
quarters,2
belgium,4
shape,1
intervals,1
nefariously,1
thorough,1
questions,14
using,4
vigilant,1
love,3
alternative,1
cargoes,3
continent,4
irritation,1
timber,4
profitable,7
lieutenant-governor,3
accepted,1
helping,1
$,57
also,75
disappointed,1
undertaking,2
guaranteed,2
exercising,2
exclusively,3
contractor,1
pillars,2
source,12
causing,3
deliberately,2
questioned,2
derange,2
quick,1
violations,3
painfully,1
confide,1
remaining,7
applauded,1
associations,4
complaint,6
march,12
amended,1
emergency,11
demands,12
uncanceled,1
advocate,1
unlimited,3
dominions,2
emigration,3
sharers,1
matters,6
redeem,7
apt,2
foreigners,3
contravention,1
awaken,1
weakness,1
overthrown,2
formal,1
unerring,1
modifications,5
promising,1
imposed,12
d,7
sincerely,3
signal,2
incidental,2
resorted,3
addressed,3
hemisphere,1
manifest,3
separately,1
collect,1
distrust,1
continue,18
unstable,1
wrecked,1
popular,8
tribes,18
spirited,1
waged,1
essential,9
chary,1
amicably,1
often,11
collectors,4
senate,15
obliged,6
unsubstantial,1
creation,16
some,50
disinclined,1
agriculturists,1
delegation,2
understood,8
strongest,4
added,7
examples,1
sight,3
hazarded,1
ourselves,8
amicable,8
canadians,2
conciliatory,4
gradually,11
scale,1
produces,1
affects,2
decision,14
transactions,22
cheapness,3
per,1
tides,1
providence,6
discharge,16
civilization,4
connecting,1
steamboats,2
tends,1
excluding,2
convulsions,1
unprovoked,1
gives,3
muscat,2
inclination,1
be,758
inconvenience,10
run,3
resolve,2
casks,1
reach,3
peculiarly,5
dictates,1
continuing,2
confidence,26
refused,3
step,5
fee,1
concealed,2
consolation,1
divest,1
defrayed,1
relating,1
fugitives,1
by,740
troops,10
faith,15
goods,2
anything,8
exaggerated,4
&,1
practiced,1
graduation,8
deserves,3
range,2
involving,4
militia,9
biennial,1
together,8
germany,1
consequently,3
anterior,1
accessible,1
future--fell,1
letter,6
imitation,1
visit,1
into,65
within,41
testimony,3
steady,2
unimpaired,2
persevering,3
occurring,2
nothing,18
appropriate,5
controversies,1
ohio,1
interrupts,1
lesson,1
france,6
glutted,1
tenantry,1
impressed,4
undertaken,2
renewal,6
governed,4
placing,1
question,36
live,2
long,39
controverted,1
thirdly,1
infected,1
exonerate,1
impresses,1
derangement,6
forward,4
wonderfully,1
sections,5
suppression,2
opponent,1
files,1
considerably,2
withholding,2
himself,5
an,230
elsewhere,7
governs,1
duly,3
maintains,1
adjusting,4
constitutionally,1
mitigate,1
clearest,1
hoped,15
fisheries,1
properly,6
atlantic,2
repeatedly,4
usurp,1
hopes,8
subsidiary,1
line,16
warlike,4
considerable,7
raising,1
directed,14
remit,1
patriot,3
inducements,3
entry,1
consist,2
redeemed,10
deterred,1
characteristic,2
up,12
us,54
gratifying,10
redress,10
accustomed,2
midday,1
fluctuations,6
participate,1
belgian,1
similar,31
called,11
explosion,1
imposts,1
possession,14
changes,5
constant,6
convey,1
expedition,3
defined,1
likewise,5
minority,2
allayed,2
influence,36
entrance,3
metals,5
unreasonable,3
deprive,1
lockport,1
single,9
warning,1
unwise,2
assailed,1
work,4
prevail,2
cotton,1
truce,1
rainy,1
codes,1
granada,2
excused,2
evils,25
neglecting,1
endurance,1
peace,38
fears,2
redeeming,1
preventing,5
application,16
reputation,2
statement,2
implements,1
intruders,1
unequaled,3
department,44
confine,3
revision,3
depredations,8
elements,3
energetic,1
accidental,1
lend,1
attainment,2
prosecution,7
soundness,1
pretended,1
luxurious,2
regulations,3
inflame,1
meaning,1
restoration,5
allowing,1
fervently,1
odious,1
desert,1
rightful,2
ago,3
antecedent,1
neutrality,3
land,15
reproached,1
overlooking,1
vice,2
age,2
required,34
foundry,2
bankers,1
departments,12
concernment,1
dispassionate,2
reproaches,1
fresh,2
heats,1
confederation,6
colonial,1
failures,3
underrated,1
requires,9
objected,3
weighty,2
once,15
delaware,1
partial,8
teach,2
restraining,2
issued,9
results,35
tested,1
existing,35
cheerful,1
dispel,2
farms,2
renown,1
broader,1
go,3
discordant,1
adjustment,18
centers,1
issues,11
seemed,4
compact,4
one-half,1
venerated,1
averting,1
uphold,1
transacted,1
disposal,1
reissuing,1
location,1
jealousies,2
commanders,1
send,1
suits,1
wealth--these,1
critical,4
object--of,1
blended,1
quarterly,1
breach,2
maryland,4
fatal,7
friendly,24
resources,24
schooner,1
virtuous,1
armament,2
wished,2
provides,1
susceptible,1
imprisonment,1
overflowing,2
continues,3
prudence,5
agitating,1
judgment--the,1
wishes,14
putting,2
enslaved,1
subservient,1
continued,25
posture,1
timely,1
ruinously,1
courage,1
compulsion,1
respectful,1
heedless,1
harbor,2
positions,1
notes,55
defeats,1
watered,1
beforehand,1
husbandman,3
anxious,5
disbursements,6
inflating,1
demonstrated,4
depositories,8
dealt,1
wide-spreading,2
settlers,7
enforce,2
comforts,3
concluded,11
smaller,5
pledge,3
issuing,1
books,3
encroachment,1
mediterranean,3
rivers,2
unprofitably,1
temperate,1
surface,1
munitions,1
notwithstanding,15
submit,6
depression,2
auspices,2
graduating,1
south,7
recur,2
power,69
giving,11
discontinuance,3
assisted,2
recommendation,7
expressed,11
overwhelmed,1
consistently,1
waiting,1
experiment,1
negotiated,1
capital,20
infuse,1
incidents,1
depositor,1
ammunition,1
exercise,23
encompassed,1
body,6
advantageously,1
justification,3
led,9
pottawatamies,1
degree,24
exchange,17
respectively,3
vexatious,1
commercial,39
antirepublican,1
desired,8
daring,1
objects,33
let,2
separation,3
others,29
dissuade,1
consideration,37
safer,1
sloop,2
fifteen,1
implicit,1
extreme,2
settling,2
great,112
engage,2
securing,4
broken,1
receive,20
withdrawing,1
larger,8
disadvantage,1
recompensed,1
visionary,1
leaving,8
acquaint,1
suggests,3
repel,2
survey,7
stimulating,3
defeat,2
principally,7
opinion,35
residents,1
makes,2
honor,20
unremitting,1
distresses,2
composed,2
examinations,4
stockholders,4
indulgences,2
ecuador--a,1
danger,11
forbid,3
attempting,1
paynes,1
thirty-one,1
private,28
subserve,1
extravagance,6
austria,5
sovereignty,1
counsels,1
vigor,4
home,16
apply,5
resolutions,1
staple,1
desiring,1
standing,3
use,37
exciting,2
from,363
abiding,1
remains,8
well-informed,1
hudson,1
examined,1
next,10
few,36
doubt,24
examination,9
refuge,2
reciprocity,1
december,8
themselves,47
hiding,1
forefathers,2
reflects,1
deepest,2
sort,1
prized,1
formally,2
comparison,4
started,1
becomes,5
savage,2
impress,1
occurred,23
cooperate,3
reissued,1
dealings,7
carrying,5
diffuse,2
east,5
debtors,3
inattentive,1
harvest,2
appointed,12
charity,1
annoy,1
topic,1
account,11
demarcation,1
augment,1
embarked,1
this,330
lapse,2
when,80
reproduce,1
reprisals,1
prompts,1
anywhere,2
obvious,10
servants,1
island,2
accrued,1
meet,15
closing,1
conformity,3
abstinence,3
proof,7
control,25
consulted,1
purposes--been,1
reserved,7
links,1
choctaws,2
discussed,3
inaccessible,1
purposes,21
wealthy,1
high,8
promptitude,5
something,2
exceptionable,1
sought,9
opposing,1
voice,2
fuller,1
weaken,1
dominant,1
hesitate,2
assuredly,2
united,173
varied,1
defective,2
sit,1
destroying,1
protect,6
holds,2
struggles,2
hampshire,1
fortunate,6
traders,2
procured,2
unquestionably,2
sentiments,11
attachment,4
justifiably,1
instead,10
reestablish,1
intelligent,2
ever-present,1
stock,3
exemplify,1
fostered,5
ceasing,1
attend,5
sir,3
series,3
watch,1
creations,1
philosophy,1
collection,13
chiefs,2
sardinia,2
productive,5
recognizes,1
multiplication,1
ties,1
pleasantness,1
engineering,1
efficiently,3
readiness,1
realized,8
ot,1
advocated,1
boston,1
emit,1
light,6
seeds,1
counter,3
arduous,2
correspond,1
element,2
commodities,1
entangling,2
chief,4
advocates,4
honestly,2
allow,6
tenure,1
well-managed,1
american,19
subsequently,7
looking,4
secured,7
furnish,4
preparing,1
six,4
lenders,1
sanctioned,4
tribe,1
latitudinous,1
despite,1
outset,5
doubtful,5
produced,19
whilst,11
rendered,15
including,11
clearness,1
mentioned,5
agricultural,3
arrangement,9
these--new,1
perfect,3
delay,6
revived,1
complicate,1
disregarded,3
contemplated,3
thence,2
chosen,2
masses,1
ignominious,1
ample,13
responsibilities,1
accredited,3
labor,9
resorting,2
owe,1
unprofitable,1
permanent,24
restrain,1
wrongs--have,1
inspecting,2
communication,9
latitude,6
covered,2
institutions--in,1
criminal,7
crowds,1
sweden,3
pending,5
prosper,1
greater,28
plenipotentiary,3
practice,14
judiciary,2
commended,1
lettings,1
impressing,1
cutting,1
hands,17
front,2
impaired,3
seas,3
republican,7
perpetrators,1
realize,1
presidential,1
successor,1
articles,3
february,3
effaced,1
admonished,1
abolish,2
installment,6
profound,2
establishment,20
enviable,1
traced,3
adjournment,5
accompanies,2
divides,1
delusive,1
sufficiently,1
magnitude,7
transmitted,7
mode,7
truth,10
disregard,8
defraying,4
bills,8
expressly,1
upward,3
lie,3
suffrage,1
sicilies,1
transported,1
aggravates,1
doing,3
globe,2
cultivated,3
bearing,2
pursuits,11
related,1
alteration,1
constitute,7
deficiency,6
affirming,1
frequency,1
wisconsin,1
variety,3
aim,2
measure,33
separating,1
our,397
agriculture,6
special,16
out,47
least--the,1
respects,10
acknowledgment,1
sentiment,9
frontier,11
armor,1
defend,1
unencumbered,2
unlawful,4
exacted,1
supervision--those,1
may,157
countenancing,1
chippewas,2
messenger,2
abundantly,2
performs,1
exporting,1
honorable,14
postpone,2
trenching,1
cause,14
announced,1
await,2
approached,1
eighty,2
withdrawal,2
humiliating,2
incalculable,3
promptly,11
insurgents,1
completely,1
surely,7
york,12
tempt,1
conflicts,5
region,3
delinquency,1
implication,2
receipts,16
resumed,3
acre,1
squadron,5
pretexts,1
hostile,8
informs,1
deprived,4
could,46
diminished,3
times,18
calamities,1
length,7
abuse,3
removing,6
barriers,1
retain,2
outrunning,1
facilitate,3
stimulate,2
deprives,1
mankind,6
maddened,1
prospective,2
rages,1
sacredly,3
plainly,1
third,3
possessing,1
powerful,10
scene,2
owned,1
hitherto,13
embarrassed,4
improving,2
improvements,11
occurrences,7
proposing,2
representations,2
reached,3
captains,1
partake,1
moiety,1
organ,1
legislative,15
threshold,2
management,15
deceptive,1
fair,8
decrease,3
intention,2
bears,2
defaulting,1
demonstration,1
flag,6
system,78
relations,30
priority,1
their,385
attack,1
intermediate,1
precautionary,2
convenience--an,1
acquiescence,1
siam,1
perfectly,3
averted,1
final,16
painful,2
prone,1
interests,58
enforcement,4
inevitable,8
accompany,3
unceasing,1
academy,1
completed,5
acquire,3
inconvertible,1
well-organized,1
unsalable,2
diminish,6
inestimable,1
overwhelming,1
irresistible,3
reverses,3
unexpectedly,2
develop,1
gradual,1
holland,2
objectionable,1
proneness,1
discriminating,2
appealing,1
defense,11
bind,3
visited,2
india,1
providing,9
provoke,1
distinguished,8
creditors,10
result,36
collecting,6
minster,1
enforced,3
tracts,6
false,1
recesses,1
fluctuation,1
unchanged,2
conjuncture,2
fetter,1
interrupted,2
buildings,2
sixty-second,1
appointing,1
enterprising,2
sincerity,2
have,487
interruptions,1
need,2
exhibit,4
apparently,7
clearly,4
viewed,2
necessities,3
competency,2
documents,7
reciprocally,3
sagacity,1
pursued,6
agency,13
able,15
apprise,3
incentive,2
emerged,1
disposition,21
instance,11
concerns,19
declined,4
which,577
unsettled,2
alienating,1
writ,7
hanoverian,1
pursues,1
progressively,1
bloodshed,2
unless,6
asserts,1
repairs,1
appraised,1
reform--by,1
who,88
procure,3
delayed,2
intentions,3
accede,1
connected,19
counterbalance,1
prisoner,1
draws,1
munificent,1
expired,2
class,9
probable,5
armistead,1
statute,1
deny,1
enumerating,1
procrastinated,1
consequences,22
lines,3
neighboring,8
diversified,3
visiting,1
stronger,2
disease,2
exhorting,1
astonishing,1
pure,1
perceiving,2
lowered,1
undeniably,1
gravest,1
mechanical,1
lakes,1
occasion,21
opponents,1
fact,11
strenuous,1
impression,4
selection,2
courts,8
violation,6
signally,2
agreed,3
supported,1
terminate,5
disbanded,1
bountifully,1
bring,18
inviolability,1
prejudicial,1
ottoman,1
fear,5
continually,1
subjecting,1
creates,1
strengthening,1
principal,11
nominally,1
pause,1
based,2
knowledge,8
comfort,2
averse,1
ultimo,3
furnished,7
specified,1
should,106
prolong,1
score,1
constituents,5
attained,2
employed,26
he,22
local,16
hope,24
concurred,1
regularly,1
relinquished,3
availing,1
improvident,3
privileges--in,1
dissensions,1
means,54
sustain,5
seizing,1
massacre,1
bear,10
accrue,1
joint,4
distinguishing,1
disbursement,18
legitimate,8
words,1
exchanges,9
compute,1
praiseworthy,1
shaping,1
statutes,2
wonted,1
stability,9
places,7
exportation,3
alacrity,1
conditions,3
imperious,1
annuities,2
expansions,5
taxes,5
calling,5
extricate,1
disapprobation,2
she,3
wish,2
gulfs,1
excesses,4
fixed,6
liberation,1
generations,2
view,28
intervening,1
knowing,2
requirement,1
omission,1
allusion,1
exists,11
prayers,1
acquired,4
persuaded,3
national,75
sedulously,1
operates,1
amendment,1
intensity,1
merits,1
usefulness,2
enhanced,2
greece,2
operated,1
humane,4
watchfulness,1
incurable,1
humblest,1
closes,1
error,3
precedents,1
reform,5
aspirations,1
genius,3
posse,1
cruel,2
incorporating,1
tend,8
discounts,5
state,132
difficulties,35
injustice,3
closed,1
confusion,1
progress,14
neither,11
frustrated,1
colombian,1
mainly,1
preparatory,1
ends,8
sole,5
converting,1
ability,10
superior,3
importance,16
agencies,3
interfere,6
embarrassment,15
punishable,1
firmness,2
mandamus,6
demonstrate,2
avenues,1
useless,1
precious,7
impoverished,2
withstanding,1
nominations,1
declining,2
restrictions,4
instant,3
diligent,1
always,30
career,7
freely,2
taking,3
acknowledge,2
equal,18
attributed,5
powerless,1
fulfilled,3
april,4
admit,2
confederacy--of,1
grain,1
yorktown,1
attributes,1
murder,5
heart,1
safely,9
otherwise,12
comment,1
detailed,3
adjusted,4
compromising,1
conclude,1
abortive,1
dispose,1
fostering,1
habitual,1
plenipotentiaries,1
competent,2
taylor,2
coercive,1
respect,47
narrowed,1
acres,5
balances,1
cashiers,1
flourishing,3
meantime,5
provinces,10
tread,1
second,4
addition,12
discrimination,3
constantinople,1
copies,3
cent,1
immense,4
arbitrator,1
willing,3
treat,1
recognize,1
degrees,2
enlarging,1
waste,1
naples,2
remedies,3
adapting,1
shoulders,1
contribute,4
diversity,7
misapprehension,2
retrospective,1
sufficient,23
meritorious,1
climate,6
scrutiny,2
ingenious,1
efflux,1
expenditure,10
confers,1
ours,9
improved,5
repetition,1
gunpowder,2
present,94
volunteer,2
homes,5
garrisons,1
landing,2
abandoned,6
unlike,1
citizen--the,1
fearful,4
defining,1
specious,1
sultan,2
appearance,1
as,429
value,32
specifically,2
will,288
swamps,1
instigated,1
aulick,1
adjust,1
expiration,3
fault,1
promoted,7
ensuing,1
advisable,1
emigrants,3
meridian,1
london,2
supply,8
cultivators,1
almost,11
blood,1
madness,1
thus,55
designs,3
encouragement,4
weighed,2
occupied,7
arrangements,6
unmerited,1
demanded,3
politics,1
claimed,6
ninety-five,1
steamboat,6
law--principles,1
waywardness,1
contention,1
privateers,1
watchful,3
education,2
dilate,1
perhaps,18
emanated,1
privileges,18
georges,1
administration,21
unite,1
undisturbed,2
member,1
propensity,1
parts,9
observations,1
incumbent,2
largest,5
party,13
intermeddle,1
privileged,1
difficult,12
self-government,2
conflicting,7
material,4
columbia,6
again,22
rightfully,4
sureties,1
wisest,1
upon,223
effect,30
introduce,1
recriminations,1
confidently,7
frequently,7
whale,2
liberality,5
judgment,7
identity,1
destruction,10
insure,5
scarcely,15
transaction,3
discounted,1
reflection,8
equalization,1
fully,23
i,272
obstacles,8
well,48
allegany,1
entering,3
thought,9
piracy,2
insurmountable,4
qualified,1
command,10
administered,2
position,9
arising,10
latest,3
reefs,1
negotiation,8
excessive,7
allude,1
less,45
compel,3
accurate,4
executive,43
domestic,27
obtain,4
mistaken,3
detail,1
indicative,1
arriving,1
evince,4
recollection,1
distant,6
fishing,1
seats,1
frederickton,1
protecting,6
purified,1
detain,1
happiness,9
afflicted,1
generous,6
rapid,10
lieutenants,2
urged,10
farther,1
entire,17
explained,1
onward,2
deposits,9
recommending,3
day,22
arrest,8
add,9
imposes,2
adoption,14
nor,45
citizen,18
earnestly,9
enacted,1
warrant,2
unprecedented,1
ought,11
details,7
resolved,3
imposition,1
fluctuating,1
boon,1
provisions,25
government,362
checking,1
devised,3
term,4
republics,4
inducement,1
increases,1
five,6
whatever,20
presume,1
supervise,1
press,2
immediately,12
amply,2
macectonian,1
domains,1
countervailing,1
prominent,4
loss,8
solicitor,1
necessary,64
like,13
success,17
safest,2
efficiency,5
perpetual,2
extremely,1
admitted,8
esq,1
vortex,1
obscurity,1
payments,31
lose,3
become,19
consulting,2
works,5
inexperienced,1
therein,2
gaining,1
exceed,11
because,8
liquidation,2
guaranty,5
infusing,1
wholly,3
whither,1
belonged,1
flagrant,1
searching,1
authority,30
motive,7
prohibit,1
growth,2
export,1
legislated,1
openness,1
proper,29
gave,4
empire,3
establishing,4
employment,7
contested,1
indefinite,1
encouraging,2
denseness,1
lead,13
broad,1
avoid,15
unanswerably,1
paying,2
breaking,1
does,12
discretion,5
economical,4
assuming,5
obviated,1
profitless,1
chains,1
vesting,1
hoarded,1
lesson--that,1
limitations,1
postmasters,2
abound,1
indicated,2
slight,2
diverting,1
monetary,1
expansion,4
pressure,8
murdered,1
industrious,6
prohibited,2
reenforcement,1
although,16
worthy,3
posterity,1
residences,1
misrepresentation,2
loans,16
periodically,1
after,26
stage,1
gained,2
repaired,1
about,22
actual,23
carried,20
extension,11
linger,1
freedom,3
certainty,7
sinister,3
introduces,1
dependence,15
laboring,4
merited,1
compatible,2
foretold,1
blessings,5
dominion,2
successors,1
trials,2
insufficient,1
concession,5
introduced,2
fatally,2
desires,2
buren,5
equally,22
own,83
marshes,1
wilderness,1
previously,9
warrants,1
washington,9
civilizing,1
uninterruptedly,2
executing,1
guard,12
resistless,1
promise,5
erect,1
lawful,3
roads,1
king's,2
additions,4
fraud,3
mere,3
utility,3
doubtless,9
terminated,4
mississippi,11
prudent,6
van,5
additional,26
commission,13
effeminate,1
transfer,13
construct,1
support,15
reduction,14
spots,1
noticed,2
uniting,1
board,1
impeding,1
inventive,1
terminates,1
munsees,1
uncontrollable,1
naturally,5
seminoles,6
building,3
buy,2
north,4
maintenance,3
funds,19
hazardous,1
sequel,1
overbearing,1
but,207
incursions,2
privilege,2
neutral,2
construction,9
gain,3
defalcation,3
wage,1
ordinances,1
highest,10
valuation,1
violate,4
partially,2
count,1
aggravated,7
made,130
wise,13
extinguishment,1
evident,6
society,3
whether,26
dangerous,14
official,17
banditti,1
signed,3
incompetent,1
excitement,7
placed,6
below,1
convince,1
limit,1
labored,3
distribution,7
display,1
russian,5
fulfill--to,1
cordial,7
supreme,6
reciprocated,1
begun,2
estate--real,1
mortgaged,1
devise,2
inadequate,3
shoals,1
exceeded,3
remove,9
resumption,3
contingent,1
well-defined,1
periods,7
goodness,1
relates,4
plundered,1
recommendations,4
proceeds,4
worse,1
deeper,2
effected,4
mutual,16
compared,2
descriptions,1
efficacy,1
excellencies,1
contest,5
indulged,2
attacked,1
offensive,1
impossibility,1
lately,8
confided,6
other,133
guarantee,1
witness,3
branch,12
suppress,1
incredibly,1
expel,1
flows,1
reckless,6
conclusion,8
hallowed,1
empires,1
repeat,4
kinds,1
discretionary,3
oppression,3
avert,1
june,11
shown,10
frustrate,1
enlargement,4
augmentation,1
repeal,2
--a,2
incurred,6
honorably,3
factors,1
pestilence,1
',5
plenty,1
martin,1
lasted,2
rule,8
introduction,3
portion,48
pension,1
volumes,1
recalled,1
commencement,10
augmented,8
